First Name,Last Name,Full Name,Profile URL,Headline,Type,Comment,Timestamp,Is Edited,Comment URN,Comment Hash,Replies Count,Is Post Author,Has Reply From Post Author,Post URN,Post Hash
"Ajit","Lonkar","Ajit Lonkar","https://www.linkedin.com/in/ajit-lonkar","Sr. DevOps Engineer @JP Morgan Chase | 9+ Years of Expertise | CKA & AWS Certified | Helping DevOps Professionals Land More Interviews with my DevOps Resume e-book | Open for referrals","comment","Natural lifestyle is a must for a healthy body and mind ","2023-06-21T23:03:17.218Z","No","urn:li:comment:(activity:7072800005954134016,7077420742866272256)","6387b3ea7be7ede28448f97b25cdf1eec090138cf8e5233a2a97a10e66b59ac2","0","No","No","urn:li:activity:7072800005954134016","8abc6ec8dd61dd7f015645dd7526fee20cf833bdbcb6e3e0ad8f7a7623f28c6a"
"Satya","Shiv Modi","Satya Shiv Modi","https://www.linkedin.com/in/satyamodi786","Senior Analyst | CFA Exam Level 1 Cleared | Data Science | Python | SQL | Tableau | Power BI | Machine Learning | Data Analysis","comment","Main issue is stress, depression and mental disability due to disbalanced life and work. Need to motivate people to do self talk and love and meditation. It helps a lot","2023-06-17T11:53:21.566Z","No","urn:li:comment:(activity:7072800005954134016,7075802598619983872)","2680120908f70074a3c12c715e1415c49b9653a5c98fdb4ce1d64ab3f30383a4","0","No","No","urn:li:activity:7072800005954134016","8abc6ec8dd61dd7f015645dd7526fee20cf833bdbcb6e3e0ad8f7a7623f28c6a"
"Lalit","Ojha (拉里)","Lalit Ojha (拉里)","https://www.linkedin.com/in/lalitojha","Accounts Receivable - Senior Associate at MongoDB","comment","Sad part is, I know people who are either diabetic themselves or someone in their family is, and still they do not have basic awareness with regards to Diabetes. They don't take it seriously.","2023-06-12T05:24:24.101Z","No","urn:li:comment:(activity:7072800005954134016,7073892774864953345)","478ba45203d37adb9122d7b0eae9a50b5211bd10d6b6d0b513ab84c5edc0db87","0","No","No","urn:li:activity:7072800005954134016","8abc6ec8dd61dd7f015645dd7526fee20cf833bdbcb6e3e0ad8f7a7623f28c6a"
"prakash","savanur","prakash savanur","https://www.linkedin.com/in/prakash-savanur-1820a872","director at southern optoelectronics devices p ltd","comment","Alarming","2023-06-11T17:03:30.330Z","No","urn:li:comment:(activity:7072800005954134016,7073706322235424768)","da9905d67b3266d9506b0169837233dbb2573ad78910e5be4ea718a857317e20","0","No","No","urn:li:activity:7072800005954134016","8abc6ec8dd61dd7f015645dd7526fee20cf833bdbcb6e3e0ad8f7a7623f28c6a"
"MRITUNJAY","KUMAR","MRITUNJAY KUMAR","https://www.linkedin.com/in/mritunjay-kumar-213501211","Data driven insights, Statistical Analysis, Shaping Policy with Data, Statistical Consultant","comment","In my opinion stress is the root cause leading to multifold increase in diabetic cases specially among the younger generation. 
Whether it be our work places, our societies, our public transport services, our overall environment, it is everywhere. 
Busy lifestyle, frustration, lack of tenacity, materialistic approach, western influenced lifestyle..... It all adds up to the causes of Diabetes. ","2023-06-11T16:57:37.427Z","No","urn:li:comment:(activity:7072800005954134016,7073704842057199616)","0e9f45061c65d7da424716ad1170a3d84d122e2d87e576605db4e2e4022336a4","0","No","No","urn:li:activity:7072800005954134016","8abc6ec8dd61dd7f015645dd7526fee20cf833bdbcb6e3e0ad8f7a7623f28c6a"
"Shivali","Agarwal","Shivali Agarwal","https://www.linkedin.com/in/shivali-agarwal-51b6bb33","Research Leader at Transport Corporation of India (TCI)","comment","Great reminder, also stress is a leading cause of a lot of diseases. Stress management along with healthy lifestyle should be a priority. 
Also a lot of these diseases are because of genetic factors, so if you have it in your DNA, then make double the effort to prioritise your health. ","2023-06-11T09:33:56.533Z","No","urn:li:comment:(activity:7072800005954134016,7073593185930756096)","d86eb24365af29fb847fd289287fc5484d007df88cead02dff6c2111acd8fd93","0","No","No","urn:li:activity:7072800005954134016","8abc6ec8dd61dd7f015645dd7526fee20cf833bdbcb6e3e0ad8f7a7623f28c6a"
"Alex","Taylor","Alex Taylor","https://www.linkedin.com/in/ataylordev","Software Engineer III","comment","This is directly above a post for a rice pudding -- not saying that means anything, I just found it an ironic juxtaposition","2023-06-11T04:42:57.559Z","No","urn:li:comment:(activity:7072800005954134016,7073519957686288385)","5364b576a50d967b3edad1d5d40dd0dac02839e932e18a7adc9d95dff3b8e598","0","No","No","urn:li:activity:7072800005954134016","8abc6ec8dd61dd7f015645dd7526fee20cf833bdbcb6e3e0ad8f7a7623f28c6a"
"Narendra","Kotti","Narendra Kotti","https://www.linkedin.com/in/narendra-kotti-15863318b","M&A and Aviation!","comment","Swiggy should start meds delivery as well -insulin injections to hypertension meds  etc ..","2023-06-10T17:34:25.594Z","No","urn:li:comment:(activity:7072800005954134016,7073351715911000065)","ce7095b3f9466af5218ec5b6448be5efb90d4fd34f0626a1500e39569ba970a9","0","No","No","urn:li:activity:7072800005954134016","8abc6ec8dd61dd7f015645dd7526fee20cf833bdbcb6e3e0ad8f7a7623f28c6a"
"Faizel","Mootheril","Faizel Mootheril","https://www.linkedin.com/in/faizelmootheril","Project Lead @ SpatiumX.com Immersed in SCM world! ==== Founder@ ExWala | Automated career platform matching organizations and candidates using work history, technical and business skills, education and other metrics.","comment","Wow! ","2023-06-10T15:56:25.677Z","No","urn:li:comment:(activity:7072800005954134016,7073327053755871233)","eec9994430d7295d3a5ded11d7dc72b2a8da63a6374bd0710856a9500f10de3b","0","No","No","urn:li:activity:7072800005954134016","8abc6ec8dd61dd7f015645dd7526fee20cf833bdbcb6e3e0ad8f7a7623f28c6a"
"Manisha","Singh","Manisha Singh","https://www.linkedin.com/in/manisha-singh-509b698","Founder Partner at LexOrbis","comment","Well said🏃🏻‍♀️","2023-06-10T15:19:44.909Z","No","urn:li:comment:(activity:7072800005954134016,7073317823061667840)","3c82937899983a5fdce397e0140b1878fb6d4b3ac12dd1c419d3534a678101eb","0","No","No","urn:li:activity:7072800005954134016","8abc6ec8dd61dd7f015645dd7526fee20cf833bdbcb6e3e0ad8f7a7623f28c6a"
"Keshav","Kumar","Keshav Kumar","https://www.linkedin.com/in/keshav-kumar-4b0328202","Dietitian @ Diet With K","comment","This would require a proactive approach from people themselves to exercise regularly, eat well, sleep better and manage stress.","2023-06-10T13:35:59.181Z","No","urn:li:comment:(activity:7072800005954134016,7073291710465810432)","11cf3497c9d7fcae787f0161f80c5ed6e3749fcc2e5c056115ca8b2caf860634","0","No","No","urn:li:activity:7072800005954134016","8abc6ec8dd61dd7f015645dd7526fee20cf833bdbcb6e3e0ad8f7a7623f28c6a"
"Manish","Poddar","Manish Poddar","https://www.linkedin.com/in/manishpoddar456","Seasoned IT Professional | Microservices | Cloud Solutions | Gen AI Enthusiasts | IIM-C","comment","I got diagnosed with Diabetes during COVID with 300 mark and soon realized it's not gonna make more sense to live with it.

It took almost 12 months of rigorous effort to make to a habit. 

I feel awareness is the KEY and how we make our conscious choices also makes a difference.

Rightly pointed out, physical activity is the most neglected part of our life along with the food choices we make.","2023-06-10T11:08:49.237Z","No","urn:li:comment:(activity:7072800005954134016,7073254675000561664)","b6aae89fb9ab9eba9a8fb35bfdfd8a871b13849db92b29308822fc95366eed07","0","No","No","urn:li:activity:7072800005954134016","8abc6ec8dd61dd7f015645dd7526fee20cf833bdbcb6e3e0ad8f7a7623f28c6a"
"Irina","Snissar Lobo","Irina Snissar Lobo","https://www.linkedin.com/in/irina-snissar-lobo-26354821","System Change Practicioner | Curator | Writer","comment","Nalini Saligram","2023-06-10T09:58:06.626Z","No","urn:li:comment:(activity:7072800005954134016,7073236880196050944)","bb9580f812f5bb5c58aad5d56dcf941f4c2c686a29501e270626f299bf22abc9","0","No","No","urn:li:activity:7072800005954134016","8abc6ec8dd61dd7f015645dd7526fee20cf833bdbcb6e3e0ad8f7a7623f28c6a"
"Praveen","Kumar Srivastava, Ph.D.","Praveen Kumar Srivastava, Ph.D.","https://www.linkedin.com/in/praveen-for-proteins","Downstream processing & analytics-Biologics","comment","Very well said!","2023-06-10T09:20:09.504Z","No","urn:li:comment:(activity:7072800005954134016,7073227329258344448)","a51338add678b1e7d0d34db943e78cc204babf774ae8720dcadcde9e1940efe0","0","No","No","urn:li:activity:7072800005954134016","8abc6ec8dd61dd7f015645dd7526fee20cf833bdbcb6e3e0ad8f7a7623f28c6a"
"siraj","malvat","siraj malvat","https://www.linkedin.com/in/siraj-malvat-b91259142","Owner, NEW MAYUR FOOTWEAR. ahmedabad. gujrat.","comment","Excellent post..... #highfive ","2023-06-10T09:12:55.872Z","No","urn:li:comment:(activity:7072800005954134016,7073225510473863168)","22965d3e9c551b8966050fa3346e5bd96fb4e0729f137be51113fefe84223ebe","0","No","No","urn:li:activity:7072800005954134016","8abc6ec8dd61dd7f015645dd7526fee20cf833bdbcb6e3e0ad8f7a7623f28c6a"
"Vijay","Damle","Vijay Damle","https://www.linkedin.com/in/vijaydamle","CFO Advisory ¦ Technology led transformation ¦ GBS / Shared Services ¦ Business Leadership","comment","Based on my conversations with medical professionals, WFH has become a leading contributor to the obesity problem. Plus the increase in lower back issues. I am not suggesting WFH should be stopped but what it requires is better food management and exercise. Commuting and working in an office does burn some calories and that needs to continue through other means. ","2023-06-10T09:12:47.657Z","No","urn:li:comment:(activity:7072800005954134016,7073225476013486080)","8ab683e3eafe71029ac4e47c7255eccf3c39d8014c56f9aab449e8d004e4abe4","0","No","No","urn:li:activity:7072800005954134016","8abc6ec8dd61dd7f015645dd7526fee20cf833bdbcb6e3e0ad8f7a7623f28c6a"
"Manoranjan","Naik","Manoranjan Naik","https://www.linkedin.com/in/manoranjan-naik-49a21814","Applied Generative AI | Solution Architect |Azure Credit Risk Platforms | Cloud-Native Model Orchestration | Banking & Compliance Expert","comment","Diabetes awareness program should be taken care by health care progressionals. They are not talking about the root cause of the probelm. Seeing the clinical report and prescribing hell lot of medicines will not help at all. Focus should be more given on life style changes with proper diets . It’s really sad that no body asking to reduce carbohydrates intake which most Indians take in breakfast, lunch, snacks , dinner etc. When you are eating sugar why diabetes will go away .","2023-06-10T09:06:59.199Z","No","urn:li:comment:(activity:7072800005954134016,7073224014474698752)","7cc6cf628f0e1c15094cc9743005175def313ac67252142250300acae30941d4","0","No","No","urn:li:activity:7072800005954134016","8abc6ec8dd61dd7f015645dd7526fee20cf833bdbcb6e3e0ad8f7a7623f28c6a"
"Satrajit","Duttagupta","Satrajit Duttagupta","https://www.linkedin.com/in/satydg","Digital & E-commerce Leader | Driving MEA Growth for Global OTC Brands | Ex-OMD, IBM, Cisco | Performance Marketing | Martech Strategist | Gen AI Advocate","comment","The biggest challenge in India is the lack of awareness on reading food labels .. everyone talks about eating healthy and under the wicked disguise of “healthy food”, the brands exploit the new generation with unhealthy, gut harming food items … the seed oils are all over the aisles in every single supermarket … and unfortunately the same gets passed onto lunch and tiffin boxes for the kids in schools as well….I have seen with my own eyes and the sad part was upon trying to offer or share a bit of knowledge to them in one of the hypermarkets in Delhi, these new parents handed over 2 big packs of Haribos (since the bigger pack was on offer) 😢😢😢","2023-06-10T05:44:25.193Z","No","urn:li:comment:(activity:7072800005954134016,7073173036878675968)","410287eb5991287cc81d08591d17dbce4e1cf32302fb27ca619dea4e5be68ed4","0","No","No","urn:li:activity:7072800005954134016","8abc6ec8dd61dd7f015645dd7526fee20cf833bdbcb6e3e0ad8f7a7623f28c6a"
"Prithvish","S","Prithvish S","https://www.linkedin.com/in/prithvish","Sales","comment","What is""India"", the second most in terms of Population? 

So what will the healthcare & life-sciences mafia do? Would they not exploit the advantage of it?

I would say, what was normal according to the old time docs are now abnormal


","2023-06-09T21:07:34.747Z","No","urn:li:comment:(activity:7072800005954134016,7073042969641041920)","3abdbc8215e488a4d71e33247f8fbde336f064848ef00285ea004285a69b19af","0","No","No","urn:li:activity:7072800005954134016","8abc6ec8dd61dd7f015645dd7526fee20cf833bdbcb6e3e0ad8f7a7623f28c6a"
"mayank","kanyal","mayank kanyal","https://www.linkedin.com/in/mkanyal","Health-Wellness & Visual Storytelling","comment","
Truly an awakening post @dilipEating healthy and engaging in regular exercise are essential for overall well-being. A balanced diet rich in nutrients fuels the body, supports optimal functioning. Combined with exercise, it enhances physical fitness, strengthens muscles and bones, and improves cardiovascular health.Small steps towards healthier choices can make a big difference.","2023-06-09T18:12:10.766Z","No","urn:li:comment:(activity:7072800005954134016,7072998828865421313)","fbaeddc0e458162b6c5682a1a827bc16174d7aba228be974b676e1a58fa387b8","0","No","No","urn:li:activity:7072800005954134016","8abc6ec8dd61dd7f015645dd7526fee20cf833bdbcb6e3e0ad8f7a7623f28c6a"
"Sabapathy","Narayanan","Sabapathy Narayanan","https://www.linkedin.com/in/sabapathystoryteller","I write stories that make sense. Occasionally, they even make money.","comment","I am in the 35.5% that you mentioned. I am trying hard to reverse it. Besides eating healthy and physical activity, I also rest well. Maybe, you should include the part about rest in your post. ","2023-06-09T17:52:55.296Z","No","urn:li:comment:(activity:7072800005954134016,7072993982477193216)","56d8999b2b28e696896da3dd1ceb36ad0f167058fed5446443497b781be9aadb","0","No","No","urn:li:activity:7072800005954134016","8abc6ec8dd61dd7f015645dd7526fee20cf833bdbcb6e3e0ad8f7a7623f28c6a"
"Dilip","Kumar Solasa","Dilip Kumar Solasa","https://www.linkedin.com/in/coachdilip","Helping Silent, Hardworking Leaders Break the Invisible Ceiling, Fast-Track Career by Strengthening Executive Presence & Strategic Thinking | Executive Coach | TEDx Speaker | ICF PCC | 2+ Decades of Leadership Experience","comment","Also important is mentalfitness along with physical fitness","2023-06-09T14:37:15.284Z","No","urn:li:comment:(activity:7072800005954134016,7072944741293723648)","8b2ba3c2e6c56a77a5abaaed9a25743f1b070088dabc4b56a8bdceb64b87b89c","0","No","No","urn:li:activity:7072800005954134016","8abc6ec8dd61dd7f015645dd7526fee20cf833bdbcb6e3e0ad8f7a7623f28c6a"
"Azan","Barodawala","Azan Barodawala","https://www.linkedin.com/in/azanbarodawala","Asset Management Real Estate I Ex-COO at Lancify (Techstars ’20) |","comment","So True! ","2023-06-09T13:53:37.348Z","No","urn:li:comment:(activity:7072800005954134016,7072933760874213377)","fc352e1fb32448215833d490daa59b49c3b73f2a954774e51a1be597a5877cf9","0","No","No","urn:li:activity:7072800005954134016","8abc6ec8dd61dd7f015645dd7526fee20cf833bdbcb6e3e0ad8f7a7623f28c6a"
"Ankita","Sinha","Ankita Sinha","https://www.linkedin.com/in/ankita-sinha-profile","Senior Project Manager @ Lumen Technologies | Empowering organizations with data-driven strategies, fostering innovation through diversity, and driving impactful process optimizations","comment","Everything here is screaming for a lifestyle change. From walking more to eating more home cooked food to becoming mindful about what we prioritize in our personal and professional lives. #hustleculture is overrated and I hope we all can accept that before we retire.","2023-06-09T13:07:09.613Z","No","urn:li:comment:(activity:7072800005954134016,7072922068266217472)","258c20318b1749e59efb09234f05d6808c41c16f7ae4c3fbcc669af057bb52e0","0","No","No","urn:li:activity:7072800005954134016","8abc6ec8dd61dd7f015645dd7526fee20cf833bdbcb6e3e0ad8f7a7623f28c6a"
"Najamuddin","Mohammed","Najamuddin Mohammed","https://www.linkedin.com/in/najamuddinmohammed","Global citizen interested in science & technology and social & environmental justice.","comment","Who would have thought India becoming a nation of fat people! Imagine the health care crisis if this continues...","2023-06-09T12:10:55.499Z","Yes","urn:li:comment:(activity:7072800005954134016,7072907916202151936)","ab852b4ead79cc1b9f6f71ae5cfab5ca2d880c18a6700c713c5ce4bd8b39b90e","0","No","No","urn:li:activity:7072800005954134016","8abc6ec8dd61dd7f015645dd7526fee20cf833bdbcb6e3e0ad8f7a7623f28c6a"
"Virendra","Tiwari","Virendra Tiwari","https://www.linkedin.com/in/virendra-tiwari-livo","On a mission to make life easier with AI || Solving real world problems with code , creativity and curiosity || Be my guest at EP TALK","comment","The only answer to this problem is the Good Healthy Diet .

We at Livocure are building a healthy community , and we talk about how easy one can overcome with these problems in a single talk with Livo experts. 

","2023-06-09T07:31:18.988Z","No","urn:li:comment:(activity:7072800005954134016,7072837550423367680)","18097723272dde44cdb489c9c219fbc1378a987758566537087dd1aeb2afe078","0","No","No","urn:li:activity:7072800005954134016","8abc6ec8dd61dd7f015645dd7526fee20cf833bdbcb6e3e0ad8f7a7623f28c6a"
"Vivek","Thiruvengadam","Vivek Thiruvengadam","https://www.linkedin.com/in/vivek-thiruvengadam","Founder, QubitFit | I help busy professionals defy obesity, lose weight & live longer through sustainable nutrition and fitness habits | Expert in chronic conditions: Diabetes, PCOS, Hypertension","comment","Dilip, Truly an awakening post for everyone. I've seen countless people turn their lives around just by incorporating simple daily habits like walking, choosing whole foods over processed ones, and staying hydrated.  It's about cultivating small habits one step at a time and create an inclusive mindset rather than restriction. ","2023-06-09T07:02:02.547Z","No","urn:li:comment:(activity:7072800005954134016,7072830183367487490)","4fb77c8ea13df753a977f8abb1d110684b3c5adb2fcf136df6e20b00a5c37c56","0","No","No","urn:li:activity:7072800005954134016","8abc6ec8dd61dd7f015645dd7526fee20cf833bdbcb6e3e0ad8f7a7623f28c6a"
"Dipak","Patel","Dipak Patel","https://www.linkedin.com/in/dipak-patel-474169","Dedicated Principal Altera Direct RF Engineer for 5G, EW, Satcomm, and AI Applications.","comment","This a sad statistic, in the US, and the UK the numbers are getting worst. Unfortunately the food industry has learnt  to poison us with Sugar. In the 60’s average sugar consumption was about 10lbs a year. Today it’s about 100 lbs. Sugar and the various glucose, fructose, sucrose and loaded into food. The tabacco industry moved into the food industry and plied there devious tactics to get us addicted to food.
Only by educating the young, and good food habits we will stem and suppress this disease.
BR","2023-06-09T06:34:16.712Z","Yes","urn:li:comment:(activity:7072800005954134016,7072823196357410816)","677259d0f051d75c689618fef5db742599b4deed3df6328e5ae64b4c0c2d5286","0","No","No","urn:li:activity:7072800005954134016","8abc6ec8dd61dd7f015645dd7526fee20cf833bdbcb6e3e0ad8f7a7623f28c6a"
"Nikhil","Raj Shetty K","Nikhil Raj Shetty K","https://www.linkedin.com/in/nikhil-k-shetty","Amidst the tornado of building an organisation | Director of Client Relations at Kenstone Capital Debt Consultancy","comment","People's minds can be changed by being more open and transparent about the health benefits of minimal exercise and good eating habits.","2023-06-09T06:27:32.100Z","No","urn:li:comment:(activity:7072800005954134016,7072821499283279873)","8a2f4e1b5e08a4a0b328590dd3d3689de8dc58b1be457351d26e1939d70d9cd0","0","No","No","urn:li:activity:7072800005954134016","8abc6ec8dd61dd7f015645dd7526fee20cf833bdbcb6e3e0ad8f7a7623f28c6a"
"Chirag","Shah","Chirag Shah","https://www.linkedin.com/in/shahck","Digital | eCommerce | Transformation | Singapore PR","comment","India has reached the number 7 years early. In 2011, India was forecasted to reach this number only in 2030.

https://m.timesofindia.com/india/indiaamprsquos-diabetes-burden-to-cross-100-million-by-2030/articleshow/11101062.cms","2023-06-09T05:56:48.701Z","No","urn:li:comment:(activity:7072800005954134016,7072813767511662592)","d4abc7cc620222700dc64096f1deac2b78a3bd4a2e7276418566914685eb2beb","0","No","No","urn:li:activity:7072800005954134016","8abc6ec8dd61dd7f015645dd7526fee20cf833bdbcb6e3e0ad8f7a7623f28c6a"
"Prerit","Patel","Prerit Patel","https://www.linkedin.com/in/preritjpatel","FinTech, Real Estate, Energy & Health to deliver sustainable growth. Expert in BPO and innovative tech solutions.","comment","Not a surprise unfortunately.","2023-06-09T05:44:18.961Z","No","urn:li:comment:(activity:7072800005954134016,7072810622874267648)","03e7fee207e47bb44289c756831f783a4d59c81ab0d36e361e6fdd3cb1e2cf82","0","No","No","urn:li:activity:7072800005954134016","8abc6ec8dd61dd7f015645dd7526fee20cf833bdbcb6e3e0ad8f7a7623f28c6a"
"Aseem","Aggarwal","Aseem Aggarwal","https://www.linkedin.com/in/aseemaggarwal","Founder at Skyway | Solving the great Indian health crisis","comment","The food and beverage industry in India needs a revolution!!","2023-06-09T05:39:24.824Z","Yes","urn:li:comment:(activity:7072800005954134016,7072809389169999873)","b929084dc3151d1c8035e00fe92295b1ca20b3c5df8f586a5e30be4932c11dd2","0","No","No","urn:li:activity:7072800005954134016","8abc6ec8dd61dd7f015645dd7526fee20cf833bdbcb6e3e0ad8f7a7623f28c6a"
"Nehal","Shekar","Nehal Shekar","https://www.linkedin.com/in/nehal-shekar-486961109","Procurement and Efficiency | CIPS | IMT G","comment","This is such a low hanging fruit, yet most of us walk past it. I believe most of us think that health span has a high bar to pass (because of almost unattainable beauty standards by celebrities) that we end up cuddling to our safe/comfort zones of processed foods with high sugar and high sodium. Being more open and transparent of the health benefits from minimal exercise and good eating habits by people with a strong following can trigger changes and adulation in people's minds for the better.
This is from personal experience.","2023-06-09T05:22:13.344Z","No","urn:li:comment:(activity:7072800005954134016,7072805062833487873)","4c679e99c1600d51b4f84312fcbc13d3782026e8ce3d9d6f7ee2f8676db971d0","0","No","No","urn:li:activity:7072800005954134016","8abc6ec8dd61dd7f015645dd7526fee20cf833bdbcb6e3e0ad8f7a7623f28c6a"