First Name,Last Name,Full Name,Profile URL,Headline,Type,Comment,Timestamp,Is Edited,Comment URN,Comment Hash,Replies Count,Is Post Author,Has Reply From Post Author,Post URN,Post Hash
"Dr.","Rachita Narsaria","Dr. Rachita Narsaria","https://www.linkedin.com/in/dr-rachita-narsaria-85762157","Founder, Spellbound Inc. | AI for Healthcare | Women's empowerment champion | Sustainability advocate | Ex- president Mensa Mumbai","comment","Yes please! Mumbai next! ","2024-07-06T03:06:19.257Z","No","urn:li:comment:(activity:7210866833644564480,7215189293294620673)","09f06063ba0517069ca1d3f4d5a4e191af2cef805367e94165131bf61e6726c2","0","No","No","urn:li:activity:7210866833644564480","eae9f5e24069862612915a7e936aa9c46a197b6ebcdb54f2a58d5fc2a71fb0a3"
"Rishav",".","Rishav .","https://www.linkedin.com/in/rishav-b6621782","Co-founder Docstribe AI | On a mission to solve healthcare problems through tech innovations","comment","Crazy evening, re enforcing the motive to build the best healthcare products. Thanks Dilip Kumar for lending an ear listening to our story and creating a platform to speak to other folks","2024-06-28T17:02:09.471Z","No","urn:li:comment:(activity:7210866833644564480,7212500535617159168)","77510c1f76bde95b5f3ed232fcbe68a4ee1c297b6afb98de1296cf8a74fe039b","0","No","No","urn:li:activity:7210866833644564480","eae9f5e24069862612915a7e936aa9c46a197b6ebcdb54f2a58d5fc2a71fb0a3"
"Prayank","Khandelwal","Prayank Khandelwal","https://www.linkedin.com/in/prayankkhandelwal","World's First AI Patent Lawyer | Helping Tech Founders 10x Valuations Through IP | Forbes & IAM300 Honoree","comment","Abhishek Bhalla Ashwini Mishra Kraig Dsouza  
we should try this.","2024-06-26T05:09:20.020Z","No","urn:li:comment:(activity:7210866833644564480,7211596371806605312)","41038496d55aa015a76b7a81a6e181bf8fae6eaae3d245ec35ff93987f67b13f","0","No","No","urn:li:activity:7210866833644564480","eae9f5e24069862612915a7e936aa9c46a197b6ebcdb54f2a58d5fc2a71fb0a3"
"Ayush","Poddar","Ayush Poddar","https://www.linkedin.com/in/ayush-poddar-62b7b35b","""GTM + AI"" Tactics for 10x Results | B2B Growth, Thought Leadership, Community and Product Marketing Leader | 4x Founder | ➕ Follow to get tips and tricks","comment","Next time you'll get 250","2024-06-25T17:25:18.386Z","No","urn:li:comment:(activity:7210866833644564480,7211419197547896832)","9224ec3f1704ba49cad761a1b3d26edd7f6eaa7896cd1131c86cc5dc85c3772a","0","No","No","urn:li:activity:7210866833644564480","eae9f5e24069862612915a7e936aa9c46a197b6ebcdb54f2a58d5fc2a71fb0a3"
"Olivia","Deka","Olivia Deka","https://www.linkedin.com/in/oliviadeka","Architecting Women-Driven Capital Networks | Curating Dealflow | Scaling Venture-Backable Startups","comment","Bangalore please !","2024-06-25T06:51:09.490Z","No","urn:li:comment:(activity:7210866833644564480,7211259608911216640)","c68d1a2995e9927bfae2e9eb1f52fb4a4f145b0a45966dbefb341d6fee9fe288","0","No","No","urn:li:activity:7210866833644564480","eae9f5e24069862612915a7e936aa9c46a197b6ebcdb54f2a58d5fc2a71fb0a3"
"Eashita","Maheshwary","Eashita Maheshwary","https://www.linkedin.com/in/eashitam2025","Building a strong Consumer & Xport Focus at Razorpay Rize 🚀 I Everything Community, Growth & Partnerships | 3x Founder","comment","Curated conversations are always value driven. You can either have a passing conversation with 30-40 folks in a crowd of 100s of people or a proper conversation with 20-30 people in a curated meet-up of 30 people. 
Happy to support you in any way whenever you plan the next Dilip. ","2024-06-24T18:24:55.494Z","No","urn:li:comment:(activity:7210866833644564480,7211071813160689664)","d92549a28cf6c4e76e105df5cdaa452e1b5a224e42bb09b0f559dd3e2300cb44","0","No","No","urn:li:activity:7210866833644564480","eae9f5e24069862612915a7e936aa9c46a197b6ebcdb54f2a58d5fc2a71fb0a3"
"Ankur","Bhatia","Ankur Bhatia","https://www.linkedin.com/in/ankurbhatiawellnessentrepreneur","Helping Leaders Build Health Through Data, Science & Systems | Expert in chronic conditions: Cardiac, diabetes, and hypertension | Preventive Cardiac Healing Expert | Founder @ The Pivot Health","comment","It's amazing that how much we can gain by meeting and connecting something which any social media platform can't replace. Human connection still has infinite unexplored opportunities. I was excited to meet and network but understand limitations you had but hopefully will catch up soon in Delhi or Bengaluru. ","2024-06-24T14:25:40.872Z","No","urn:li:comment:(activity:7210866833644564480,7211011605508030465)","937e24c1a81a9c9420f1dbbb53038b873832a94221bf528ca22cd27cf72b0c38","0","No","No","urn:li:activity:7210866833644564480","eae9f5e24069862612915a7e936aa9c46a197b6ebcdb54f2a58d5fc2a71fb0a3"
"Armaan","Dhanda","Armaan Dhanda","https://www.linkedin.com/in/armaandh","Co-Founder, Anomaly Bio","comment","Agreed - have hosted a few student founder meet-ups in Delhi and Singapore. Works wonders. ","2024-06-24T12:28:15.170Z","No","urn:li:comment:(activity:7210866833644564480,7210982053700407296)","ec261d7cf3742dec4872085cb196428e9ed7f515c687e8a23bdaa8d0fa2fdb28","0","No","No","urn:li:activity:7210866833644564480","eae9f5e24069862612915a7e936aa9c46a197b6ebcdb54f2a58d5fc2a71fb0a3"
"ARNAB","GUHA","ARNAB GUHA","https://www.linkedin.com/in/arnab-guha-gluten-free","Building Sportify, IIPLeM & 2nd Brain Foundation | Blurring the line between Food & Medicine via GFCFSF Innovations | Scientist+Entrepreneur | Autism (Early Interventions) | Leaky-Gut Care | Ex-Novozymes/Britannia/Heinz","comment","Lookslike the health ecosystem exceeded your expectations of hungry founders.","2024-06-24T12:03:19.016Z","No","urn:li:comment:(activity:7210866833644564480,7210975778375618561)","6ce1fcb616e14f6f7d1e9876a02c3ce423111b13466dda4df1c3799fc0f07a2f","0","No","No","urn:li:activity:7210866833644564480","eae9f5e24069862612915a7e936aa9c46a197b6ebcdb54f2a58d5fc2a71fb0a3"
"Akhil","Gupta","Akhil Gupta","https://www.linkedin.com/in/akhil-gupta-87516ba","Co-founder | CEO - Pod Nutrition","comment","Would love to attend in Mumbai","2024-06-24T10:58:29.863Z","No","urn:li:comment:(activity:7210866833644564480,7210959466081509376)","812bbee7657ec5d7e63ea9abfe06c00547a398aa886bf3ba096b35c25537721e","0","No","No","urn:li:activity:7210866833644564480","eae9f5e24069862612915a7e936aa9c46a197b6ebcdb54f2a58d5fc2a71fb0a3"
"Adityavijay","Patel","Adityavijay Patel","https://www.linkedin.com/in/adityavijay-patel","Area Manager at Amazon","comment","Would love if you can arrange something in Mumbai too Dilip Kumar!","2024-06-24T10:46:33.891Z","No","urn:li:comment:(activity:7210866833644564480,7210956463077216256)","3ad045a8e04345669db899c47cacebd910b1a5774770b13ed7d3b963984277d6","0","No","No","urn:li:activity:7210866833644564480","eae9f5e24069862612915a7e936aa9c46a197b6ebcdb54f2a58d5fc2a71fb0a3"
"Abhishek","Mohan","Abhishek Mohan","https://www.linkedin.com/in/mohanabhishek","Founder | Husband to a superwoman | Proud 2x #girldad | Medical Cannabis | Phase1 clinical trial| Formulation Femme, a global pioneer in the quest to provide a clinically backed solution for Dysmenorrhea.","comment","Try Kerala. Cochin.","2024-06-24T10:35:02.985Z","No","urn:li:comment:(activity:7210866833644564480,7210953565211619328)","675f06eebb2df208b08779573ee7ff5e702d0a5ead2ceec2004842d0fce19048","0","No","No","urn:li:activity:7210866833644564480","eae9f5e24069862612915a7e936aa9c46a197b6ebcdb54f2a58d5fc2a71fb0a3"
"prabodh","patawari","prabodh patawari","https://www.linkedin.com/in/prabodhpatawari","building the future of fizz, one shimmmi at a time! 😋","comment","Sad to have missed this. Sounds super to have such casual meet-ups! Will be on the lookout for the next in line! Dilip Kumar (and follow you!)","2024-06-24T10:16:21.769Z","No","urn:li:comment:(activity:7210866833644564480,7210948862490947584)","5bc79942eec3acfda0d3835c8f28505614ca455ef19d26ffba4f18d153077059","0","No","No","urn:li:activity:7210866833644564480","eae9f5e24069862612915a7e936aa9c46a197b6ebcdb54f2a58d5fc2a71fb0a3"
"Krishna","Veer Singh","Krishna Veer Singh","https://www.linkedin.com/in/krishna-veer-singh","Cofounder & CEO, Lissun | Solving Mental Health at Scale, with strong focus on Child Mental Health","comment","Providing platform.. A good entrepreneur will find or develop opportunities. ","2024-06-24T10:13:29.808Z","No","urn:li:comment:(activity:7210866833644564480,7210948141229965312)","46870408ec2fa147cc5f8d5048c84c5f0176807c25139b2cd87570ad9e3b262f","0","No","No","urn:li:activity:7210866833644564480","eae9f5e24069862612915a7e936aa9c46a197b6ebcdb54f2a58d5fc2a71fb0a3"
"Amit","Gupta","Amit Gupta","https://www.linkedin.com/in/amit-gupta-72813140","Founder, FitChefAmit | Health Educator | XLRI & Teach For India Alum | 1x Full Ironman & 3× Half Ironman Finisher | On a mission to make healthy eating fun for kids & easy for parents","comment","Dilip Kumar I missed it. I would be very happy to connect whenever it happens next in Delhi. Looking forward to your next meet-up. ","2024-06-24T08:42:05.797Z","No","urn:li:comment:(activity:7210866833644564480,7210925139620679681)","ab4969f31feff95f9fb2cd5f9ccd4a19b48def7547817ef824cc76041e243778","0","No","No","urn:li:activity:7210866833644564480","eae9f5e24069862612915a7e936aa9c46a197b6ebcdb54f2a58d5fc2a71fb0a3"
"Kishor","Chavan","Kishor Chavan","https://www.linkedin.com/in/kishor-chavan-0031651b","Founder & CEO at mytwin | SINE(IITB) Incubation Qualifier | Ex Dr Reddy’s Labs | Ex UCB | Health & Fitness Monitoring I Chronic Disease Management","comment","Great initiative Dilip Kumar ,please do continue,do plan for Mumbai as well!","2024-06-24T08:28:05.136Z","No","urn:li:comment:(activity:7210866833644564480,7210921613632937986)","27685d18c0973b46afee6c85e2f3d826bd9d1d1d06da093c4863084ee0e6f628","0","No","No","urn:li:activity:7210866833644564480","eae9f5e24069862612915a7e936aa9c46a197b6ebcdb54f2a58d5fc2a71fb0a3"
"Hitesh","Bhatia","Hitesh Bhatia","https://www.linkedin.com/in/hbhatia","Founder at JoiningHands | Family Constellation & Regression Therapist | Building a supportive community for healing & self-discovery","comment","Communities are the future of everything. As the world gets smaller, we want to be around those who align with our thought process. 

Dilip Kumar - Come to Mumbai. We would love to help organise it.","2024-06-24T08:24:24.467Z","No","urn:li:comment:(activity:7210866833644564480,7210920688084279296)","241ee908e84288ba199b17069d15ee2d3fa4a78e3f4c0dda7c567e20762641ce","0","No","No","urn:li:activity:7210866833644564480","eae9f5e24069862612915a7e936aa9c46a197b6ebcdb54f2a58d5fc2a71fb0a3"
"Mohit","Sahni","Mohit Sahni","https://www.linkedin.com/in/mohit-sahni-97b5514","Co-founder at Power8 Wellness","comment","When are you planning to conduct a similar meet-up in Bombay?","2024-06-24T07:37:42.322Z","No","urn:li:comment:(activity:7210866833644564480,7210908935032098817)","82146a4411ee0d4b22f4df98011e531d826a96bcf08ac0bdc230ef5c4b5e5ad3","0","No","No","urn:li:activity:7210866833644564480","eae9f5e24069862612915a7e936aa9c46a197b6ebcdb54f2a58d5fc2a71fb0a3"
"Pankaj","Gupta","Pankaj Gupta","https://www.linkedin.com/in/p-gupta","Founder & CEO at EnableX, Board Member, Mentor","comment","Nimith Agrawal FYI","2024-06-24T07:22:44.872Z","No","urn:li:comment:(activity:7210866833644564480,7210905170858135552)","67b84028b3828de6de807e107aac770f5f1ade229ef1629000fff9a2d00797ab","0","No","No","urn:li:activity:7210866833644564480","eae9f5e24069862612915a7e936aa9c46a197b6ebcdb54f2a58d5fc2a71fb0a3"
"Sahib","Aggarwal","Sahib Aggarwal","https://www.linkedin.com/in/sahib-aggarwal","Founder@Zen Barefoot","comment","It was amazing being there, getting feedback from people in the industry and just talking. Thank you for organizing such a beautiful event.","2024-06-24T07:17:48.665Z","No","urn:li:comment:(activity:7210866833644564480,7210903928471703552)","2f11368828104d97274f393fb66abc596b91ed2b4a203e5c10189ed8ed1f9ccd","0","No","No","urn:li:activity:7210866833644564480","eae9f5e24069862612915a7e936aa9c46a197b6ebcdb54f2a58d5fc2a71fb0a3"
"Shubhank","Parashar","Shubhank Parashar","https://www.linkedin.com/in/shubhank-parashar-216ba19b","Investment Management","comment","Harshank Parashar : please check this. Seems like a good platform.","2024-06-24T07:12:59.589Z","No","urn:li:comment:(activity:7210866833644564480,7210902715999125504)","b95f6870a2a9d6370e7251a77354a06e3c20a3737e28ea3bc8d439f68f435727","1","No","No","urn:li:activity:7210866833644564480","eae9f5e24069862612915a7e936aa9c46a197b6ebcdb54f2a58d5fc2a71fb0a3"
"Vishal","Nigam","Vishal Nigam","https://www.linkedin.com/in/vishalnigamwtfgyms","🚀 Founder & CEO | WTF – (Gyms, Academy, Amplify, Everyday, Reboot, Digi Gym, Nutrition, OS -Full-Stack Fitness Ecosystem ) | Disrupting India’s $15B Fitness Market","comment","I missed it. Please have me next time Dilip Kumar ","2024-06-24T07:10:05.415Z","No","urn:li:comment:(activity:7210866833644564480,7210901985460408322)","880ebf7ac6c42f9126f25a44984ed6e744628084051c390461773b712fd24350","0","No","No","urn:li:activity:7210866833644564480","eae9f5e24069862612915a7e936aa9c46a197b6ebcdb54f2a58d5fc2a71fb0a3"
"Sweta","S.","Sweta S.","https://www.linkedin.com/in/shettysweta","Building GenAI Solutions for US Healthcare Providers | Driving Customer Retention | Go To Market | Venture Building | Ex- Reliance, Citi, Rainmaking Innovation | HealthTech, FinTech, EdTech","comment","Would love to have the Rainmatter meet ups in Bengaluru too. 

The serendipity that bumping in to fellow builders brings, the depth that free flow conversations allow and the choice, an unstructured environment of select few curated member set ups present to choose who to deeply engage with is worth all the time and attention. ","2024-06-24T07:06:44.682Z","No","urn:li:comment:(activity:7210866833644564480,7210901143525240835)","96be47438ef8438e56d6923fdb11cb84fb8bee3bda722540eb9a7f3aa856b87a","1","No","Yes","urn:li:activity:7210866833644564480","eae9f5e24069862612915a7e936aa9c46a197b6ebcdb54f2a58d5fc2a71fb0a3"
"Aprajita","Virmani","Aprajita Virmani","https://www.linkedin.com/in/aprajita-virmani","Marketing Strategist Turning Grower | Growing What’s Next in Mushrooms and Fresh Produce | Discovering the world of fungi","comment","It was a great meetup. The energy definitely left me energised and loved the conversations. Thanks for being the conduit. ","2024-06-24T06:59:29.702Z","No","urn:li:comment:(activity:7210866833644564480,7210899319086796801)","782a84c816840e4ae803bbb04dfe2fd77ff221cf246920cbda8340d8bfa670c8","0","No","No","urn:li:activity:7210866833644564480","eae9f5e24069862612915a7e936aa9c46a197b6ebcdb54f2a58d5fc2a71fb0a3"
"Sachin","Dubey","Sachin Dubey","https://www.linkedin.com/in/sachin-dubey-b9b0b041","Founder & CEO, Module Innovations(MTI APAC 23) || Chevening CRISP Fellow || LIFREng-Global, UK|| -IIGP Top 10 Innovators of India 2017 || Advancing Rapid Diagnostics to Combat AMR & Infectious Diseases","comment","Healthcare advancements in country like ours, would need multiple hand-shakes. Would be very happy to see this happen in #Pune ","2024-06-24T06:38:38.886Z","No","urn:li:comment:(activity:7210866833644564480,7210894072784289792)","5214264fdacab3b91d53ffc220ec87ffaded384bdbff16e234959a29e0feb091","0","No","No","urn:li:activity:7210866833644564480","eae9f5e24069862612915a7e936aa9c46a197b6ebcdb54f2a58d5fc2a71fb0a3"
"Muskan","Atar","Muskan Atar","https://www.linkedin.com/in/muskan-atar","Product@Cult.fit | IIML","comment","When is this happening in Bangalore?","2024-06-24T06:33:45.876Z","No","urn:li:comment:(activity:7210866833644564480,7210892843815432192)","82511a1fc85cf72bc631d6c59c081611d3dc7c2dc093f4311f33022a4eac53e4","2","No","No","urn:li:activity:7210866833644564480","eae9f5e24069862612915a7e936aa9c46a197b6ebcdb54f2a58d5fc2a71fb0a3"
"Sujoy","D.","Sujoy D.","https://www.linkedin.com/in/sujoy-d-19736471","CTO ||D-nome Private Limited||Infectious Biology||NGS -Diagnostics ||Stem Cell Biology","comment","Hyderabad would be good !! Mix and match of great incubation centres along with a growing Pharma sector and good bunch of hospitals makes the ecosystem lovely for people building on health !! ","2024-06-24T06:24:00.746Z","No","urn:li:comment:(activity:7210866833644564480,7210890389602385920)","a38ced552e0d5786bbebd41dbef9e8c1df149c0c36c201978ab836ff64887e26","0","No","No","urn:li:activity:7210866833644564480","eae9f5e24069862612915a7e936aa9c46a197b6ebcdb54f2a58d5fc2a71fb0a3"
"Reecha","Singh","Reecha Singh","https://www.linkedin.com/in/reecha-singh26","Head of Sales @ Institute of Project Management | Sales, Partnerships, Growth","comment","First ever event where I stayed till the very end! :)","2024-06-24T05:48:33.750Z","No","urn:li:comment:(activity:7210866833644564480,7210881468330307584)","0f3bb8b2d755e096ba4e49d496acd5372add87f2f89b88340a337202cf11d35c","0","No","No","urn:li:activity:7210866833644564480","eae9f5e24069862612915a7e936aa9c46a197b6ebcdb54f2a58d5fc2a71fb0a3"
"Manoj","Surya","Manoj Surya","https://www.linkedin.com/in/manojsurya","2X Founder | Head of Growth | Ultra Runner | I write on Growth for B2B and Personal Learnings","comment","I have done over 250 small events for founders, almost every time 20% value came for speakers and they stood as a reason for many to attend but 80% value happened over snacks and food. The pattern never changed. And great to see what you do 🔥","2024-06-24T05:37:22.803Z","No","urn:li:comment:(activity:7210866833644564480,7210878654178820096)","834e17cd0cd0e1b595edd741e4e175bb8a151192a62723206bd65bcafa9d2c98","0","No","No","urn:li:activity:7210866833644564480","eae9f5e24069862612915a7e936aa9c46a197b6ebcdb54f2a58d5fc2a71fb0a3"
"Tanisha","Ansari","Tanisha Ansari","https://www.linkedin.com/in/tanisha-ansari-aa6062204","Certified Personal Styling Expert | Elevating Style & Confidence | Fashion Stylist","comment","Yes it's a great idea keep Indore also in your radar. ","2024-06-24T05:35:02.870Z","No","urn:li:comment:(activity:7210866833644564480,7210878067253121025)","402f67f346ae1b923bd0741cc3e150391004bd4d010a0fdc0ee22f5b0059b790","0","No","No","urn:li:activity:7210866833644564480","eae9f5e24069862612915a7e936aa9c46a197b6ebcdb54f2a58d5fc2a71fb0a3"
"Jayant","Ghosh","Jayant Ghosh","https://www.linkedin.com/in/jayantghosh","From Scaling Businesses to Leading Transformation | Sales, Growth, GTM & P&L Leadership | SaaS, AI/ML, IoT | CXO Partnerships | Building Future-Ready Businesses","comment","Looking forward to the date for Banglore. Super.","2024-06-24T05:34:16.509Z","No","urn:li:comment:(activity:7210866833644564480,7210877872805203969)","c997d9a063e125284034c378df9995a0492b6edc208c7bc5b42c1e6dfe276237","0","No","No","urn:li:activity:7210866833644564480","eae9f5e24069862612915a7e936aa9c46a197b6ebcdb54f2a58d5fc2a71fb0a3"
"Janvi","Tiwari","Janvi Tiwari","https://www.linkedin.com/in/janvitiwari","Chief Menstruating Officer at SOQO | Incubated at IIM Ahmedabad, IIM A Ventures | Funded by Startup India | Alumna US Department of State","comment","Bhopal / Indore","2024-06-24T05:23:30.667Z","No","urn:li:comment:(activity:7210866833644564480,7210875163943329793)","8068cbe0fbe680ca572748f556f1b03eca36a55899a9a3be449468c688bd3881","1","No","No","urn:li:activity:7210866833644564480","eae9f5e24069862612915a7e936aa9c46a197b6ebcdb54f2a58d5fc2a71fb0a3"
"HETAL","SONPAL","HETAL SONPAL","https://www.linkedin.com/in/hetalsonpal","TEDx Speaker, IRONMAN, LISTENER, PhD Scholar, COACH, Sales & Strategy Leader, Author,","comment","Come to Coimbatore Dilip Kumar. GRG Gen Nxt Incubator would be proud to host you.","2024-06-24T05:21:30.555Z","No","urn:li:comment:(activity:7210866833644564480,7210874660157026304)","e304565b395f12cd658016c00994ba186b40c3ab733e71434b47290da57ac59e","1","No","Yes","urn:li:activity:7210866833644564480","eae9f5e24069862612915a7e936aa9c46a197b6ebcdb54f2a58d5fc2a71fb0a3"
"Sonali","Saraogi Singh","Sonali Saraogi Singh","https://www.linkedin.com/in/sonalisaraogisingh","Building Feed Smart | IMB NSRCEL | Imperial College London | Warwick University | The Shri Ram School","comment","Fab event ! Loving how the eco system is thriving and growing 💜","2024-06-24T05:21:27.188Z","No","urn:li:comment:(activity:7210866833644564480,7210874646034829312)","55c57cb5649a88f5e64182048e981fe5bf681b945bf37745d87d1ec06729fff1","0","No","No","urn:li:activity:7210866833644564480","eae9f5e24069862612915a7e936aa9c46a197b6ebcdb54f2a58d5fc2a71fb0a3"
"Divya","Shah","Divya Shah","https://www.linkedin.com/in/divyashah23","Figuring Out What Next until then follow me to hear more about my (post)entrepreneurship journey - the candid unfiltered stories | Ex-Founder @Vinyasa","comment","I would love to attend the next health founders meet-up, Dilip Kumar. How can I stay updated about it?","2024-06-24T05:18:53.092Z","No","urn:li:comment:(activity:7210866833644564480,7210873999713583104)","de5736aac8dd9acb29b9c9534e5f9fbc581dca8f8896ed9667a0f064bf948385","1","No","Yes","urn:li:activity:7210866833644564480","eae9f5e24069862612915a7e936aa9c46a197b6ebcdb54f2a58d5fc2a71fb0a3"
"Arnab","Mitra","Arnab Mitra","https://www.linkedin.com/in/arnabin","CleanTech | Tinkerer | Explorer | Learner | (Perpetually) Under Construction","comment","Sounds great, how do we sign up the next time you are in Delhi?","2024-06-24T05:18:20.279Z","No","urn:li:comment:(activity:7210866833644564480,7210873862085906432)","3159ffa61bb9c5b8e2b9baa8a0d6ef1b9fa2f45ab1fb735f68dd6957220713e5","1","No","Yes","urn:li:activity:7210866833644564480","eae9f5e24069862612915a7e936aa9c46a197b6ebcdb54f2a58d5fc2a71fb0a3"
"Venkatraman","Pichumani","Venkatraman Pichumani","https://www.linkedin.com/in/venkatp","Four decades of self made Entrepreneurship CA, Investment Banker, International BPO, Domestic BPO. All bootstrapped, no external funding. Scaled from laptop to 3000 team members","comment","Yes it should certainly be done...when I was Charter Member at TiE Mumbai, I had proposed to sponsor a quarterly meeting of Health, Fitness, Sports SIG ( Special Interest Groups ) meetings.

But Covid intervened and it did not pick up thereafter","2024-06-24T05:14:54.954Z","No","urn:li:comment:(activity:7210866833644564480,7210873000890421248)","efcf4b5b4b62f792785ba4e465f2bcb02cc1af903257d73aa929d039985b7738","0","No","No","urn:li:activity:7210866833644564480","eae9f5e24069862612915a7e936aa9c46a197b6ebcdb54f2a58d5fc2a71fb0a3"
"Madhur","Anand","Madhur Anand","https://www.linkedin.com/in/madhur-anand","Works at Moodforest.co | The Science of Reset","comment","Looking forward to being part of the next one.
","2024-06-24T05:13:52.414Z","No","urn:li:comment:(activity:7210866833644564480,7210872738574487555)","eed9189f3a72abcbcbc40489009a310f6321e613e9e6cc30d2d7917b7c7fe944","0","No","No","urn:li:activity:7210866833644564480","eae9f5e24069862612915a7e936aa9c46a197b6ebcdb54f2a58d5fc2a71fb0a3"
"Dilip","Sharma","Dilip Sharma","https://www.linkedin.com/in/thedilipsharma","Building Spotter | 2X Founder & VC | Currently building AI Native Pentesting & Security | GTMs, Ops and Biz","comment","Any plans for such meetups for people in CleanTech/Renewable Energy?","2024-06-24T05:13:09.576Z","Yes","urn:li:comment:(activity:7210866833644564480,7210872558898876416)","155d6a7045cfd64732b3829026296d2480778e1d80b113c2eb1280a14bca273a","6","No","No","urn:li:activity:7210866833644564480","eae9f5e24069862612915a7e936aa9c46a197b6ebcdb54f2a58d5fc2a71fb0a3"
"Aditi","Gangrade","Aditi Gangrade","https://www.linkedin.com/in/aditigangrade","Co-founder & CCO, Much Much Spectrum, a Gen-Z-led media company bringing you global stories on culture, identity & the pulse of the Internet | Reaching 20 million+ people monthly | Neurodivergent","comment","Such meet-ups are much needed Dilip Kumar! Kudos to your work. 

An India wide online health founders network would be something a lot of us could benefit from.

 How about an offline meet in Mumbai next?","2024-06-24T05:12:59.358Z","No","urn:li:comment:(activity:7210866833644564480,7210872516041469954)","528b682b18d43ef4959780cd18b498c8146629222c8fe5342000b4d5f024a8b4","2","No","No","urn:li:activity:7210866833644564480","eae9f5e24069862612915a7e936aa9c46a197b6ebcdb54f2a58d5fc2a71fb0a3"
"Aman","Bhandula","Aman Bhandula","https://www.linkedin.com/in/aman-bhandula-b71032132","Founder & CEO at Farmako (YC S20) | Building India's fastest medicine delivery in just 30 minutes","comment","Dilip Kumar when you told last week, i thought there will be 3-4 people and i came prepared with a demo 😂","2024-06-24T05:12:54.240Z","No","urn:li:comment:(activity:7210866833644564480,7210872494574956546)","d3334b09a51d87c3c2a826b19824c100f7ca191d3877b3fa5e5638864311d87f","1","No","Yes","urn:li:activity:7210866833644564480","eae9f5e24069862612915a7e936aa9c46a197b6ebcdb54f2a58d5fc2a71fb0a3"
"Shobhraj","Shakdupia","Shobhraj Shakdupia","https://www.linkedin.com/in/shobhraj-shakdupia","Founder at Abstrabit | Incubated at IIM Bangalore (NSRCEL) | Book a 1:1 with me at topmate.io/shobhraj_shakdupia","comment","Sounds like an amazing gathering of innovative minds! Building genuine connections and sparking collaborations is the foundation of progress in the tech industry, Dilip Kumar.  ","2024-06-24T05:09:04.120Z","No","urn:li:comment:(activity:7210866833644564480,7210871529381720065)","f304138b0fc1acd21eb30d7f6a3d585ca4dae8777720909a2a2b4371c372c297","0","No","No","urn:li:activity:7210866833644564480","eae9f5e24069862612915a7e936aa9c46a197b6ebcdb54f2a58d5fc2a71fb0a3"
"Vedaang","Prasad","Vedaang Prasad","https://www.linkedin.com/in/vedaangprasad","Transforming Emergency Care for Bharat","comment","Thanks for taking this initiative Dilip!
Lovely meeting you and being part of such a buzzing evening ","2024-06-24T05:08:08.303Z","No","urn:li:comment:(activity:7210866833644564480,7210871295268335616)","205c6bf3ba8623880e0dc4d0fb254e6a71a972b007a33c183c7b440974f97abe","1","No","Yes","urn:li:activity:7210866833644564480","eae9f5e24069862612915a7e936aa9c46a197b6ebcdb54f2a58d5fc2a71fb0a3"
"Ketki","Agarwal","Ketki Agarwal","https://www.linkedin.com/in/ketki-agarwal","Empowering Families of Neurodiverse Children | Founder of iThrive & LDExplained | Advocate for Learning Disabilities, ADHD, & Inclusion I Entrepreneur | Social impact Start-up | NSRCEL, IIM Bangalore|","comment","Yes please Dilip Kumar! Meet-ups in other cities is a great idea.","2024-06-24T04:56:20.200Z","No","urn:li:comment:(activity:7210866833644564480,7210868325273280512)","6049b937a28d4d21a6762e86fa47224cf94ccce5de89c26a362757f429c2a773","6","No","No","urn:li:activity:7210866833644564480","eae9f5e24069862612915a7e936aa9c46a197b6ebcdb54f2a58d5fc2a71fb0a3"
"Arpit","Tyagi","Arpit Tyagi","https://www.linkedin.com/in/arpit-tyagi-337994167","Co-founder at Hobfit | Hiring across all levels 🚀","comment","Thanks Dilip for organising such a wonderful event, it was great interacting with you and others, see you soon :)","2024-06-24T04:54:27.406Z","No","urn:li:comment:(activity:7210866833644564480,7210867852176756738)","d05a9664582e719a2f0f6008a5dc9a5c5eedb12adcd2bb6746c4bd83d0ed0f67","1","No","Yes","urn:li:activity:7210866833644564480","eae9f5e24069862612915a7e936aa9c46a197b6ebcdb54f2a58d5fc2a71fb0a3"