First Name,Last Name,Full Name,Profile URL,Headline,Type,Comment,Timestamp,Is Edited,Comment URN,Comment Hash,Replies Count,Is Post Author,Has Reply From Post Author,Post URN,Post Hash
"Lalitha","Bhat","Lalitha Bhat","https://www.linkedin.com/in/lalitha-bhat-3a459629","FOUNDER , Whole & Soul - Healthy Made Tasty","comment","Hi..if the objective is to have healthy snacks, we manufacture ready to eat vacuum fried chips made of fresh vegetables and fruits and add no sugar or  chemicals. They are truly natural. We are based in Chikkamagalur.","2024-12-09T11:46:35.660Z","No","urn:li:comment:(ugcPost:7264142585634406401,7271852731412148225)","23476b7b8f9b21b3c6442b17eea5433b8ffaf23f7e93a02f167253cfb1d59db2","0","No","No","urn:li:ugcPost:7264142585634406401","511ffee24d98b85cf9ee85d9866912d29c127a567a43cef36769e5bbbbf46649"
"Naveen","Varshneya","Naveen Varshneya","https://www.linkedin.com/in/naveen-varshneya-6b8a5","Researcher | Founder | Author | Saanjh.ai | Mapping Regeneration Mechanisms | 14-Year Causative Health Dataset | Making Allopathy + AYUSH More Effective | TRL6- Institutional validation stage |","comment","Dilip Kumar, It is a great format. My first. Your talks to orient founders to focus on creating products rather than relying on raising money from the day one is refreshing.  I had two take away. 1. We launched Saanjh on 12th nov and we were going after 3 TG. Your talk that first go after one TG but go all the way deep, cleared the remaining clouds. 2. learning about your forum where we can seek help. We need a lot of help in building customer facing team. I will be active there soon. Thank you for great work Rainmatter by Zerodha is doing.","2024-11-26T01:29:41.495Z","No","urn:li:comment:(ugcPost:7264142585634406401,7266986440499036160)","63f8dd6f47878a785a5596342c1df2607c0779fc2e50f3c3971f6afee9b9533b","0","No","No","urn:li:ugcPost:7264142585634406401","511ffee24d98b85cf9ee85d9866912d29c127a567a43cef36769e5bbbbf46649"
"Lakshmi","Chockalingam","Lakshmi Chockalingam","https://www.linkedin.com/in/lakshmic135","Championing Startups & Incubators @ NSRCEL, IIMB | Doctoral Candidate @ Uni of Bath | Oxford MBA | ex-Teach For India data, ops, M&E | Always up for coffee/chai, even if virtual :)","comment","Gauri Parate Vaikunt Prasad NSRCEL 🚀","2024-11-19T12:58:39.452Z","No","urn:li:comment:(ugcPost:7264142585634406401,7264623109398315008)","30777706cec834198f1d6bcb6b90fc7dac372aec446bb47ce404c7ba6e9a07cf","0","No","No","urn:li:ugcPost:7264142585634406401","511ffee24d98b85cf9ee85d9866912d29c127a567a43cef36769e5bbbbf46649"
"Abhimanyu","Chowhan","Abhimanyu Chowhan","https://www.linkedin.com/in/abhimanyu-chowhan","Founder, Zarity – simplifying chronic care","comment","Before this, I've never been part of in a gathering where 100+ folks are building towards #betterhealth 💙. Cheers! to everybody taking this uphill trek. Happy to help wherever I can!
","2024-11-19T07:40:53.887Z","No","urn:li:comment:(ugcPost:7264142585634406401,7264543142622748673)","be6baf31b858c92992742890f59d0e75839679b84c6dd9e3fc2c0bd875bba570","0","No","No","urn:li:ugcPost:7264142585634406401","511ffee24d98b85cf9ee85d9866912d29c127a567a43cef36769e5bbbbf46649"
"Dr.","Chokkalingam Manivasagam","Dr. Chokkalingam Manivasagam","https://www.linkedin.com/in/drchokkalingam","Founder & CEO - SeeDataMD | Building Dotzza💡| Revolutionizing Healthcare Collabs with AI 🤝| Data Scientist | Endodontist","comment","Fortunate to attend this wonderful event in Bangalore. Thank you  Dilip Kumar for arranging one and looking forward for most such meets !","2024-11-18T17:32:22.426Z","No","urn:li:comment:(ugcPost:7264142585634406401,7264329604478181377)","c2acad2ae644364165f2d99f189133728b5605d9e55a28c0089ff42c55cbb12c","0","No","No","urn:li:ugcPost:7264142585634406401","511ffee24d98b85cf9ee85d9866912d29c127a567a43cef36769e5bbbbf46649"
"Aditi","Dimri, PhD","Aditi Dimri, PhD","https://www.linkedin.com/in/aditidimri","Building Cranberry | Data & AI | Health Innovation","comment","High ROI event for sure! Look forward to meet up and even collaborate with some of the fellow founders. Vote for another event soon if there is a poll going on for it:).  ","2024-11-18T13:54:29.340Z","No","urn:li:comment:(ugcPost:7264142585634406401,7264274771981340673)","6421480d25f9935c643aeccf66532577b8d5cec4e71a86281cd1dc7d3d3b6c55","0","No","No","urn:li:ugcPost:7264142585634406401","511ffee24d98b85cf9ee85d9866912d29c127a567a43cef36769e5bbbbf46649"
"R.","P. Yadav","R. P. Yadav","https://www.linkedin.com/in/r-p-yadav-sr4ipr","Patent & Trade Mark Attorney | Managing Partner at sr4ipr Partners | 38+ Yrs Expertise in IP Protection, Patent Filing & Brand Strategy | Helping Innovators, Startups & Corporates Secure Their IP Worldwide.","comment","Impressive","2024-11-18T13:34:51.573Z","No","urn:li:comment:(ugcPost:7264142585634406401,7264269832072638464)","7eaa5e8c9f8149893d0df549a40b252c001986efb003d8fd376271042a817427","0","No","No","urn:li:ugcPost:7264142585634406401","511ffee24d98b85cf9ee85d9866912d29c127a567a43cef36769e5bbbbf46649"
"Amar","Haksar","Amar Haksar","https://www.linkedin.com/in/amarhaksar","Master Mindset & Performance Coach/Motivational Speaker/Fitness+Life+Executive Coach/Endurance Enthusiast. 1st Indian to cycle 5,700kms sole/unsupported across USA & 1,500+ consecutive day triathlon activity streak.","comment","Good to see this kind of stuff happening in India. 
What is also required is a massive MINDSET shift in order to make these solutions sustainable. 
Gadgets can only do so much. 
Without the somewhat non-measurables like consistency, grit, discipline, etc. there won’t be a sustained cultural shift at scale.","2024-11-18T10:44:57.026Z","No","urn:li:comment:(ugcPost:7264142585634406401,7264227073039212544)","73c2e89e1fc9a45e7bd1ff140e3725f019c84f37525922581f435b62a287d764","0","No","No","urn:li:ugcPost:7264142585634406401","511ffee24d98b85cf9ee85d9866912d29c127a567a43cef36769e5bbbbf46649"
"Subhasish","Sircar","Subhasish Sircar","https://www.linkedin.com/in/subhasishsircar","Founder & CEO | Health Vectors | Empowering Individuals with Personalized Health Insights","comment","Thanks a bunch to Dilip Kumar and the Rainmatter by Zerodha team for bringing together such an elite group of entrepreneurs focused in solving India’s health problems under one roof. 

I thoroughly enjoyed the session that had some very specific and deep insight on taking our solutions to the masses, B2B or B2C. Dilip Kumar – there is a lot I can learn from your experiences and avoid making the same mistakes. Met such brilliant people, learned a lot and unlearned a lot also. Now I also have many new connects and many that look very promising as customers.   Thanks again!","2024-11-18T10:26:41.816Z","No","urn:li:comment:(ugcPost:7264142585634406401,7264222479395561472)","6da081645be560b43f3c6a533876accedb65cd91a1364c4bf8b401a606a87624","0","No","No","urn:li:ugcPost:7264142585634406401","511ffee24d98b85cf9ee85d9866912d29c127a567a43cef36769e5bbbbf46649"
"Vinita","Singh","Vinita Singh","https://www.linkedin.com/in/vinitasinghofficial","Product @ApnaTime Tech | Ex- HorsePower , Deloitte USI | NIT Dgp Graduate","comment","Hi Dilip Kumar , 
Horse Power is grateful to be a part of Rainmatter by Zerodha. 
Thankyou for this great event , loved the format of event which was all about "" networking - in unfiltered conversational format "". 
Hope Horse Power was able to boost in . We would love to hear more from your side. 

p.s: Horse Power would love to serve and partner with Zerodha  , given opportunity . 👍 ","2024-11-18T08:51:31.053Z","Yes","urn:li:comment:(ugcPost:7264142585634406401,7264198526723596288)","0b42ac3cea16d163a05621d22f2d804b9de2bbf1f4cb22abe180121ddcbe9a10","0","No","No","urn:li:ugcPost:7264142585634406401","511ffee24d98b85cf9ee85d9866912d29c127a567a43cef36769e5bbbbf46649"
"Dhrumil","Sorathia","Dhrumil Sorathia","https://www.linkedin.com/in/dhrumilsorathia","CEO and Board Member | Apollo Hospitals | GE HealthCare | J & J | Novartis | Roche | Created $1 billion business I Top 10 Healthcare Leader I Healthcare CEO I Chief Marketing Officer, CMO, Apollo Hospitals","comment","Amazing. Missed this great event ","2024-11-18T08:46:01.075Z","No","urn:li:comment:(ugcPost:7264142585634406401,7264197142695542784)","a581ed1c6221b0df3cb654f95ce93d6e198b5a60f632f9293dcef27fcf9ab3fa","0","No","No","urn:li:ugcPost:7264142585634406401","511ffee24d98b85cf9ee85d9866912d29c127a567a43cef36769e5bbbbf46649"
"Karen","Savia Maciel","Karen Savia Maciel","https://www.linkedin.com/in/karen-savia-maciel-86660848","Building the world’s largest mindset-led wellness company. Fitness Trainer @Granimals","comment","Impressive","2024-11-18T07:46:26.309Z","No","urn:li:comment:(ugcPost:7264142585634406401,7264182149036048385)","cf91c5356f85d10254f00cc90d2250190da9f188c1c3af7689feeb240384d24b","0","No","No","urn:li:ugcPost:7264142585634406401","511ffee24d98b85cf9ee85d9866912d29c127a567a43cef36769e5bbbbf46649"
"Akanksha","Patel","Akanksha Patel","https://www.linkedin.com/in/akankshapatel92","Applied AI @ Neurific","comment","Super cool event, thanks for organizing this Dilip Kumar Rainmatter by Zerodha","2024-11-18T07:15:21.517Z","No","urn:li:comment:(ugcPost:7264142585634406401,7264174327531487232)","a8ae0439230c191b03ef29b2af1f26a07a56eec95eff297585f12eb1d95130a1","0","No","No","urn:li:ugcPost:7264142585634406401","511ffee24d98b85cf9ee85d9866912d29c127a567a43cef36769e5bbbbf46649"
"Namita","Batni","Namita Batni","https://www.linkedin.com/in/namita-batni","EiR, IISc | Founder, PrimeDT | Passionate about Biotech Innovation & Sports Tech","comment","A big Thanks for organizing this event. As a female founder (its a bit lonely up here :)) I got the opportunity to meet up with fellow travellers on the journey. Look forward to more such events!","2024-11-18T07:11:44.604Z","No","urn:li:comment:(ugcPost:7264142585634406401,7264173417732481025)","c32da89ef2aba10d2609c3585988c76eb661693be32463f356a20f22bffc83e4","0","No","No","urn:li:ugcPost:7264142585634406401","511ffee24d98b85cf9ee85d9866912d29c127a567a43cef36769e5bbbbf46649"
"Rachit","Tomar","Rachit Tomar","https://www.linkedin.com/in/rachit070289","CPO | Healthcare Tech | User Clarity in Feature Complexity","comment","Thank you Dilip Kumar for inviting me to such an incredible evening! It was amazing to represent Treint.com and be surrounded by so many passionate entrepreneurs all working towards a healthier India. The vibe was just fantastic—genuine, unfiltered conversations and so much energy in the room. ","2024-11-18T07:08:21.513Z","No","urn:li:comment:(ugcPost:7264142585634406401,7264172565907013632)","774b034203b39a82c477720ba8023173803e1bb1e1df97cfd40c5b97fd35643d","0","No","No","urn:li:ugcPost:7264142585634406401","511ffee24d98b85cf9ee85d9866912d29c127a567a43cef36769e5bbbbf46649"
"Vinod","Sadashivaiah","Vinod Sadashivaiah","https://www.linkedin.com/in/vinod-sadashivaiah-7b64a526","Founder & CEO | Personalized Nutrition | Ayurveda Meets AI | Speaker | Wellness & Pharma | Better for U food alternatives","comment","My Experience from the Meetup Dilip Kumar

1.It wasn’t just about exchanging visiting cards but about exchanging meaningful thoughts and ideas. The discussions were deep and impactful.

2. Trust is the Currency of the Health Market
Building trust takes time and effort—it’s not something that can be achieved through quick wins or an Excel multiplication sheet. Authentic connections matter in this space.

3. Pitching to Patient Investors
Approach investors who understand your space and are willing to grow with you over the long term. They’re likely to stick around and add value beyond just capital.

3.Health solutions thrive in an ecosystem. Collaboration and partnerships are essential to create lasting impact and scale effectively.","2024-11-18T07:03:49.448Z","No","urn:li:comment:(ugcPost:7264142585634406401,7264171424783691776)","7055fcd86923f2f7a3eb2317dd67de2799837348c8b0305c9799ef1cf1dd2b4d","0","No","No","urn:li:ugcPost:7264142585634406401","511ffee24d98b85cf9ee85d9866912d29c127a567a43cef36769e5bbbbf46649"
"Ashes","Ganguly","Ashes Ganguly","https://www.linkedin.com/in/ashes-ganguly","Founder, Biotech startup | Ex-CTO at SigTuple | Leading R&D and Engineering Teams","comment","Thank you Dilip Kumar and Rainmatter by Zerodha for hosting this event. It was great to meet the founders working on myriad problems and have some substantial conversations. And finally got to meet you in person too :-) ","2024-11-18T06:53:44.454Z","No","urn:li:comment:(ugcPost:7264142585634406401,7264168887254949889)","9712c78958c75694474773c14507a6441335824a7da6a59ce4b2d1cdad73a80c","0","No","No","urn:li:ugcPost:7264142585634406401","511ffee24d98b85cf9ee85d9866912d29c127a567a43cef36769e5bbbbf46649"
"Chandni","Menda","Chandni Menda","https://www.linkedin.com/in/chandnimenda","Progress > Perfection / 💣","comment","Dilip Kumar I, along with C4E, would love to plan one in Bombay. Early next year, like you mentioned. ","2024-11-18T06:51:31.074Z","No","urn:li:comment:(ugcPost:7264142585634406401,7264168327822934016)","16ffddb4bec59be86995db7c63b439c9ff735a2e22cf8a53a270f451b6833873","0","No","No","urn:li:ugcPost:7264142585634406401","511ffee24d98b85cf9ee85d9866912d29c127a567a43cef36769e5bbbbf46649"
"Dr","Paridhi Mehra","Dr Paridhi Mehra","https://www.linkedin.com/in/dr-paridhi-mehra-454058ab","Founder at HappiNest | Breaking Stigma, Transforming Maternal Mental Health","comment","Had a wonderful time at the event Dilip Kumar! It was great meeting people tackling healthcare problems in their own unique ways. Connecting with those in mental health and discussing potential collaborations was great. Looking forward to more such meetups. Maybe a femtech focused event next?","2024-11-18T06:49:38.232Z","No","urn:li:comment:(ugcPost:7264142585634406401,7264167854525030401)","b321200522c54867b2a589b9e5509884b0c9cbe186a470e59bdb5b7a1c72b3e2","0","No","No","urn:li:ugcPost:7264142585634406401","511ffee24d98b85cf9ee85d9866912d29c127a567a43cef36769e5bbbbf46649"
"Sudhanshu","P.","Sudhanshu P.","https://www.linkedin.com/in/sudpal2089","Solution Architect at Ericsson with expertise in Microsoft Full stack dev | Dot net Core | Dot Net | Azure | Angular | JavaScript | JASMINE | AWS | kafka | Kubernetes | Docker | NoSQL |","comment","Looks great","2024-11-18T06:44:01.784Z","No","urn:li:comment:(ugcPost:7264142585634406401,7264166443359838208)","c0ef3f4792c15c1a4ca4613ace2f79ac309261e2aeae27cc5744b7901353ad59","0","No","No","urn:li:ugcPost:7264142585634406401","511ffee24d98b85cf9ee85d9866912d29c127a567a43cef36769e5bbbbf46649"
"Charan","Singh","Charan Singh","https://www.linkedin.com/in/charan3","Product/UX Design + Analytics + PMF Strategy | SaaS & Climate Design | Pursuing Olympics Ambitions","comment","❤️","2024-11-18T06:43:03.722Z","No","urn:li:comment:(ugcPost:7264142585634406401,7264166199830163458)","746721f4dae05db4ae066f1a0168908b405546d752917fbaa2b1c17f12cd6b3a","0","No","No","urn:li:ugcPost:7264142585634406401","511ffee24d98b85cf9ee85d9866912d29c127a567a43cef36769e5bbbbf46649"
"Jiwan","Jaswal","Jiwan Jaswal","https://www.linkedin.com/in/jiwan-jaswal-a29164215","Chief Executive Officer at Cyberbells ITES Services Pvt. LTD.","comment","This is fantastic! Creating spaces for entrepreneurs to have unfiltered, genuine conversations is where real magic happens. No gyaan, just pure exchange of ideas and experiences—this is exactly what the ecosystem needs more of. Kudos to you for making this happen, and here’s to more cities, more builders, and more impactful meetups next year! ","2024-11-18T06:40:45.077Z","No","urn:li:comment:(ugcPost:7264142585634406401,7264165618315112449)","401e74b2a8cb44ddf6252fe1c25414b0ca048f0b55e27f038b63171f80b68f2e","0","No","No","urn:li:ugcPost:7264142585634406401","511ffee24d98b85cf9ee85d9866912d29c127a567a43cef36769e5bbbbf46649"
"Vinay","Bhardwaj","Vinay Bhardwaj","https://www.linkedin.com/in/vinnyrb","Clinician & Founder @ Enso Integrated Medicine | Board Certified Neurologist","comment","Was great to meet you all, great event! I sort of disagree with you Dilip Kumar, we need to figure out how to change culture. ","2024-11-18T06:35:47.726Z","No","urn:li:comment:(ugcPost:7264142585634406401,7264164371130384385)","638dc40fea74083c01c42e7b1adba9b745a1da9ae41e02e2cfd1cbe01a0f141f","0","No","No","urn:li:ugcPost:7264142585634406401","511ffee24d98b85cf9ee85d9866912d29c127a567a43cef36769e5bbbbf46649"
"MyFitMantra","","MyFitMantra","","730 followers","comment","Excellent work Dilip Kumar 👍🏻","2024-11-18T06:34:26.586Z","No","urn:li:comment:(ugcPost:7264142585634406401,7264164030808793088)","247d76a46fbbc8987d7aeb722f4c2b21b63a0264963cdd072f20ee8dbbfe1624","0","No","No","urn:li:ugcPost:7264142585634406401","511ffee24d98b85cf9ee85d9866912d29c127a567a43cef36769e5bbbbf46649"
"Ronak","Vora","Ronak Vora","https://www.linkedin.com/in/theronakvora","💵 Helping founders raise funds @Build3 ⚡Coach to founders and CEOs to master their energy and nervous system 🤜 Ex-Fitness startup founder and author","comment","How does one get notified about these events? Dilip Kumar","2024-11-18T06:25:31.266Z","Yes","urn:li:comment:(ugcPost:7264142585634406401,7264161785513922560)","3203940dbf40e136958941cb9ff94147fe6d72e20adaf4afa9e5dc1b19723b53","0","No","No","urn:li:ugcPost:7264142585634406401","511ffee24d98b85cf9ee85d9866912d29c127a567a43cef36769e5bbbbf46649"
"Anu","Bhat","Anu Bhat","https://www.linkedin.com/in/anu-bhat-12539314a","CEO & Founder @ Miraii.ai | AI Smart Ring","comment","Thank you so much Dilip Kumar for this event. Had lot of great collaborations coming out of this for us at Tamanna Wearables 🙏 It was a fun talking to so many founders and helpful for building our Startup.","2024-11-18T06:23:48.057Z","Yes","urn:li:comment:(ugcPost:7264142585634406401,7264161352619892736)","91622d1ac872e965e7eb5a3189243d356b7424ca91dfdb2a2ac94cfbe177b22f","0","No","No","urn:li:ugcPost:7264142585634406401","511ffee24d98b85cf9ee85d9866912d29c127a567a43cef36769e5bbbbf46649"
"Aditya","Shinde","Aditya Shinde","https://www.linkedin.com/in/aditya-shinde-96531014","Moving People Through The Wonders Of Sports!","comment","Thank you Dilip Kumar and team Rainmatter by Zerodha for putting together this meet-up.It was really great, getting to meet different problem solvers in the space of Sports, Health & Fitness. Hope there will be many more such meet-up's in future, we need this!","2024-11-18T06:09:15.482Z","No","urn:li:comment:(ugcPost:7264142585634406401,7264157692779208705)","18e93e3e379bba9af055e8b8ca30f70decea57a630cc5290ba12176b73318d34","2","No","No","urn:li:ugcPost:7264142585634406401","511ffee24d98b85cf9ee85d9866912d29c127a567a43cef36769e5bbbbf46649"
"Sudarshan","Gangrade","Sudarshan Gangrade","https://www.linkedin.com/in/sudarshangangrade","Founder - Lo Foods (KetoSmart, DiabeSmart, ProteinChef), LeanScience | Low Carb Functional Foods for 100 Million Indians","comment","Thanks for organizing this Dilip Kumar and Rainmatter by Zerodha . Was a great evening of learning and meeting similar folks.","2024-11-18T06:06:38.063Z","No","urn:li:comment:(ugcPost:7264142585634406401,7264157032511877120)","8dee433afdc34b3f68732bf942a755a8b1c652b5410a0c581e6046003e8232cf","2","No","No","urn:li:ugcPost:7264142585634406401","511ffee24d98b85cf9ee85d9866912d29c127a567a43cef36769e5bbbbf46649"
"Aditya","Raj","Aditya Raj","https://www.linkedin.com/in/aditya-raj-6b2751b8","Employee","comment","Impressive","2024-11-18T06:05:35.896Z","No","urn:li:comment:(ugcPost:7264142585634406401,7264156771764600834)","cf58278b7b6bc0e50eb948a2786c7792f182b90e3bba5a395eadb1fbcdc3a408","0","No","No","urn:li:ugcPost:7264142585634406401","511ffee24d98b85cf9ee85d9866912d29c127a567a43cef36769e5bbbbf46649"
"Jayant","Ghosh","Jayant Ghosh","https://www.linkedin.com/in/jayantghosh","From Scaling Businesses to Leading Transformation | Sales, Growth, GTM & P&L Leadership | SaaS, AI/ML, IoT | CXO Partnerships | Building Future-Ready Businesses","comment","Thanks for organising, Dilip Kumar. It was a well spent evening. It fosters a climate of collaboration and innovation where shared experiences can lead to groundbreaking solutions for health challenges in India.","2024-11-18T05:58:36.698Z","No","urn:li:comment:(ugcPost:7264142585634406401,7264155013516574721)","314fde3fcd624bdf093562bcd8ac9eaa0077c471cada47a88ca3b3198fae3807","1","No","No","urn:li:ugcPost:7264142585634406401","511ffee24d98b85cf9ee85d9866912d29c127a567a43cef36769e5bbbbf46649"
"Arul","Oli Thangaraj","Arul Oli Thangaraj","https://www.linkedin.com/in/arul-oli-thangaraj-504ba013","Chief Operating Officer","comment","Hey Dilip Kumar . Sorry missed out on the event as i was unwell. Hope everyone liked Flyberry Gourmet products?","2024-11-18T05:43:51.446Z","No","urn:li:comment:(ugcPost:7264142585634406401,7264151300504711168)","dfad07dcddcb9db2f3f81fa870b2227aadcc0cd225e459c0b3890121a32595c0","2","No","No","urn:li:ugcPost:7264142585634406401","511ffee24d98b85cf9ee85d9866912d29c127a567a43cef36769e5bbbbf46649"
"SHIVASAI","GUPTA CH","SHIVASAI GUPTA CH","https://www.linkedin.com/in/shivasaich","Immediate joiner| Stamp 1G | Fund accounting, Regulatory Reporting, M&A and Insurance |Power Bi, Tableau, SQL and MS office |CIMA Finalist| ACCA (5/13) |AI Transformation","comment","Looks great","2024-11-18T05:36:45.711Z","No","urn:li:comment:(ugcPost:7264142585634406401,7264149514846908417)","3c5b1142b89b80ce45431e209d4579f25f072e539784e1cffe7f1aabc0b162f3","0","No","No","urn:li:ugcPost:7264142585634406401","511ffee24d98b85cf9ee85d9866912d29c127a567a43cef36769e5bbbbf46649"
"Ryan","Dsouza","Ryan Dsouza","https://www.linkedin.com/in/ryanadsouza","Founder | UAE’s Only AI Jobs Platform | Top 10 UAE Creator in AI Education & Policy | Advancing AI Innovation in the UAE | Engineering Human-Led, AI-First Systems | Passionate About Art, Design & Fine Art Photography","comment","Amazing work bringing founders together to create meaningful change for health Dilip","2024-11-18T05:28:09.279Z","No","urn:li:comment:(ugcPost:7264142585634406401,7264147348765765632)","1ba580a7b3afa9fa039d635e54f7056420de8b9da1f18c3f861ecca59e2e8803","0","No","No","urn:li:ugcPost:7264142585634406401","511ffee24d98b85cf9ee85d9866912d29c127a567a43cef36769e5bbbbf46649"
"Sumedh","Borkar","Sumedh Borkar","https://www.linkedin.com/in/sumedhborkar","Product & Program Manager (Gaming) at Sportz Interactive | Ex-PwC, fitpage","comment","Amazing! Dilip, any plans of Mumbai/Pune meet?","2024-11-18T05:23:27.414Z","No","urn:li:comment:(ugcPost:7264142585634406401,7264146166542426112)","2dad6d0a17def30740a16869f8cffb8a00c189d4210fe63c98474645495325d9","1","No","Yes","urn:li:ugcPost:7264142585634406401","511ffee24d98b85cf9ee85d9866912d29c127a567a43cef36769e5bbbbf46649"
"Arminder","Thind","Arminder Thind","https://www.linkedin.com/in/arminder","Founder/CEO | StanceBeam | Sports Tech","comment","Thank you Dilip and Rainmatter team for hosting such an engaging event! Really appreciated the interactive format that allowed meaningful conversations with fellow founders in Sports tech and Health tech. ","2024-11-18T05:22:08.434Z","No","urn:li:comment:(ugcPost:7264142585634406401,7264145835276288000)","6bac3553ee20416a76be182b8e7f6bfab118cb6c394dbb8b1965df5055fc2211","2","No","No","urn:li:ugcPost:7264142585634406401","511ffee24d98b85cf9ee85d9866912d29c127a567a43cef36769e5bbbbf46649"
"Ankush","Devaliya","Ankush Devaliya","https://www.linkedin.com/in/ankush-devaliya-1a534321a","ChemE Undergrad | Aspiring Process Engineer | IIChE PU President | Student Innovation Ambassador | Ex- R&D Intern at NZ Seasonal Wear | Fundraising Intern","comment","Looks Great!","2024-11-18T05:21:30.798Z","No","urn:li:comment:(ugcPost:7264142585634406401,7264145677419466753)","d011fc7e24fb4b29c55785ba184932441f31d07989bbd07fae73c1e238b0edde","0","No","No","urn:li:ugcPost:7264142585634406401","511ffee24d98b85cf9ee85d9866912d29c127a567a43cef36769e5bbbbf46649"
"Dilip","Kumar","Dilip Kumar","https://www.linkedin.com/in/dilipevs","Entrepreneur| Investments at Rainmatter | Endurance athlete","comment","We’ve an online community for enthusiasts , entrepreneurs & builders in health  https://discuss.rainmatter.com","2024-11-18T05:11:14.512Z","No","urn:li:comment:(ugcPost:7264142585634406401,7264143092532879360)","298665d79dbf7d67327c18873471ebdb664686c5808a1e385d4bad21a412c4e6","0","Yes","No","urn:li:ugcPost:7264142585634406401","511ffee24d98b85cf9ee85d9866912d29c127a567a43cef36769e5bbbbf46649"