First Name,Last Name,Full Name,Profile URL,Headline,Type,Comment,Timestamp,Is Edited,Comment URN,Comment Hash,Replies Count,Is Post Author,Has Reply From Post Author,Post URN,Post Hash
"Rakesh","Verma","Rakesh Verma","https://www.linkedin.com/in/dr-col-rakesh-verma","CEO @ AeonMed Health | Shaping Smarter Hospitals I Quality I Planning & Design I Medical Corps Veteran I AFMC Pune I AIIMS New Delhi","comment","This study requires to be taken with a pinch of salt or loads may be!

One must read between the lines.","2024-07-01T16:35:04.902Z","No","urn:li:comment:(activity:7212311569286746112,7213580885273583616)","39e98a6c1a90ba2d1f1db8c4b4ea5ed61981f8b21015f86691b0cd489acaaf86","0","No","No","urn:li:activity:7212311569286746112","390529c9811944a6209ec2de54e125d4dbbeaa0d1f7a3968410508e73f6b9ab6"
"ANJUM","KHAN","ANJUM KHAN","https://www.linkedin.com/in/anjum-khan-9070752a1","Graphic designer | Helping Startups & Ecommerce Brands with Stunning Logos, Thumbnails , Packaging and more | Book a 1: 1 call","comment","extremely true log apni health ko seroiusly lete he nahi  and do binge eating ","2024-06-28T17:59:09.906Z","No","urn:li:comment:(activity:7212311569286746112,7212514881957240833)","83b1fd41a6eb7eafd284e7674d5ebdd7b9f614a29a30a03bdec68a35184f524a","0","No","No","urn:li:activity:7212311569286746112","390529c9811944a6209ec2de54e125d4dbbeaa0d1f7a3968410508e73f6b9ab6"
"Nikhil","Chhabra","Nikhil Chhabra","https://www.linkedin.com/in/nikhilchhabra","Building Areno (AI-Driven Digital Health Transformation)","comment","Very well said Dilip Kumar . With Areno: Fitness Workout, Walk, Run, Meditate, Games and Yoga we are trying to make these 50% inactive people active.","2024-06-28T13:50:38.232Z","No","urn:li:comment:(activity:7212311569286746112,7212452337863262210)","2377f290aeac7033f8f73f201239343186f4954cf8366f559cd8dee6cce7ff5b","0","No","No","urn:li:activity:7212311569286746112","390529c9811944a6209ec2de54e125d4dbbeaa0d1f7a3968410508e73f6b9ab6"
"Jayant","Ghosh","Jayant Ghosh","https://www.linkedin.com/in/jayantghosh","From Scaling Businesses to Leading Transformation | Sales, Growth, GTM & P&L Leadership | SaaS, AI/ML, IoT | CXO Partnerships | Building Future-Ready Businesses","comment","Love this reminder about the importance of priority physical activity and healthy eating for overall well-being and longevity. I completely agree that waiting for motivation can be a slippery slope. Building healthy habits and consistency is key. One small step at a time can make a huge difference in the long term.
","2024-06-28T09:41:48.443Z","No","urn:li:comment:(activity:7212311569286746112,7212389717789577216)","134ea6ecd716e9bcde4cb9b9d7c8afb4395cb09a4f2d1df1e5c800757a32e7b9","0","No","No","urn:li:activity:7212311569286746112","390529c9811944a6209ec2de54e125d4dbbeaa0d1f7a3968410508e73f6b9ab6"
"Priya","Toshniwal","Priya Toshniwal","https://www.linkedin.com/in/priya-toshniwal-67001a82","Between Chapters","comment","100%. We're blindly chasing productivity and escaping the functioning of the human body. However, the study was conducted between 2000 and 2022. I'm not sure if this reflects the status quo and whether the data collected during COVID times affects this number to an extreme.

But, regardless of the questions around the study and how the statistics look today, extreme inactivity is fatal, and we're seeing an increasing number of untimely deaths amongst the younger populations. 

We really need to take our health as seriously as we've taken social media and GenAI. ","2024-06-28T09:02:05.331Z","Yes","urn:li:comment:(activity:7212311569286746112,7212379722297532416)","fb4102a380fb7b687a7bec7c1d6898d7b41382c8ff70258b72ba2c77134c416f","0","No","No","urn:li:activity:7212311569286746112","390529c9811944a6209ec2de54e125d4dbbeaa0d1f7a3968410508e73f6b9ab6"
"Anshuka","Parwani","Anshuka Parwani","https://www.linkedin.com/in/anshukayoga","Yogapreneur I Redefining global perspective on Ayurveda & Wellness","comment","Absolutely! Health isn't something we can delegate or wait for motivation to achieve. It's about daily choices—prioritizing movement, nourishing our bodies, and nurturing well-being. I see firsthand how crucial these choices are for peak performance and longevity.","2024-06-28T08:32:46.809Z","No","urn:li:comment:(activity:7212311569286746112,7212372346517544960)","279f5122cc00a4f7be5c1171d15637d0e8cb2ce91fd7d6f01e70b03ffd793c0e","0","No","No","urn:li:activity:7212311569286746112","390529c9811944a6209ec2de54e125d4dbbeaa0d1f7a3968410508e73f6b9ab6"
"Akash","Agrawalla","Akash Agrawalla","https://www.linkedin.com/in/akashzoff","Founder of ZOFF (built from scratch) | Seen on Shark Tank India S2 | Recognized across ET(2025), IMPACT CMO(2024) & BW(2023) 40U40 Lists | Active in Startup Ecosystem | Fitness & Continuous Learning Driven | 5 AM Club |","comment","So true! Taking care of your health is a personal responsibility that no one else can fulfill for you. As someone passionate about both startups and fitness, I've learned firsthand how neglecting health can impact everything.","2024-06-28T08:23:16.839Z","No","urn:li:comment:(activity:7212311569286746112,7212369955890094081)","931d0cfd7229dda347685ae43c098da45d595a4a3c241f6693d95ac6b9a61f02","0","No","No","urn:li:activity:7212311569286746112","390529c9811944a6209ec2de54e125d4dbbeaa0d1f7a3968410508e73f6b9ab6"
"Arjun","Vaidya","Arjun Vaidya","https://www.linkedin.com/in/arjunvaidya","Co-Founder @ V3 Ventures I Founder @ Dr. Vaidya’s (acquired) I D2C Founder & Early Stage Investor I Forbes Asia 30U30 I Investing Titan @ Ideabaaz","comment","Absolutely Dilip Kumar! You can delegate tasks or automate things, but when it comes to health, only you can exercise and take care of yourself.","2024-06-28T08:15:13.036Z","No","urn:li:comment:(activity:7212311569286746112,7212367926673186817)","a12f2f10d24e784486cdf5124f227a7745bac057c56339a82cee17c7881bebd5","0","No","No","urn:li:activity:7212311569286746112","390529c9811944a6209ec2de54e125d4dbbeaa0d1f7a3968410508e73f6b9ab6"
"Mrunal","Jhaveri","Mrunal Jhaveri","https://www.linkedin.com/in/mrunaljhaveri","Founding Partner - Ice.VC (80+ Investments) | 10+ Years of Active Investing","comment","I've myself experienced that even the smallest changes in habits can ripple into significant improvements in health.","2024-06-28T08:12:17.208Z","No","urn:li:comment:(activity:7212311569286746112,7212367189197131776)","5e33be1de4b2472f8819d11655350182823f6b8e3f7c304f29fff07818037ff8","0","No","No","urn:li:activity:7212311569286746112","390529c9811944a6209ec2de54e125d4dbbeaa0d1f7a3968410508e73f6b9ab6"
"Satvik","PUTI","Satvik PUTI","https://www.linkedin.com/in/satvikputi","Founder @Just Build It | Ambassador @Lovable | Athlete 🏃‍♂️","comment","Right on point! I realised this in my early 20s. 
Surely, it's never too late to start working on physical health, but foundations built early on will make it easier for the later part of life. 
Many people in their 20s take their health for granted. Start now! ","2024-06-28T08:11:22.171Z","No","urn:li:comment:(activity:7212311569286746112,7212366958355189760)","10b9494107230d207774a8e07a4526f638a6239d34e4c545ff24306a845a636c","0","No","No","urn:li:activity:7212311569286746112","390529c9811944a6209ec2de54e125d4dbbeaa0d1f7a3968410508e73f6b9ab6"
"Himanshu","Golwa","Himanshu Golwa","https://www.linkedin.com/in/himanshu-golwa","Data Analyst @ Target","comment"," When I was working in the health sector, I was shocked to see 15 year old kids dealing with high cholesterol and blood sugar levels due to a sedentary lifestyle and terrible eating habits. Obesity is spreading like wildfire.","2024-06-28T08:08:56.525Z","No","urn:li:comment:(activity:7212311569286746112,7212366347471585280)","331a413d9db028adac539ff086269b79c0f98630844c6898fb53b30765f37b74","0","No","No","urn:li:activity:7212311569286746112","390529c9811944a6209ec2de54e125d4dbbeaa0d1f7a3968410508e73f6b9ab6"
"Vivek","Thiruvengadam","Vivek Thiruvengadam","https://www.linkedin.com/in/vivek-thiruvengadam","Founder, QubitFit | I help busy professionals defy obesity, lose weight & live longer through sustainable nutrition and fitness habits | Expert in chronic conditions: Diabetes, PCOS, Hypertension","comment","Your third paragraph is the most important to note. Most people underestimate their health and take it for granted. I have seen and experienced worst possible situations with my close freinds and how it affects their dependents. 

Our body will always give symptoms to us and if we keep ignoring it, the hardware is going to crash one day without warning. Its of no use feeling hard at that point. It puts the individual and the family under extreme stress both mentally, physically and let’s not forget about the medical expenses.

Dilip Kumar thanks for sharing.","2024-06-28T06:34:45.522Z","Yes","urn:li:comment:(activity:7212311569286746112,7212342645447176193)","f93c5dfba1ff6c8d3d3fce220ff45f10b9585ef8e4a586b6ff916e2f97d5b3e4","0","No","No","urn:li:activity:7212311569286746112","390529c9811944a6209ec2de54e125d4dbbeaa0d1f7a3968410508e73f6b9ab6"
"Shashank","Saini","Shashank Saini","https://www.linkedin.com/in/shashank-saini","Khelo Kuddo, Khush Raho!","comment","It’s high time we get the awakening and be serious towards ourselves and be more cautious for our physical fitness as well as mental and emotional. It’s simple and not that expensive, it’s just about being disciplined and loving yourself.","2024-06-28T06:08:20.765Z","No","urn:li:comment:(activity:7212311569286746112,7212335998494466054)","cf26fbdb169b11cd791855e606946a6119c7c59a8e63a3e9f26a5801a31a3cd9","0","No","No","urn:li:activity:7212311569286746112","390529c9811944a6209ec2de54e125d4dbbeaa0d1f7a3968410508e73f6b9ab6"
"Sudarshan","Kasar","Sudarshan Kasar","https://www.linkedin.com/in/sudarshankasar","Scala|Akka|Play|Java|Akka Http|Spark|Flink developer","comment","@dilip Kumar Fresh Air Water are more essential, which is where we all struggling irrespective of how disciplined we are we can't escape from the trap ","2024-06-28T05:30:20.002Z","No","urn:li:comment:(activity:7212311569286746112,7212326432285343744)","ff2700d03e228d135d402460c4728292c2585ea96500e5652b8ff293de5586f6","0","No","No","urn:li:activity:7212311569286746112","390529c9811944a6209ec2de54e125d4dbbeaa0d1f7a3968410508e73f6b9ab6"
"Dr.","Aakanksha Shah","Dr. Aakanksha Shah","https://www.linkedin.com/in/dr-aakanksha-shah","Venture Capital | Healthtech Investment | Strategic Fundraising | Brand Partnerships | Global Startup Advisor | VC Lab | Included VC","comment","Dilip Kumar When it comes to food and diet, I wish I could share the ideal scientifically proven concepts to the world as per my knowledge of medicine & Jainism. And how adapting this lifestyle has made me healthier with less effort. And how spirituality helps in mental health.","2024-06-28T05:26:36.551Z","No","urn:li:comment:(activity:7212311569286746112,7212325495059730432)","92c5f2694e7a26d8829a40d47a77cdcd49d5722f39defa7c0ec620d04f87df06","0","No","No","urn:li:activity:7212311569286746112","390529c9811944a6209ec2de54e125d4dbbeaa0d1f7a3968410508e73f6b9ab6"
"Satya","Kishore Budumuru","Satya Kishore Budumuru","https://www.linkedin.com/in/bsatyakishore","Farmer || Engineer || CS IIT Delhi","comment","I'm convinced that AI plays a significant role in our fitness journey. At Talking Weights we're leveraging AI to create a virtual gym companion, designed to support us in achieving our fitness objectives.","2024-06-28T05:23:28.558Z","Yes","urn:li:comment:(activity:7212311569286746112,7212324706559934465)","b5e8ff468777ca1e9fa365e65c9bd5567f9fa845cddc5e1dfaf850c86d076387","0","No","No","urn:li:activity:7212311569286746112","390529c9811944a6209ec2de54e125d4dbbeaa0d1f7a3968410508e73f6b9ab6"
"Gaurav","Gaba","Gaurav Gaba","https://www.linkedin.com/in/gaurav-gaba-828a00a","Financial Crime Global Leader (AML/CTF/KYC) | CI, Transformation & Client Advisory | Global Process Owner","comment","Story of money and health :

We work for money. 
But we sit as hell to make money. 
Then we use this money to trigger instant harmonal rush by binge eating. 
We eat from packets or eat outside.  
We also use gadgets to further relax our bums. 
And then we all have cars to drive to work or leisure.  We have elevators. 
We have coffee machines on each floor.  
We try to be productive. 
Some people eat at their desks as they cannot waste a single minute. 

No walking only sitting. 

And finally one day, we use the same money on hospitals.  

The sad part is when we are in this process of gradual daily deterioration of our health, we don’t have any RAG or KPI meter to let us know that :-

-Life reduced by 1 day, Status Amber. 

Or 

-Total number of Lifedays remaining: 5506 (-10% from last months average). Status RED 
/!\ Warning : At this rate, you would die 10 years before the average life span.","2024-06-28T05:19:55.383Z","Yes","urn:li:comment:(activity:7212311569286746112,7212323812443385856)","036aba721cc5a29075985d729c875a7ba3846cc292f94acb50edfa3afd8d45b5","0","No","No","urn:li:activity:7212311569286746112","390529c9811944a6209ec2de54e125d4dbbeaa0d1f7a3968410508e73f6b9ab6"
"Soumyajit","Ghosh","Soumyajit Ghosh","https://www.linkedin.com/in/thesoumya","share content around business, India and learnings.","comment","Absolutely true. Health is indeed a continuous journey and a responsibility we owe to ourselves and our loved ones. ","2024-06-28T05:03:30.758Z","No","urn:li:comment:(activity:7212311569286746112,7212319682626748417)","efbd7aaf6d85f1628f9cb64f68ad1c419cb3e24c388400609cfbb2c41bb5c6fe","0","No","No","urn:li:activity:7212311569286746112","390529c9811944a6209ec2de54e125d4dbbeaa0d1f7a3968410508e73f6b9ab6"
"Dr","Mahima Sahi PhD","Dr Mahima Sahi PhD","https://www.linkedin.com/in/mahimasahi","I help high-functioning adults & Indian expats break burnout cycles, trauma, relational stress & reclaim digital wellbeing |Clinical Director, eMbrace | Ex-Co-Founder heyy (SG)| Clinical Supervisor","comment","I couldn't have agreed more. This hit me very late in life, but I'm glad I made the choice to turn things around, from being as unfit as a 135 kgs, and losing a 70 kgs in the last few years, it's not only turned around my ""physical health"" but transformed my ""mental health"" by magnitudes! I hope people take their physical health seriously, sooner than later.","2024-06-28T05:02:18.587Z","No","urn:li:comment:(activity:7212311569286746112,7212319379915513857)","d9515ff69853805d2abb936f3c1b2a0a6a6484925fcb4154780b841cf4e0617b","0","No","No","urn:li:activity:7212311569286746112","390529c9811944a6209ec2de54e125d4dbbeaa0d1f7a3968410508e73f6b9ab6"
"Gaurav","Gaba","Gaurav Gaba","https://www.linkedin.com/in/gaurav-gaba-828a00a","Financial Crime Global Leader (AML/CTF/KYC) | CI, Transformation & Client Advisory | Global Process Owner","comment","Loved the last line Dilip Kumar.  
If you wait until you’re motivated you have already lost it.  

The problem with keeping health at check with most people is that life has been taken for granted. 

People realize it hard way.","2024-06-28T05:01:30.054Z","No","urn:li:comment:(activity:7212311569286746112,7212319176353288192)","e509cabcd6ac6198f3499d8f115ad84c4b4c0eb3d0d9a06116d9ef8a6bafba3d","0","No","No","urn:li:activity:7212311569286746112","390529c9811944a6209ec2de54e125d4dbbeaa0d1f7a3968410508e73f6b9ab6"
"Krishnamurthy","TV","Krishnamurthy TV","https://www.linkedin.com/in/krishnamurthy-tv-54ba4210","Program Management | Customer Programs | Maintenance | Sub-Contracting | SW development | Requirements | PMP | CSM","comment","Dilip Kumar thanks for sharing. More than anything else everyone should take a good look at themselevs every single day in front of an un varnished truthful  mirror and take action.
It just takes a 5 min plan routine or a 7 min workout or a round of suryanamaskar to start getting back in shape. 💪🔙👍🙏","2024-06-28T05:00:42.008Z","Yes","urn:li:comment:(activity:7212311569286746112,7212318974833754112)","ab4ae99426694f82a7c4e1124cfb347bc7363db6ff7ce9872f9f732db69d1921","0","No","No","urn:li:activity:7212311569286746112","390529c9811944a6209ec2de54e125d4dbbeaa0d1f7a3968410508e73f6b9ab6"
"Nitin","Parmar","Nitin Parmar","https://www.linkedin.com/in/iamnitinparmar","C.A. Helping Entrepreneurs Manage Cash flows & Multiply profits | Virtual CFO| Business Loan Expert | Process Improvement | Outsourced Accounting & Bookkeeping (US & UK) | Speaker | Entrepreneur","comment","This is amazing post. Dilip Kumar Your work to health community is next level ","2024-06-28T04:58:25.422Z","No","urn:li:comment:(activity:7212311569286746112,7212318401950584832)","971e5ad791b37a442a21b7428aa5afd306f0b6389b630400c629f97323eb4921","0","No","No","urn:li:activity:7212311569286746112","390529c9811944a6209ec2de54e125d4dbbeaa0d1f7a3968410508e73f6b9ab6"
"Abhishek","Thakur","Abhishek Thakur","https://www.linkedin.com/in/abhishek-thakur-628b00a7","Interested in Healthcare accessibility, delivery and equity","comment","Good insight! Can we also relate this  to India being land of mental health issues specially in young and adolescents?
Dilip Kumar ","2024-06-28T04:52:33.015Z","No","urn:li:comment:(activity:7212311569286746112,7212316923848507394)","8182d45d903274db874b4554d0617d34e7e1c941fd91fe45d97fba310aef4319","2","No","No","urn:li:activity:7212311569286746112","390529c9811944a6209ec2de54e125d4dbbeaa0d1f7a3968410508e73f6b9ab6"
"Hitesh","Bhatia","Hitesh Bhatia","https://www.linkedin.com/in/hbhatia","Founder at JoiningHands | Family Constellation & Regression Therapist | Building a supportive community for healing & self-discovery","comment","What about the other half? 

Also, the concept oh physically fit is a Western Concept. 

You should read the Anthropology behind the Greek Olympics and it’s impact on the world.","2024-06-28T04:47:02.409Z","No","urn:li:comment:(activity:7212311569286746112,7212315537186426881)","d214a6858c71b212f357c588bb943ebd0156c76c01c457ea4b8bc397f1f835c7","5","No","No","urn:li:activity:7212311569286746112","390529c9811944a6209ec2de54e125d4dbbeaa0d1f7a3968410508e73f6b9ab6"
"Abey","Rajan","Abey Rajan","https://www.linkedin.com/in/abeyprajan-physio","Founder & Head of Sports Rehab @Insync","comment","Understanding the importance of a healthy lifestyle can be tough. Often, personal experiences provide the clearest lessons on how crucial it really is. 
Even more concerning is the rising number of childhood obesity.","2024-06-28T04:46:21.080Z","No","urn:li:comment:(activity:7212311569286746112,7212315363840077824)","798794fd8060ffedd767b1a4190c95ad51c944afcefd03e5b66cc7adea0b1dfe","0","No","No","urn:li:activity:7212311569286746112","390529c9811944a6209ec2de54e125d4dbbeaa0d1f7a3968410508e73f6b9ab6"
"Kallol","Borah","Kallol Borah","https://www.linkedin.com/in/kborah","Entrepreneur - Financial services and Technology","comment","Any numbers on mental health ? I think that percentage may be higher. And then what’s the subset which is both mentally and physically fit ? :)","2024-06-28T04:44:28.036Z","No","urn:li:comment:(activity:7212311569286746112,7212314889699176449)","b18cfb63a59d32a725dfca83a77b90451a58ce3132b81c9957152a6bc1dddf69","1","No","Yes","urn:li:activity:7212311569286746112","390529c9811944a6209ec2de54e125d4dbbeaa0d1f7a3968410508e73f6b9ab6"
"Shiv","Prakash","Shiv Prakash","https://www.linkedin.com/in/shivprakashin","AI, Agents, Data, Infra, Backend, Platforms | Supply Chain","comment","India's water, food, sanitation and other supply chains need a re-look. Lancet study would have simply provided an over simplified suggestion but the problem needs more deeper analysis. The benefits should be available to the last of the common man for this to be solved.  
Perhaps a return back to yoga and traditional lifestyles will be good solve. But scaling them to supply chains is something that needs ingenious solves. ","2024-06-28T04:39:18.513Z","No","urn:li:comment:(activity:7212311569286746112,7212313591465562112)","fe51646ec2b32b4d806482aa9b742e1b3f6846fdfb906ef23c437aa698bf2a1f","0","No","No","urn:li:activity:7212311569286746112","390529c9811944a6209ec2de54e125d4dbbeaa0d1f7a3968410508e73f6b9ab6"
"Himanshu","Patil","Himanshu Patil","https://www.linkedin.com/in/himanshupatil07","PPG Asian Paints – Senior Executive Packaging Coatings | Ex-Nerolac Paints | M.Tech (ICT Mumbai) | Paints | Innovating Advanced Coating Solutions for a Better Future","comment","Thought-provoking","2024-06-28T04:32:18.397Z","No","urn:li:comment:(activity:7212311569286746112,7212311829371379712)","d5ae0ff1e433be7fc6527e9ff1050a52f6aa05013e1529b7cacc72a3eeaef593","0","No","No","urn:li:activity:7212311569286746112","390529c9811944a6209ec2de54e125d4dbbeaa0d1f7a3968410508e73f6b9ab6"