First Name,Last Name,Full Name,Profile URL,Headline,Type,Comment,Timestamp,Is Edited,Comment URN,Comment Hash,Replies Count,Is Post Author,Has Reply From Post Author,Post URN,Post Hash
"Pitch","Lounge","Pitch Lounge","","3,441 followers","comment","Perhaps your community might also be interested in the
#GreenShoots Startup Pitch Competition by Gulfood Green...

...Pitch Lounge are co-producing the pitch event, and all the key information is available on our website here:

www.pitchlounge.net/green-shoots

INFO SESSION this week:

https://lnkd.in/giK7F7-U","2024-08-04T20:54:06.151Z","No","urn:li:comment:(activity:7185511912204316672,7225967257430933504)","842e6b1d70dc719aeddeb181b2009d5c5d868f8d547ec0e42c5d18426172ef55","0","No","No","urn:li:activity:7185511912204316672","5f41475e705d2cbb3f181e5b20e81dfc7493bfc57b683c1c169d5b86de790ca3"
"Prasad","Rajput","Prasad Rajput","https://www.linkedin.com/in/prasadrajput88","Polymath | ENOVIA Product Marketing | ENOVIA & 3DEXPERIENCE Portfolio Expert","comment","+1","2024-04-17T02:09:55.261Z","No","urn:li:comment:(activity:7185511912204316672,7186184070542888960)","53dbd488322edf06df95233bf81ab5fe4f33ece66795bc9aa41e3767ba8339ea","0","No","No","urn:li:activity:7185511912204316672","5f41475e705d2cbb3f181e5b20e81dfc7493bfc57b683c1c169d5b86de790ca3"
"Shakthi","Sairam","Shakthi Sairam","https://www.linkedin.com/in/shakthisairamtech","Building a bionic arm for India @Symbionic","comment","Taking this train of thought a step further, I feel like the interpretation of the data and research involved wrt improvement in fitness causes a lot of friction for people pursuing any fitness goal. 

Along with the HOW biomarkers are changing and WHY they are, if there was a way to continously suggest areas of improvement and tactics from personalized data collection, it would remove a great deal of friction from the process and possibly increase adherence.  

I believe this is done on a case by case basis by personal trainers and nutritionists now, but could be done on a larger scale with the right methods to collect the personalized data. (Mostly because finding good nutrionists and personal trainers who are trustworthy is hard, which I exactly what believe Fittr is solving)

PS: Will it be possible for you to share the 500+ companies solving for health/fitness in a repository of some sort?, I'm sure it would be helpful for a lot of us. ","2024-04-16T07:18:33.767Z","Yes","urn:li:comment:(activity:7185511912204316672,7185899354916810753)","4b3826427ea0bb4c2be363f656c108c4973c4792a0b3a2613ca429c4b8ed0584","0","No","No","urn:li:activity:7185511912204316672","5f41475e705d2cbb3f181e5b20e81dfc7493bfc57b683c1c169d5b86de790ca3"
"Anand","Lakshman","Anand Lakshman","https://www.linkedin.com/in/anand-lakshman-b8b0a31b","Public Health Entrepreneur. Interested in Health Systems, Child Health and Primary Healthcare","comment","Health is not a mere sum total of all parameters neither is nutrition a sum total of all ingredients ","2024-04-16T02:16:54.559Z","No","urn:li:comment:(activity:7185511912204316672,7185823441336328192)","8cd15e475a557c80b4b781d057995a5feac17f6ebc55b17f43f5da779a94f554","0","No","No","urn:li:activity:7185511912204316672","5f41475e705d2cbb3f181e5b20e81dfc7493bfc57b683c1c169d5b86de790ca3"
"Abhishek","Kumar","Abhishek Kumar","https://www.linkedin.com/in/abhishek-kumar-5ba83914","Co-Founder at UGX.AI","comment","Out of the 500+ startups, have you come across a startup which offers a holistic solution combining the following in a single app -
1. Basic exercises/strength training 
2. Yoga and meditation 
3. Diet/nutrition .. ??","2024-04-15T17:57:44.445Z","No","urn:li:comment:(activity:7185511912204316672,7185697821453365249)","21fd32796bd02f8761884520b7a36803346808064575774ee1071b7e429f98dd","0","No","No","urn:li:activity:7185511912204316672","5f41475e705d2cbb3f181e5b20e81dfc7493bfc57b683c1c169d5b86de790ca3"
"Megha","Mookim","Megha Mookim","https://www.linkedin.com/in/meghamookim","AI Product & Solutions leader | Customer engagement, consent, & identity specialist | CDP, CRM, MDM | ex-EY consulting, IDFC bank tech | IIM Kozhikode","comment","My sister, a plastic surgeon, has an idea to build an interesting AI-driven application along these lines. ","2024-04-15T14:19:11.672Z","No","urn:li:comment:(activity:7185511912204316672,7185642822497132544)","aac63a6ee81de5ed1cf42f1d1ee1a4a2555277a28a58a246b3e720bf3b789640","0","No","No","urn:li:activity:7185511912204316672","5f41475e705d2cbb3f181e5b20e81dfc7493bfc57b683c1c169d5b86de790ca3"
"Muse","Diagnostics","Muse Diagnostics","","1,288 followers","comment","Dilip Kumar We'd love the opportunity to be 501+ on that list of healthcare startups you've spoken to! We believe we're solving for something big, that can bring together consumer health screening and tracking into a single powerful app that can give clues as to the WHY of health!","2024-04-15T11:51:10.227Z","No","urn:li:comment:(activity:7185511912204316672,7185605571016830976)","585aacecf624952dae0e3754e2ec5c972bf5dfb899ccf9cab26d6508a78fe970","0","No","No","urn:li:activity:7185511912204316672","5f41475e705d2cbb3f181e5b20e81dfc7493bfc57b683c1c169d5b86de790ca3"
"Basant","Kumar","Basant Kumar","https://www.linkedin.com/in/basant-kumar-8811ab288","Ecopreneur | Performance Marketer | Experimental E-commerce Executer | Meaningful Website UI/UX Strategist | Visionary Shopify & Wordpress website Developer","comment","I believe, to know why something is happening in your body , you need to have AI with you 24 hours everyday, always listening to you, always watching you. Knowing almost everything you are doing everyday and everything happening everyday with you. For example: That tech should know that today you have some fierce talk with your wife and you are upset or today you got your salary with a bonus and you are surprisingly happy, literally everything it should know to give you the best answer for why or how there are any good or bad changes in your health or could happen, or there is any room to make the things better. 

There should be an AI chip implanted in the brain that can analyse the neurological links, process it and send required output to your wearable devices. Or maybe something similar which can tell almost everything about you and feed that data to AI. 

Best of luck to those who are going to make such Advanced and Accurate AI, but even if it gets developed , there would be many hurdles to get it positioned in the market. 👍","2024-04-15T11:44:37.222Z","No","urn:li:comment:(activity:7185511912204316672,7185603922638561280)","ef77e5a4a178d3d8d286d6e52b3c5dcb5d283b00e60e8b0c395110cf001805ad","0","No","No","urn:li:activity:7185511912204316672","5f41475e705d2cbb3f181e5b20e81dfc7493bfc57b683c1c169d5b86de790ca3"
"Saraswati","Chandra","Saraswati Chandra","https://www.linkedin.com/in/saraswatichandra","Building Cranberry | Business & Operations | FemTech | IIT Kharagpur","comment","That's a brilliant insight!

At Cranberry, we are building with the WHY for women's health. Our learning - we need robust health protocols which can point us to the probable causes, every data point captured OR shared should have a back story or future (preventive) :). We are also keen on making these health protocols - open source - as we truly believe with need more people sharing WHYs over magic solutions and graphs. ","2024-04-15T10:40:23.816Z","No","urn:li:comment:(activity:7185511912204316672,7185587760282451969)","fc48229b06a0f706da4c37aa2daed8b6ab5bdc2defac4f3a9501fe18a5c242ed","0","No","No","urn:li:activity:7185511912204316672","5f41475e705d2cbb3f181e5b20e81dfc7493bfc57b683c1c169d5b86de790ca3"
"Vivek","Changde","Vivek Changde","https://www.linkedin.com/in/vivek-changde","Asst. General Manager - Sales & Marketing at Tofflon India Pvt. Ltd.","comment","Also the wearables should reach diagnostic grade.","2024-04-15T09:55:44.544Z","No","urn:li:comment:(activity:7185511912204316672,7185576522596892672)","514f084bb5e65849880cb4ae4d95188a89ca6e5923671a43a17f6832cd477311","0","No","No","urn:li:activity:7185511912204316672","5f41475e705d2cbb3f181e5b20e81dfc7493bfc57b683c1c169d5b86de790ca3"
"Sandesh","Sathyanarayana","Sandesh Sathyanarayana","https://www.linkedin.com/in/sandeshs","Leading Strategic Programs, Partnerships, and Growth across Adtech, Martech & Digital Ecosystem","comment","And the WHY need not be technology based - it could even be consultation with specialists based on the HOW and WHERE info that's collected already. (If the info collected via wearables is not sufficient to figure out the Why, it could narrow down the diagnostic journey by having only the required tests done)

I'd also assume, that'll make it easier to go another step further to provide corrective measures and changes that need to be implemented to course-correct (WHAT Next?)","2024-04-15T08:55:10.544Z","No","urn:li:comment:(activity:7185511912204316672,7185561280496218112)","765ac67d588102f22ec651bf82cef48f06b8d0424ebb788b06ccf892a101eac6","0","No","No","urn:li:activity:7185511912204316672","5f41475e705d2cbb3f181e5b20e81dfc7493bfc57b683c1c169d5b86de790ca3"
"Amit","Gupta","Amit Gupta","https://www.linkedin.com/in/amit-gupta77","Growth Advisory | Business Transformation | Thought Leadership","comment","Saraswathi Mopuru FYI","2024-04-15T08:31:11.931Z","No","urn:li:comment:(activity:7185511912204316672,7185555246515937280)","f43832a15d4fa30e8aebea031a21676f7c94691bf1ead34f532338d4fd396bce","0","No","No","urn:li:activity:7185511912204316672","5f41475e705d2cbb3f181e5b20e81dfc7493bfc57b683c1c169d5b86de790ca3"
"Rohan","Vashist","Rohan Vashist","https://www.linkedin.com/in/rohanvashist","Platform sizing North Expedition","comment","Will there be an adoption if there are solutions for why because people are then equipping themselves with methods of self healing, and discovering alternate ways of staying fit in the long run. 

Totally bullish on brands building a solid consumer narrative to give them access to this new information","2024-04-15T08:23:45.966Z","No","urn:li:comment:(activity:7185511912204316672,7185553376003141633)","0985953415b5a4597dd33bb5822933be131cb44dc70d20860a47b6ca52279e07","0","No","No","urn:li:activity:7185511912204316672","5f41475e705d2cbb3f181e5b20e81dfc7493bfc57b683c1c169d5b86de790ca3"
"Dr.","Janani Manoharan M.D (OG), MRCOG, D.MAS, F.MAS, FICRS, F.ART","Dr. Janani Manoharan M.D (OG), MRCOG, D.MAS, F.MAS, FICRS, F.ART","https://www.linkedin.com/in/jananimanoharan","Obstetrician, Gynaecologist, Laparoscopic and Robotic Surgeon, Infertility Specialist","comment","Something I was pondering on too","2024-04-15T08:17:32.934Z","No","urn:li:comment:(activity:7185511912204316672,7185551811393564672)","027703896ab5751df36fd870715b6074e58a40ff9eb21ffba1f138eada8ca610","0","No","No","urn:li:activity:7185511912204316672","5f41475e705d2cbb3f181e5b20e81dfc7493bfc57b683c1c169d5b86de790ca3"
"Mohit","Bhatia","Mohit Bhatia","https://www.linkedin.com/in/mohit-bhatia-59553820b","FOUNDER MR AGRO PRODUCTS - Distributor of Raw Materials for Food, Pharma and Nutraceutical Industry || Investor","comment","My view , ""Why not?"" Can lead us to a better opportunities and experiences.","2024-04-15T08:16:59.262Z","No","urn:li:comment:(activity:7185511912204316672,7185551670162931712)","39931c8d8ad7cf0ff2b61154780765e01ced8b3f29805858f454456f94be64c0","0","No","No","urn:li:activity:7185511912204316672","5f41475e705d2cbb3f181e5b20e81dfc7493bfc57b683c1c169d5b86de790ca3"
"Akshay","Dhawan","Akshay Dhawan","https://www.linkedin.com/in/akshay-dhawan","Building (people's) ROUTINE","comment","Great that you pointed out, upgrede is working on the same by helping people with the 'Why' around physical and mental wellness...","2024-04-15T08:13:31.165Z","No","urn:li:comment:(activity:7185511912204316672,7185550797336723456)","877fb94c2c2a90d57fdfbe2fe7258408e13c4e900e5edf55742a8f7b6b2be66f","0","No","No","urn:li:activity:7185511912204316672","5f41475e705d2cbb3f181e5b20e81dfc7493bfc57b683c1c169d5b86de790ca3"
"Gautam","Dandekar","Gautam Dandekar","https://www.linkedin.com/in/gautam-dandekar-68100710","Developing Smart Intelligent Food Cooking Technology/Health Tech for Sleep Correction &Anxiety Management","comment","Hello Dilip Kumar , I have sent you a request to connect, please accept......thanks ","2024-04-15T08:08:17.170Z","No","urn:li:comment:(activity:7185511912204316672,7185549480350400512)","1f4339cf172da5145eb39d0cafc14b9b0c14814dec838271aacd20797b441ab6","0","No","No","urn:li:activity:7185511912204316672","5f41475e705d2cbb3f181e5b20e81dfc7493bfc57b683c1c169d5b86de790ca3"
"Manohar","S","Manohar S","https://www.linkedin.com/in/smanohars","Business Consultant | Transforming Abstract Concepts into Actionable Insights | Middle East Enthusiast","comment","Interesting take !! 

WHOOP does answer this aspect to some extent, though not granular! My HRV is 41% less than my usual baseline limits , and it tells me to hydrate more and focus on relaxing activities!! Also, Whoop has a Beta Coach imbibed in the app, and I can ask what all things caused the spike or drop and it gives me a quick inference, Though generic but I think pretty soon we’ll get there !","2024-04-15T07:32:19.795Z","No","urn:li:comment:(activity:7185511912204316672,7185540431663824896)","184fa301bcd3be58fc14bda890551de1849694dc27b059d084c426612d223ad0","0","No","No","urn:li:activity:7185511912204316672","5f41475e705d2cbb3f181e5b20e81dfc7493bfc57b683c1c169d5b86de790ca3"
"Sandeep","Dwivedi","Sandeep Dwivedi","https://www.linkedin.com/in/sandeepdwivedi","Founder at Gururo","comment","Absolutely agree! Knowing the ""why"" behind health data can change the game. 🔍 Dilip Kumar","2024-04-15T07:31:06.349Z","No","urn:li:comment:(activity:7185511912204316672,7185540123613134850)","e6b19af3c8c2dc7b805d6933146ead74c735ff6c1f75195f0eb21fd398c59ad7","0","No","No","urn:li:activity:7185511912204316672","5f41475e705d2cbb3f181e5b20e81dfc7493bfc57b683c1c169d5b86de790ca3"
"Gautam","Pande","Gautam Pande","https://www.linkedin.com/in/pandegautam","Chief Transformation Officer at GreyOrange","comment","Hmmm...do you think the science behind the ""why"" is both robust and sophisticated enough yet to even know the answer with a high enough confidence interval?

I mean I'd absolutely love such a service but kind of skeptical about it's reliability.

Curious to hear your take","2024-04-15T07:27:25.377Z","No","urn:li:comment:(activity:7185511912204316672,7185539196789354496)","8405aa23401d28e3f7dd6ff0280b699e119d530c887cbb6886d696619d1ec655","0","No","No","urn:li:activity:7185511912204316672","5f41475e705d2cbb3f181e5b20e81dfc7493bfc57b683c1c169d5b86de790ca3"
"Siddhesh","Sharma","Siddhesh Sharma","https://www.linkedin.com/in/siddheshsharma","Revolutionizing Health & Nutrition in India | President - Baidyanath | Founder - Siddhayu | Founder - Naturedge Beverages & Cureveda | D2C Entrepreneur | National Tennis Silver Medalist","comment","Your insight on the untapped potential of ""WHY"" in health tech and nutrition is spot-on. While current solutions focus on the ""HOW"" and ""WHAT,"" addressing the underlying reasons behind health data and product benefits is key to creating lasting value and building lifetime users.","2024-04-15T07:26:42.236Z","No","urn:li:comment:(activity:7185511912204316672,7185539015838752768)","d4c1982f5c112910247dc3c3ecd10ec10d2b9603472e904d0428511affcd704d","0","No","No","urn:li:activity:7185511912204316672","5f41475e705d2cbb3f181e5b20e81dfc7493bfc57b683c1c169d5b86de790ca3"
"Rajesh","Devasia","Rajesh Devasia","https://www.linkedin.com/in/drrajeshdevasia","AI I Data Science I 40 Under 40 I Analytics Consulting I","comment","Dilip Kumar   Solving the ""WHY"" would be an Herculean task as there would be more than 8 billion unique use cases mapped to world population...tech giants need to collaborate to arrive at such an 'utopian dream' solution","2024-04-15T07:15:51.143Z","No","urn:li:comment:(activity:7185511912204316672,7185536284956782592)","e34fd2e81b394a0b9c59dc3386b9e6db02af7f0924be2e71c274797ff8f3bc32","0","No","No","urn:li:activity:7185511912204316672","5f41475e705d2cbb3f181e5b20e81dfc7493bfc57b683c1c169d5b86de790ca3"
"Priya","Toshniwal","Priya Toshniwal","https://www.linkedin.com/in/priya-toshniwal-67001a82","Between Chapters","comment","I see why the WHY matters and brings a big opportunity. It creates more value for the user and the businesses. Leveraging data science to unveil the WHY is like generating actionable insights rather than just providing plain data/metrics.

Once the WHY is known, possible solutions and recommendations then become viable to be tested out against that WHY.","2024-04-15T07:14:21.447Z","No","urn:li:comment:(activity:7185511912204316672,7185535908744425472)","3d8859192ae27afd644ab1004a4127f5ec1a37e4e5806976c6dab6a3c2010849","0","No","No","urn:li:activity:7185511912204316672","5f41475e705d2cbb3f181e5b20e81dfc7493bfc57b683c1c169d5b86de790ca3"
"Rohan","Patel","Rohan Patel","https://www.linkedin.com/in/rohanpatel918","COO at Jetbro (System Integration & Digital Transformation) | Consultant at Safal Softcom (eProcurement Platform for Enterprises)","comment","Hi Dilip,

We, at Ariso, are building for ‘why’ certain foods suit some people and doesn’t suit the rest. Generally we are solving for food opacity and depersonalised food shopping and simultaneously answering the ‘whys’.

Would love to have a chat with you Dilip Kumar!","2024-04-15T07:10:30.318Z","No","urn:li:comment:(activity:7185511912204316672,7185534939319123968)","c3293e512015e290d22d7522e913c47e68950863e666e39d378b71716b372004","0","No","No","urn:li:activity:7185511912204316672","5f41475e705d2cbb3f181e5b20e81dfc7493bfc57b683c1c169d5b86de790ca3"
"Shashank","Mishra","Shashank Mishra","https://www.linkedin.com/in/shashank-mishra-microheal","Founder @MicroHeal | Healthcare | DTx | Digital Health | IIITDMJ.","comment","To achieve a deeper understanding of health and wellness, rigorous validation through RCT studies, advanced biometric analysis, and interdisciplinary collaboration are essential. By uncovering the WHY behind changes in health metrics, we can unlock new market opportunities and empower users for lifelong wellness. Great insights Dilip Kumar","2024-04-15T06:45:09.064Z","No","urn:li:comment:(activity:7185511912204316672,7185528558717440000)","9158421936026f94df56288148231954e5518d36f909253796eeba50eb9d3fa0","0","No","No","urn:li:activity:7185511912204316672","5f41475e705d2cbb3f181e5b20e81dfc7493bfc57b683c1c169d5b86de790ca3"
"(Dharma)","Dharmendra Kumar","(Dharma) Dharmendra Kumar","https://www.linkedin.com/in/dharma-dharmendra-kumar-5a166327","Life & Executive Coach (@18Life) - I help with “What You Want & Don’t Want in Life” #HumanDesign Coach | Engineer (Er.) | Researcher | EAI (Entrepreneur, Advisor, Investor) | Vegan | Runner & Coach | Comedian | Filmmaker","comment","Look at the meaning of the root words for #Health and #Holistic, you will get your answer. 

We aren’t Holistic in fullest sense in our approach and hence the problems (read lost opportunities). 

#HolisticMatters when it’s matter of #Health.","2024-04-15T06:39:44.612Z","No","urn:li:comment:(activity:7185511912204316672,7185527197867077632)","184e3d77404fbc683035bd948a323bba85a7e2a4f79c9d9ed5e990ef1183c08e","0","No","No","urn:li:activity:7185511912204316672","5f41475e705d2cbb3f181e5b20e81dfc7493bfc57b683c1c169d5b86de790ca3"
"Siddharth","Parasrampuria","Siddharth Parasrampuria","https://www.linkedin.com/in/siddharth-parasrampuria-a0342b257","Decarbonisation, Renewable Energy, OPFA Fellow, Terra Fellow, Sustainability, ESG. Helping companies with Sustainability Roadmap","comment","Dilip Kumar rightly said","2024-04-15T06:34:11.189Z","No","urn:li:comment:(activity:7185511912204316672,7185525799389704193)","3cabb633c8f66f7d317169fc8528d020df37bdfe17647ec1a8094da75aa34bc6","0","No","No","urn:li:activity:7185511912204316672","5f41475e705d2cbb3f181e5b20e81dfc7493bfc57b683c1c169d5b86de790ca3"
"Akshita","Singh","Akshita Singh","https://www.linkedin.com/in/akshita22","BCG | Impact Finance | MS Econ (IGIDR'21 - Reserve Bank of India Institute)","comment","Interesting observation. I would think that growth of “How” will build the market for “Why”. In simpler terms, tracking the metrics will pique people’s interest in knowing why metrics are behaving in certain way. Once the market of “How” reached a certain scale then automatically either the same companies will build on “why” or new companies working on “why” will come up.","2024-04-15T06:33:20.655Z","No","urn:li:comment:(activity:7185511912204316672,7185525587434713089)","858c27c30b0bd887fb7e31b64cde3acae3ebe665b4cb2256964ac4c4246b967c","0","No","No","urn:li:activity:7185511912204316672","5f41475e705d2cbb3f181e5b20e81dfc7493bfc57b683c1c169d5b86de790ca3"
"Shankar","Somayajula","Shankar Somayajula","https://www.linkedin.com/in/gucciss","Architect - Data Analytics","comment","Solving for WHY from HOW is not just a keyword change.","2024-04-15T06:32:34.856Z","No","urn:li:comment:(activity:7185511912204316672,7185525395339816961)","90b469946dabe8575b0b1a9e8f62c8597549302ed594ffa3ccc5e2bc738a6748","0","No","No","urn:li:activity:7185511912204316672","5f41475e705d2cbb3f181e5b20e81dfc7493bfc57b683c1c169d5b86de790ca3"
"Shantanu","Jain","Shantanu Jain","https://www.linkedin.com/in/shantanujain13","I analyse and invest in Indian businesses | x4 exits (food, neurotech, media) | CA (AIR 10) | Ex-Swiggy, Ex- Grant Thornton | Investor, Consultant | Researcher @ Markets by Zerodha","comment","Neuphony™  can help figure out “Why” - by tracking neural triggers / map your brain’s signals as a reaction to some of these products. They also have a wearable device (smartwatch for the brain). They did a small experiment with a healthy tea brand. Tech is evolving quickly :) Dilip Kumar 

Ria and Bhavya love talking about it! :)","2024-04-15T06:30:16.719Z","No","urn:li:comment:(activity:7185511912204316672,7185524815951245313)","5b9b607d03db8709b5c61a138a2df2c0908729eb7e0c621bfd4a136807630055","1","No","Yes","urn:li:activity:7185511912204316672","5f41475e705d2cbb3f181e5b20e81dfc7493bfc57b683c1c169d5b86de790ca3"
"Rakesh","Jakati","Rakesh Jakati","https://www.linkedin.com/in/rakesh-skybrain","Founder & CEO at SkyBrain Neurotech | Excellence In Health Care Award | Transforming Mental Health |","comment","Very well articulated Dilip Kumar. Unless we investigate and understand what really caused that specific psychological change, most interventions are just a band aid. ","2024-04-15T06:30:12.568Z","No","urn:li:comment:(activity:7185511912204316672,7185524798540726273)","b8a121ff2168144919ce68449a0e7aa4e6232765d84062718f87bcc0ef01d5e7","0","No","No","urn:li:activity:7185511912204316672","5f41475e705d2cbb3f181e5b20e81dfc7493bfc57b683c1c169d5b86de790ca3"
"Ashvin","Paisal","Ashvin Paisal","https://www.linkedin.com/in/ashvin-paisal-98951b168","Building The Balance Story, Making your everyday packaged food Functional & Sensible","comment","Dilip Kumar thanks for sharing your thoughts openly, I am building a Lifestyle Functional food company and one of our angle is to understand the “Why” in Modern Health issues and Formulate our products on the basis of that. Your post gives me a positive thought that we are moving in the right direction. If given a chance I would like to talk more about it with you .","2024-04-15T06:28:59.612Z","Yes","urn:li:comment:(activity:7185511912204316672,7185524492541067264)","a16d1b1187190c7156bb4b39e75629d7efcf2f9c575ef2ddca14d633215967f2","0","No","No","urn:li:activity:7185511912204316672","5f41475e705d2cbb3f181e5b20e81dfc7493bfc57b683c1c169d5b86de790ca3"
"Ishan","Vyas","Ishan Vyas","https://www.linkedin.com/in/ishan-vyas-4b470784","Making brands visible on AI Search Results","comment","As someone who digs for WHYs when it comes to health and nutrition related stuff, I have been surprised by people not caring enough for the WHYs.

People who seek the WHYs are in minority is what I feel. Resulting into orgs not focusing on them?
","2024-04-15T06:25:09.289Z","No","urn:li:comment:(activity:7185511912204316672,7185523526496382976)","6cc512d8eaffeb73f5dddd17f88314ac360a0e568072778b227b4198d91affc8","1","No","Yes","urn:li:activity:7185511912204316672","5f41475e705d2cbb3f181e5b20e81dfc7493bfc57b683c1c169d5b86de790ca3"
"Megha","B.","Megha B.","https://www.linkedin.com/in/meghabhagat","cofounder-CEO at Curated LegalTech | Building AI Tools for India’s DPDP Act | RegTech | GenAI + Law | MeitY Shortlist | IVLP Fellow I Aspen Fellow I Rockefeller Fellow","comment","What this requires is building the medical repository to be used as reference. When we started Muse Diagnostics focussed on sound based diagnostics we realised the importance of creating sound repository that allows for every sound to be able to diagnoses from a reference guide. We should talk more because we are working in this witj sound based diagnostics as a use case.","2024-04-15T06:21:22.817Z","No","urn:li:comment:(activity:7185511912204316672,7185522576603971584)","a151aa14fb8a5d8bb7f1a9ff5d982b3fd590f290d23101d716a657c81a444b9b","1","No","No","urn:li:activity:7185511912204316672","5f41475e705d2cbb3f181e5b20e81dfc7493bfc57b683c1c169d5b86de790ca3"
"Vishal","Nigam","Vishal Nigam","https://www.linkedin.com/in/vishalnigamwtfgyms","🚀 Founder & CEO | WTF – (Gyms, Academy, Amplify, Everyday, Reboot, Digi Gym, Nutrition, OS -Full-Stack Fitness Ecosystem ) | Disrupting India’s $15B Fitness Market","comment","Hey Dileep,

Great insights! At WTF Gyms , we're on the same wavelength. Our app doesn't just track metrics; it explains the 'why' behind them. We're leaping ahead, focusing on nutrition, daily workouts, and essential body metrics. It's about showing members where they start on day 1 and guiding them towards their goals, spotlighting what's changing and why. This approach is already making a difference for us.

Absolutely agree with you — understanding the 'why' is crucial. It's not just about finding the reason but sticking to it and ensuring it doesn't become just another statistic. Your thoughts have sparked even more ideas for us, and thanks to this, we're excited to soon offer the WTF app to non-subscribers too. We want everyone to benefit from our scheduling system, nutritional guidance, and core tech features.

Looking forward to building on these ideas and enhancing our community's health journey!","2024-04-15T06:17:50.332Z","No","urn:li:comment:(activity:7185511912204316672,7185521685377265665)","499fc50a7a4e81e1768162b6cd4a506cd171a51cb4106c84e7dc8cc4f0a98997","0","No","No","urn:li:activity:7185511912204316672","5f41475e705d2cbb3f181e5b20e81dfc7493bfc57b683c1c169d5b86de790ca3"
"SunDeep","Mehra","SunDeep Mehra","https://www.linkedin.com/in/sundeep-mehra-614464199","Pioneering Awakened Leadership, Awakened Governance, and Awakened Diplomacy | Founder, Awakened Leadership Movement | Speaker, Author, Advisor | Join The Global Leadership Awakening Movement.","comment","To say ‘Why’ confidently one needs strong ethics, genuine intent and a sense of responsibility.","2024-04-15T06:17:42.885Z","No","urn:li:comment:(activity:7185511912204316672,7185521654142251009)","db967e19897fb58612762842056717983b7ab3c702c9cd274c5fa14f96080ea5","2","No","No","urn:li:activity:7185511912204316672","5f41475e705d2cbb3f181e5b20e81dfc7493bfc57b683c1c169d5b86de790ca3"
"Deepak","Krishnan","Deepak Krishnan","https://www.linkedin.com/in/deepakskrishnan","Building | Prev - Sr.Dir Product @ Myntra , Product & Growth @ FreeCharge, Product @ Zynga","comment","I have a different point of view. Most folks care about only outcomes. So long as there is a basic explanation on how food and the human body work, it’s sufficient to bring awareness. Likewise all analytical tools only tell you if things are going right/wrong. The hardest challenge is behaviour changing for sustainable health. This is a complex problem being influenced by childhood behaviour, work, family, environment, physiology, emotions etc. The ones that benefit from say RHR, HRV are the ones who are already deeply into fitness and health. Likewise for the ones who care about understanding stuff from first principles. It’s a lot like the difference between being a chef , a cook and the vast majority that just want someone to give them tasty food.","2024-04-15T06:14:46.981Z","Yes","urn:li:comment:(activity:7185511912204316672,7185520916347432960)","c4e7a32665efeb6974d44232fa91142da073c33c66b3334a3d67e5d609bd2f0f","2","No","No","urn:li:activity:7185511912204316672","5f41475e705d2cbb3f181e5b20e81dfc7493bfc57b683c1c169d5b86de790ca3"
"Sushant","Kumar","Sushant Kumar","https://www.linkedin.com/in/sushantkumarentrepreneur","Founder-Genefitletics|IEAlumni|Built Asia’s premier system biology platform to early detect metabolic diseases, autism & oral cancer|Molecular Biochemistry |Transforming human biology into molecular data warehouse","comment","Understanding origin & progression of disease ( THE WHY) is the key. However, there is huge gap before wearables could decode. The current wearable tech is nothing but a small pie in disease management opportunity.

 For instance, CGM can tell you spike in blood glucose/blood sugar response/levels. But this does not help until we have info & data on GLUT 4- the protein that goes to cell membrane, bind to glucose, clear it from circulation & transport to cell for storage or energy. Therefore data on molecular signalling that activates GLUT 4 is the key.

Similarly, we may know HRV but unless we decode /measure norepinephrine and epinephrine levels or histamine signalling, HRV is of no use

If I am remember correctly, we had a brief call with your team a month back but I think there was gap in understanding our business model/ or the call was more of idea/innovation shopping.","2024-04-15T06:14:45.128Z","Yes","urn:li:comment:(activity:7185511912204316672,7185520908575375362)","8015504f2499c984cefbdc459afe2c1737f0c5a8d464740bab75f77691231a29","0","No","No","urn:li:activity:7185511912204316672","5f41475e705d2cbb3f181e5b20e81dfc7493bfc57b683c1c169d5b86de790ca3"
"Bibin","Radhakrishnan","Bibin Radhakrishnan","https://www.linkedin.com/in/bibinrkoff","Progress not perfection!","comment","In my experience building an Electronic Health Record(EHR) this is extremely difficult to implement.

Here's why: Root cause diagnosis has to be done by General Medicine doctors and not specialists because only root cause can tell exactly ""Why"" and this is how the process would flow for that:

Chief Complaint/Symptom
Clinical Finding
Differential Diagnosis
Chronic conditions(if any)
Genetic conditions(if any)
Social Behaviours that can cause a condition
Allergies
And Lab Tests to validate

All these factors are necessary to know WHY. Now am assuming that you don't want it to exactly be a 100% but if it's not atleast ""quite accurate"" then the ""Why"" can scare the customer especially since most of the these wearables have a lot of inaccuracies. And having all this data captured by a wearable or otherwise is an expensive affair in my experience.

And most importantly the ""Why"" is difficult even for a doctor to find. That's why it's called a Differential Diagnosis. #myexperience","2024-04-15T06:11:22.855Z","Yes","urn:li:comment:(activity:7185511912204316672,7185520060180922369)","4dbbd3253edd41cc69c4603e2ed845eef24e7ba7ae138279b552c457f5d903f0","7","No","No","urn:li:activity:7185511912204316672","5f41475e705d2cbb3f181e5b20e81dfc7493bfc57b683c1c169d5b86de790ca3"
"Anshul","Garg","Anshul Garg","https://www.linkedin.com/in/anshul-garg-81bba542","Finance and Healthy food Enthusiast, Angel Investor, Ex-Vedanta, Ex-KPTL","comment","You are right. My view. I have studied many Healthy food products of USA. Many of them are doing proper research and making healthy food involving science in it. But at the same time, it is equally important to convey to the customer which they are doing beautifully.
Why and What product is doing has to be true and conveyed properly to the customer.","2024-04-15T06:09:19.000Z","No","urn:li:comment:(activity:7185511912204316672,7185519540699607040)","bbc23c456c655ce73661b60d566f4077a16165a18e47fe335eb1ee35b288c3ba","0","No","No","urn:li:activity:7185511912204316672","5f41475e705d2cbb3f181e5b20e81dfc7493bfc57b683c1c169d5b86de790ca3"
"Tanay","S Mandowara","Tanay S Mandowara","https://www.linkedin.com/in/tmandowara","Lead Nutritionist at EvolvX| Empowered 200+ clients on their Wellness Journey | Passionate advocate of the transformative power of right nutrition and well-cultivated lifestyle | Let's Achieve Your Health Goals Together!","comment","I think the WHY for a certain bodily reaction is going to be difficult because the body is a complex machine and multiple things can trigger the same reaction. For example: The cortisol can rise due to a life threatening situation or just work stress.

In my humble opinion, another opportunity that's big is in educating what bodily reactions are problematic, if not managed for a long time, and how they can be managed or reduced in the future.","2024-04-15T06:02:41.212Z","No","urn:li:comment:(activity:7185511912204316672,7185517872247431168)","6309129ce129b55b1f591a67551568e6e3a9ec14f3c46bfafe5ae83fad7f8e80","0","No","No","urn:li:activity:7185511912204316672","5f41475e705d2cbb3f181e5b20e81dfc7493bfc57b683c1c169d5b86de790ca3"
"Sakshi","Shukla","Sakshi Shukla","https://www.linkedin.com/in/thesakshishukla","Storytelling & thought-leadership for Founders + VCs • Spicy content marketing for startups • Public speaker • #womeninbusiness 👩‍💻","comment","Interesting take. I've had a chance to think a bit deeply on this (not as much however as I want to!) - and please take this with a grain of salt. 

I think research backed, innovation-led health startups are the future that solve ONE critical thing. Or co-related things. 

Example, there is a company solving for UTI diagnostics, they're created a completely new method for it. Another company is finding absolutely new ways to diagnose breast cancer early on. 

Finding the WHY requires research. Diabetes is still a myth, and I've always thought that businesses building around it should have a content gameplan that increases awareness around their solution.  ","2024-04-15T06:01:02.747Z","No","urn:li:comment:(activity:7185511912204316672,7185517459263700992)","a4ab7456cb26897407d7bf0df63f27e05ba5e43d4979c128785fcab2c7dbab7f","0","No","No","urn:li:activity:7185511912204316672","5f41475e705d2cbb3f181e5b20e81dfc7493bfc57b683c1c169d5b86de790ca3"
"Kanish","Jain","Kanish Jain","https://www.linkedin.com/in/jainkanish","Bharat Mavens - Growth Marketing Agency | Worked with 60+ Brands | 4.6 avg rating | Help Ecommerce & Lead Generation Businesses to Grow Profitably with Ads |","comment","Why can also be messaging/positioning angle for a business to differentiate ","2024-04-15T05:59:34.616Z","No","urn:li:comment:(activity:7185511912204316672,7185517089611214849)","a99f5cf08cc011f294db56d2bc7d6480af3e602035e60c30dc9172685e3543aa","1","No","Yes","urn:li:activity:7185511912204316672","5f41475e705d2cbb3f181e5b20e81dfc7493bfc57b683c1c169d5b86de790ca3"
"Surajkumar","Lal","Surajkumar Lal","https://www.linkedin.com/in/lalsurajkumar","OT Security | IIoT | Industry 4.0","comment","Hi Dilip
By WHY are you referring more on end results a consumer trying to achieve?
My observations being: 40+ age bracket is ready to invest in health but isn't looking for being muscular. 
Some of the products that are targeting this segment is trying to reduce medicine intake 
The reduced cost of medicines is a straightaway value observed 
Please correct if my understanding is incorrect ","2024-04-15T05:57:11.609Z","No","urn:li:comment:(activity:7185511912204316672,7185516489796440065)","ebf31c2f899c3b18f1927d7842e40b94605a07226d52f6046a9dc27e59cddb11","2","No","No","urn:li:activity:7185511912204316672","5f41475e705d2cbb3f181e5b20e81dfc7493bfc57b683c1c169d5b86de790ca3"
"Ashes","Ganguly","Ashes Ganguly","https://www.linkedin.com/in/ashes-ganguly","Founder, Biotech startup | Ex-CTO at SigTuple | Leading R&D and Engineering Teams","comment","The WHY will need deep investments in biotech!","2024-04-15T05:56:59.195Z","No","urn:li:comment:(activity:7185511912204316672,7185516437728329729)","3625edde68b9db997c5345cee4a7b8970be9dfba202a9866d0e00ca2c9fc6e57","0","No","No","urn:li:activity:7185511912204316672","5f41475e705d2cbb3f181e5b20e81dfc7493bfc57b683c1c169d5b86de790ca3"
"Eashita","Maheshwary","Eashita Maheshwary","https://www.linkedin.com/in/eashitam2025","Building a strong Consumer & Xport Focus at Razorpay Rize 🚀 I Everything Community, Growth & Partnerships | 3x Founder","comment","Instances backed by cause and resolution is what I see as the future of health especially from a consumer's lens. Today I spend atleast 2hrs a day reading about certain causes and solutions and then go through a trial and error with my body also because each body is different and a cookie cutter model can't be applied. ","2024-04-15T05:56:19.074Z","No","urn:li:comment:(activity:7185511912204316672,7185516269448671232)","e3978734f2941d9d7f0493fbe2509d1d2f922e5272789ecef5f8bb671fa4c21b","1","No","Yes","urn:li:activity:7185511912204316672","5f41475e705d2cbb3f181e5b20e81dfc7493bfc57b683c1c169d5b86de790ca3"
"Mejo","Kuriachan","Mejo Kuriachan","https://www.linkedin.com/in/mejo-kuriachan","Making B2B branding & websites interesting.","comment","Dhaneesh","2024-04-15T05:44:58.053Z","No","urn:li:comment:(activity:7185511912204316672,7185513413043740672)","351a3db66e7786a37aa7c572846fbb52405e41b381a66820442a5d11a5636c8f","0","No","No","urn:li:activity:7185511912204316672","5f41475e705d2cbb3f181e5b20e81dfc7493bfc57b683c1c169d5b86de790ca3"