First Name,Last Name,Full Name,Profile URL,Headline,Type,Comment,Timestamp,Is Edited,Comment URN,Comment Hash,Replies Count,Is Post Author,Has Reply From Post Author,Post URN,Post Hash
"ElderNest","","ElderNest","","64 followers","comment","Building Senior Living Community, Next Best to Home, that goes just beyond medical care. ","2025-01-23T03:21:29.769Z","No","urn:li:comment:(activity:7279724087365513218,7288033073244291072)","803aac504abdb5786b9325e190599efccfcbac18dbefef4cb8ad4b379207822c","0","No","No","urn:li:activity:7279724087365513218","2b3da2282a076c94ed0fa3ce6a9b79733c9ce115a478cbda008a8d3e7a0aac20"
"Arun","Balasubramanian","Arun Balasubramanian","https://www.linkedin.com/in/meetarunb","Director at ShanMukha Innovations Private Limited","comment","Building diagnostic quality test product platforms (devices, kits, integrations) for peripheral health facilities such as small clinics, primary health centers in India Two, Three (or Bharat). R&D, product design & development to manufacturing - all done in India. First platform launched in the market is for neglected hemoglobin disorders such as sickle-cell anemia. Deployed in NHM programs across 2 states to test over 3 lakh people over the past 9 months. Long term goal is to impact 4 billion people at the ""bottom of the pyramid"" across the world through affordable and accurate diagnostics through a novel point-of-care lab.","2025-01-20T10:04:40.309Z","No","urn:li:comment:(activity:7279724087365513218,7287047372126175232)","d4ff0815a7430fc2e6b4a7c772e19fb98687a7df6526ff5339982400142bbc1c","0","No","No","urn:li:activity:7279724087365513218","2b3da2282a076c94ed0fa3ce6a9b79733c9ce115a478cbda008a8d3e7a0aac20"
"Kirti","Rao","Kirti Rao","https://www.linkedin.com/in/kirti-rao","Business Development Manager","comment","Dilip Kumar , When it comes to Diabetic care , foot care is a very integral part of it. We at Merit Medilinks  are manufacturers of scientifically designed Medical footwear 
We are associated with doctors across India and make customised footwear as per patients foot measurement and needs
Contact us if anyone is looking for footwear for Heel pain, limb length discrepancy, Flat foot, Medial arch support and any other footwear modification","2025-01-20T08:10:50.631Z","Yes","urn:li:comment:(activity:7279724087365513218,7287018726380486656)","ffa9966884b7b83ac93695968b553fb37b1abae281aa59dd12729ed2aa5912bf","0","No","No","urn:li:activity:7279724087365513218","2b3da2282a076c94ed0fa3ce6a9b79733c9ce115a478cbda008a8d3e7a0aac20"
"Parag","Agrawal","Parag Agrawal","https://www.linkedin.com/in/paragag","DrRing - Emergency? Just Press | Microsoft for Startups | Startup India | xMicrosoft","comment","DrRing is on a mission to enable elderly population to age safely and independently through smart alerting and non invasive, health monitoring. We are designing solutions both from a hardware and software standpoint.","2025-01-16T04:34:35.077Z","No","urn:li:comment:(activity:7279724087365513218,7285514751504261120)","fb3039ac8fa4c08dd7fa666c3294dc4ebbc97f2964d3b2d8e90ebc13d5dcf593","0","No","No","urn:li:activity:7279724087365513218","2b3da2282a076c94ed0fa3ce6a9b79733c9ce115a478cbda008a8d3e7a0aac20"
"Rohit","Kumar","Rohit Kumar","https://www.linkedin.com/in/rohit-kumar-10508813","Co-Founder & CBO | UPONLY – Powering the AI-Driven Workforce with Hybrid SaaS to Simplify Sales, Customer & Employee Journeys","comment","Dilip Kumar We are proud to support parental health PAN India for corporate employees. We strongly believe that #MentalPeace plays a crucial role in driving better productivity, especially in India’s migrant workforce-driven HR market. ","2025-01-11T03:16:38.197Z","No","urn:li:comment:(activity:7279724087365513218,7283683195915571202)","ee6dea4f44d9074455564f7928c4191b348337e76fc23610a89eba8977b93341","0","No","No","urn:li:activity:7279724087365513218","2b3da2282a076c94ed0fa3ce6a9b79733c9ce115a478cbda008a8d3e7a0aac20"
"Shilpi","Shankar","Shilpi Shankar","https://www.linkedin.com/in/shilpi-shankar-148654235","Menopause Health Expert & Educator I Diet-Nutrition Counsellor l Menstrual Health & Hygiene Facilitator I POSH/POCSO Sensitisation Trainer I Founder - Menoverse","comment","As a Menopause Awareness Coach, I empower women to take control of their health and well-being during this significant life transition. By providing accurate and timely information, I help women understand the physical, emotional, and mental changes that occur during menopause, and equip them with the knowledge to make informed decisions about their care. Awareness and information can be a powerful tool, enabling women to manage symptoms, reduce anxiety and uncertainty, and improve their overall quality of life. With the right support and education, women can thrive during menopause and beyond.","2025-01-10T16:29:11.625Z","No","urn:li:comment:(activity:7279724087365513218,7283520261587378176)","45663e97fcf2489be5879fc8ee06b6ec086080219dbfe88801a7be2403036e6b","0","No","No","urn:li:activity:7279724087365513218","2b3da2282a076c94ed0fa3ce6a9b79733c9ce115a478cbda008a8d3e7a0aac20"
"Sumit","R. Rastogi","Sumit R. Rastogi","https://www.linkedin.com/in/sumit-r-rastogi-9404673","Co-Founder Artinci Artisanal Foods Pvt Ltd","comment","@Artinci is on a mission to bring sugar-free joy to those who actively pursue their health goals, one dessert at a time. We believe indulgence and health can coexist, which is why we didn’t just stop at removing sugar. Our desserts are crafted with the finest ingredients, made with Zero Sugar, Nuts and Seeds, Good Fats, Protein, Fibre-rich Wholegrains, and Low GI Natural Sweeteners. 

The result? No unhealthy sugar spikes, only nutritious indulgences that make health journeys happier and more sustainable. Do try :-)","2025-01-10T01:22:59.117Z","No","urn:li:comment:(activity:7279724087365513218,7283292206755364865)","785d569e15491ca7f2c82d037a1877bcc1e34183669a69b1754fdb2488b946dc","0","No","No","urn:li:activity:7279724087365513218","2b3da2282a076c94ed0fa3ce6a9b79733c9ce115a478cbda008a8d3e7a0aac20"
"Sanjeeta","Krishna kumar","Sanjeeta Krishna kumar","https://www.linkedin.com/in/sanjeeta-kk","Founder l Manufacturer l Plant-based l Millet l sustainable I startup","comment","Wonderful thread Dilip Kumar !

At OGMO Foods  we’re crafting products with purpose that honor the essence of Indian staples.

We shine a spotlight on the power of our ancient grain - Minor millets.

40 plus SKU's created using simple, nutrient-dense - no fancy, over-processed ingredients.

Trying to make healthy eating fun, effortless and delicious. 

Website

https://www.ogmofoods.com/","2025-01-09T12:13:11.261Z","No","urn:li:comment:(activity:7279724087365513218,7283093447681458176)","50c29e30895d1dfbe43db79b2c55349c2698faf1def76b8e4c7c47803850b4e2","0","No","No","urn:li:activity:7279724087365513218","2b3da2282a076c94ed0fa3ce6a9b79733c9ce115a478cbda008a8d3e7a0aac20"
"Shilpa","Wadhwa Hora","Shilpa Wadhwa Hora","https://www.linkedin.com/in/shilpa-wadhwa-hora","Director, Wishbox Studio | Brand strategy | Brand Identity Design | Brand Communication | Creative Direction | Goldman Sachs 10k women","comment","Love this! Founders working on health are TRULY changing lives. Here’s to founders building healthier futures, I'm cheering on.","2025-01-09T06:41:35.763Z","No","urn:li:comment:(activity:7279724087365513218,7283009999918800897)","a82306964c2214e43bc996c80490271e7643fa7a23f52187856bd3e54fbe529b","0","No","No","urn:li:activity:7279724087365513218","2b3da2282a076c94ed0fa3ce6a9b79733c9ce115a478cbda008a8d3e7a0aac20"
"Jiten","Maniyar","Jiten Maniyar","https://www.linkedin.com/in/jiten-maniyar-3105191b8","Entrepreneur","comment","Hello there,
I have co-founded Magnifit Active LLP in Rajkot (Gujarat),

At Magnifit, we're on a mission to nurture healthy, active lifestyles in children through our flagship ""Mini Movers"" program. Tailored for kids aged 2.5 to 7, Mini Movers combines sports like basketball, football, tennis, and handball (Baby versions) with fun, engaging fitness activities designed to improve agility, balance, coordination, and strength.

We focus on building gross motor skills, encouraging social connections, and channeling kids’ energy in a productive way also taking a significant screen time off their daily schedule.

With carefully structured sessions, expert trainers, and a child-first approach, we’re fostering Physical Literacy while making fitness enjoyable and lifelong. 

We are connected with 1.5k+ kids currently (B2B - Preschools/schools and B2C - Independent centers) and looking forward to take this further.

Thank you.","2025-01-06T09:03:46.257Z","No","urn:li:comment:(activity:7279724087365513218,7281958615802933249)","8dcef8abc71b12e9e1b58f8fa3cde474dc91ac44f7a86c05fec0f76dcc33c574","0","No","No","urn:li:activity:7279724087365513218","2b3da2282a076c94ed0fa3ce6a9b79733c9ce115a478cbda008a8d3e7a0aac20"
"Regen","Food Web","Regen Food Web","","7 followers","comment","Building regenerative food systems which can provide affordable, safe and nutrient dense food while improving soil health, fighting climate change and increasing farmer’s income. 
Addressing issues from prodiction to consumption through regenerative production methods, traceability, grassroot extension, community building and respecting bio-induviduality. 
This involves utilising various tools like biologically complete compost, carbon based foliar spray protocol, utilising traditional knowledge of companion planting, farm prepared and commercially profuced biological innoculants, customised testing of farm health parameters, human diagnostics like food allergy/sensitivity tedt, gut health test etc. and building community through social media platforms. 
Driving mass adoption of regenerative agriculture practices and producing food based on personalised consumer requirement and changing the perspective of the consumer from viewing food as a commodity to considering it as health care is the key here. 
Supporting farmers and working with community awareness should ho hand in hand to bring transformation in how we produce and consume food.","2025-01-05T04:32:40.650Z","No","urn:li:comment:(activity:7279724087365513218,7281528005036773376)","2e654b0a0356a2f35ea30ff808ae7e5e28f42bb7a264a9ad7bf80dde318afcee","0","No","No","urn:li:activity:7279724087365513218","2b3da2282a076c94ed0fa3ce6a9b79733c9ce115a478cbda008a8d3e7a0aac20"
"Devika","Rajan","Devika Rajan","https://www.linkedin.com/in/devika-rajan","Founder & CEO at Mentally-e • Building Healthier, Happier and More Productive Workplaces • Advocate for Mental Health • Tedx Organiser","comment","Hi Dilip Kumar 

 Mentally-e  is dedicated to building happy and healthy workplaces by offering tailored employee wellbeing programmes that enhance productivity and foster positive work cultures. Additionally, we provide individual consultations accessible anywhere, anytime, ensuring personalised mental health support for everyone.","2025-01-04T07:15:08.983Z","No","urn:li:comment:(activity:7279724087365513218,7281206504643350528)","38a351ba66888d44cfa1e125a254517f24cadaf6f34068cf877bc2f1fffd2a13","0","No","No","urn:li:activity:7279724087365513218","2b3da2282a076c94ed0fa3ce6a9b79733c9ce115a478cbda008a8d3e7a0aac20"
"Prakash","Rajpurohit","Prakash Rajpurohit","https://www.linkedin.com/in/prakash-rajpurohit-a24a01147","Founder | Basera Collectives | Greenseed","comment","Was working on something where we would source organic produce from farmers and sell it, also we launched a dairy brand where small scale farmers benefited. Competition and major chunk of India not being ready for organic produce made us shut it down, well capital constraints too.","2025-01-03T14:30:34.034Z","No","urn:li:comment:(activity:7279724087365513218,7280953693187756033)","6a645c1cc0dfd99384f620a4ad9d7a818b88b7a7dbaf125cc45c21d251317e29","1","No","No","urn:li:activity:7279724087365513218","2b3da2282a076c94ed0fa3ce6a9b79733c9ce115a478cbda008a8d3e7a0aac20"
"Meera","Doshi","Meera Doshi","https://www.linkedin.com/in/meera-doshi-b70798240","Founder @ Youth Fitness Academy & Brand Ambassador @ International Youth Conditioning Association | BSc. & MSc. Sports and Exercise Science (U.K)","comment","Hello  Dilip Kumar, wishing you a very happy new year. 

I started the Youth Fitness Academy six months ago, combining my passion for health and well-being with my love for children. Inspired by my journey as a mother of three and my experience of running a fitness academy in Mumbai for many years, I wanted to create something meaningful in the youth fitness space. 

The Academy is currently focusing on educating and empowering coaches, trainers, and parents with the latest research and practical knowledge in youth fitness through workshops and webinars. 

In 2025, I plan to launch community-level 
programs like 5K marathon training, speed development, and teen fitness challenges. These programs will aim to make fitness fun and engaging while supporting the holistic development of children—helping them build lifelong healthy habits and enjoy physical activity as a natural part of their lives.","2025-01-03T05:36:58.141Z","No","urn:li:comment:(activity:7279724087365513218,7280819408795508736)","695950bf1e8a0619ddd1694cd53eb0b730877b2dd7f630fd5fce2bfddf14a2ba","0","No","No","urn:li:activity:7279724087365513218","2b3da2282a076c94ed0fa3ce6a9b79733c9ce115a478cbda008a8d3e7a0aac20"
"Siddharth","Waghulkar","Siddharth Waghulkar","https://www.linkedin.com/in/siddharth-waghulkar-6b465139","Public Health Nutrition specialist; Large-scale food fortification (LSFF), MIYCN; Innovations","comment","Dilip Kumar great set of conversations and good to know the amazing work that so many Indian entrepreneurs are getting engaged for health and nutrition of our fellow citizens","2025-01-03T05:17:30.021Z","No","urn:li:comment:(activity:7279724087365513218,7280814509345198080)","b51b5c7ed069b20970178a6026203008fa1859978eedc81a4add34b397af943f","0","No","No","urn:li:activity:7279724087365513218","2b3da2282a076c94ed0fa3ce6a9b79733c9ce115a478cbda008a8d3e7a0aac20"
"Delzaad","Deolaliwala","Delzaad Deolaliwala","https://www.linkedin.com/in/delzaaddeolaliwala","Co Founder & Chief Legal Officer - BOHECO| Chairman PIMCHA| Indian Medical Cannabis and Industrial Hemp Policy and Advocacy| Forbes 30 under 30| GQ 50|","comment","Bombay Hemp Company Private Limited we are  developing cannabis-based medicines for pain and mental wellbeing involves researching active compounds like THC and CBD. It is followed by preclinical and clinical trials to assess safety, efficacy, and dosing. Clinical trials in Tata Memorial Centre and AIIMS. These ayurvedic proprietary medicines can be delivered through various methods (oral, topical, inhalation). Ongoing research and post-market surveillance ensure their continued safety and effectiveness. These treatments aim to address conditions like chronic pain, anxiety, and depression.","2025-01-03T04:19:29.588Z","Yes","urn:li:comment:(activity:7279724087365513218,7280799911355314176)","ad8e03be4c1fb43753ee561b93c9e98e00c8817d2fdece1d06b05139d9b5173e","0","No","No","urn:li:activity:7279724087365513218","2b3da2282a076c94ed0fa3ce6a9b79733c9ce115a478cbda008a8d3e7a0aac20"
"Viraj","Kulkarni","Viraj Kulkarni","https://www.linkedin.com/in/kulkarniviraj","Founder CEO @ Iyaso | AI x Healthcare | Lessons from code, healing, and human behavior","comment","We are reinventing speech therapy using AI to help people with communication disorders learn, practice and apply speech therapy skills far more effectively than traditional approaches. Starting with stuttering. More information at www.iyaso.ai","2025-01-03T02:26:32.169Z","No","urn:li:comment:(activity:7279724087365513218,7280771484795490304)","733026b5bb28efecb11bcb578c601e2bccbcfe7701d970327c46179a5a42375d","0","No","No","urn:li:activity:7279724087365513218","2b3da2282a076c94ed0fa3ce6a9b79733c9ce115a478cbda008a8d3e7a0aac20"
"Sathya","K","Sathya K","https://www.linkedin.com/in/sathya-k-115993229","Engineering | Product Development | Co-Founder Varphi LLP | Co-Founder Fit-Rock arena | Founder Evolve | Member of INSCA | Ex-Ford","comment","At evolve, we wish to take homo sapiens  back in time by nine thousand eight hundred and seventy six years, five months four weeks three days two hours one minute zero seconds, ideally. 
For now fifty years would do.. 
#what we do
Make us sleep  & wake on time
Make us cook our own tasty, healthy and freshly prepared food within five hundred and ninety nine seconds.
Make us move all our joints, through their entire range of motion with a progressive stimuli ensuring growth of cells without macro injury.","2025-01-02T23:52:30.380Z","Yes","urn:li:comment:(activity:7279724087365513218,7280732721922916352)","061e8f098b5f34be43dce8e832cf9c542804c2e2e9c5249c5cb3f8454c5320ed","0","No","No","urn:li:activity:7279724087365513218","2b3da2282a076c94ed0fa3ce6a9b79733c9ce115a478cbda008a8d3e7a0aac20"
"Sonali","Agarwal","Sonali Agarwal","https://www.linkedin.com/in/sonali-agarwal","Senior Manager, Commercial Digital & Tech at AstraZeneca","comment","Tejal Nadkarni check this out!","2025-01-02T18:58:19.100Z","No","urn:li:comment:(activity:7279724087365513218,7280658687088607233)","d21fda73af16c033a7ef48f2b9504dab5cbd3decc423afbf79d33daf707d918b","0","No","No","urn:li:activity:7279724087365513218","2b3da2282a076c94ed0fa3ce6a9b79733c9ce115a478cbda008a8d3e7a0aac20"
"Sonam","Samat","Sonam Samat","https://www.linkedin.com/in/sonamsamat","Founder, Flavour Lab | Food Educator | Ex-Google | Ex-Meta | BITSian","comment","I'm building Flavour Lab to provide children with nutrition education while teaching them how to cook delicious, nutritious, and sustainable meals. I believe that combining nutrition knowledge with the essential life skill of cooking is the key to building a healthier nation.","2025-01-02T13:18:01.274Z","No","urn:li:comment:(activity:7279724087365513218,7280573048523530241)","88961fc8d8341a70b264dda552d4033b45c8cec9faab9e28faab2f4876c22147","2","No","No","urn:li:activity:7279724087365513218","2b3da2282a076c94ed0fa3ce6a9b79733c9ce115a478cbda008a8d3e7a0aac20"
"Rishi","Bhojnagarwala","Rishi Bhojnagarwala","https://www.linkedin.com/in/rishibhojnagarwala","Health & Wellness Venture Builder | Product Strategist | D2C Growth Leader","comment","Bon Happetee makes nutrition smarter and simpler with our B2B and SaaS solutions. We work with health tech, food tech, DTx companies, and HoReCa businesses (Hotels, Restaurants and Cafes), offering top-notch nutrition data, APIs, interactive menus, and tailored digital tools. With regional coverage, health tags, and actionable insights, we help you deliver personalized, user-friendly nutrition experiences—all with flexible integration options like APIs, custom builds, or plug-and-play SaaS.
bon happetee Rishi Bhojnagarwala","2025-01-02T09:48:33.914Z","No","urn:li:comment:(activity:7279724087365513218,7280520337191030787)","1afcb9d0d2278144228602b4b32ac4574ca5b9a5fe7d0e8aaf42ad83be65a7dc","0","No","No","urn:li:activity:7279724087365513218","2b3da2282a076c94ed0fa3ce6a9b79733c9ce115a478cbda008a8d3e7a0aac20"
"Vishal","Nigam","Vishal Nigam","https://www.linkedin.com/in/vishalnigamwtfgyms","🚀 Founder & CEO | WTF – (Gyms, Academy, Amplify, Everyday, Reboot, Digi Gym, Nutrition, OS -Full-Stack Fitness Ecosystem ) | Disrupting India’s $15B Fitness Market","comment","It's inspiring to see a focus on health innovation in India! We're developing a comprehensive wellness platform that combines nutrition, fitness, and mental health resources, tailored for the diverse needs of Indians. We're seeking partnerships to create a healthier future. Excited to connect with fellow visionaries in this space!","2025-01-02T05:30:26.084Z","No","urn:li:comment:(activity:7279724087365513218,7280455376527892480)","c2e83715db92783a91a1b404002f55c3f0453e702b6a703ddfb01c755144c881","0","No","No","urn:li:activity:7279724087365513218","2b3da2282a076c94ed0fa3ce6a9b79733c9ce115a478cbda008a8d3e7a0aac20"
"Ria","Sinha","Ria Sinha","https://www.linkedin.com/in/riasinha1995","Social Media | E Commerce | Brand Building | Product Management","comment","We at Caim By årelang are all about making supplementation fun through plant based and sugar free dark chocolates and apple juice concentrate gummies. 

We believe our bodies can keep us healthy it’s just that the right nutrition is not provided. We ensure that through our supplements ( basically food) your bodies work just as they were supposed to - so that we do not have to rely on any external factor.


You can check us out here : www.arelang.com","2025-01-02T03:19:36.432Z","No","urn:li:comment:(activity:7279724087365513218,7280422452696936448)","b2bc66ba18aaa522151e98c102ca252c2cde631391d623324dadde40d5c49cdb","0","No","No","urn:li:activity:7279724087365513218","2b3da2282a076c94ed0fa3ce6a9b79733c9ce115a478cbda008a8d3e7a0aac20"
"Amar","Haksar","Amar Haksar","https://www.linkedin.com/in/amarhaksar","Master Mindset & Performance Coach/Motivational Speaker/Fitness+Life+Executive Coach/Endurance Enthusiast. 1st Indian to cycle 5,700kms sole/unsupported across USA & 1,500+ consecutive day triathlon activity streak.","comment","Keeping it simple Dilip Kumar (even though I know folks like to invest in scalable tech products) by focusing on MINDSET coaching and development.

Things like GRIT and DISCIPLINE MINDSET are tough to teach via tech tools but a much needed foundation for any health/fitness goal(s).

I hope to implement, in coaching, what I have learned through personal experience being the only Indian to cycle across the U.S. (50 days, 6,000 kms) and, post cancer surgery, to lose 51 lbs in 100 days, complete 20 half-marathons in 20 consecutive weekends, complete a 45-mile ultra with no training, complete 75HARD and Goggins 4x4x48, and currently on 1,200+ consecutive days of a daily triathlon activity challenge.

Happy to connect and collaborate (for coaching, podcast, book, speaking engagements) with folks who think MINDSET and CONSISTENCY are the keys to sustainable change in health/fitness/life.","2025-01-02T00:57:03.379Z","No","urn:li:comment:(activity:7279724087365513218,7280386578592468992)","373807ca2cd3ed1c56d45e4df81cf44c7183d5daa939e96a106fbdba0db9aa04","0","No","No","urn:li:activity:7279724087365513218","2b3da2282a076c94ed0fa3ce6a9b79733c9ce115a478cbda008a8d3e7a0aac20"
"Akhilesh","Pratap Singh","Akhilesh Pratap Singh","https://www.linkedin.com/in/akhilesh-pratap-singh-33757124","Founder @ Smarbees | Platforms, Software/Hardware SaaS, Integrations","comment","Imagine a world where chronic disease management is convenient, personalized, and highly effective. That's the future we're creating at Smarbees.
Chronic diseases are on the rise, affecting millions in India. Patients often struggle to access specialized care, leading to complications and high healthcare costs. But what if I told you there's a better way?
Smarbees is at the forefront of Virtual Chronic Disease Management. 
By choosing Smarbees, you're taking a proactive step towards better health. We emphasize preventive care, early intervention, and cost-effective solutions, so you can live a healthier life without breaking the bank.","2025-01-01T18:07:53.968Z","No","urn:li:comment:(activity:7279724087365513218,7280283610899693568)","e932d069e02fa6169228fe8fa1e8020cf4d31e54f42c50edb0f67fd810ce034e","0","No","No","urn:li:activity:7279724087365513218","2b3da2282a076c94ed0fa3ce6a9b79733c9ce115a478cbda008a8d3e7a0aac20"
"Midhun","Noble","Midhun Noble","https://www.linkedin.com/in/midhunnoble","🚀 ADHDpreneur | Founder & CEO of Insighte Childcare & SPOT","comment","Mental health for children and families is broken and we are trying to fix it through full stack solution that brings the care to where the child is Insighte","2025-01-01T15:30:06.759Z","No","urn:li:comment:(activity:7279724087365513218,7280243902547173376)","a1c50d15619509cfb120374ba3bb786bdfefd7e862e778940acc45fed8bb3b19","0","No","No","urn:li:activity:7279724087365513218","2b3da2282a076c94ed0fa3ce6a9b79733c9ce115a478cbda008a8d3e7a0aac20"
"Vikramm","Mitra","Vikramm Mitra","https://www.linkedin.com/in/vikramm-mitra","Medical Cannabis Expert | Co-Founder & MD, Delta Botanicals | Innovating Phytopharmaceuticals & Hemp Strains | Cannabis R&D, Biopharma, and Regulatory Advisory | Guest Blogger","comment","Hi Dilip Kumar, we are developing a cost effective and clinically validated proprietary herbal formulation for the treatment and management of Arthritic knee conditions for patients in India and from India to the world! ","2025-01-01T10:08:40.459Z","No","urn:li:comment:(activity:7279724087365513218,7280163009946152960)","2cf82c57ba9d49748ba808633663c0c2af56b75b039413e75d9cc60f2789a68a","2","No","No","urn:li:activity:7279724087365513218","2b3da2282a076c94ed0fa3ce6a9b79733c9ce115a478cbda008a8d3e7a0aac20"
"Ankur","Jaiswal","Ankur Jaiswal","https://www.linkedin.com/in/ankur-jaiswal-537ba551","Founder at Humors Tech","comment","Kickstarting 2025 with better health! 
Diliip Gauttam I’m Ankur Jaiswal, CEO & Co-founder of Respyr —a patented device that uses breath technology to track sugar, respiratory, gut, and liver health. Respyr transforms your 24-hour lifestyle data into personalized suggestions, helping you live healthier every day.

Discover more at respyr.in!","2025-01-01T09:09:52.543Z","Yes","urn:li:comment:(activity:7279724087365513218,7280148212789751809)","d2355cc59c9b5ed71ac73d9983942a4c3d17a857200a6b1df057c85f7a9d21ac","0","No","No","urn:li:activity:7279724087365513218","2b3da2282a076c94ed0fa3ce6a9b79733c9ce115a478cbda008a8d3e7a0aac20"
"Amit","Singh","Amit Singh","https://www.linkedin.com/in/amit-singh-lisners","Founder, Lisners","comment","I promise, Lisners a mental health and wellbeing initiative will add some value to your quality of life in 2025. You don't have to reach out to us, we will be reaching out to you. We are all set. ","2025-01-01T06:58:50.197Z","No","urn:li:comment:(activity:7279724087365513218,7280115235720454144)","cc37d0b0d632bd394e27038e2e14538975957f3de38b9a5e66127dae5b10fe53","0","No","No","urn:li:activity:7279724087365513218","2b3da2282a076c94ed0fa3ce6a9b79733c9ce115a478cbda008a8d3e7a0aac20"
"Divya","Shah","Divya Shah","https://www.linkedin.com/in/divyashah23","Figuring Out What Next until then follow me to hear more about my (post)entrepreneurship journey - the candid unfiltered stories | Ex-Founder @Vinyasa","comment","We at Vinyasa are Transforming mental healthcare enabling therapists with tech, community and resources to deliver quality client care without burning out.","2025-01-01T06:47:04.613Z","Yes","urn:li:comment:(activity:7279724087365513218,7280112276286722048)","a6af4bc6b0bcecf4f38f953cc9a6367d06cbb6094b99a9cb1a7a8effc0441814","0","No","No","urn:li:activity:7279724087365513218","2b3da2282a076c94ed0fa3ce6a9b79733c9ce115a478cbda008a8d3e7a0aac20"
"Yogesh","Thakur","Yogesh Thakur","https://www.linkedin.com/in/yogesh-thakur-founder-kidedusportandtrainingllp","Founder of ""E Athlia"" Sports App | K12 Schools Sport & Physical Education Management | Sport Edtech I Health & Fitness I","comment","We have created a powerful sports ed-tech platform to discover young talent at the school level. Our platform provides top-notch sports and fitness programs designed to help students reach their full potential.

Using advanced technology, we collect valuable data that is shared with National and State Sports Federations and Associations. This helps them identify talented athletes and support their journey to peak performance.

Currently, we are operating in Pune, but we aim to expand across India and internationally. To achieve this, we are looking for investors to join us in making this vision a reality.

Contact us at 810 343 5555 or visit www.eathlia.com. Dilip Kumar","2025-01-01T06:26:45.719Z","No","urn:li:comment:(activity:7279724087365513218,7280107163874656256)","07798f5687b7ffac804fe7a08bb3f6b39b23b5bfb711cf4441e1f99bc2cfc640","0","No","No","urn:li:activity:7279724087365513218","2b3da2282a076c94ed0fa3ce6a9b79733c9ce115a478cbda008a8d3e7a0aac20"
"Poornima","Matthan","Poornima Matthan","https://www.linkedin.com/in/poornimamatthan","Brand Reputation Management, Employer branding, B2B , B2C branding, Technology PR, Executive communications, Crisis & Change Management, Stakeholder Management","comment","More importantly, make healthcare affordable to the poor.","2025-01-01T06:12:52.913Z","No","urn:li:comment:(activity:7279724087365513218,7280103670837387264)","1eabeffd3410b8c3bbc426c6db4d531aca41337ec44e6f96a59642968e9c88c8","0","No","No","urn:li:activity:7279724087365513218","2b3da2282a076c94ed0fa3ce6a9b79733c9ce115a478cbda008a8d3e7a0aac20"
"D.","Langston","D. Langston","https://www.linkedin.com/in/dlangstonx","Interview host. I film interviews and events to help professionals reinvent themselves and do work they love. U.S. Army veteran. Harvard MBA and MPA.","comment","Innovative health solutions can transform lives. What trends do you see shaping the future of wellness in India? Excited to see the impact by 2025!","2025-01-01T04:51:27.176Z","No","urn:li:comment:(activity:7279724087365513218,7280083178566901760)","321a4ac8afa12b961cae621318f4084a36650be895fca936126d4955f9ec8e25","0","No","No","urn:li:activity:7279724087365513218","2b3da2282a076c94ed0fa3ce6a9b79733c9ce115a478cbda008a8d3e7a0aac20"
"Mohan","Rao","Mohan Rao","https://www.linkedin.com/in/mohan-rao-5b98777","Founder & CEO @ Stealth | Angel Investor | Advisor | Health-tech Entrepreneur","comment","Redefining first aid ⛑️ in India.","2025-01-01T03:16:17.066Z","No","urn:li:comment:(activity:7279724087365513218,7280059228633915392)","bc30f54d0a717cdc2b1e56e084fed6b48aa4358e81ef4855ffede458bfb21525","0","No","No","urn:li:activity:7279724087365513218","2b3da2282a076c94ed0fa3ce6a9b79733c9ce115a478cbda008a8d3e7a0aac20"
"Salil","Malhotra","Salil Malhotra","https://www.linkedin.com/in/salil-malhotra-88820a14","Director, Seagull Pharmaceuticals","comment","Hi Dilip. Cardiovascular disease(CVD) is behind 45% of deaths in India in the age group of 45-69 years. Seagull Pharma is building nutraceutical alternatives for individuals who are either at risk of, or are suffering from CVD.  ","2024-12-31T18:06:16.136Z","No","urn:li:comment:(activity:7279724087365513218,7279920812696989696)","331152ab54358b76a3f5c11d66478da6494552fbe89995c00a49ef02e9896775","0","No","No","urn:li:activity:7279724087365513218","2b3da2282a076c94ed0fa3ce6a9b79733c9ce115a478cbda008a8d3e7a0aac20"
"Rakesh","P.","Rakesh P.","https://www.linkedin.com/in/rakesh-p-45378b19","Founder - Anaahatas Wellness Private Limited, Building OneRehab24by7 - Making World Class Physiotherapy Accessible, Affordable on time.","comment","Our Company Anaahatas Wellness is a comprehensive healthcare company focused on physical well-being. At our core is Onerehab24by7- Physiotherapy & Physical Rehabilitation  - Get Physiotherapy Get Healed, which aims to democratize access to world-class physiotherapy services. 
OneRehab24by7 is  our Flagship physiotherapy framework to increase user accessiblity with the aim of providing world class online and offline physiotherapy services at home to everyone with a smartphone. We are building Onerehab24by7 to reach the patients who are suffering from various conditions or unable to come to hospital OPD or Physiotherapy Clinics and deliver quality Physiotherapy Treatment.","2024-12-31T17:52:15.511Z","No","urn:li:comment:(activity:7279724087365513218,7279917286860222464)","a98fe389362f049806cf35606c8947ee289bdedcd7af04d83ac0c8b3b935b3f5","0","No","No","urn:li:activity:7279724087365513218","2b3da2282a076c94ed0fa3ce6a9b79733c9ce115a478cbda008a8d3e7a0aac20"
"Neha","Maheshwari","Neha Maheshwari","https://www.linkedin.com/in/neha-maheshwari-6b805154","Lactation Specialist | NICU Feeding for LBW & ELBW | Human Milk Protocols | Preterm Nutrition | Digital Public Health & Systems Strengthening","comment","Breastfeed karega India, tabhi to healthy banega India :)

That’s what I’m working on at NurtureNest- started with talking about lactation, educating young parents about it and the importance it holds. 
Trying to lessen the burden of diabetes, hypertension, cancers both for mom and the baby.

Let’s connect if you are interested in this mission of making Indians healthier in the long run. 

No short term solutions, nothing fancy, no apps, and no magical wand, just yet but signficantly better health outcomes :)

My topmate page - https://topmate.io/neha_maheshwari_lc","2024-12-31T17:25:33.677Z","No","urn:li:comment:(activity:7279724087365513218,7279910568285675520)","d775e37db102662d08566d90aed0a85c8694a89cda92c1092dbb4935ce83593f","0","No","No","urn:li:activity:7279724087365513218","2b3da2282a076c94ed0fa3ce6a9b79733c9ce115a478cbda008a8d3e7a0aac20"
"Siddharth","Goel","Siddharth Goel","https://www.linkedin.com/in/sid-goel","Co-Founder at Atovio | Making Clean Air Accessible for All | IIT Kanpur","comment","Dilip, at atovio, we’re tackling one of India’s biggest health challenges: air pollution.
Our portable air purifiers, powered by patented Advanced Variable Anion Technology, are designed to combat the unique air quality issues in India. Tested at IIT Kanpur’s National Aerosol Facility, our products provide clean, breathable air for cities with worsening air quality.","2024-12-31T15:52:57.354Z","No","urn:li:comment:(activity:7279724087365513218,7279887263377842176)","8f6a656abf5a46502f85d6caf292cd6e57706a27833aa040b77b593538772727","0","No","No","urn:li:activity:7279724087365513218","2b3da2282a076c94ed0fa3ce6a9b79733c9ce115a478cbda008a8d3e7a0aac20"
"Mukul","Shah","Mukul Shah","https://www.linkedin.com/in/mukul-shah-3a3535a","2X exits entrepreneur - Current Founder & CEO @Lifechart & Guttify -Building India’s 1st Gut Focused Alternate Healthtech brand for 1 billion Indians, Ex Founder Yolo Bus(Acquired by Easemy trip )","comment","Dilip Kumar India's 1st Gut health tech brand where you get root cause treatment , by Unlocking insights through DIY home testing + expert care + supplements & AI lifestyle improvement recommendations","2024-12-31T15:49:06.020Z","No","urn:li:comment:(activity:7279724087365513218,7279886293088485377)","c073ac6cc9759ed53aebbe1746b46c431dcaf4e1554122049f0933b1ea096047","0","No","No","urn:li:activity:7279724087365513218","2b3da2282a076c94ed0fa3ce6a9b79733c9ce115a478cbda008a8d3e7a0aac20"
"Punit","Dhoot","Punit Dhoot","https://www.linkedin.com/in/punitdhoot","Hello! How can I assist you today?","comment","Building a wearable to help people sleep better. Better -> have low sleep onset times, longer deep sleep and less interruptions so they can wake up feeling refreshed","2024-12-31T15:42:58.887Z","No","urn:li:comment:(activity:7279724087365513218,7279884753221120001)","5f37122dd5085cfb18051784a936f4352e79009fcb561fff28105693b6177924","0","No","No","urn:li:activity:7279724087365513218","2b3da2282a076c94ed0fa3ce6a9b79733c9ce115a478cbda008a8d3e7a0aac20"
"Sivakumar","VP","Sivakumar VP","https://www.linkedin.com/in/sivakumar-vp-879b1414","Corporate Wellness Strategist | Founder @ Well O Sip® | Holistic Health & Herbal Tisanes for Employee Well-being","comment","✨ A cup of warmth, health, and care—perfect for this winter season!

As the chilly breeze sets in, our bodies crave more than just warmth; we need nourishment and protection. That’s where Well O Sip Shunti Dhaniya Tisane comes in. 🌱

Made with the goodness of herbs and spices, this hot beverage is designed to ease coughs, colds, and keep you feeling your best. Whether you’re looking for a natural remedy or just a cozy drink to unwind, this tisane has you covered.

🛒 Get yours today and experience the difference: Order here on Amazon
Stay warm, stay healthy! 

Link: https://www.amazon.in/Well-Sip-Bloating-Constipation-Vomiting/dp/B0CH38S4K3

#WinterWellness #HerbalRemedies #StayHealthy","2024-12-31T15:29:23.669Z","No","urn:li:comment:(activity:7279724087365513218,7279881333948985344)","556478395d99d33e6eef42e2230812fe06123409e23021831dbd748c34afb722","0","No","No","urn:li:activity:7279724087365513218","2b3da2282a076c94ed0fa3ce6a9b79733c9ce115a478cbda008a8d3e7a0aac20"
"Ravi","Kiran Manapuram, PhD","Ravi Kiran Manapuram, PhD","https://www.linkedin.com/in/manapuram","Building Impactful Intellectual Property | Portable OCT | Developing ISO standards | Ophthalmology| 4D Imaging Technology | Industry 4.0 | Ansys Optical","comment","We are detecting blindness causing diseases at an early stage for any age group residing anywhere in the world using IXanner 7vn. Currently serving Optometrists, ophthalmologists and veterinarians, Will expand the scope to other diseases beyond ophthalmology such as oncology, one by one with the same technology (optical coherence tomography)","2024-12-31T15:06:14.280Z","No","urn:li:comment:(activity:7279724087365513218,7279875506429157376)","8ee72ac372e7ddb937c456ae7178ade2ebdbb18dbe1e1588ad4d79dcb6fc9de8","1","No","No","urn:li:activity:7279724087365513218","2b3da2282a076c94ed0fa3ce6a9b79733c9ce115a478cbda008a8d3e7a0aac20"
"Ashish","Meena","Ashish Meena","https://www.linkedin.com/in/ashishmeena8","Co-founder @Babynama | CTO | Gen AI for healthcare","comment","Hi Dilip,
At  Babynama, we are reimagining Pediatric Care for new Parents. We offer 24/7 instant pediatrician support via chat/video consultations. We also provide personalized programs for each step in parenting, including breastfeeding, nutrition support, sleep training, and more.

Our mission is to empower parents with the knowledge and support they need to ensure their children receive the best possible care. We're building a strong community through WhatsApp where parents can learn from pediatricians and other experts.
Here is more about us: https://babynama.com","2024-12-31T13:54:55.690Z","No","urn:li:comment:(activity:7279724087365513218,7279857560726188032)","6824f7cef276992368ad53f7b9d09f42c7127d806d48acece0dabd20e442914b","0","No","No","urn:li:activity:7279724087365513218","2b3da2282a076c94ed0fa3ce6a9b79733c9ce115a478cbda008a8d3e7a0aac20"
"Amthus","Saleema","Amthus Saleema","https://www.linkedin.com/in/amthussaleema","Hospital Management Consultant","comment","Positioning the brand within.

Happy and glorious 2025!","2024-12-31T13:13:43.743Z","No","urn:li:comment:(activity:7279724087365513218,7279847192624803840)","5d071d9cded0582f8eb781c3877b6020d06371342e84556e3501f3f0a57f0b87","0","No","No","urn:li:activity:7279724087365513218","2b3da2282a076c94ed0fa3ce6a9b79733c9ce115a478cbda008a8d3e7a0aac20"
"Amthus","Saleema","Amthus Saleema","https://www.linkedin.com/in/amthussaleema","Hospital Management Consultant","comment","I agree","2024-12-31T13:11:06.251Z","No","urn:li:comment:(activity:7279724087365513218,7279846532055494657)","18dad627a501007c8e7a056891a6954667b01d225ff2c34ba2f6bf8fa29211ff","0","No","No","urn:li:activity:7279724087365513218","2b3da2282a076c94ed0fa3ce6a9b79733c9ce115a478cbda008a8d3e7a0aac20"
"FimbleFits","","FimbleFits","","342 followers","comment","We are developing AI chatbots for remote patient symptoms monitoring. These chatbots are powered by LLMs and serves as a natural language communication between doctors and patients. 

These bots can help catch adverse events earlier in say chemotherapy patients, manage medicine intake for a range of chronic conditions and monitor effectiveness of surgery in post surgical patients and many more.","2024-12-31T12:47:46.980Z","No","urn:li:comment:(activity:7279724087365513218,7279840663087542272)","de5ed12032ea96329ea39d06c2b765d72b95b363ef118f60b37565c67e80fcd0","0","No","No","urn:li:activity:7279724087365513218","2b3da2282a076c94ed0fa3ce6a9b79733c9ce115a478cbda008a8d3e7a0aac20"
"Dr.Shivansh","Bhalla","Dr.Shivansh Bhalla","https://www.linkedin.com/in/drshivanshbhalla","Creating A New Healthcare System For A New India | Founder, Cosmo Health | Providing a seamless healthcare experience under 10 minutes |","comment","Dilip Kumar Hey! Im a doctor turned entrepreneur & Im building the quick commerce equivalent for healthcare services  ( not medicines ) like nurses, ambulances, first aid services , doctor at home etc. via a central concierge system with focus on elderly people living alone. ( under 10 minute services )","2024-12-31T12:46:55.233Z","No","urn:li:comment:(activity:7279724087365513218,7279840446049083392)","fb01079bd165a8ae40abd4ef2fa992a2e3bc4db2923e58e0b67b8aa748f7f72d","0","No","No","urn:li:activity:7279724087365513218","2b3da2282a076c94ed0fa3ce6a9b79733c9ce115a478cbda008a8d3e7a0aac20"
"Rajat","Anand","Rajat Anand","https://www.linkedin.com/in/rajat-anand-11865776","Machine Learning Enthusiast || Data Science || Healthcare || Personalized Medicine|| Drug Discovery|| Generative AI in clinical settings","comment","AI based neurodiagnostics for a range of neurological conditions. We are helping doctors in diagnosis of neurological conditions using EEG combined with AI. Here our AI can be combined with existing EEG machines and we also have our own EEG portable device to help in remote at home EEG monitoring of patients. 

Our first product here is a real time seizure forecasting solution which predicts seizures upto 5 mins before they come. This helps doctors and nurses in hospitals to monitor patients and take preventive actions. At home, our product helps reduce fear associated with uncertain occurrence of seizures. Deepti Mathur Das Suman D. Psaizi","2024-12-31T12:43:17.827Z","Yes","urn:li:comment:(activity:7279724087365513218,7279839534182244352)","357397f5f292953652d4bb10522d5cb5fe338aa63b6aedbc82572a10bc8e82f9","0","No","No","urn:li:activity:7279724087365513218","2b3da2282a076c94ed0fa3ce6a9b79733c9ce115a478cbda008a8d3e7a0aac20"
"Bobin","Chandra","Bobin Chandra","https://www.linkedin.com/in/bobinchandra","Co-Founder | ZenturioTech | Embright Infotech","comment","working on Assistive Technology area developing Special Education and Autism rehabilitation platform ","2024-12-31T12:35:00.898Z","No","urn:li:comment:(activity:7279724087365513218,7279837449910939648)","9b0fb8fbec21afcbfd6457dd619ac3051c7037d099b6027c0d62d97b68ff4927","0","No","No","urn:li:activity:7279724087365513218","2b3da2282a076c94ed0fa3ce6a9b79733c9ce115a478cbda008a8d3e7a0aac20"
"Ilhaam","Abbas","Ilhaam Abbas","https://www.linkedin.com/in/ilhaam-abbas-4021411b3","Pediatric/ Special Care Dentist at Healthpoint UAE","comment","Interesting","2024-12-31T12:32:20.545Z","No","urn:li:comment:(activity:7279724087365513218,7279836777341669376)","d86bd3a3fb615d631babc4f37f0924328a8d760b52c1a84f002240cdd1354f72","0","No","No","urn:li:activity:7279724087365513218","2b3da2282a076c94ed0fa3ce6a9b79733c9ce115a478cbda008a8d3e7a0aac20"
"Vipul","Choubey","Vipul Choubey","https://www.linkedin.com/in/vipul-kumar-choubey","Sr Director, Product @JioHotstar | Hobbyist Investor","comment","Dilip Kumar great conversations you have started here. Thank you for educating so many of us about the great work happening in healthcare. Akriti Bajaj seems like you and Dilip would have quite a bit to exchange notes on.","2024-12-31T12:06:39.633Z","Yes","urn:li:comment:(activity:7279724087365513218,7279830314284150784)","f5dd26dcb4d30b30fc23bc2621f359a96d1f47341af7973e8944076380be4821","0","No","No","urn:li:activity:7279724087365513218","2b3da2282a076c94ed0fa3ce6a9b79733c9ce115a478cbda008a8d3e7a0aac20"
"Brew","Wealth","Brew Wealth","","3,798 followers","comment","Exciting to see founders and startups addressing India's health challenges. Mental health is a crucial aspect to consider. Let's prioritize building solutions that cater to both physical and mental well-being. #healthtech #mentalhealth #startups","2024-12-31T11:54:44.434Z","No","urn:li:comment:(activity:7279724087365513218,7279827314522095616)","8c2bdbd7996896a041a568fdc41a3cd5b26c4a910bf1aaee89ab784f9bc0c78c","0","No","No","urn:li:activity:7279724087365513218","2b3da2282a076c94ed0fa3ce6a9b79733c9ce115a478cbda008a8d3e7a0aac20"
"Yadu","S.","Yadu S.","https://www.linkedin.com/in/yadusingh","Board Advisor, Mentor, SaaS, AI, Technical Due Diligence, GCC Sourcing Advisor, Japan Market Entry for tech scale-up, Data Privacy advocate","comment","Sujeet Katiyar Fourteenth Degree Azimuth (India) Advisory Suneel Bandhu","2024-12-31T11:49:41.478Z","No","urn:li:comment:(activity:7279724087365513218,7279826043832524800)","1ebcfe278b2723b1d1834d701c83df56c57c6c5b19a013d12e2d386eae002fed","0","No","No","urn:li:activity:7279724087365513218","2b3da2282a076c94ed0fa3ce6a9b79733c9ce115a478cbda008a8d3e7a0aac20"
"KAMATHAM","SOUJANYA","KAMATHAM SOUJANYA","https://www.linkedin.com/in/kamatham-soujanya-linkdin","| HEALTHCARE | SOCIAL IMPACT | Sociology Geek with a Technical Flair|","comment","Dilip Kumar,Glad you asked the question.
We are building CYCLESYNC, an AI-powered period tracker that helps women track their cycles, flag symptoms of PCOS and hormonal imbalances, and personalize their diet, fitness, and work routines based on their cycle phases.
Tailoring daily habits to the menstrual cycle is essential because a woman’s hormones influence energy levels, mood, and productivity throughout the month. By aligning diet, exercise, and work schedules to these natural changes, women can clinically improve their health, reduce stress, and enhance their overall well-being. This approach also supports early detection of health issues, empowering women with better tools to manage their health effectively, a need in India where women's health is underserved and underdiagnosed.","2024-12-31T11:43:23.677Z","No","urn:li:comment:(activity:7279724087365513218,7279824459220373504)","1b280f038226068757c5b8e487042956b4cdf42688ba3cbf5d07c9c5add9cc2d","0","No","No","urn:li:activity:7279724087365513218","2b3da2282a076c94ed0fa3ce6a9b79733c9ce115a478cbda008a8d3e7a0aac20"
"Sneha","Kothare","Sneha Kothare","https://www.linkedin.com/in/sneha-kothare-1b890090","Founder @ Speci-O-Dent| Pediatric Dentistry Expert | Special Care Dentist |Former Biodesign Fellow @IIT Bombay","comment","We are developing an assistive aid to improve oral hygiene of persons with reduced manual dexterity. Oral care is a very neglected aspect of healthcare yet very important in maintaining overall health.","2024-12-31T11:19:19.776Z","No","urn:li:comment:(activity:7279724087365513218,7279818403060568064)","5d43aeb412d944c44ad3be3876eaa919af53ae34789939aae25b1500488efb09","0","No","No","urn:li:activity:7279724087365513218","2b3da2282a076c94ed0fa3ce6a9b79733c9ce115a478cbda008a8d3e7a0aac20"
"Paban","Sadhu","Paban Sadhu","https://www.linkedin.com/in/paban-sadhu-6a8634279","Performance Marketing @ Influcon Digitals","comment","Building HyperPumped which is a D2C gym supplement brand committed to delivering pure, unadulterated nutrition while making premium fitness accessible and affordable for Indian Masses.","2024-12-31T11:14:31.592Z","No","urn:li:comment:(activity:7279724087365513218,7279817194329272320)","6c58df868eca0ff8335ed008b4308a6cb209c1aa08f79f8457cb0e141224b410","0","No","No","urn:li:activity:7279724087365513218","2b3da2282a076c94ed0fa3ce6a9b79733c9ce115a478cbda008a8d3e7a0aac20"
"Saddam","Jahagirdar","Saddam Jahagirdar","https://www.linkedin.com/in/saddam-jahagirdar-53b2721a2","Founder @ Dēha Training Studio | Rehabilitation and biomechanics Specialist","comment","Dēha Training Studio: Revolutionizing Pain Management and Movement Optimization

At Dēha, we are building a cutting-edge personal training studio dedicated to healing and empowering individuals dealing with chronic pain, while helping them achieve optimal fitness.

Our unique approach integrates:
	•	Diaphragm Function & Breathing: Improving core stability and functional movement.
	•	Rehabilitation: Helping clients recover effectively and avoid invasive surgeries.
	•	Strength Training: Ensuring long-term resilience and improved performance.

We understand that the site of pain is often not the root cause. For example, knee pain may stem from poor foot mechanics or limited hip mobility. That’s why we go beyond conventional methods with a comprehensive biomechanics assessment to identify movement restrictions and dysfunctions throughout the body.

Our evidence-based methodology helps restore natural movement patterns, re-educates the body, and allows our clients to live pain-free, active lives. This innovative, holistic approach has already transformed the lives of individuals struggling with pain, enabling them to avoid surgeries and regain confidence in their bodies.","2024-12-31T10:58:44.964Z","No","urn:li:comment:(activity:7279724087365513218,7279813223887843328)","cd0e9a3c4ffedeb2b719b413bff88b59c4f7cce1ff1d21c06e5327796f618742","0","No","No","urn:li:activity:7279724087365513218","2b3da2282a076c94ed0fa3ce6a9b79733c9ce115a478cbda008a8d3e7a0aac20"
"Agam","Chaudhary","Agam Chaudhary","https://www.linkedin.com/in/agamchaudhary","Founder & CEO – Two99 | Creator – Binary Wall & GenShark","comment","As you solve for health, consider addressing accessibility and affordability—two critical barriers for 1.4 billion people. Innovations that scale inclusivity, whether through tech, community-based solutions, or preventive care, have the power to transform lives at scale. Let 2025 be the year we democratize wellness for every Indian. Excited to see the incredible ideas emerge!","2024-12-31T10:44:14.949Z","No","urn:li:comment:(activity:7279724087365513218,7279809574776283136)","bf61aff97628906e7f59ece5299df99abe7b7c459225c210c28a31b6e606fe20","0","No","No","urn:li:activity:7279724087365513218","2b3da2282a076c94ed0fa3ce6a9b79733c9ce115a478cbda008a8d3e7a0aac20"
"Amita","D.","Amita D.","https://www.linkedin.com/in/amitadhand","Product Development","comment","Gynaecologists can significantly enhance their efficiency and patient care by integrating AI-based self-care tools into their practice, or patients can use AI-based self-care tools and share with the gynaecologists what they have tried in self-care.

Kriva.ai is a women’s health app powered by LLMs, designed to deliver personalised solutions for PMDD, PMS, and PCOD. With the arrival of generative AI, we saw an opportunity to revolutionise wellness coaching into a deeply personal, proactive support system that empowers women to feel their best every day.
Here's what you'll find at Kriva: 
Understand your body and record your symptoms 
24x7 AI-Powered advice: Get reliable information and AI-powered holistic tips for your symptoms 
Unlock the power to take charge for FREE! 
https://apps.apple.com/us/app/kriva-ai/id6502834532
 
https://play.google.com/store/apps/details?id=ai.kriva.mobile&pcampaignid=web_share","2024-12-31T10:35:45.442Z","Yes","urn:li:comment:(activity:7279724087365513218,7279807437749043200)","aa000a90561f7a8d83e7057524aa46b42805cb0b26f82c264358032d4cec489f","0","No","No","urn:li:activity:7279724087365513218","2b3da2282a076c94ed0fa3ce6a9b79733c9ce115a478cbda008a8d3e7a0aac20"
"Dr.","Sunil Chandy","Dr. Sunil Chandy","https://www.linkedin.com/in/sunil-chandy-92b97430","Chief Medical Officer at ITC India. Former Director CMC Vellore","comment","Great vision captured in four words. Can be done in some simple ways 
- understand the need at the bottom of the pyramid not at the top 
- talk to the domain residents ( doctors and nurses ) where innovation must begin and end 
- divorce the lure of quick valuation, scale , margins and exit 
- stay local , it’s very heterogenous.","2024-12-31T10:19:53.921Z","No","urn:li:comment:(activity:7279724087365513218,7279803446780686336)","c070fdcc54ec5c7c37ceace0cf8623d981a09a4778234479eaa889cc16aecfe7","0","No","No","urn:li:activity:7279724087365513218","2b3da2282a076c94ed0fa3ce6a9b79733c9ce115a478cbda008a8d3e7a0aac20"
"Dr","SHIVAM RANA","Dr SHIVAM RANA","https://www.linkedin.com/in/dr-shivam-rana-681a92189","Clinical medicine I AI healthcare I Incubated I Patient oriented I like Oncology research I Retail & Wholesale of Pharmaceutical Product (Connect for Expansion in Bangalore)","comment","Building health Ai deep-tech, Swasthya Saathi( aapke swasthya ka saathi) where it helps in the emergency and pre-OPD information. Dilip Kumar. Thanks.","2024-12-31T10:09:59.123Z","No","urn:li:comment:(activity:7279724087365513218,7279800952017039360)","98cfc79d3be9d09149b15e685b942999a32920f1bc17757604091c0124897b2a","0","No","No","urn:li:activity:7279724087365513218","2b3da2282a076c94ed0fa3ce6a9b79733c9ce115a478cbda008a8d3e7a0aac20"
"Dr","Mohit Bhatia","Dr Mohit Bhatia","https://www.linkedin.com/in/gomcoite2","Founder - Fuschia, Physiovits & Dr. Snug; Entrepreneur, Medical Doctor, Clinical Researcher, Healthcare Consultant, Learner","comment","We are regularly updating our portfolio with products which improve Health, Wellness & Beauty of our consumers with scientifically backed, optimally dosed and Physician validated products. Physiovits Fuschia Dr.Snug","2024-12-31T09:54:48.939Z","No","urn:li:comment:(activity:7279724087365513218,7279797134428684288)","be962f88392a9fb80137c328153dba186d04d6f9f6c4ba635d0a6462c4d46550","0","No","No","urn:li:activity:7279724087365513218","2b3da2282a076c94ed0fa3ce6a9b79733c9ce115a478cbda008a8d3e7a0aac20"
"Synergy,","India","Synergy, India","","938 followers","comment","Thankyou Dilip ! 
Synergy, India is a healthcare company trying to revolutionise OPD setting across India. We practice a high efficiency model which is financially & care wise rewarding for the patients and the healthcare system by eliminating the multi layered inefficiencies of the system. 
We work as a unit to provide care directly to patients & also ecosystems for consultants, surgeons & tertiary set-ups.
We call our prescription model a ‘circular prescription’ and it’s gained 1500+ successful deliveries this year. 
Looking forward to working with people who want to bring a wave of change:)","2024-12-31T09:52:14.691Z","No","urn:li:comment:(activity:7279724087365513218,7279796487465697280)","3adb28019f7af31c686e35dcdbd377a52c69a6136c2080e3baf0dbf1be0b1c42","0","No","No","urn:li:activity:7279724087365513218","2b3da2282a076c94ed0fa3ce6a9b79733c9ce115a478cbda008a8d3e7a0aac20"
"Mahima","Dani","Mahima Dani","https://www.linkedin.com/in/mahima-dani-381349228","Transforming Healthcare in India with a high efficiency, personalised & holistic care model : Circular Prescription | Co-Founder at Synergy India | Empowering Next Generation Physiotherapists","comment","Jinal Gala Jayshree Nagvekar","2024-12-31T09:43:59.119Z","No","urn:li:comment:(activity:7279724087365513218,7279794408890195968)","e51f7e8d0810c34adda6c11322a41cdf18d5278d01ad198b11d5e091c35aa9f5","0","No","No","urn:li:activity:7279724087365513218","2b3da2282a076c94ed0fa3ce6a9b79733c9ce115a478cbda008a8d3e7a0aac20"
"Ryan","Fernando®️","Ryan Fernando®️","https://www.linkedin.com/in/ryanfernando","Celebrity Nutritionist & Health Coach I Founder at quanutrition.com clinics","comment","Just launched the AI Diet plan app by celebrity nutritionist Ryan Fernando. Democratising the diet plans to the Aam admi on 2025 will be my mission. 100 million downloads. Lets watch and see if India is health loving or Health Doing. To get your diet plan Dilip Kumar click here https://ryanfernando.onelink.me/MOED/4w59ekgq","2024-12-31T09:37:34.381Z","Yes","urn:li:comment:(activity:7279724087365513218,7279792795177963520)","3133f91cb8c59f8c2d61e418f85ec043c100b7cdb6fa154f9d53e896e02e939c","0","No","No","urn:li:activity:7279724087365513218","2b3da2282a076c94ed0fa3ce6a9b79733c9ce115a478cbda008a8d3e7a0aac20"
"Nimish","Thaker","Nimish Thaker","https://www.linkedin.com/in/nimish-thaker-402a621","Entrepreneur | Strategy to Implementation | Healthcare | Education","comment","At NRoute we are trying to solve for making staying healthy at any age a little bit more easier. In 2025 we are working on launching a product - all natural which helps reduce platelet aggregation & 'clumping' without affecting the normal clotting process. Our extract is backed by multiple clinical trials over the past 10 years, we believe this will be a big boost to heart health in India. ","2024-12-31T09:32:24.272Z","No","urn:li:comment:(activity:7279724087365513218,7279791494486503425)","3e5700d454830386636cc227104dba45dc05ec05dd8f477aedbe1fa1698845ce","0","No","No","urn:li:activity:7279724087365513218","2b3da2282a076c94ed0fa3ce6a9b79733c9ce115a478cbda008a8d3e7a0aac20"
"Arjun","Bhaskaran","Arjun Bhaskaran","https://www.linkedin.com/in/arjun-bhaskaran","Cyber, Privacy, Data Protection","comment","#digitialhealth #healthtech #startups should prioritiese their interventions keeping Population health needs, in mind.
""It is the greatest Good of the Greatest number that is the measure of right and wrong” Jeremy Bentham Dr. Sunil Chandy Dr Thanga Prabhu
","2024-12-31T09:31:40.088Z","No","urn:li:comment:(activity:7279724087365513218,7279791309165371394)","f3f21ad03c71f23914d114bed20d5eb74aab09f953213529942f372ae3f6ea51","1","No","No","urn:li:activity:7279724087365513218","2b3da2282a076c94ed0fa3ce6a9b79733c9ce115a478cbda008a8d3e7a0aac20"
"Bidhann","Chaudary","Bidhann Chaudary","https://www.linkedin.com/in/bidhann-chaudary-9816a510","Championing healthcare for every Indian.","comment","CFBR

Happy New Year 2025 to all.","2024-12-31T09:26:13.047Z","No","urn:li:comment:(activity:7279724087365513218,7279789937456001024)","4e5466f3210016e5728dac4563f63c0ff800e621d1072dba9fb0375c410b8aeb","0","No","No","urn:li:activity:7279724087365513218","2b3da2282a076c94ed0fa3ce6a9b79733c9ce115a478cbda008a8d3e7a0aac20"
"Shravanthi","Majji","Shravanthi Majji","https://www.linkedin.com/in/shravanthi-majji-56098885","AI Products@Freshworks | Ex-Ola Electric | ISB","comment","Aman Priyadarshi for Plazza","2024-12-31T09:04:24.818Z","No","urn:li:comment:(activity:7279724087365513218,7279784450345811969)","b627efbaec2a6a72a9fb8c7387f6c2b16f4bd1bc5644cb70fd8fff2f8ddc5071","0","No","No","urn:li:activity:7279724087365513218","2b3da2282a076c94ed0fa3ce6a9b79733c9ce115a478cbda008a8d3e7a0aac20"
"Avneet","Bhatia","Avneet Bhatia","https://www.linkedin.com/in/avneet-bhatia-41805a5","CEO and Founder , Naturefit , Mission : Disease Free World !","comment","Awesome Resolution Dilip Kumar 
We at Naturefit completely align with this , what better goal for the coming year ! makes it simple for us and our team too, thanks to you ","2024-12-31T08:56:31.689Z","No","urn:li:comment:(activity:7279724087365513218,7279782465898958848)","4d3aac84f1b333b2d0f7d38374988d546abf64dc220e861ce8c20603128d88d4","0","No","No","urn:li:activity:7279724087365513218","2b3da2282a076c94ed0fa3ce6a9b79733c9ce115a478cbda008a8d3e7a0aac20"
"Shilpa","Khadilkar","Shilpa Khadilkar","https://www.linkedin.com/in/shilpakhadilkar","Founder & Formulator at Renewtra | Renewing Nutrition | Labels Without Lies |","comment","Building the most transparent label food and health supplements including plant based protein, oral sun protection, gut health and beyond. 

Our labels don’t lie! 

We do FOPL- Front Of Pack Labelling.
We give full access to the clincial studies and all ingredient dislosures on front of the pack.
We can do FOPL because of our unique formulation expertise and ingredient honesty. 

We choose to self regulate to empower the end consumer and create a sustainable ethical health business.","2024-12-31T08:56:17.769Z","Yes","urn:li:comment:(activity:7279724087365513218,7279782407514263552)","9ed3bd84e043654731f50e6cac9fb00b63f37cd08eba7837933d0462f3892e01","0","No","No","urn:li:activity:7279724087365513218","2b3da2282a076c94ed0fa3ce6a9b79733c9ce115a478cbda008a8d3e7a0aac20"
"Rishov","Mondal","Rishov Mondal","https://www.linkedin.com/in/rishov-mondal-2b4711168","Building myself.","comment","Building safe social skincare at duuet to help people find the right skincare in minutes, not years.","2024-12-31T08:48:02.927Z","No","urn:li:comment:(activity:7279724087365513218,7279780332000706560)","3eb2c4a8c675e73f5fa281544add3a7ca12783d28ff55a4805c382eba98de8b4","0","No","No","urn:li:activity:7279724087365513218","2b3da2282a076c94ed0fa3ce6a9b79733c9ce115a478cbda008a8d3e7a0aac20"
"Xavier","Nazareth","Xavier Nazareth","https://www.linkedin.com/in/xavier-nazareth","Finance Lead and Head of Strategic Business Partnerships | Growth Strategy | Supply Chain Finance | FMCG | Retail | SaaS","comment","Lets gooooooo","2024-12-31T08:34:04.021Z","No","urn:li:comment:(activity:7279724087365513218,7279776813369749505)","4559d2a6f00bd0eea24f2d4b6efa391188959cdff17d0b19f6dbb63edf161f73","0","No","No","urn:li:activity:7279724087365513218","2b3da2282a076c94ed0fa3ce6a9b79733c9ce115a478cbda008a8d3e7a0aac20"
"Vedaang","Prasad","Vedaang Prasad","https://www.linkedin.com/in/vedaangprasad","Transforming Emergency Care for Bharat","comment","Merry Health is building ""Uber"" for Ambulances and Emergency Care for Bharat, bringing hospitals and ambulances on one digital platform to save as many lives as possible!","2024-12-31T08:25:10.776Z","Yes","urn:li:comment:(activity:7279724087365513218,7279774576778092544)","dc74ddb5780f3c2516497f9852221685733657737a578060ab3c3313f5004b7a","0","No","No","urn:li:activity:7279724087365513218","2b3da2282a076c94ed0fa3ce6a9b79733c9ce115a478cbda008a8d3e7a0aac20"
"Prashant","Karhade","Prashant Karhade","https://www.linkedin.com/in/prashant-karhade-6a164410","Founder @ 1Step | Co-Founder @ Solabrix | Author of 7 books","comment","Dilip Kumar, In partnership with CoReCo Technologies Private Limited, I am building a health app called 1Step.

It is essentially a technology implementation of the concepts presented in the book Atomic Habits by James Clear, applied to the personal health improvement context. We have come up with 20 atomic habits which can improve one's health, and dramatically if these habits are stacked on top of each other. These habits together constitute the '1Step Approach' and belong to one of 3 categories: 1) Build a Solid Foundation, 2) Strengthen the Body, and 3) Strengthen the Mind.

There are a couple of neat GenAI use cases in this app which we are implementing right now and will be live in a couple of months. And of course, ML will be required to 'hyper-personalize' the '1Step Approach' for every user.

1Step has 3 modules: Learn, Do, and Track.
1) 'Learn' module contains self-paced courses, live courses, and expert talks.
2) 'Do' module contains atomic habits to improve one's health (10 to begin with) as well as online classes (3 to begin with).
3) 'Track' module contains ways to track the changes that people go through when they start making changes to their diet, exercise, and lifestyle.

We are launching on 6-Jan-2025.","2024-12-31T08:23:37.213Z","No","urn:li:comment:(activity:7279724087365513218,7279774184342249472)","a3328125b6cff9b6858cab9ca094249a83751785ce6043c1f9ce84b8d4919fb4","0","No","No","urn:li:activity:7279724087365513218","2b3da2282a076c94ed0fa3ce6a9b79733c9ce115a478cbda008a8d3e7a0aac20"
"Md","Azam Siddique","Md Azam Siddique","https://www.linkedin.com/in/md-azam-siddique-b01441165","Regulatory Affairs ,Clinical Research, Pharmacovigillence, Competitive intelligence,","comment","Interesting insight","2024-12-31T08:19:57.309Z","No","urn:li:comment:(activity:7279724087365513218,7279773262002147330)","0b73a990e41007155131df33a3fba48980c26092af6fc56d2993ce4b9ba8a31e","0","No","No","urn:li:activity:7279724087365513218","2b3da2282a076c94ed0fa3ce6a9b79733c9ce115a478cbda008a8d3e7a0aac20"
"Dr","Ashwani Garg","Dr Ashwani Garg","https://www.linkedin.com/in/dr-ashwani-garg-359b7818","Functional Medicine | Longevity | Chronic Disease Reversal | Brain Health I Autism I Mitochondrial Augmentation | Peptides | Regenerative Medicine","comment","To solve the problem, we need to understand what’s going wrong.
1. We are sick not because there are not enough doctors or technology is missing to bring people under redar of doctors.
2. Autism/ ADHD is a biochemical disorder in body not just merely a behavioural disorder 
3. Most chronic diseases are not genetic in nature that we should only rely on drugs 
4. Medical education is algorithmic training focused mostly on sickness care. No focus on understanding root cause of disease/ nutrition/ know how about body ability to regenerate and repair 
5. Drugs are good for emergency use not a solution for chronic illness 
6. Body is made out from nutrition. Macro nutrients are fats, proteins and phospholipids
7. Most chronic illnesses are rising due to dysfunction of mitochondrial health 

So kindly design solutions after you understand the problem. 
We can discuss specifics if interested for awareness","2024-12-31T08:19:23.268Z","No","urn:li:comment:(activity:7279724087365513218,7279773119223881728)","556ae5edab8ce7e3855bb35a8f2477837e26159dbd39d64f143a89c8661bee25","0","No","No","urn:li:activity:7279724087365513218","2b3da2282a076c94ed0fa3ce6a9b79733c9ce115a478cbda008a8d3e7a0aac20"
"Medblue","Innovations Pvt Ltd","Medblue Innovations Pvt Ltd","","456 followers","comment","We are building noninvasive (blood-free) diagnostic tools to bridge the diagnosis and long-term monitoring gap for various disease states, primarily targeting maternal and child health. ","2024-12-31T08:17:20.739Z","No","urn:li:comment:(activity:7279724087365513218,7279772605300006912)","3b1620d1b8690c45c840c3a79ad25e16d6cc7d9a28a4255a89c57856ea045bf5","0","No","No","urn:li:activity:7279724087365513218","2b3da2282a076c94ed0fa3ce6a9b79733c9ce115a478cbda008a8d3e7a0aac20"
"Amjad","Ali O N","Amjad Ali O N","https://www.linkedin.com/in/amjadalion","Entrepreneur & Product Leader | Operations @Playspots | Tech @SoftFruit Solutions | Growth @Pixel & Pepper | Driving Marketing Strategy & Innovation in Booking Solutions | Making Outdoor Sports Accessible Globally","comment","One of the biggest challenges we notice is how people lose interest in sports when they move to metro cities and start jobs. It’s a reality many professionals face— Dilip Kumar, you’ve mentioned multiple times how difficult it was to focus on health earlier in your career, before you start marathon.
At PlaySpots, we’re on a mission to make sports accessible and enjoyable for everyone because sports is the answer to this challenge. It supports physical fitness and plays a vital role in mental well-being, fostering healthier lifestyles across the board.
In 2024, we facilitated over 1 million games and are now exploring collaborations with corporates to offer sports game tokens/coupons for employees, encouraging them to stay active. By bringing sports back into daily life, especially in urban settings, we aim to inspire a healthier, more active India.
Looking forward to connecting with like-minded partners to make 2025 the year of impact!","2024-12-31T08:17:04.638Z","No","urn:li:comment:(activity:7279724087365513218,7279772537767567361)","9258c4064226dd64ece06c09363be87a2e962711dbf2540af553b2be5f3ceefa","0","No","No","urn:li:activity:7279724087365513218","2b3da2282a076c94ed0fa3ce6a9b79733c9ce115a478cbda008a8d3e7a0aac20"
"Karan","Birpali","Karan Birpali","https://www.linkedin.com/in/karan-birpali","Building Pukaar.ai | Antler | IIT Delhi","comment","Thanks Dilip Kumar for the opportunity 

We at Pukaar.ai   are leveraging AI to revolutionize infant care with cry analysis and pre-diagnosis assessments, detecting infections at an early stage.

Empowering parents and healthcare providers to save lives through timely intervention.","2024-12-31T08:16:17.194Z","Yes","urn:li:comment:(activity:7279724087365513218,7279772338773008384)","bd082812b88f8504ec333288dea2dbacb61d3a7413b8e4e9ac2dd5af9e01e796","0","No","No","urn:li:activity:7279724087365513218","2b3da2282a076c94ed0fa3ce6a9b79733c9ce115a478cbda008a8d3e7a0aac20"
"Kirthish","Jain","Kirthish Jain","https://www.linkedin.com/in/kirthisjain","I simplify clothing for people, brands, retailers. We show them the real picture on ground with honesty, impact, & accountability. Into Organic & Natural Dyed clothing with principles of Ahimsa Economy & Simple living.","comment","We at livbio are building healthy clothing and the right education for people to make a shift to simple living. 

We are solving textile pollution & over consumption. 

Happy new year. Hope every living being is safe and healthy 🙂","2024-12-31T08:15:18.283Z","No","urn:li:comment:(activity:7279724087365513218,7279772091686514688)","672fe4460b6e8f7f1d3ba23b3544a09dd3ebb09739edb84b774e1c99ba6fea8e","0","No","No","urn:li:activity:7279724087365513218","2b3da2282a076c94ed0fa3ce6a9b79733c9ce115a478cbda008a8d3e7a0aac20"
"Satvik","PUTI","Satvik PUTI","https://www.linkedin.com/in/satvikputi","Founder @Just Build It | Ambassador @Lovable | Athlete 🏃‍♂️","comment","Personalised nutrition & training for Indians living abroad. As of now, educating people in EU.","2024-12-31T08:05:14.955Z","No","urn:li:comment:(activity:7279724087365513218,7279769561145511937)","12dde7d8a10f146e4e168dbd009922da55c6d1ad88f42b292d9bc1f2f8b52935","0","No","No","urn:li:activity:7279724087365513218","2b3da2282a076c94ed0fa3ce6a9b79733c9ce115a478cbda008a8d3e7a0aac20"
"Iyyappan","S","Iyyappan S","https://www.linkedin.com/in/iyyappans14","Director of Data & AI | Enterprise AI Strategist | IIM Calcutta","comment","Following","2024-12-31T08:03:20.426Z","No","urn:li:comment:(activity:7279724087365513218,7279769080771854337)","4f662a576baa201b5b348693d9f174206f3e4882edec710371120333a259960f","0","No","No","urn:li:activity:7279724087365513218","2b3da2282a076c94ed0fa3ce6a9b79733c9ce115a478cbda008a8d3e7a0aac20"
"Subhojit","Bakshi (He / Him)","Subhojit Bakshi (He / Him)","https://www.linkedin.com/in/subhojit-bakshi-960960153","On a mission to leave a 😇 Happier, 🏞️ Greener and ⚕️ Healthier World, than I received it.","comment","We at Project Baala are eradicating period illiteracy and period poverty from the remotest and for the most vulnerable menstruating individuals. 1 Million reached across all states, 700 more to go.","2024-12-31T08:00:18.556Z","No","urn:li:comment:(activity:7279724087365513218,7279768317953748994)","110443fec8e80b5bafdc1de411338ec4037f8b7a7549fcd8127337a1e7eab100","0","No","No","urn:li:activity:7279724087365513218","2b3da2282a076c94ed0fa3ce6a9b79733c9ce115a478cbda008a8d3e7a0aac20"
"Ajay","Mittal","Ajay Mittal","https://www.linkedin.com/in/ajaymittal033","Nature-Based Carbon Projects | ESG for Business | Ex Director at EARTHDAY.ORG","comment","Fantastic thread, adding to the conversation. The 1.4 billion includes the homeless, and it's a stark reminder that health is not just about treatment, but also about humanity. My not-for-profit in Kolkata rescues over 400 people from the streets—abandoned, missing, victims of accidents or social evils. We offer treatment, rehab, and even care on the streets when needed. We're also working to build a hospice for those who are terminally ill. It's all about giving them dignity and a chance to heal","2024-12-31T07:58:48.210Z","No","urn:li:comment:(activity:7279724087365513218,7279767939019415552)","83edc647a394df3d3edde9031f6605ec73de27cffc4bf2be1c16ebc5bde5c946","0","No","No","urn:li:activity:7279724087365513218","2b3da2282a076c94ed0fa3ce6a9b79733c9ce115a478cbda008a8d3e7a0aac20"
"Dr","Praveen Venkatagiri","Dr Praveen Venkatagiri","https://www.linkedin.com/in/drpraveenvenkatagiri","Pediatric Health & Wellness Neonatal Intensive Care","comment","Children love HealthLand clinic ( HealthLand Clinics )  because it’s a magical world built just for them—a place where doctors and nurses become friends, and health check-ups feel like a visit to Disneyland. 

At HealthLand, we’re solving for what truly matters—making health fun and meaningful while promoting lifelong wellness. 

In just 4 months at our Whitefield center, over 1,200 families have trusted us. We provide comprehensive care, including pediatric consultations, therapy services, dental care, vision checks, nutrition guidance, and the HealthLand Passport for preventive screenings—laying strong foundations for every child’s health.

By listening to what families want and combining in-person and digital care, we’re reaching children everywhere, making preventive care accessible and engaging. 

Dr Deepika Ponnappa and I are building a trusted child health and wellness brand. We look forward to connecting with partners, customers, and investors to make 2025 impactful for children’s health in India!

Discover more about us and read feedback from our visitors on our website www.healthlandclinics.com and Instagram @healthlandclinics. 
https://youtu.be/Uc2F7En_jcc?feature=shared ","2024-12-31T07:55:03.217Z","No","urn:li:comment:(activity:7279724087365513218,7279766995330351104)","478fcc9f1542d9b841b2771f5007d4dc36b1969ffa51faf86e82a01d17a76ec1","0","No","No","urn:li:activity:7279724087365513218","2b3da2282a076c94ed0fa3ce6a9b79733c9ce115a478cbda008a8d3e7a0aac20"
"Vibesh","Karayil","Vibesh Karayil","https://www.linkedin.com/in/vibeshkarayil","AI Video Producer for businesses| I produce videos that stops scroll. Consultant for Businesses and Brands to leverage AI Video Content |Creative Partner at ImagineArt, GenVR, ThinkDiffusion, Sync.so and Vadoo AI","comment","Thanks Dilip Kumar. I am building Fitfoody which delivers ""Exercise instructions"" in multiple Indian languages. We have a MVP for Android and IOS will be launching in 2025. Investors /customers feel free to reach out directly via DM's.","2024-12-31T07:53:43.647Z","No","urn:li:comment:(activity:7279724087365513218,7279766661585375233)","967fc7e435623df8e067651d5ac6579a98f2ea19fb70997aa92e39dd9c47a262","0","No","No","urn:li:activity:7279724087365513218","2b3da2282a076c94ed0fa3ce6a9b79733c9ce115a478cbda008a8d3e7a0aac20"
"DINESH","RAMAN","DINESH RAMAN","https://www.linkedin.com/in/drdineshramanpt","Cofounder | Product Manager at Health Mudraa | Solution to Dr Google, Dr chatgpt | Clinical AI Scribe, EMR, EHR | Agile, Roadmap, Prioritization | B2C, B2B, SAAS | healthtech Expat | IIM | Digital Health Startups","comment","Haha why not 8 billion and Animals too? 

As a clinician i understand what is missing in healthcare and as a Tech person what can be done through technology 

We are providing Authentic health information platforms, information directly from verified doctors with Interstate and international medical Tourism facilities Dilip Kumar try healthmudraa.com 

Absolutely we are in early stage like ideation and MVP but vision for the product is really big. Planning for OYO like Aggregator for medical treatments","2024-12-31T07:42:55.718Z","Yes","urn:li:comment:(activity:7279724087365513218,7279763943978352640)","8bbbcff6d2bbcf7b512624cb4545b7108de38973caee7f6eb5e00945ab19b560","0","No","No","urn:li:activity:7279724087365513218","2b3da2282a076c94ed0fa3ce6a9b79733c9ce115a478cbda008a8d3e7a0aac20"
"Shivani","Narang","Shivani Narang","https://www.linkedin.com/in/shivani--narang","Burnout Recovery Coach ll Mindfulness Coach ll Founder","comment","Thanks for this Dilip! 
We are working in the space of integrated wellness. We bring non-clinical, natural and alternate therapies with a deep focus on Mental Health through Mindfulness. 

Idea is to focus on preventive wellness and invest in our wellbeing for a rainy day. 

Offerings: Mental Wellness interventions from workshops to EAP sessions and 1 on 1 coaching for clients.

Website: www.healingtogether.in","2024-12-31T07:28:01.113Z","No","urn:li:comment:(activity:7279724087365513218,7279760191728865280)","f4287354107ac1dcd7b89fd8cc9e8a6bd93f729a212d8ff91a977bfcc6807bba","0","No","No","urn:li:activity:7279724087365513218","2b3da2282a076c94ed0fa3ce6a9b79733c9ce115a478cbda008a8d3e7a0aac20"
"Sumeet","Dugar","Sumeet Dugar","https://www.linkedin.com/in/sumeetdugar","Actively looking for Opportunities in Health Insurance / Operations / Consulting","comment","Dilip Kumar

We at Vitraya are revolutionising how health claims are processed. With automation, systemic improvements and a healthy dose of AI, we are already handling upwards of 10% of India's private insurance claims. We have delivered significant upsides to the insurers and the patients both in direct savings, time saved and enhanced transparency.

2025 is going to bring in even faster processing (we are already under 100 seconds), increased trust and lower costs.","2024-12-31T07:24:08.709Z","No","urn:li:comment:(activity:7279724087365513218,7279759216955809792)","bebc8d5b23a8893082aaf3e9b6a342e882a4e95f8631fe9cc6ee7a60decbf4e9","0","No","No","urn:li:activity:7279724087365513218","2b3da2282a076c94ed0fa3ce6a9b79733c9ce115a478cbda008a8d3e7a0aac20"
"Dr.","Anupriya L.","Dr. Anupriya L.","https://www.linkedin.com/in/dr-anupriyalilhori","Co-Founder at Preva Care | ECFMG Certified | MBBS | 95th Percentile in STEP 3 | Expert in Internal Medicine & Patient Care | Specialising in Advanced Diagnostics and Multidisciplinary Collaboration","comment","Dilip Kumar At preva.care, we empower individuals and corporates with preventive health check-ups while also supporting the management of chronic health conditions. Our tailored solutions prioritize early risk identification and long-term health management, ensuring better outcomes and a healthier India in 2025 and beyond!","2024-12-31T07:19:14.426Z","No","urn:li:comment:(activity:7279724087365513218,7279757982643507205)","247231704c666c3288c6a8a6edc121e07dcb3e5294b1021e5f7970bed7f0aeee","0","No","No","urn:li:activity:7279724087365513218","2b3da2282a076c94ed0fa3ce6a9b79733c9ce115a478cbda008a8d3e7a0aac20"
"Hemant","G.","Hemant G.","https://www.linkedin.com/in/gaurh","Engineering Enthusiastic","comment","Dilip Kumar Yupmedi is an innovative healthcare platform that empowers doctors and labs to connect with patients through a hybrid model, fostering lasting relationships. Our solution streamlines chronic disease management and enhances patient care with personalized, long-term packages.
In our long-term packages, patients or remote healthcare professionals can feed medical observations into the app, enabling continuous monitoring and expert suggestions from in-house or remote specialists.
What sets Yupmedi apart is its unique feature that allows healthcare professionals and labs to create their own branded portals. These portals serve as dedicated websites where they can list services, offer packages, and manage appointments seamlessly.
With Yupmedi, healthcare is more than just accessible—it’s personal, proactive, and future-ready.
hemant@appbuddy.in
www.yupmedi.com ","2024-12-31T07:15:10.206Z","No","urn:li:comment:(activity:7279724087365513218,7279756958310572032)","aa518f8c7359cd18b67d5898745627b1f8ffa1d1ffe0095a2669b5c7f80cc6e7","0","No","No","urn:li:activity:7279724087365513218","2b3da2282a076c94ed0fa3ce6a9b79733c9ce115a478cbda008a8d3e7a0aac20"
"Harshit","Gohil","Harshit Gohil","https://www.linkedin.com/in/harshitgohil","Extending Health Span with Ayurceuticals | 365veda | XLRI | Longevity India","comment","1.4B Indians do not know the deficiencies, chronic conditions or vulnerability to major diseases, 5-10-15 years from now.

Building a predictive health platform for early detection, timely diagnosis and preventive wellness, powered by 365veda AI","2024-12-31T07:01:12.263Z","No","urn:li:comment:(activity:7279724087365513218,7279753443727044608)","c7c163db0b6d3d6bdf3367f7e19d9554dfb5a42bb69945c7465905ac903ed4bc","0","No","No","urn:li:activity:7279724087365513218","2b3da2282a076c94ed0fa3ce6a9b79733c9ce115a478cbda008a8d3e7a0aac20"
"SATHISH","KUMAR L","SATHISH KUMAR L","https://www.linkedin.com/in/sathish-kumar-l-icfcoach","Founder & CEO at Changepreneurs LLP, Founder - CP MAATRAM (Personal Growth Community in Tamil), Founder - Changepreneurs Podcast, Founder - MAC (Maatram Academy of Communication) & Gratitude Installation Coach","comment","We are a team of 12 coaches, united to drive powerful positive change through our podcast Changrepreneurs. Look forward to connecting with folks who are driving change. You are phenomenal Dilip Kumar. Keep up your great work in 2025 and beyond. Best.","2024-12-31T06:59:41.482Z","No","urn:li:comment:(activity:7279724087365513218,7279753062959734784)","bce9e5fb189a7d46c15837c9cfe1f9e741dc7aaf2369785d252a7baa743dd9f5","0","No","No","urn:li:activity:7279724087365513218","2b3da2282a076c94ed0fa3ce6a9b79733c9ce115a478cbda008a8d3e7a0aac20"
"Dr","Faiz Mohamed","Dr Faiz Mohamed","https://www.linkedin.com/in/dr-faiz-mohamed-ba7555144","Building Soocher Health. Neurorehab doctor at Thanal.","comment","At Soocher, Every consultation lasts at least 15 minutes, giving you enough time to have a real conversation with doctors. Average consultation time in India is 2 minutes and we are here to change that with telemedicine!! A cultural shift- that's the solution to India's healthcare problems.","2024-12-31T06:56:54.957Z","No","urn:li:comment:(activity:7279724087365513218,7279752364503285761)","09d9284a2dca517fc81be656660b4778e2bd969aa31b88a344f6661fc2e8e3e9","0","No","No","urn:li:activity:7279724087365513218","2b3da2282a076c94ed0fa3ce6a9b79733c9ce115a478cbda008a8d3e7a0aac20"
"Shivnath","B.","Shivnath B.","https://www.linkedin.com/in/shivnath-badri","Entrepreneur | Sports Science | Health","comment","Hey Dilip Kumar ,  we are bridging the gap between qualified Exercise Scientists and individuals seeking to improve their fitness by providing smart Comprehensive Physical Fitness reports based on routine fitness assessments.","2024-12-31T06:53:22.741Z","Yes","urn:li:comment:(activity:7279724087365513218,7279751474404831232)","7336187f5ad65e5e90a5d8494e01d6c06c4b796a8cbf9799b56132c4f72f5c1f","0","No","No","urn:li:activity:7279724087365513218","2b3da2282a076c94ed0fa3ce6a9b79733c9ce115a478cbda008a8d3e7a0aac20"
"Dr.","Tanish Shah (PT)","Dr. Tanish Shah (PT)","https://www.linkedin.com/in/dr-tanish-shah","Digitalising Exercise Prescriptions | Starting up SAAS in Healthcare| Helping Physical Therapists adopt Technology in their practice.","comment","Thank you Dilip Kumar for this. Physiqcian is a digital exercise prescription tool for everyone to prescribe exercises to their patients/clients. It is widely used by Doctors, physiotherapists, gym trainers, yoga therapists and many other fraternities. The unique thing about Physiqcian is that it is present in multiple Indian regional languages helping us to reach the 65% rural population(90 cr).
","2024-12-31T06:53:12.502Z","No","urn:li:comment:(activity:7279724087365513218,7279751431463555072)","59a904674ba5a6b8f7b972ff5df7b3f19869b1a35f0bfab7b1e59a9d4fa2ca8c","2","No","No","urn:li:activity:7279724087365513218","2b3da2282a076c94ed0fa3ce6a9b79733c9ce115a478cbda008a8d3e7a0aac20"
"Abhishek","Mohan","Abhishek Mohan","https://www.linkedin.com/in/mohanabhishek","Founder | Husband to a superwoman | Proud 2x #girldad | Medical Cannabis | Phase1 clinical trial| Formulation Femme, a global pioneer in the quest to provide a clinically backed solution for Dysmenorrhea.","comment","Solving for dysmenorrhea globally. Efficacy, Form, formulation and cost considered to include ALL women, especially the global south. 2025 will be about taking our solutions abroad and innovate at the very front of the industry, globally. Enough “cheaper” from India, time to export “better”. 💪","2024-12-31T06:48:48.290Z","Yes","urn:li:comment:(activity:7279724087365513218,7279750323273875456)","676b43f98246a53f78ccbd55a33df81032945161bc1e9390fcc1ff80d020e3d2","0","No","No","urn:li:activity:7279724087365513218","2b3da2282a076c94ed0fa3ce6a9b79733c9ce115a478cbda008a8d3e7a0aac20"
"Anirban","Ghosh","Anirban Ghosh","https://www.linkedin.com/in/anirban-ghosh-8298a13","LinkedIn Top Real Estate Voice ¶ Senior VP Sales & Marketing¶ AI Leader ¶ Digital Marketer ¶ ISB ¶ NIT Trichy ¶ Shapoorji Pallonji Real Estate ¶ Sobha Ltd ¶ Salarpuria Sattva ¶ Mfar ¶Professional Fitness Running Coach ¶","comment","Your call to action resonates deeply, Dilip. The potential for innovation in health care is immense, and it’s inspiring to see entrepreneurs rallying for such a vital cause. Excited to see what impactful solutions emerge as we work together towards a healthier India in 2025.","2024-12-31T06:46:06.047Z","No","urn:li:comment:(activity:7279724087365513218,7279749642777411584)","2db41db77fcdad682e60d5ebf5f2656cc6dbfb5c4f9b28a4e1260eaae1eabc12","0","No","No","urn:li:activity:7279724087365513218","2b3da2282a076c94ed0fa3ce6a9b79733c9ce115a478cbda008a8d3e7a0aac20"
"Adarsh","Kashyap","Adarsh Kashyap","https://www.linkedin.com/in/adarsha-ranganath-278b46104","Founder (Agri Research and Nutritional food) ""Innovative Entrepreneur & F And B | Climate Warrior Through Social Products | Transforming Ideas into Success | Building Ventures from Scratch | Sold Company for 4.5M""","comment","As an Independent Researcher I always look for Synergies in Idea. Just as Nature of Earth.
I am into Health + fitness n Climate at once. A bit Social enterprise. But it can  make good profit.
It's a really  rough journey more than a Decade for me but not leaving the path until my mind is sound.
Launching this summer!","2024-12-31T06:42:51.229Z","No","urn:li:comment:(activity:7279724087365513218,7279748825651494913)","704b1ac673b88fb8e37fd2eb3ad5b68119cd5006c9df1b2aad8745af1a4c4431","0","No","No","urn:li:activity:7279724087365513218","2b3da2282a076c94ed0fa3ce6a9b79733c9ce115a478cbda008a8d3e7a0aac20"