First Name,Last Name,Full Name,Profile URL,Headline,Type,Comment,Timestamp,Is Edited,Comment URN,Comment Hash,Replies Count,Is Post Author,Has Reply From Post Author,Post URN,Post Hash
"Aditya","Mendonça","Aditya Mendonça","https://www.linkedin.com/in/adityamendonca","COO, Raintree Media, Building The Good City - India’s Viksit Bharat Narrative across Media, Culture & Sport | Diabetic Triathlete | Open to Collaborations.","comment"," Fascinating collaboration - Congratulations Deepthi Bopaiah Nandan Kamath GoSports Foundation Dilip Kumar Nithin Kamath and Rainmatter by Zerodha fascinating to see all the innovation in Bengaluru #innovatebengaluru ","2024-09-14T06:46:51.928Z","No","urn:li:comment:(ugcPost:7240276642466521088,7240611945731514368)","5cd46bb148aeab43fe16a062e69731442ecc51013bebfce3be5553b279217bf1","0","No","No","urn:li:ugcPost:7240276642466521088","4796032133663f5149a65efa554604a8942691d85094735c625e2cf720aa2ed1"
"Abey","Rajan","Abey Rajan","https://www.linkedin.com/in/abeyprajan-physio","Founder & Head of Sports Rehab @Insync","comment","It was great to witness Rainmatter by Zerodha  contribution to Indian sports ecosystem 👏👏","2024-09-13T13:55:13.565Z","No","urn:li:comment:(ugcPost:7240276642466521088,7240357358348947456)","f398fe515e1fbd1229ae7e7b3f756d9bfe715c86c89800077cfca8ef5a616099","0","No","No","urn:li:ugcPost:7240276642466521088","4796032133663f5149a65efa554604a8942691d85094735c625e2cf720aa2ed1"
"MARK","DE MENEZES","MARK DE MENEZES","https://www.linkedin.com/in/mark-de-menezes-2054ab1aa","You should DISSTROY HYDRATION Right Now.","comment","We need to build the Grassroots. It's very weak.","2024-09-13T13:02:56.511Z","No","urn:li:comment:(ugcPost:7240276642466521088,7240344200586641408)","d7029eb33ce50f15a2c892fb78e8f7460756126e2ed2e9c1f77e1dce14b79d42","0","No","No","urn:li:ugcPost:7240276642466521088","4796032133663f5149a65efa554604a8942691d85094735c625e2cf720aa2ed1"
"Nandan","Kamath","Nandan Kamath","https://www.linkedin.com/in/nandankamath","Lawyer. Sports enthusiast.","comment","Thank you Dilip Kumar. Faster, Higher, Stronger - Together.","2024-09-13T09:45:25.648Z","No","urn:li:comment:(ugcPost:7240276642466521088,7240294494464565248)","87201291d0c1f83190516902f725dbe2e669e02a4e9568775e5cf6b6ce19bc6e","0","No","No","urn:li:ugcPost:7240276642466521088","4796032133663f5149a65efa554604a8942691d85094735c625e2cf720aa2ed1"
"Rohit","Ramesh","Rohit Ramesh","https://www.linkedin.com/in/rohit-ramesh","Helping businesses grow organically through SEO, Social Media & Content Marketing | WordPress Website Creator | 7+ yrs driving visibility & engagement that converts","comment","Dilip Kumar

Your message reflects an important and inspiring perspective. 

Encouraging and supporting athletes in their journey, both in success and in times of struggle, is essential to building a robust sports culture in India. 

It's true that consistent support, not just financially but emotionally, can make a huge difference in athletes' lives. 

By recognizing and celebrating even the smaller milestones, we can create a strong ecosystem that fosters growth, resilience, and determination.

Your partnership with GoSports Foundation is a significant step in the right direction. 

Supporting organizations that focus on athlete development and creating long-term frameworks for their success can truly help India rise on the global sports stage. 

It's wonderful to see initiatives like Rainmatter by Zerodha contributing to this cause, and this collective effort will certainly help future athletes make the nation proud.

Cheering for Indian athletes in every step, whether they win or lose, will build a more inclusive and passionate sports community, and seeing the Indian flag shine globally brings immense pride to the country. 

Keep up the excellent work in pushing this forward!","2024-09-13T09:24:45.265Z","No","urn:li:comment:(ugcPost:7240276642466521088,7240289291921203200)","055f4ac7449eea6479a2407722e19c8b718bfa1c0b45840baaa4ddac5c4d232e","0","No","No","urn:li:ugcPost:7240276642466521088","4796032133663f5149a65efa554604a8942691d85094735c625e2cf720aa2ed1"
"Tanishq","Mahendru","Tanishq Mahendru","https://www.linkedin.com/in/tanishq-mahendru","Building Courtly","comment","Absolutely, Dilip! Here's to playing our part in contributing to this vision with what we’re building. It’s exciting to be part of something that can drive real change and create a lasting impact for India’s future!","2024-09-13T08:56:27.338Z","No","urn:li:comment:(ugcPost:7240276642466521088,7240282170299138049)","bdee5a0c515b0fe76d09c025c4fe0bbdee50deb88b9e04208daf1f97052ee6ce","0","No","No","urn:li:ugcPost:7240276642466521088","4796032133663f5149a65efa554604a8942691d85094735c625e2cf720aa2ed1"
"Sahil","Madan","Sahil Madan","https://www.linkedin.com/in/sahil-madan-48b62b62","Health & Fitness Entrepreneur | Athlete & Coach living with Type 1 Diabetes | Driving Innovation in diabetes & lifestyle health.","comment","Glad to see this collaboration! Congratulations 🥳 Deepthi Bopaiah GoSports Foundation","2024-09-13T08:53:17.279Z","No","urn:li:comment:(ugcPost:7240276642466521088,7240281373133918209)","b95149d7efb5dd4a9fb5843368721ef864171a4df3a1a498d1f77d3decc43882","1","No","No","urn:li:ugcPost:7240276642466521088","4796032133663f5149a65efa554604a8942691d85094735c625e2cf720aa2ed1"
"Sudhanshu","P.","Sudhanshu P.","https://www.linkedin.com/in/sudpal2089","Solution Architect at Ericsson with expertise in Microsoft Full stack dev | Dot net Core | Dot Net | Azure | Angular | JavaScript | JASMINE | AWS | kafka | Kubernetes | Docker | NoSQL |","comment","Amazing work Dilip Kumar 👏 ","2024-09-13T08:49:58.853Z","No","urn:li:comment:(ugcPost:7240276642466521088,7240280540874993664)","46cb422789e53dbcf7e67c3aab06bfc6b65968cc5543d1cc7e67cf26590733ea","0","No","No","urn:li:ugcPost:7240276642466521088","4796032133663f5149a65efa554604a8942691d85094735c625e2cf720aa2ed1"
"Nivruti","Gala","Nivruti Gala","https://www.linkedin.com/in/nivrutigalaghostwriter","LinkedIn Ghostwriter and Personal Branding Strategist || Building profiles your competitors screenshot and send to their teams saying ‘why don’t we sound like this 👀|| Ghostwriting with strategy, personality and punch💪","comment","Way to go for Indian sports..","2024-09-13T08:44:18.119Z","No","urn:li:comment:(ugcPost:7240276642466521088,7240279111733067777)","3f4a28a342aae1bc4096301feb64859fc1ec7599fe63bf92353bc1675b5debbb","0","No","No","urn:li:ugcPost:7240276642466521088","4796032133663f5149a65efa554604a8942691d85094735c625e2cf720aa2ed1"