First Name,Last Name,Full Name,Profile URL,Headline,Type,Comment,Timestamp,Is Edited,Comment URN,Comment Hash,Replies Count,Is Post Author,Has Reply From Post Author,Post URN,Post Hash
"Rahul","Pabreja","Rahul Pabreja","https://www.linkedin.com/in/rahul-pabreja","Building Organic Retail - The Farmers’ Store, Greenheart; in Mumbai and Dubai respectively. Also part of Coral Telecom Limited; India’s leading Make-in-India manufacturer of communication networks and 5G.","comment","Thanks for that, I keep wondering when I see all these Organic brands pitching me to be in my store - and they have FAT founders. Or Founders who dont even know what their product is actually good for as they have never understood the problem it can actually solve. LOL","2024-03-27T10:38:06.260Z","No","urn:li:comment:(activity:7175723731808309248,7178701813880156161)","21af256281210153ab2416a94b6623b348044bb9dd412453e81a73b7cd56efec","0","No","No","urn:li:activity:7175723731808309248","566884a11f27d50dae9b58b0a0a803b890fb5107e2724114e8a61a8548e01009"
"Ritik","Gupta","Ritik Gupta","https://www.linkedin.com/in/-ritik-gupta-","Founder & CEO at Maangler | Making Learning Less Painful","comment","Being a healthy founder sets the tone for your team and reflects dedication to your mission. ","2024-03-21T19:44:47.399Z","No","urn:li:comment:(activity:7175723731808309248,7176665064635068418)","36509f2d99ff8f820784ba6fdb8f0775ad8c8098e66953a5cd4c11ffc68c389a","0","No","No","urn:li:activity:7175723731808309248","566884a11f27d50dae9b58b0a0a803b890fb5107e2724114e8a61a8548e01009"
"Deshna","Suryanarayan","Deshna Suryanarayan","https://www.linkedin.com/in/deshna-suryanarayan-9a4747136","Building markets for Agritech and Climatech enterprises","comment","Oshin Anna Shaji Sonal Raj","2024-03-21T17:59:07.094Z","No","urn:li:comment:(activity:7175723731808309248,7176638471468462080)","d5b8dbb7cd934af052c6133952e31cbaef03cac0358d51c52bdcedc6fea9b9fb","0","No","No","urn:li:activity:7175723731808309248","566884a11f27d50dae9b58b0a0a803b890fb5107e2724114e8a61a8548e01009"
"Amit","Gupta","Amit Gupta","https://www.linkedin.com/in/amit-gupta-72813140","Founder, FitChefAmit | Health Educator | XLRI & Teach For India Alum | 1x Full Ironman & 3× Half Ironman Finisher | On a mission to make healthy eating fun for kids & easy for parents","comment","Dilip Kumar  very well said. In fact in my entrepreneurial journey I  have seen consumers trusting our products because I myself stay fit by participating in triathlons. We also do  nutrition awareness workshops which further strengthen our customers' trust in us. In fact, even as a customer, I myself avoid consuming food items from brands whose founders look unfit. This realisation was somewhere back in my head but glad you put it out straight.","2024-03-21T07:57:55.270Z","No","urn:li:comment:(activity:7175723731808309248,7176487175272689665)","f5f266a20e02c0b82b26dcd6e52b77f250aff5ba4116b9343782c966126a8a98","0","No","No","urn:li:activity:7175723731808309248","566884a11f27d50dae9b58b0a0a803b890fb5107e2724114e8a61a8548e01009"
"Madhur","Anand","Madhur Anand","https://www.linkedin.com/in/madhur-anand","Works at Moodforest.co | The Science of Reset","comment","My father (ex-drug discovery scientist) - used share an insider joke of pharma industry:
""Marz bhi zinda rehna chahiye, aur mariz bhi""
The patient should survive, but also the disease. ","2024-03-21T05:53:07.282Z","No","urn:li:comment:(activity:7175723731808309248,7176455768374751232)","b4233d93dc2e20eef22ef16f1af3d822967da0831a50b6bb142e023f64cab25b","0","No","No","urn:li:activity:7175723731808309248","566884a11f27d50dae9b58b0a0a803b890fb5107e2724114e8a61a8548e01009"
"Yatin","Shriwardhankar","Yatin Shriwardhankar","https://www.linkedin.com/in/yshriwardhankar","Founder at Spocademy | Babson MBA","comment","Completely agree with you, Dilip, that it's great to have an investor who truly walks the talk alongside you, but do you think it's an absolute necessity?

Asking because we, Spocademy, are a sportstech startup and are planning to start reaching out to investors soon. Your thoughts would be a helpful starting point. ","2024-03-20T05:18:10.725Z","No","urn:li:comment:(activity:7175723731808309248,7176084586911703042)","3e17f39db617ef53c63b40858812db0f0f4b867690d73dbb23ce4325920b1ce4","0","No","No","urn:li:activity:7175723731808309248","566884a11f27d50dae9b58b0a0a803b890fb5107e2724114e8a61a8548e01009"
"Eashita","Maheshwary","Eashita Maheshwary","https://www.linkedin.com/in/eashitam2025","Building a strong Consumer & Xport Focus at Razorpay Rize 🚀 I Everything Community, Growth & Partnerships | 3x Founder","comment","Good health and overall fitness should anyway be seen as a necessity to function better irrespective of one's profession. But yes, for founders building in this space, you can't choose to build in a category of health and be unfit (not thin or well shaped but fit). Because then the conviction of building is often coming from the current health industry data rather than a belief in what you're building. 

P.S.- +1 on unhealthy f&b at events. Often gone home and eaten dinner while at events I lived on fresh lime soda. ","2024-03-20T02:32:00.822Z","No","urn:li:comment:(activity:7175723731808309248,7176042770107686912)","a78f53c1ea24c69ffac1558b66fcfe738c81641a1d770941231af9933764ec29","0","No","No","urn:li:activity:7175723731808309248","566884a11f27d50dae9b58b0a0a803b890fb5107e2724114e8a61a8548e01009"
"Dr","Umesh Wadhavani","Dr Umesh Wadhavani","https://www.linkedin.com/in/drumeshwadhavani","A Corporate Wellness Coach making health fun and practical 🏥| Corporate Speaker 🎤 | IG-173k ⭐️| Sindhi IG- 59K 🌟 | YouTube - 184k ✅","comment","Very intresting and insightful post!","2024-03-19T16:01:56.201Z","Yes","urn:li:comment:(activity:7175723731808309248,7175884206034587648)","606f0f4b150eb42a1579eefe693734dea08f3e554e479990d531a4f4d22f8b54","0","No","No","urn:li:activity:7175723731808309248","566884a11f27d50dae9b58b0a0a803b890fb5107e2724114e8a61a8548e01009"
"Anand","Goud","Anand Goud","https://www.linkedin.com/in/dba-anandgoud","Amazon Tech PM | 15+ exp | Led business of 50M+ in Cross border | E-commerce expert | Insights helped 20M+ savings | AI Evangelist | 400+ mentoring sessions on Topmate","comment","Completely agree on Walk the talk for founder. But does the founder have a liberty or choice to choose an investor too who aligns with walk the talk culture.

Well if you get one nothing like it but can founders wait to find such investors at the cost of business impact?","2024-03-19T15:19:50.426Z","No","urn:li:comment:(activity:7175723731808309248,7175873612166361089)","e678563604704e4c69320756eb1edca7fdf8a4272ceaf8590842bccbda684f00","0","No","No","urn:li:activity:7175723731808309248","566884a11f27d50dae9b58b0a0a803b890fb5107e2724114e8a61a8548e01009"
"Anand","Goud","Anand Goud","https://www.linkedin.com/in/dba-anandgoud","Amazon Tech PM | 15+ exp | Led business of 50M+ in Cross border | E-commerce expert | Insights helped 20M+ savings | AI Evangelist | 400+ mentoring sessions on Topmate","comment","Completely agree on Walk the talk for founder. But does the founder have a liberty or choice to choose an investor too who aligns with walk the talk culture.

Well if you get one nothing like it but can founders wait to find such investors at the cost of business impact? ","2024-03-19T15:19:36.726Z","No","urn:li:comment:(activity:7175723731808309248,7175873554704470019)","507e86763910ff4fa86786da19e7a487eae03241e693558ae3de0c691658aaf3","0","No","No","urn:li:activity:7175723731808309248","566884a11f27d50dae9b58b0a0a803b890fb5107e2724114e8a61a8548e01009"
"Jayant","Ghosh","Jayant Ghosh","https://www.linkedin.com/in/jayantghosh","From Scaling Businesses to Leading Transformation | Sales, Growth, GTM & P&L Leadership | SaaS, AI/ML, IoT | CXO Partnerships | Building Future-Ready Businesses","comment","I appreciate the emphasis on trust in the health industry, but I'm sceptical about the connection between a founder/VC s physical appearance and the trustworthiness of their product. Many factors contribute to someone's health and fitness, and it's unfair to assume that someone who may not look traditionally fit or healthy is incapable of creating a reliable and effective health product. I think it would be more valuable to focus on the product's research, testing, and scientific backing rather than the appearance of the founder/VC.","2024-03-19T12:25:53.539Z","No","urn:li:comment:(activity:7175723731808309248,7175829836689457152)","5ae18ffd93c601453fe94c72396416727fe45add40352986892906dbd286c701","0","No","No","urn:li:activity:7175723731808309248","566884a11f27d50dae9b58b0a0a803b890fb5107e2724114e8a61a8548e01009"
"Sangeeta","Bhalla","Sangeeta Bhalla","https://www.linkedin.com/in/sangeeta-bhalla-3000bct","Founder at Anugnya Holistic Care I Founder at 3000BC Therapeutics I Energy Healer I Therapeutic Aromatherapist I Energy Healing Instructor I Artist","comment","Thanks Dilip for pointing to this discrepancy in action and speech; and for underlining our experience as a health & wellness start up. In our experience VCs and the investor community talk about supporting 'innovation' and 'make in India', 'value products' and 'women empowerment'. But there is no heft behind these now hollowed out  phrases. 
So we chug along ... ","2024-03-19T11:57:07.929Z","No","urn:li:comment:(activity:7175723731808309248,7175822598956621824)","53dc085322fdfa413dbd22ccbcf8f0b7da9c70fe335f29eeb7fa84f602e4358d","0","No","No","urn:li:activity:7175723731808309248","566884a11f27d50dae9b58b0a0a803b890fb5107e2724114e8a61a8548e01009"
"Shrey","Jain","Shrey Jain","https://www.linkedin.com/in/shrey-jain-a150aab2","Founder @HealthCred | Forbes Asia 30U30","comment","I liked the fact that you mentioned 'walk the talk'.

Because, without the knowledge of that industry, it will be very difficult to solve the ground level problems.

Dilip","2024-03-19T11:23:29.132Z","No","urn:li:comment:(activity:7175723731808309248,7175814131508232192)","77d609670bcd6ad829868e98406054449b678f5f025946a609cfb37c8e63fe39","0","No","No","urn:li:activity:7175723731808309248","566884a11f27d50dae9b58b0a0a803b890fb5107e2724114e8a61a8548e01009"
"Sunder","Nagesh Kamapantula","Sunder Nagesh Kamapantula","https://www.linkedin.com/in/sundernagesh","Guarding Software from bugs | Worked at multiple start-ups | Endurance athlete: Currently chasing a BQ | Penchant for Writing","comment","Thank you for sharing these insights Dilip..","2024-03-19T11:18:40.326Z","No","urn:li:comment:(activity:7175723731808309248,7175812920172261376)","5514cc3d2e9fb03af03cba893d9fc5a22634985692a1751f9ddeeca3f1ebcd13","0","No","No","urn:li:activity:7175723731808309248","566884a11f27d50dae9b58b0a0a803b890fb5107e2724114e8a61a8548e01009"
"Kuntal","Malia","Kuntal Malia","https://www.linkedin.com/in/kuntalmalia","Chief AI & Data Officer | Retail, Consumer & Ecommerce AI Transformation | AI Strategy, GenAI at Scale, ML Products, Analytics | Silicon Valley & India | Fast Company ME Top 50 AI Leader","comment","Interesting ! Reminds me how I felt when I saw an unfit trainer at a gym and walked out. I do feel walking the talk on health is an evolving journey as we learn more about what affects us. Today more people are talking about the vital role that sleep plays in our health and longevity - often at conflict in our hustle culture :).  ","2024-03-19T11:03:47.329Z","No","urn:li:comment:(activity:7175723731808309248,7175809174671421440)","e6a6f64f621b32fac0eda0c3ab710bf31aca31d8d0280f119f03508f8d9f02c1","0","No","No","urn:li:activity:7175723731808309248","566884a11f27d50dae9b58b0a0a803b890fb5107e2724114e8a61a8548e01009"
"Kiran","Jose","Kiran Jose","https://www.linkedin.com/in/kiran-jose-635a671b6","Growth-Focused Digital Marketer | MSc in Digital Marketing, Dublin City University","comment","Hey! if you're hiring, I suggest checking out Instahyre (https://bit.ly/44t3jVH).","2024-03-19T10:51:21.859Z","No","urn:li:comment:(activity:7175723731808309248,7175806047939350528)","db5f3a3ccec52cfeefc0909700dcffd212803164c9bd8e44d8a71de882946772","0","No","No","urn:li:activity:7175723731808309248","566884a11f27d50dae9b58b0a0a803b890fb5107e2724114e8a61a8548e01009"
"Anup","Khandelwal","Anup Khandelwal","https://www.linkedin.com/in/ca-anup-khandelwal","Director | BDO I IIT Bombay-Washington University St. Louis Executive MBA, 2025-26 candidate | VC Fellow I Ex-EY & BFL | CA | Tax Technology | Start-up Due Diligence | Bookworm 📚 |Ultra Marathon runner 🏃‍♂️","comment","Bang on point boss!!","2024-03-19T10:41:48.829Z","No","urn:li:comment:(activity:7175723731808309248,7175803644477399040)","34a6f233b551e1f2c5ac1eb62a9e37de4a3e59f1304d36bd854d379aa3e5c483","0","No","No","urn:li:activity:7175723731808309248","566884a11f27d50dae9b58b0a0a803b890fb5107e2724114e8a61a8548e01009"
"Abhishek","Mohan","Abhishek Mohan","https://www.linkedin.com/in/mohanabhishek","Founder | Husband to a superwoman | Proud 2x #girldad | Medical Cannabis | Phase1 clinical trial| Formulation Femme, a global pioneer in the quest to provide a clinically backed solution for Dysmenorrhea.","comment","Word","2024-03-19T09:45:48.599Z","No","urn:li:comment:(activity:7175723731808309248,7175789550655463424)","a237142d352193e9f3069d524549166e7c954da91d09b50e885d42dd324cebeb","0","No","No","urn:li:activity:7175723731808309248","566884a11f27d50dae9b58b0a0a803b890fb5107e2724114e8a61a8548e01009"
"Megha","Mookim","Megha Mookim","https://www.linkedin.com/in/meghamookim","AI Product & Solutions leader | Customer engagement, consent, & identity specialist | CDP, CRM, MDM | ex-EY consulting, IDFC bank tech | IIM Kozhikode","comment","I like this. Very candid, and true. Don’t build things if you aren’t an expert or true believer in what you’re building. Don’t partner with others who aren’t either experts or believers themselves. VCs and investors are one thing, but even employees and cofounders, for that matter.","2024-03-19T09:30:02.884Z","No","urn:li:comment:(activity:7175723731808309248,7175785584035020800)","ef517fccbbf427e20d270ef42875370a252c2ac053f15ed08a10bfcb6a48ff52","0","No","No","urn:li:activity:7175723731808309248","566884a11f27d50dae9b58b0a0a803b890fb5107e2724114e8a61a8548e01009"
"Krishna","Kumar Soni","Krishna Kumar Soni","https://www.linkedin.com/in/krishna-kumar-soni","AI-SaaS-Logistics | Working in Transport | Vibecoding since 2022","comment","This is unlike what happens in case of Indian Yoga teachers. I know so many Yoga teachers who don't look fit, have a paunch and are still very flexible. ","2024-03-19T09:15:50.390Z","No","urn:li:comment:(activity:7175723731808309248,7175782008415993857)","1c0b1b77e235c44a7da2991ad51702941fbdabbde5295b4aeaf8a489cf9d1845","2","No","No","urn:li:activity:7175723731808309248","566884a11f27d50dae9b58b0a0a803b890fb5107e2724114e8a61a8548e01009"
"Senthil","Kumaran","Senthil Kumaran","https://www.linkedin.com/in/senthilkumaran143","Leader,CFO in Startups, D2C & Growth","comment","Well said facts","2024-03-19T08:46:19.462Z","No","urn:li:comment:(activity:7175723731808309248,7175774580605599744)","1f6ed7d3ff4f3b485ac0a56f401bb329eeac5241e4446f9c29a82e6ab082153c","0","No","No","urn:li:activity:7175723731808309248","566884a11f27d50dae9b58b0a0a803b890fb5107e2724114e8a61a8548e01009"
"Karan","Bhagat","Karan Bhagat","https://www.linkedin.com/in/mekaranbhagat","Founder @ Gentle Beast (GentleBeast.in). Trying to level up India's health & fitness standards.","comment","Already on that path. Been 10 years even when I had no idea that one day I will be creating a product in this same industry.

Thanks for the investor guidelines as well, much needed. Have already come across some like that.","2024-03-19T08:25:50.715Z","No","urn:li:comment:(activity:7175723731808309248,7175769426867150848)","5a79516ea196566b2dbe314c6bb1274f8a71d14d7ab4687829d91917029a5174","1","No","Yes","urn:li:activity:7175723731808309248","566884a11f27d50dae9b58b0a0a803b890fb5107e2724114e8a61a8548e01009"
"Satvik","PUTI","Satvik PUTI","https://www.linkedin.com/in/satvikputi","Founder @Just Build It | Ambassador @Lovable | Athlete 🏃‍♂️","comment","Very aligned on this and thanks for talking about it because choosing the right partners is clear now.","2024-03-19T08:02:25.407Z","No","urn:li:comment:(activity:7175723731808309248,7175763532578197506)","04b29e3b86a599a26ab70c933ee31488148234bd27c649c00acf3712c234c2b2","0","No","No","urn:li:activity:7175723731808309248","566884a11f27d50dae9b58b0a0a803b890fb5107e2724114e8a61a8548e01009"
"Thyaga","Rajesh","Thyaga Rajesh","https://www.linkedin.com/in/thyagar","Leader-Manager-Engineer Enterprise SaaS. Installing growth transformations by focusing on Customer experience & Product adoption and Engineering management. #appliedAI","comment","Staying fit is a must for every professional, just not limited to healthcare related.","2024-03-19T08:01:48.473Z","No","urn:li:comment:(activity:7175723731808309248,7175763377665806336)","43b7e20dd546858d5f47ff216b6d2e92e9ed9ff56f892caf5ba51d4cf520174a","0","No","No","urn:li:activity:7175723731808309248","566884a11f27d50dae9b58b0a0a803b890fb5107e2724114e8a61a8548e01009"
"Sanjay","Ramakrishnan","Sanjay Ramakrishnan","https://www.linkedin.com/in/rsanjay","Founder & General Partner @ Multiply Ventures (Ex-Flipkart/Myntra/Google/GE Healthcare)","comment","So well put Dilip! Echo your views completely! ","2024-03-19T07:38:49.667Z","No","urn:li:comment:(activity:7175723731808309248,7175757594534232065)","034574664be39b57c1e5f703e0964cc3ba90eb099e9173a9018af3eb01fc123b","1","No","Yes","urn:li:activity:7175723731808309248","566884a11f27d50dae9b58b0a0a803b890fb5107e2724114e8a61a8548e01009"
"Kaustubh","Mishra","Kaustubh Mishra","https://www.linkedin.com/in/kaustubhmishra","Operating Partner | I scale companies by 2-3X in 12-18 months | 3X Founder | Revenue Acceleration • GTM Strategy • Digital Transformation | Fintech - B2B SaaS - HealthTech - Bank/NBFC - Retail- eCommerce- Automobile","comment","Brands like Harley, Enfield greatly benefitted from CEOs who were also passionate riders. Healthy & Fit founders is a good starting point for a health startup 👏🏻","2024-03-19T07:28:10.006Z","No","urn:li:comment:(activity:7175723731808309248,7175754911601594369)","e82c8100376f9b6339306d9257e82eabf64837f033e00e41346909d4bdedf712","0","No","No","urn:li:activity:7175723731808309248","566884a11f27d50dae9b58b0a0a803b890fb5107e2724114e8a61a8548e01009"
"Anchal","Kumar Dhawan","Anchal Kumar Dhawan","https://www.linkedin.com/in/anchal-kumar-dhawan","IIM-A II Global Enterprise Sales Head- SaaS , WaaS ,Tech & Media II Digital Strategist II Startup Advisor II Entrepreneur","comment","Dilip Kumar, understanding and embodying the ethos of the health industry is fundamental to establishing a winning edge. Your insights very much reflect the essence of credibility and trust in building a successful organization. ","2024-03-19T07:20:56.174Z","No","urn:li:comment:(activity:7175723731808309248,7175753091978248192)","86e8b0cdea3fd913c10952478d8755dbfc7ae0b70a22b13dcaa4de1a618b45d5","0","No","No","urn:li:activity:7175723731808309248","566884a11f27d50dae9b58b0a0a803b890fb5107e2724114e8a61a8548e01009"
"Harsh","Batra","Harsh Batra","https://www.linkedin.com/in/harshbatra","I build businesses with people I like | Region Head @ iDeals VDR: Building to $1B | Founder @ Happy Ratio: Bootstrapping a healthy food brand | Investor @ Marcellus: long-term equity investing to create financial freedom","comment","Hit the nail in the head Dilip Kumar. The ""why"" has to extend from the founders walking the talk. You got to be the biggest consumer and star of your own product. I gobbled up Happy Ratio blends for years before I ever created it for the market.

I also think about the following often. Gym owners should go to the gym and be seen working out. And cops should be made to do 100 meter sprints to keep their jobs! How can they catch crooks if they have a higher probability of dropping dead because of their diets.","2024-03-19T07:16:31.408Z","No","urn:li:comment:(activity:7175723731808309248,7175751981469200384)","2aa2473cae9585bd40a4d7d7e416980df1ff679bf1e39919607f63924c50d204","0","No","No","urn:li:activity:7175723731808309248","566884a11f27d50dae9b58b0a0a803b890fb5107e2724114e8a61a8548e01009"
"Suraj","Prasad","Suraj Prasad","https://www.linkedin.com/in/surajprasad","Join the Movement against Childhood Obesity and Malnourishment with the HLTY.Beings collective | The 'Plan' to Save the World www(.)hlty.care","comment","Very true Dilip Kumar! If in health, we need to walk the talk. We owe it to our children. 

I was obese over 130+ kgs, and now 98.5 kgs, and still some way to go. I am building in the childhood obesity space and made a promise to myself and my future child. We are all human beings, but how many are healthy beings? Seeing my fatty liver reverse, was such a high moment. 

Wrote the following post on my aim to be healthy, and every team member will need to make a healthy promise. -https://www.linkedin.com/posts/surajprasad_letsinspire-healthrenaissance-personaljourney-activity-7156244789401653248-jnNo?utm_source=share&utm_medium=member_desktop ","2024-03-19T07:11:48.234Z","Yes","urn:li:comment:(activity:7175723731808309248,7175750793751334913)","b8511306174897a3dfd012bd6d91a3f201526cdae3da71e742413b825c98675d","0","No","No","urn:li:activity:7175723731808309248","566884a11f27d50dae9b58b0a0a803b890fb5107e2724114e8a61a8548e01009"
"Ankit","Agrawal","Ankit Agrawal","https://www.linkedin.com/in/mrankitagrawal","Founder, Wealthup | Investment Banker - Swiss Bank (UBS), New York | BITS Pilani | Helping you achieve your ambitious money goals","comment","Absolutely! Many of these principles apply to other sectors as well. I'm in wealth management, so it helps that I was able to achieve my financial goals before I try to solve this problem for others.

Nitheesh Ballal and Nikita Yadav an interesting POV for you to consider!","2024-03-19T07:06:27.690Z","No","urn:li:comment:(activity:7175723731808309248,7175749449296601088)","6811ba6b6bae1044a412a4a357e28ea10657f22e773837890efc18aa3f4a21c4","0","No","No","urn:li:activity:7175723731808309248","566884a11f27d50dae9b58b0a0a803b890fb5107e2724114e8a61a8548e01009"
"Dr.","Pratibha Singh","Dr. Pratibha Singh","https://www.linkedin.com/in/pratibhasingh","Ideator, Gardener, Brewer, Chronicler at Aanavik Biosciences","comment","The problem with health is that we associate it with a certain look. Hence the need to ""walk the talk"". You can't look different from the accepted healthy look and work on something health related. 
We do need awareness in this area as well. ","2024-03-19T07:04:28.469Z","No","urn:li:comment:(activity:7175723731808309248,7175748949247418368)","2884e77ee46fb6871e93785c5ef0c3ab9f25f5c52e6628cfe3b65d66c8db0727","0","No","No","urn:li:activity:7175723731808309248","566884a11f27d50dae9b58b0a0a803b890fb5107e2724114e8a61a8548e01009"
"Kishor","Chavan","Kishor Chavan","https://www.linkedin.com/in/kishor-chavan-0031651b","Founder & CEO at mytwin | SINE(IITB) Incubation Qualifier | Ex Dr Reddy’s Labs | Ex UCB | Health & Fitness Monitoring I Chronic Disease Management","comment","Great insights Dilip Kumar junk food eating the good cells of brain and other parts of body and deteriorate overall brain and other organ health, where the healthy decision making starts,like slow poison,junk food divert the person from adopting healthy habits.To build trust among various stakeholders,founders story matters the most than anything else ","2024-03-19T07:03:52.477Z","No","urn:li:comment:(activity:7175723731808309248,7175748798281826304)","efde9f95d06b87f093e078e1b6c3601364f6946ec0aa031d75add2f74798aacf","0","No","No","urn:li:activity:7175723731808309248","566884a11f27d50dae9b58b0a0a803b890fb5107e2724114e8a61a8548e01009"
"Shrey","Khanna","Shrey Khanna","https://www.linkedin.com/in/shrey-khanna","Re-building the world’s trust in its food | Category Manager at The Whole Truth","comment","This is a fairly matured thought! 100% agree!","2024-03-19T06:45:06.979Z","No","urn:li:comment:(activity:7175723731808309248,7175744077601071104)","c7aff2aa95a4629c42b413405e377f1e6cca989b4434351d130efde25adbba76","0","No","No","urn:li:activity:7175723731808309248","566884a11f27d50dae9b58b0a0a803b890fb5107e2724114e8a61a8548e01009"
"Adnan","Adeeb","Adnan Adeeb","https://www.linkedin.com/in/adnanadeeb","मैं Yoddha I Devilslayer I Founder I Entrepreneur I Investor I Motivational Speaker","comment","So I actually look at it a little differently Dilip Kumar. I believe that “walking the talk” so to speak not only gives you credibility but is in fact essential to building a health & wellness building. Beyond the superficiality of what one looks like, it is the ability to understand the space you operate in, the solutions you are building for your target customers, and the confidence that you have when you yourself have successfully tried those, that gives you a winning edge. For example, in my case, I can definitely say that my own journey has largely influences the growth of our organisation and the path we have taken towards growth. The community which I cherish the most is a function of the connect I have been able to build with people and this has only been possible because I truly embibe what I talk about.
","2024-03-19T06:42:27.114Z","No","urn:li:comment:(activity:7175723731808309248,7175743407078719489)","72c8090122ae3ac3190b38e6c00f5f54a4904c024e296099c4e16d2eba67645d","0","No","No","urn:li:activity:7175723731808309248","566884a11f27d50dae9b58b0a0a803b890fb5107e2724114e8a61a8548e01009"
"Keerthi","Priya","Keerthi Priya","https://www.linkedin.com/in/keerthi-priya-2402554b","Founder and C.E.O @ koh! foods","comment","Dilip Kumar I find it interesting how you used healthy and fit interchangeably. Personally as a founder with chronic health issues like hypothyroidism and others , I felt pressurized to ""look fit"", avoided attending events as I felt it would impact my brand.  I guess being healthy physically and mentally is super crucial for a founder to perform optimally while ""looking fit"" shouldn't as much be. ","2024-03-19T06:37:41.099Z","Yes","urn:li:comment:(activity:7175723731808309248,7175742207444824064)","78c69f6462aef9d506052dd542629697afc51c664cf7f0562d4f7f6839b72dc7","2","No","No","urn:li:activity:7175723731808309248","566884a11f27d50dae9b58b0a0a803b890fb5107e2724114e8a61a8548e01009"
"Kabir","Singh Kochhar","Kabir Singh Kochhar","https://www.linkedin.com/in/kabir-singh-kochhar","On a sabbatical","comment","Love it","2024-03-19T06:26:07.846Z","No","urn:li:comment:(activity:7175723731808309248,7175739299731001345)","90f2f698203879d8f8637a28b92cf105f85888e6ef4709109dac0f91cf6d6971","0","No","No","urn:li:activity:7175723731808309248","566884a11f27d50dae9b58b0a0a803b890fb5107e2724114e8a61a8548e01009"
"Issac","John","Issac John","https://www.linkedin.com/in/issacjohn","Co-Founder, Ivory","comment","Very true! Reminded of what a cardiologist said once in jest to me, ""We ourselves organize samosas/kachori at Doctors/Pharma Conferences. I hope our patients don't see us at these.""

On a serious note, when you do walk the talk, like in most products, you realise the friction and pain points of motivation that a customer truly faces. Apart from looking the part, it has also product development benefits. Health is one of those sectors where gestation period of impact is longer and every insight in that journey counts! ","2024-03-19T06:10:28.691Z","Yes","urn:li:comment:(activity:7175723731808309248,7175735360629465088)","a5dfe6814d488b3e4b60c30a97d8a3b91fbb240b9677a3e2eb5584e47659e00c","1","No","Yes","urn:li:activity:7175723731808309248","566884a11f27d50dae9b58b0a0a803b890fb5107e2724114e8a61a8548e01009"
"Abey","Rajan","Abey Rajan","https://www.linkedin.com/in/abeyprajan-physio","Founder & Head of Sports Rehab @Insync","comment","Very well put Dilip 👏","2024-03-19T05:59:29.048Z","No","urn:li:comment:(activity:7175723731808309248,7175732593886191617)","b4121f4161d53b3ec71e78b07a07b9f0704860686d3677f5668ba31a417feab8","0","No","No","urn:li:activity:7175723731808309248","566884a11f27d50dae9b58b0a0a803b890fb5107e2724114e8a61a8548e01009"
"Reecha","Singh","Reecha Singh","https://www.linkedin.com/in/reecha-singh26","Head of Sales @ Institute of Project Management | Sales, Partnerships, Growth","comment","Sonali Saraogi Singh- oh how we relate to this ;) 
Dilip Kumar -  now if only there was a way to show impact and passion in numbers. I am sure it would turn out to be much bigger than any TAM ever :)","2024-03-19T05:49:00.829Z","No","urn:li:comment:(activity:7175723731808309248,7175729958944677890)","2b10aa20ee352fba48b94ef33a817cce23112c128a5f2d4a3068377a10bddaf7","2","No","No","urn:li:activity:7175723731808309248","566884a11f27d50dae9b58b0a0a803b890fb5107e2724114e8a61a8548e01009"
"Jitendra","Chouksey","Jitendra Chouksey","https://www.linkedin.com/in/jitendrachouksey","CEO at FITTR | Building preventive healthcare ecosystem","comment","💯 
When you walk the talk, you understand problems at a much deeper level","2024-03-19T05:45:42.472Z","No","urn:li:comment:(activity:7175723731808309248,7175729126975172609)","e245fb9097e6c5f42e98b61af63dcf6276ed753749e6032cd5a58fbcc72b2457","1","No","No","urn:li:activity:7175723731808309248","566884a11f27d50dae9b58b0a0a803b890fb5107e2724114e8a61a8548e01009"
"Priyanka","Saraswal","Priyanka Saraswal","https://www.linkedin.com/in/priyanka-saraswal-687550198","AI Healthcare Innovator | Developing Future-Ready Healthcare and Luxury Hospitality Solutions","comment","Wow WOULD YOU LIKE TO TALK ABOUT SEXUAL WELLNESS MY IDEA BASE STARTUP WHICH IS STILL A TABOO AND INVESTORS BEHAVING WEIRDLY TO TALK ABOUT IT 
IF THERE ARE NO SEXUAL WELLNESS DOCTORS AND PRODUCTS HOW WILL PEOPLE MAINTAIN BASIC HYGEINE , GET PROTECTED FROM UNWANTED PREGNANCIES , STD’s etc . AND IT IS EQUALLY IMPORTANT IN MULTIPLE WAYS AS MENTAL AND PHYSICAL HEALTH . THE MORE THEY TALK ABOUT IT FREELY IT WILL HELP THEM ONLY . BEING MODERN MEANS BEING EDUCATED BEING MODERN FROM YOUR THOUGHTS 
 I  COULF BE WORKING ON ANY BUSINESS IDEA I HAVE TRAINED MYSELF LIKE THAT BUT MADE MY DECISION TO WORK ON IT BECAUSE I KNOW HOW YO CRACK THAT TABOO THING SOMEBODY HAS TO NOTHING WRONG IN IT .","2024-03-19T05:45:14.338Z","Yes","urn:li:comment:(activity:7175723731808309248,7175729008972595201)","a9b02a61b4b2fc3e970cd55ea265b8b25604d91c9fb60def073cc280c6d2b9db","1","No","Yes","urn:li:activity:7175723731808309248","566884a11f27d50dae9b58b0a0a803b890fb5107e2724114e8a61a8548e01009"
"Abhishek","Roy","Abhishek Roy","https://www.linkedin.com/in/abhishekroy8","Co-founder, furo.fit | Workplace Wellbeing | Runner","comment","Well expressed Dilip!","2024-03-19T05:45:09.471Z","No","urn:li:comment:(activity:7175723731808309248,7175728988558917632)","8cd95407b77961071161c5de6d26acb175dd93148970574e364858013e71cdac","1","No","Yes","urn:li:activity:7175723731808309248","566884a11f27d50dae9b58b0a0a803b890fb5107e2724114e8a61a8548e01009"
"Jing","Zhi Chua","Jing Zhi Chua","https://www.linkedin.com/in/jing-zhi-chua","Healthy ageing | allset.substack.com","comment","Love this, especially the point about healthier events. At the same time, hope to see the pool of investors taking action on their health grow. Thankful for your leadership, Dilip Kumar.","2024-03-19T05:43:14.514Z","No","urn:li:comment:(activity:7175723731808309248,7175728506394271745)","6b8ee8925b8c3d727680575a6bc6d5c979e6c21779a6dad8ec66fc5201ae46b9","1","No","Yes","urn:li:activity:7175723731808309248","566884a11f27d50dae9b58b0a0a803b890fb5107e2724114e8a61a8548e01009"
"Nishant","Bhardwaj","Nishant Bhardwaj","https://www.linkedin.com/in/nishantbhardwaj11","Helping brands to sell inside LLMs with PingAura.ai I 3x Founder, Podcaster, Keynote & 2x Tedx Speaker I iRun Marathons in Suits l Ironman","comment","Spoken like a sage! 😇
Being a practioner for a long period of time in a field where you are solving the problem builds not only trust but exposes you to different use cases which arises at different periods for a user. 
It's very tempting to solve the obvious low hanging fruit problem but typically in an industry like health and fitness, it has a very long customer life cycle! ","2024-03-19T05:38:53.750Z","No","urn:li:comment:(activity:7175723731808309248,7175727412670828544)","65b79bb8fe790fc414a371cf004cf9ae5fe687170858858a6d61493e72c17f21","1","No","Yes","urn:li:activity:7175723731808309248","566884a11f27d50dae9b58b0a0a803b890fb5107e2724114e8a61a8548e01009"
"Darshit","Patel","Darshit Patel","https://www.linkedin.com/in/darshitlongevity","Founder: Decode Age | Ageing Science","comment","This is excellent insight Dilip. I absolutely believe on the trust/feature comparison. ","2024-03-19T05:38:04.934Z","No","urn:li:comment:(activity:7175723731808309248,7175727207921709056)","566200ab173f00ae00078b8345c3444ec5f21e7de0b0b2fc83039df058f2e40c","3","No","No","urn:li:activity:7175723731808309248","566884a11f27d50dae9b58b0a0a803b890fb5107e2724114e8a61a8548e01009"
"Nikhil","Punde","Nikhil Punde","https://www.linkedin.com/in/nikhilpunde","Public Health | KPMG M&A | Bank of America | ISB | GrowthX","comment","Dr. Viraj Vaidya","2024-03-19T05:31:47.185Z","No","urn:li:comment:(activity:7175723731808309248,7175725623527542784)","30c43877ae018e43a01c176739d9612563d469c11fe3938706a68583ea28a33e","0","No","No","urn:li:activity:7175723731808309248","566884a11f27d50dae9b58b0a0a803b890fb5107e2724114e8a61a8548e01009"