First Name,Last Name,Full Name,Profile URL,Headline,Type,Comment,Timestamp,Is Edited,Comment URN,Comment Hash,Replies Count,Is Post Author,Has Reply From Post Author,Post URN,Post Hash
"Roshan","Khan","Roshan Khan","https://www.linkedin.com/in/roshan-khan","Technology & Product Leader | Platform Architecture | Operational Excellence | Engineering Strategy | Founder—HINNTS | Ex-Amadeus, Nokia, LG Soft","comment","Hi.

I have seen many parents and players enter this journey without fully understanding the sacrifices, financial commitments, and long-term uncertainties involved. To help families make more informed decisions, I’ve put together a detailed article covering:

✔ The true cost of training and international tournaments 💰
✔ The lifestyle & education sacrifices young players make 🎓🏸
✔ The challenges of sponsorship, rankings & career longevity 🔄
✔ The mental and emotional struggles of competitive badminton 🧠🔥

📖 Read here: http://roshankhanblogs.blogspot.com/2025/02/so-you-want-to-make-your-child.html

I truly believe this is an important discussion, and it would mean a lot if you could share your thoughts or help spread awareness so more aspiring players and their families can prepare wisely.
🙌🏸

Warm regards,","2025-03-02T02:32:23.596Z","No","urn:li:comment:(ugcPost:7179343508334391297,7301791454991945729)","9a2d7bbaac022b0852fd0e10be498b74d3c71d9af2e51ddf68ba968312831be4","0","No","No","urn:li:ugcPost:7179343508334391297","c44098b7bfe6ff38377afd29ce417c90c8bf4b42d6b1068ef19ce83d768b0283"
"Bishal","Kumar","Bishal Kumar","https://www.linkedin.com/in/bishalkumar","Delivering Complex Technical Programs (AI/ML, eCommerce, SaaS, PaaS) | 2x Founder, Author","comment","Great going Dilip Kumar. Thanks for putting the inspiring content.","2024-03-30T04:04:49.943Z","No","urn:li:comment:(ugcPost:7179343508334391297,7179690007350112256)","be2446c8347b57436fb84974bce8cf4a322446384b2aace1860d88cc2b2713a5","0","No","No","urn:li:ugcPost:7179343508334391297","c44098b7bfe6ff38377afd29ce417c90c8bf4b42d6b1068ef19ce83d768b0283"
"Dr","Umesh Wadhavani","Dr Umesh Wadhavani","https://www.linkedin.com/in/drumeshwadhavani","A Corporate Wellness Coach making health fun and practical 🏥| Corporate Speaker 🎤 | IG-173k ⭐️| Sindhi IG- 59K 🌟 | YouTube - 184k ✅","comment","It looks like a very insightful podcast!","2024-03-29T19:29:26.282Z","No","urn:li:comment:(ugcPost:7179343508334391297,7179560304115130368)","d4732f9f12d61fe5d871403bcc21fc48355f23b28a678df4ed05dfd9c8a5a54d","0","No","No","urn:li:ugcPost:7179343508334391297","c44098b7bfe6ff38377afd29ce417c90c8bf4b42d6b1068ef19ce83d768b0283"
"Nikhil","Mudgal","Nikhil Mudgal","https://www.linkedin.com/in/nikhil-mudgal-lorienfinance","Founder @ Lorien Finance | Ex-Investment Banking @ Goldman Sachs, Jefferies | Ex-Private Equity @ Accordion","comment","What an inspiring story of grit, resilience and hard work!","2024-03-29T16:25:20.183Z","No","urn:li:comment:(ugcPost:7179343508334391297,7179513973422141440)","811d3f1e978163becb8e784b14a3e8caee3c95ee09c2f77b07c505171cea5ada","0","No","No","urn:li:ugcPost:7179343508334391297","c44098b7bfe6ff38377afd29ce417c90c8bf4b42d6b1068ef19ce83d768b0283"
"Akash","Agrawalla","Akash Agrawalla","https://www.linkedin.com/in/akashzoff","Founder of ZOFF (built from scratch) | Seen on Shark Tank India S2 | Recognized across ET(2025), IMPACT CMO(2024) & BW(2023) 40U40 Lists | Active in Startup Ecosystem | Fitness & Continuous Learning Driven | 5 AM Club |","comment","Another star making the nation proud 👏🏽 ","2024-03-29T16:17:34.406Z","No","urn:li:comment:(ugcPost:7179343508334391297,7179512019807600641)","ee794a910191ae283efc4c8291237b6a9b0628ebca423edc9204eb15cf51cfaa","0","No","No","urn:li:ugcPost:7179343508334391297","c44098b7bfe6ff38377afd29ce417c90c8bf4b42d6b1068ef19ce83d768b0283"
"Hitesh","Gupta","Hitesh Gupta","https://www.linkedin.com/in/hiteshgupta","Building Acceldata","comment","Only Prannoy can defeat Viktor Axelsen... He is the best India has produced so far ","2024-03-29T15:15:36.811Z","No","urn:li:comment:(ugcPost:7179343508334391297,7179496427088195584)","78996094527f6ae5ce0dcac982cc7b840657819ff95e12bb7f1d8c98b759f9ff","0","No","No","urn:li:ugcPost:7179343508334391297","c44098b7bfe6ff38377afd29ce417c90c8bf4b42d6b1068ef19ce83d768b0283"
"Harsh","Batra","Harsh Batra","https://www.linkedin.com/in/harshbatra","I build businesses with people I like | Region Head @ iDeals VDR: Building to $1B | Founder @ Happy Ratio: Bootstrapping a healthy food brand | Investor @ Marcellus: long-term equity investing to create financial freedom","comment","""I think self doubt keeps coming. It is very natural. You got to keep reminding yourself that the process is more important than trying to find that solution."" - best quote of the trailer.","2024-03-29T11:52:02.048Z","No","urn:li:comment:(ugcPost:7179343508334391297,7179445194654658560)","538e3dbad112321c9e70f9d08d2594914ac3cf1184155f60867eeb612aa32143","0","No","No","urn:li:ugcPost:7179343508334391297","c44098b7bfe6ff38377afd29ce417c90c8bf4b42d6b1068ef19ce83d768b0283"
"Palak","Tannaa","Palak Tannaa","https://www.linkedin.com/in/palak-tannaa-influencermarketingexpert","Helping Brands Amplify Their Reach Through Strategic Influencer Marketing | Core Member at GroomYourGram 🚀","comment","It's incredible to hear about Prannoy HS's resilience and determination in the face of challenges.

Mental health and managing stress are such important topics, especially in the world of sports, so I'm eager to hear his perspective. Dilip Kumar
","2024-03-29T11:36:31.715Z","No","urn:li:comment:(ugcPost:7179343508334391297,7179441292555284481)","a554f4c8ccaa2822ce6d4adb98c2957aa83d0942d6e66bab75c7818924d1734e","0","No","No","urn:li:ugcPost:7179343508334391297","c44098b7bfe6ff38377afd29ce417c90c8bf4b42d6b1068ef19ce83d768b0283"
"Saurabh","Sharma","Saurabh Sharma","https://www.linkedin.com/in/saurabhsharma56","Badminton Coach | TEDx Speaker | Highest World Ranking: 44","comment","Can’t wait to watch this one 😍😍","2024-03-29T07:01:23.539Z","No","urn:li:comment:(ugcPost:7179343508334391297,7179372052246646784)","3d2121058cfaafc338d1cf8de976569e8cc2b65cf6a355434bf67a3432a69dd4","0","No","No","urn:li:ugcPost:7179343508334391297","c44098b7bfe6ff38377afd29ce417c90c8bf4b42d6b1068ef19ce83d768b0283"
"Sachin","Kumar","Sachin Kumar","https://www.linkedin.com/in/sachin-kumar-8117b37","Building Brand Stories That Power Commerce | Founder, BottleOpeners - Creative Advertising company | Fractional CMO to Start-Ups | Active TT player & Table Tennis Commentator | @notesbysachin Insta.","comment","The beauty of Gopi is that he doesn’t compromise on the process and values. Greatness cannot be achieved with weak value systems. Lucky to met him once.","2024-03-29T06:31:42.316Z","No","urn:li:comment:(ugcPost:7179343508334391297,7179364581255913473)","062600f4d70fae4dc90b96469c0f2172caa91dd779ffc7f2d57ce14a8a49178d","0","No","No","urn:li:ugcPost:7179343508334391297","c44098b7bfe6ff38377afd29ce417c90c8bf4b42d6b1068ef19ce83d768b0283"
"Dr.","Karanbir Singh, Ph.D.","Dr. Karanbir Singh, Ph.D.","https://www.linkedin.com/in/dr-karanbir-singh-ph-d-82163b54","Sport and Injury Psychologist | Interdisciplinary Expert | TEDx Speaker | Certified Shooting Sport Psychologist | Specialization in Health-Fitness and Injury Psychology | Founder- Sports Psyche Talk Podcast","comment","Thank you for sharing your story, Dilip Kumar.  ","2024-03-29T06:13:41.132Z","No","urn:li:comment:(ugcPost:7179343508334391297,7179360046445654017)","249cd6202266f8ed6a688a6a22531c8229f740ccdb6430716e08713cf94679f3","0","No","No","urn:li:ugcPost:7179343508334391297","c44098b7bfe6ff38377afd29ce417c90c8bf4b42d6b1068ef19ce83d768b0283"
"Shobhraj","Shakdupia","Shobhraj Shakdupia","https://www.linkedin.com/in/shobhraj-shakdupia","Founder at Abstrabit | Incubated at IIM Bangalore (NSRCEL) | Book a 1:1 with me at topmate.io/shobhraj_shakdupia","comment"," Prannoy HS' journey is truly remarkable and resonates deeply with the dedication and commitment needed to achieve greatness, Dilip Kumar!","2024-03-29T05:46:51.665Z","No","urn:li:comment:(ugcPost:7179343508334391297,7179353295847612418)","4ad499ede0d31316a9ee05b7d2e038c6103493f6bb940c268b004fc9466db7f5","0","No","No","urn:li:ugcPost:7179343508334391297","c44098b7bfe6ff38377afd29ce417c90c8bf4b42d6b1068ef19ce83d768b0283"
"Dilip","Kumar","Dilip Kumar","https://www.linkedin.com/in/dilipevs","Entrepreneur| Investments at Rainmatter | Endurance athlete","comment","Links to the full podcast

Youtube: https://youtu.be/GqN8pYC4Utw?si=wGOrx6WX1VUiTrjz

Spotify: https://open.spotify.com/episode/2QqfjJj7q1uHmjVZu86qXl

Apple podcast: https://podcasts.apple.com/in/podcast/from-failures-to-indias-no-1-badminton-player-h-s-prannoy/id1659991514?i=1000650621550","2024-03-29T05:23:15.085Z","No","urn:li:comment:(ugcPost:7179343508334391297,7179347354280505344)","6883d2a12a65645bdb77e6b06b55195937f5d2ae6876efd89909defb45644c9c","0","Yes","No","urn:li:ugcPost:7179343508334391297","c44098b7bfe6ff38377afd29ce417c90c8bf4b42d6b1068ef19ce83d768b0283"