First Name,Last Name,Full Name,Profile URL,Headline,Type,Comment,Timestamp,Is Edited,Comment URN,Comment Hash,Replies Count,Is Post Author,Has Reply From Post Author,Post URN,Post Hash
"Vaidehi","Desai","Vaidehi Desai","https://www.linkedin.com/in/vaidehi-desai-909052195","Building MYOTREK - Ultra Thin Smart Home Gym","comment","Felt this deeply.
No YouTube video or blog can prep you for the real grind. It’s lonely, exhausting, and at times, just plain confusing.
That line — “there’s no pivot for your body” — really stayed with me.
Health, people, purpose. Easy to overlook, but so important.
Grateful you shared this.","2025-06-24T07:07:39.588Z","No","urn:li:comment:(activity:7337347483863265280,7343172944761651201)","84418b15c0b7ed9676c6cfb27b12ce9aac27d062adb84cf2da48a8ff2372597f","0","No","No","urn:li:activity:7337347483863265280","a2295ad6a0482859a3729a9cb434b1e2be4c5ccb99f42dd60a03cacb35a39cdb"
"Kshitij","Mohan","Kshitij Mohan","https://www.linkedin.com/in/kshitij-mohan-3489b336","Building Engineering Intelligence OS | Co-founder @Typoapp.io","comment","Keep moving - one step at a time!","2025-06-24T05:22:20.548Z","No","urn:li:comment:(activity:7337347483863265280,7343146440791117824)","49e797dd2ee38a80a108897de8c945f4272ebae34092b38c4e68f0dc80bddb65","0","No","No","urn:li:activity:7337347483863265280","a2295ad6a0482859a3729a9cb434b1e2be4c5ccb99f42dd60a03cacb35a39cdb"
"Dr.","Amit Sharma","Dr. Amit Sharma","https://www.linkedin.com/in/dr-amit-sharma-17714b15","Founder Disha Health Ai (Disha AI Smart Health Pvt. Ltd). Director & Consultant Radiologist Disha Diagnostics. On a mission to make preventive health care popular, affordable, and accessible to the masses.","comment","Excellent words. Your health is hardest hit when you build something passionately.","2025-06-24T03:19:02.893Z","No","urn:li:comment:(activity:7337347483863265280,7343115412772966404)","ba6c8ebd80c5f7d5903e0377269861542f7506e741cbc2deadc27d25d0f37c20","0","No","No","urn:li:activity:7337347483863265280","a2295ad6a0482859a3729a9cb434b1e2be4c5ccb99f42dd60a03cacb35a39cdb"
"Neeraj","Mehra","Neeraj Mehra","https://www.linkedin.com/in/neeraj-mehra-2a5626","Knowledge as growth catalyst | Market intelligence | Health | Board advisor | Marathoner","comment","Always on point, Dilip Kumar, thank you!!  ","2025-06-10T07:07:37.476Z","No","urn:li:comment:(activity:7337347483863265280,7338099505789026304)","fa3cadcc0662a16914a903f2b25590109c3aec4cdbb790dba9c904bcc3ddebc9","0","No","No","urn:li:activity:7337347483863265280","a2295ad6a0482859a3729a9cb434b1e2be4c5ccb99f42dd60a03cacb35a39cdb"
"Ariana","Dae Love","Ariana Dae Love","https://www.linkedin.com/in/arianadaelove","Dual Bachelor’s + MBA Student in Finance/Econ | Educating the Next Gen on Money + Mindset","comment","Founding from force is different than founding from alignment.
The first burns fast. The second sustains.

We talk about MVPs, market fit, traction, rarely about the inner systems:
 🧠 How to separate your worth from your revenue
 💬 How to stay curious when feedback stings
 💛 How to build without betraying yourself","2025-06-09T22:32:51.129Z","No","urn:li:comment:(activity:7337347483863265280,7337969959056093184)","7d7c669ea358563589e492e4c0423c1aa1035dfbfe38316d566e3ea41ded8548","0","No","No","urn:li:activity:7337347483863265280","a2295ad6a0482859a3729a9cb434b1e2be4c5ccb99f42dd60a03cacb35a39cdb"
"Divya","Maurya","Divya Maurya","https://www.linkedin.com/in/divya-maurya-founder","Founder at Storiyaan Founder of 300K+ Storytelling Page on Instagram |Creative Agency | Tips, mindset shifts & behind-the-scenes of building a Business as a solo Entrepreneur","comment","This is the kind of honest advice more aspiring founders need to hear—especially the part about health and relationships. Hustle culture glorifies burnout, but what’s the point of building an empire if your body’s broken and you’re alone at the top? Bookmarking this for every time I need to realign with what actually matters","2025-06-09T20:30:49.586Z","No","urn:li:comment:(activity:7337347483863265280,7337939250279059458)","38b3245ba783d59cb743215b72aefd9285385de670a65068ed997f8f6e68422b","0","No","No","urn:li:activity:7337347483863265280","a2295ad6a0482859a3729a9cb434b1e2be4c5ccb99f42dd60a03cacb35a39cdb"
"Tomislav","Radaic","Tomislav Radaic","https://www.linkedin.com/in/tomislav-radaic-394006176","Founder & CEO | Business Setup & Financial Advisory for Entrepreneurs in Croatia | VAT, Finance & Strategy Specialist","comment","Love this, Dilip","2025-06-09T20:26:23.690Z","No","urn:li:comment:(activity:7337347483863265280,7337938135034609664)","d22d0f5193cdff7cbe1afe632e76d48ce88c95b57f848b16fb5a88ef6d7a7f7a","0","No","No","urn:li:activity:7337347483863265280","a2295ad6a0482859a3729a9cb434b1e2be4c5ccb99f42dd60a03cacb35a39cdb"
"Gagan","Shetty","Gagan Shetty","https://www.linkedin.com/in/gagan-shetty-838237322","Helping Founders Build Investor-Ready Apps | Idea → Launch → Scalable Growth | Founder of GreyScript Technologies","comment","Powerful and real advice, Dilip! 🙌 The startup journey is definitely not glamorous — it’s tough, unpredictable, and often lonely. Prioritizing health and relationships alongside hustle is what truly sustains long-term success.","2025-06-09T13:02:08.829Z","No","urn:li:comment:(activity:7337347483863265280,7337826336440209408)","acc9b75129eb0ddaf8c908942f5ddd4983b8f660c5bc8a778f747e903a44110c","0","No","No","urn:li:activity:7337347483863265280","a2295ad6a0482859a3729a9cb434b1e2be4c5ccb99f42dd60a03cacb35a39cdb"
"Pratishtha","Shrivastava","Pratishtha Shrivastava","https://www.linkedin.com/in/pratishtha-shrivastava-bb6526202","Freelance Full Stack Marketer | Helping - B2B/B2C, SaaS, and AI brands Grow through marketing and their founders through Personal Branding","comment","This needs to be printed, framed, and slapped on every founder’s wall.","2025-06-09T11:38:52.760Z","No","urn:li:comment:(activity:7337347483863265280,7337805381408043008)","fd22f18609a4e87d1c4d18ccc5955aa4bfbd3c3379f13611d6160b29f1c9123f","0","No","No","urn:li:activity:7337347483863265280","a2295ad6a0482859a3729a9cb434b1e2be4c5ccb99f42dd60a03cacb35a39cdb"
"Tushar","B.","Tushar B.","https://www.linkedin.com/in/tusharbhangalecoaching","💪Helping humans to move better, injury-free, with no pain 🧑‍⚕️Movement Specialist, Triathlon/Running Coach, Educator | Founder SculptingYouStrong MultiSport 💻 Preventive Healthcare Expert","comment"," Prioritizing health and relationships isn’t just self-care; it’s foundational for sustainable success. ","2025-06-09T10:17:07.795Z","No","urn:li:comment:(activity:7337347483863265280,7337784808493780994)","b71986cacf36d52e5fca14f63a3ee20c7a84a317e79d664170a36462f81d1d3b","0","No","No","urn:li:activity:7337347483863265280","a2295ad6a0482859a3729a9cb434b1e2be4c5ccb99f42dd60a03cacb35a39cdb"
"Keshav","Roy","Keshav Roy","https://www.linkedin.com/in/keshavroy","Influencer Marketing for B2B Saas & D2C Ecomm Businesses","comment","Thanks Dilip Kumar . Amazing advice.","2025-06-09T10:16:11.952Z","No","urn:li:comment:(activity:7337347483863265280,7337784574275424256)","6c72d1ca37591cf21ca9aaf8239c35d1b47b6af03a685a4f6e37fc0ddc3e6a6f","0","No","No","urn:li:activity:7337347483863265280","a2295ad6a0482859a3729a9cb434b1e2be4c5ccb99f42dd60a03cacb35a39cdb"
"Akancha","Diwan","Akancha Diwan","https://www.linkedin.com/in/akanchaagarwal","Trusted Insurance Advisor | Empowering businesses with personalised risk management solutions. | Founder, APD Insurance Brokers","comment","This hit hard. As a founder, it’s easy to lose perspective when stakes are high. But this reminder about detaching ego from outcome is gold—humility is what keeps long-term builders in the game.","2025-06-09T07:53:07.543Z","No","urn:li:comment:(activity:7337347483863265280,7337748568650207233)","6a39fc58a870d73a04396d4bfb9f2c7621aa9540ba5acc2b0d8166e197e0a28b","0","No","No","urn:li:activity:7337347483863265280","a2295ad6a0482859a3729a9cb434b1e2be4c5ccb99f42dd60a03cacb35a39cdb"
"Dr.","Shweta Patel","Dr. Shweta Patel","https://www.linkedin.com/in/dr-shweta-patel-0a9703106","Founder of BodyKraft Physio, Goreagon","comment","Excellent advice 👏.. i guess every entrepreneur resonates to each world of this..","2025-06-09T05:36:59.121Z","No","urn:li:comment:(activity:7337347483863265280,7337714307805163520)","d71d09e46d3c923b6beedeb00eb76860eb79ee9ddbe4f0152aedb68b3b195c0a","0","No","No","urn:li:activity:7337347483863265280","a2295ad6a0482859a3729a9cb434b1e2be4c5ccb99f42dd60a03cacb35a39cdb"
"Vaishnavi","Khode","Vaishnavi Khode","https://www.linkedin.com/in/vaishnavikhode","AI Product & Project Manager | Generative AI & Automation Expert | UX-Driven Innovator | Full-Stack Engineer | Speaker","comment","This truly resonates with me as someone navigating my own path. The romanticized versions of entrepreneurship rarely show the grit, loneliness, and relentless challenges behind the scenes. Taking care of our mental and physical health isn’t just self-care—it’s survival for the long haul. And the reminder about relationships hits home: success feels empty without people to share it with. Authenticity and love for the work are indeed the only true compass through the uncertainty. Grateful for this —it’s the kind of wisdom every aspiring founder needs to hear.","2025-06-09T05:36:00.262Z","No","urn:li:comment:(activity:7337347483863265280,7337714060936826880)","26e54bccaa8e790e9c3e02078d0f8a2bba3d089baa4e8802ae8fe999c2ddcdca","0","No","No","urn:li:activity:7337347483863265280","a2295ad6a0482859a3729a9cb434b1e2be4c5ccb99f42dd60a03cacb35a39cdb"
"prabu","palanisamy","prabu palanisamy","https://www.linkedin.com/in/prabu-palanisamy-ml","AI Tech Founder | Ex-Atlassian, SymphonyAI, Freshworks | Top 1% Topmate","comment","Dilip Kumar, thanks for writing this. In a world where hustle culture is celebrated, people need to hear this.","2025-06-09T04:58:19.731Z","No","urn:li:comment:(activity:7337347483863265280,7337704579582541824)","e6f1b0480126e03903d6dc50f223844fa772aead44efa30706fa23f1fa422fda","0","No","No","urn:li:activity:7337347483863265280","a2295ad6a0482859a3729a9cb434b1e2be4c5ccb99f42dd60a03cacb35a39cdb"
"Pranchal","Srivastava","Pranchal Srivastava","https://www.linkedin.com/in/pranchal","Senior VP @ Chairman's Office ABG | P&L & Consulting Adept | Passionate about Consumer Businesses, Retail & Startups","comment","Chasing status burns out more builders than failure does. Staying rooted in purpose is impactful Dilip Kumar","2025-06-09T04:48:41.235Z","No","urn:li:comment:(activity:7337347483863265280,7337702153190322176)","4d703df498b83648ec6ae4f039b3e638e46a1a8866ae5c204bd07837b88fbd2f","0","No","No","urn:li:activity:7337347483863265280","a2295ad6a0482859a3729a9cb434b1e2be4c5ccb99f42dd60a03cacb35a39cdb"
"Anand","Manvi","Anand Manvi","https://www.linkedin.com/in/anand-manvi-baa9773","Technology Leader, Entrepreneur","comment","Love this, Dilip. Definitely something to carry with us daily 👍 ","2025-06-09T04:36:46.751Z","No","urn:li:comment:(activity:7337347483863265280,7337699156427231234)","b462fb03a796831a53181c2c524eeba69a3b555cf86226a8d3f4a6ba61e2036e","0","No","No","urn:li:activity:7337347483863265280","a2295ad6a0482859a3729a9cb434b1e2be4c5ccb99f42dd60a03cacb35a39cdb"
"Harinie","Sekaran","Harinie Sekaran","https://www.linkedin.com/in/hariniesekaran","Helping B2B founders & enterprise GTM teams build predictable pipeline without big sales teams | 500+ GTM engines scaled | Founder @ Leadle","comment","Wise words. Nothing matters more than health and if you're building something today, build with the mindset and awareness to create something that adds joy to what you already have, not deplete it.   ","2025-06-09T04:01:11.466Z","No","urn:li:comment:(activity:7337347483863265280,7337690200396967936)","ce423ea7d6c2cb62a41acdb03628fc6ba93922f515535f31299f9096e53dff5e","0","No","No","urn:li:activity:7337347483863265280","a2295ad6a0482859a3729a9cb434b1e2be4c5ccb99f42dd60a03cacb35a39cdb"
"Nagarajan","Chandrasekaran","Nagarajan Chandrasekaran","https://www.linkedin.com/in/nagarajanchandru","Video Production Head I Personal Branding Video Specialist | Content first video agency | Founder - Sarang Media | One of top 3 Video Agencies in Chennai","comment","You're so right about taking care of health—I've been guilty of neglecting it, and it really does catch up with you. Thanks for the reminder to prioritize it Dilip Kumar","2025-06-09T03:36:33.927Z","No","urn:li:comment:(activity:7337347483863265280,7337684003149312000)","a5309aa2efcb242a250cce726a81806e75157e6e2cc751cabca479e7489fa1ee","0","No","No","urn:li:activity:7337347483863265280","a2295ad6a0482859a3729a9cb434b1e2be4c5ccb99f42dd60a03cacb35a39cdb"
"Gurpreet","Kaur","Gurpreet Kaur","https://www.linkedin.com/in/writewithkaur","| I help software companies attract qualified leads in less than 30 days through SEO and AEO optimized content | Freelance B2B SaaS Writer | 25+ First-Page Blog Rankings in 3 Months |","comment","I think doing good and proving your worth is OK but not at the cost of physical and mental health.

Dilip Kumar","2025-06-09T02:47:56.169Z","No","urn:li:comment:(activity:7337347483863265280,7337671765185150977)","946ed4c1eb8c6dc8b9d41763fc00e0ac8187183281951099add1c66ca725fd1b","0","No","No","urn:li:activity:7337347483863265280","a2295ad6a0482859a3729a9cb434b1e2be4c5ccb99f42dd60a03cacb35a39cdb"
"Anna","Herber - Alignment Guide","Anna Herber - Alignment Guide","https://www.linkedin.com/in/annaherbermessagealignment","Alignment Guide — helping visionary creatives align with their true potential. Broadcast your authentic frequency, magnetise opportunities, change the world with your best ideas | Poet | Speaker | Creative Facilitator","comment","Excellent advice! Building from authenticity - intrinsic motivation - is good for your health, and good for the people who experience your output. 

Use journaling/coaching/inner work to catch the places where you’re chasing validation and approval, we all do it 😂 but the best creations have a pure intention, as well as viability","2025-06-08T17:41:55.036Z","No","urn:li:comment:(activity:7337347483863265280,7337534355029835776)","e7c95e3cd0cb68488bae3c8088739e93c1e5950ba2909e38f6b58c6cff6b04e8","0","No","No","urn:li:activity:7337347483863265280","a2295ad6a0482859a3729a9cb434b1e2be4c5ccb99f42dd60a03cacb35a39cdb"
"Tanvi","Agarwal","Tanvi Agarwal","https://www.linkedin.com/in/tanvi-agarwall","Communications & Change Leader | PR & Storyteller | Internal Comms + Culture Architech | CXO/Founder Personal Branding | Author of Bylines & Case Studies | 40% ↑ Employee Engagement & 3X Transformation Adoption","comment","I firmly believe - value the basics. Family, good health, purpose. Everything else falls in place","2025-06-08T17:12:31.625Z","No","urn:li:comment:(activity:7337347483863265280,7337526958748028928)","ef9a285af5806e8ef894888dee8f4504de84209a7d54e410716617e5fd2ef162","0","No","No","urn:li:activity:7337347483863265280","a2295ad6a0482859a3729a9cb434b1e2be4c5ccb99f42dd60a03cacb35a39cdb"
"Shreya","Sharma","Shreya Sharma","https://www.linkedin.com/in/itsmeshreyasharma","Ex Research Intern @IIT Mandi | IEEE Published Author | NPTEL Intern’ 24 IIT Ropar | Newspaper Columnist.","comment","Build from clarity, not chaos. From craft, not status. From love, not FOMO. This is the most honest advice I’ve read in a while.","2025-06-08T16:49:49.585Z","No","urn:li:comment:(activity:7337347483863265280,7337521245938229250)","4cf9539857a3c997ad99b742d9956d4404a6a1f68f3c4a49b61fbd7f693c7769","0","No","No","urn:li:activity:7337347483863265280","a2295ad6a0482859a3729a9cb434b1e2be4c5ccb99f42dd60a03cacb35a39cdb"
"Kunal","C.","Kunal C.","https://www.linkedin.com/in/kunalchauhan-wordpressdeveloper","Freelance WordPress & WooCommerce Developer | Fast, Conversion-Focused Sites for SMEs | India · UAE · Australia · USA","comment","Dilip Kumar Every line here hits hard. Building something real takes more than vision, it takes resilience, humility, and heart.","2025-06-08T14:30:10.173Z","No","urn:li:comment:(activity:7337347483863265280,7337486100136955904)","1817cefd242b8263ea4a11d50a8e5e8aac47bc4d37ab04821402ff5d6c0f8162","0","No","No","urn:li:activity:7337347483863265280","a2295ad6a0482859a3729a9cb434b1e2be4c5ccb99f42dd60a03cacb35a39cdb"
"Keyur","Kumbhare","Keyur Kumbhare","https://www.linkedin.com/in/keyurkumbhare","Managing Partner @ GrowedIn Group | LinkedIn Branding, Marketing, Ads | Digital Marketing | Demand Generation | Sales | Reputation Management","comment","One of the things I've realised over the years as an entrepreneur is that most people (almost 99%) underestimate the amount of work it takes to achieve sustainability and profitability. And this same set of people highly overestimate the quality of life.","2025-06-08T12:44:08.794Z","No","urn:li:comment:(activity:7337347483863265280,7337459418583707648)","a93a5768c674fd35c26509715e7324d01a8364a0a4e691d5c031aee9ce007ef5","0","No","No","urn:li:activity:7337347483863265280","a2295ad6a0482859a3729a9cb434b1e2be4c5ccb99f42dd60a03cacb35a39cdb"
"Sarika","Panchhi","Sarika Panchhi","https://www.linkedin.com/in/sarika-panchhi-37467814","Founder & CEO, JiViSa Wellness – Clean Skin & Wellness Brand | Founder, WG Collective – Brand Strategy & Events","comment","We’re all finally on our own journies.","2025-06-08T12:24:01.102Z","No","urn:li:comment:(activity:7337347483863265280,7337454353156345857)","4abf2d700d1169c2d4b72440853be6474e7b3a4b8e4363676dd55c81e14f1d47","0","No","No","urn:li:activity:7337347483863265280","a2295ad6a0482859a3729a9cb434b1e2be4c5ccb99f42dd60a03cacb35a39cdb"
"Princy","Lalawat","Princy Lalawat","https://www.linkedin.com/in/princylalawat","Personal Branding Expert | Helping founders and CEOs scale brands 100K organically | Freelancer who helps you go Viral & generate sales","comment","The raw truth here speaks so high! Thank you for sharing this. ","2025-06-08T11:28:02.071Z","No","urn:li:comment:(activity:7337347483863265280,7337440264355049472)","77a024a26d95492daea0acdd0f7b7102e0e0e2f9cb76d08e3b1390d9dac9f7d6","0","No","No","urn:li:activity:7337347483863265280","a2295ad6a0482859a3729a9cb434b1e2be4c5ccb99f42dd60a03cacb35a39cdb"
"Alexandra","Chrysanthi Kafka","Alexandra Chrysanthi Kafka","https://www.linkedin.com/in/alexandrakafka","I empower leaders in high-stress industries through mental fitness programs that help them thrive📍 Founder & CEO | Global Mental Fitness Advocate 🚀 @Oxyzn📍Seen on Forbes","comment","Entrepreneurship requires resilience, patience, a strong nervous system, and serious work ethic.
 It’s not for the average person — and that’s okay.","2025-06-08T10:40:27.550Z","No","urn:li:comment:(activity:7337347483863265280,7337428291626147841)","37364eb774c13550d284ec4e82ae7eb1b6d82131c703b0459d9f9e0b2750e347","0","No","No","urn:li:activity:7337347483863265280","a2295ad6a0482859a3729a9cb434b1e2be4c5ccb99f42dd60a03cacb35a39cdb"
"Alexandra","Chrysanthi Kafka","Alexandra Chrysanthi Kafka","https://www.linkedin.com/in/alexandrakafka","I empower leaders in high-stress industries through mental fitness programs that help them thrive📍 Founder & CEO | Global Mental Fitness Advocate 🚀 @Oxyzn📍Seen on Forbes","comment","If I had a coin for every time someone asked me whether they should quit their 9–5 and become an entrepreneur, and I said “no,” I’d be a billionaire by now.","2025-06-08T10:40:20.479Z","No","urn:li:comment:(activity:7337347483863265280,7337428261972426752)","e7c45bbb23d2f5e8f0d6e28b7392aa58efec8fcc7bb6ff86cb57edc0d84893f8","0","No","No","urn:li:activity:7337347483863265280","a2295ad6a0482859a3729a9cb434b1e2be4c5ccb99f42dd60a03cacb35a39cdb"
"Amit","Singh","Amit Singh","https://www.linkedin.com/in/amit-singh-lisners","Founder, Lisners","comment","Dear aspiring founders, ask a simple question to yourself, why do you want to start-up. Your answer will decide your perseverance, passion and patience in this journey. 
If you are starting up to solve your own problems, you may have a difficult time. If you are solving the problems of others, the struggle is worthwhile.","2025-06-08T10:13:23.006Z","No","urn:li:comment:(activity:7337347483863265280,7337421477794803713)","3a46adceb35c12ed26d1a171a65eed8e18033248ab990e5ccb99673fbf4135bd","0","No","No","urn:li:activity:7337347483863265280","a2295ad6a0482859a3729a9cb434b1e2be4c5ccb99f42dd60a03cacb35a39cdb"
"Deepti","Kurup","Deepti Kurup","https://www.linkedin.com/in/deepti-kurup-b46971a1","Building a Visionary Ecosystem for Global Founders | Strategic Risk & Capital Advisory | Elite Real Estate -India & Dubai | 25+ Yrs Global Legacy | Ex-Industrialist | Supramental Path Disciple","comment","Powerful advice. Entrepreneurship is a tough, winding road. Prioritize health, relationships, and authenticity to navigate the journey with clarity and joy.","2025-06-08T09:42:12.317Z","Yes","urn:li:comment:(activity:7337347483863265280,7337413631556448257)","8d899ad37ddd49bc65363dd7d80b98df91d4fc66b2d80dfd330cce431818f603","0","No","No","urn:li:activity:7337347483863265280","a2295ad6a0482859a3729a9cb434b1e2be4c5ccb99f42dd60a03cacb35a39cdb"
"Sasha","Cayward - MSc.","Sasha Cayward - MSc.","https://www.linkedin.com/in/sasha-cayward","Community Architect Building Europe’s Human-First Startup Movement | Building Six-Pack Minds for the 0.1% | Organisational & Performance Psychologist | Techstars FemTech Founder & Elite Tennis Player🎾","comment","One more time for the people in the back on their 5th cup of coffee and haven’t seen the sky in days 😂😂

No but seriously this is one thing startups and VCs don’t talk about enough. The PERSON behind the success. The human that needs to carry the team and show up every day even when things hit the fan. 

Founders, you are the most expensive and important investment!!! 

Treat yourself like it","2025-06-08T08:53:07.400Z","No","urn:li:comment:(activity:7337347483863265280,7337401279679225856)","cfea35f9a42390297b504c7cebac6c80dbef074fae092014bb9ba412c8bb4f78","0","No","No","urn:li:activity:7337347483863265280","a2295ad6a0482859a3729a9cb434b1e2be4c5ccb99f42dd60a03cacb35a39cdb"
"Rakesh","Swain","Rakesh Swain","https://www.linkedin.com/in/rakesh-swain-59140075","Building AI agents for businesses","comment","Needed to hear this. Thanks Dilip","2025-06-08T08:47:32.212Z","No","urn:li:comment:(activity:7337347483863265280,7337399873798926336)","62cfeb1e214b3dd6c766e8e5df34b524a46bb6194ffd4a6ce270c51e926b2077","0","No","No","urn:li:activity:7337347483863265280","a2295ad6a0482859a3729a9cb434b1e2be4c5ccb99f42dd60a03cacb35a39cdb"
"AI1.vc","","AI1.vc","","345 followers","comment","Great advice—founding a startup is more “choose your own adventure” than highlight reel. The wellness tips are spot on; there are no shortcuts when it comes to health or relationships, no matter how magical your pitch deck is.","2025-06-08T08:46:26.032Z","No","urn:li:comment:(activity:7337347483863265280,7337399596224057344)","fff7c5c6aa013276c42afc81704c93bc504ad60e876a502b347264671eb6ec59","0","No","No","urn:li:activity:7337347483863265280","a2295ad6a0482859a3729a9cb434b1e2be4c5ccb99f42dd60a03cacb35a39cdb"
"Bupindar","S Nayar ⚡","Bupindar S Nayar ⚡","https://www.linkedin.com/in/bupindarsnayar","Building PROTEYNS -Mediterranean food brand with a flavorful and healthy fast-casual restaurant experience.","comment","Thanks for the reminder. :)","2025-06-08T08:33:18.831Z","No","urn:li:comment:(activity:7337347483863265280,7337396294459498496)","e6401f96142e4ebbb65c0626caf945f081891864afb02a2078add6cf372756f5","0","No","No","urn:li:activity:7337347483863265280","a2295ad6a0482859a3729a9cb434b1e2be4c5ccb99f42dd60a03cacb35a39cdb"
"Lalitha","Raghuram","Lalitha Raghuram","https://www.linkedin.com/in/lalitha-raghuram-40681b6","Country Director - MOHAN Foundation","comment","So well said.","2025-06-08T08:19:35.370Z","No","urn:li:comment:(activity:7337347483863265280,7337392840613797889)","a316ce432d0a0e10ae8175223ce0212da732929f733f8a71e9f3beeddd5a42c8","0","No","No","urn:li:activity:7337347483863265280","a2295ad6a0482859a3729a9cb434b1e2be4c5ccb99f42dd60a03cacb35a39cdb"
"Manu","S.","Manu S.","https://www.linkedin.com/in/manusaxena19","VP of Sales, Canada & US NE I 0-1 Problem Solver | Data & AI Enthusiast I People's Person","comment","So authentic Dilip Kumar","2025-06-08T08:06:36.965Z","No","urn:li:comment:(activity:7337347483863265280,7337389575750721536)","ce4ee41f440e117231cf0cbf50c1528a959b409c11994a510a0f747410d3c8a5","0","No","No","urn:li:activity:7337347483863265280","a2295ad6a0482859a3729a9cb434b1e2be4c5ccb99f42dd60a03cacb35a39cdb"
"Ramakrishanan","V","Ramakrishanan V","https://www.linkedin.com/in/ramakrishanan","Data-Driven Capital Projects & Strategy Leader | Delivering $100M+ Oil & Gas Initiatives | Low-Carbon Growth, Digital Transformation & Operational Excellence I Public Speaking Coach & Toastmaster","comment","Love this, Dilip Kumar, especially this line "" You’re not wealthy if you have no one to share it with."" It hit home when I thought how rich I would be if I had no family commitments  then I felt what's the joy of parking your Lamborghini and entering the empty house 🙃 ","2025-06-08T07:55:26.878Z","No","urn:li:comment:(activity:7337347483863265280,7337386765198028800)","3110dcfe101973838ff79097aa8cee3588ca1cc7e2e56f208f545b16cc88491d","0","No","No","urn:li:activity:7337347483863265280","a2295ad6a0482859a3729a9cb434b1e2be4c5ccb99f42dd60a03cacb35a39cdb"
"Deepa","P.","Deepa P.","https://www.linkedin.com/in/deepapalli","Building smart AI Products & high performing teams @Pallid | Product Strategy, UX Leadership, AI on the side | UK ↔ India","comment","This is some real sage advice. Fully agree 💯","2025-06-08T07:48:34.049Z","No","urn:li:comment:(activity:7337347483863265280,7337385033671839744)","23044a2c04d0f9110e7531f8a213f7186ef3e38d583e6bbe907871fe32be3b61","0","No","No","urn:li:activity:7337347483863265280","a2295ad6a0482859a3729a9cb434b1e2be4c5ccb99f42dd60a03cacb35a39cdb"
"Sandesh","Sathyanarayana","Sandesh Sathyanarayana","https://www.linkedin.com/in/sandeshs","Leading Strategic Programs, Partnerships, and Growth across Adtech, Martech & Digital Ecosystem","comment","This is the least spoken or documented part of entrepreneurship! It is tough, indeed :)","2025-06-08T07:38:37.421Z","No","urn:li:comment:(activity:7337347483863265280,7337382531228409856)","8ba83ca89b5f2dcf8f38b673058b1fd352261036e2975b3793c925712825bb20","0","No","No","urn:li:activity:7337347483863265280","a2295ad6a0482859a3729a9cb434b1e2be4c5ccb99f42dd60a03cacb35a39cdb"
"Swapnil","Anand","Swapnil Anand","https://www.linkedin.com/in/swapnil-anand-brands-benchmark","Founder & Creative Head at Brands Benchmark | Digital Growth Partner for B2B & D2C Brands | Have Built Global Digital Presence for Brands from Zero | 250% Revenue Growth Delivered !","comment","Sharing something like this honest, helps. Thanks.","2025-06-08T07:18:54.427Z","No","urn:li:comment:(activity:7337347483863265280,7337377569391960064)","3f59a318489e4d8bfde8c7bbbffd049bedd3917787edc261ad370ae2418675ac","0","No","No","urn:li:activity:7337347483863265280","a2295ad6a0482859a3729a9cb434b1e2be4c5ccb99f42dd60a03cacb35a39cdb"
"Pratyaksha","Singh 🇮🇳","Pratyaksha Singh 🇮🇳","https://www.linkedin.com/in/pratyaksha-singhh","MARKETING | Quite Good Storyteller ~ Helping Founders & Solopreneurs Turn LinkedIn Into Lead Engine| Personal Branding Strategist| LinkedIn Ghostwriter| Open To CollaborationS | Book a Free Strategy Call NOW","comment","We humans tend to take things for granted which are easily available to us via luck..","2025-06-08T06:56:34.027Z","No","urn:li:comment:(activity:7337347483863265280,7337371947346923520)","e7303b1c780873eed09e0405071e34e79454b900e32004d6c90622f7b62c0b36","0","No","No","urn:li:activity:7337347483863265280","a2295ad6a0482859a3729a9cb434b1e2be4c5ccb99f42dd60a03cacb35a39cdb"
"Nikita","Agrawal","Nikita Agrawal","https://www.linkedin.com/in/nikita-agrawal-329a16207","ISB ivi’25 | Founder Outreach Network | Youngest Innovative Entrepreneur 2025 | 1.4L+ impressions | Ex-Stripe | Christ Uni’23 | Maharashtra Ranker HSC’20 | Startup Mentorship Networking & Fundraising | Public Speaker","comment","Wowww! Thanks for sharing this. Just started my entrepreneurial journey and perspectives like this help a lot.","2025-06-08T06:31:34.145Z","No","urn:li:comment:(activity:7337347483863265280,7337365656385794049)","3e3662d554584bb2194838808d021ab222b19a3c2abe129d0ef7ab81f5b73903","0","No","No","urn:li:activity:7337347483863265280","a2295ad6a0482859a3729a9cb434b1e2be4c5ccb99f42dd60a03cacb35a39cdb"
"Sujal","Agrawal","Sujal Agrawal","https://www.linkedin.com/in/sujal-agrawal-351391289","SRCC’26 | Building Modulus | Bain & Co.(PPO) | EY | Invest India | Bajaj Capital | AIR 3 @EY CAFTA","comment","It is so true, Dilip Kumar","2025-06-08T06:27:55.524Z","Yes","urn:li:comment:(activity:7337347483863265280,7337364739422883842)","4289dcf62be10277d65d9cee56379d49795b404ea88b9b927f71da8236f2efba","0","No","No","urn:li:activity:7337347483863265280","a2295ad6a0482859a3729a9cb434b1e2be4c5ccb99f42dd60a03cacb35a39cdb"
"Souvik","Sarkar","Souvik Sarkar","https://www.linkedin.com/in/souvik-sarkar-238851a5","What’s Tomorrow for Education?","comment","We don't speak enough about how building something can quietly cost you everything else.

The silent tax of ambition, unless you are paying attention.","2025-06-08T06:17:53.376Z","No","urn:li:comment:(activity:7337347483863265280,7337362213831094273)","b94b7a33fccf4a9800dd114f62a293db1dbad5b81e2bbc6be98349d4cd2bcfed","0","No","No","urn:li:activity:7337347483863265280","a2295ad6a0482859a3729a9cb434b1e2be4c5ccb99f42dd60a03cacb35a39cdb"
"Karuna","Vyas","Karuna Vyas","https://www.linkedin.com/in/karunavyas","Home healthcare l Healthcare operations I Business Strategy l Aged care","comment","This is divine, needed to hear this today . Thanks","2025-06-08T06:07:43.603Z","No","urn:li:comment:(activity:7337347483863265280,7337359656257736705)","bada7fd4822ce923898771eb9f46444d2b8075b073761ebdaaa1c9b14a18c151","0","No","No","urn:li:activity:7337347483863265280","a2295ad6a0482859a3729a9cb434b1e2be4c5ccb99f42dd60a03cacb35a39cdb"
"Robin","Jose","Robin Jose","https://www.linkedin.com/in/robinjose","Building Agentic AI for Enterprise │ Founder @ AIGist24 │ 2x AI Exits │ I write about AI Strategy & Execution","comment","It's supposed to be hard. If it were easy, everyone would do it. But it does not have to be lonely. ","2025-06-08T06:05:44.149Z","No","urn:li:comment:(activity:7337347483863265280,7337359155231399936)","d49b2bdf4853a3a3727596429d8bd9e521c5afa453095e1091bda2495760008a","0","No","No","urn:li:activity:7337347483863265280","a2295ad6a0482859a3729a9cb434b1e2be4c5ccb99f42dd60a03cacb35a39cdb"
"Issac","John","Issac John","https://www.linkedin.com/in/issacjohn","Co-Founder, Ivory","comment","
Good note! I had seen two of my ex-bosses at close quarters really gut it out as founders, so I had a fair idea of what I was getting into. And yet when I started and even now, I know that I underestimated how hard and complex this was going to be. 🙃 ","2025-06-08T06:04:01.646Z","No","urn:li:comment:(activity:7337347483863265280,7337358725302616064)","d92016c5dab759cfcb3ee9e4a856c0d405b73ee5b99a87e9a40f6f50e8189279","0","No","No","urn:li:activity:7337347483863265280","a2295ad6a0482859a3729a9cb434b1e2be4c5ccb99f42dd60a03cacb35a39cdb"
"Jash","Shah 🍦","Jash Shah 🍦","https://www.linkedin.com/in/jashshah6","Founder & CEO @ Get-A-Way | Forbes under30 Asia 2024 | Shark Tank India winner","comment","So so true! Your posts are very inspiring Dilip !
More power to you 🙌🏻","2025-06-08T06:03:46.095Z","No","urn:li:comment:(activity:7337347483863265280,7337358660076982272)","f1766290895d0780bfdcf4d3e67a9eb2ec54a5ba02b3e6a8b3a0b29d2eb01865","0","No","No","urn:li:activity:7337347483863265280","a2295ad6a0482859a3729a9cb434b1e2be4c5ccb99f42dd60a03cacb35a39cdb"
"Shubham","Jani","Shubham Jani","https://www.linkedin.com/in/shubham-jani-b2873b53","Adtech, CTV, Programmatic and Monetisation","comment","The authenticity in your posts 🙏. Thank you for creating this.","2025-06-08T05:46:02.447Z","No","urn:li:comment:(activity:7337347483863265280,7337354198813970434)","a6bf851d9a9afea544c1bd673f43e7562add268aaa5231167cbc860423c20f01","0","No","No","urn:li:activity:7337347483863265280","a2295ad6a0482859a3729a9cb434b1e2be4c5ccb99f42dd60a03cacb35a39cdb"
"James","Carter","James Carter","https://www.linkedin.com/in/james1carter","Leadership & Culture 🪐 Developing cohesive and effective teams at scale","comment","Very wise words Dilip; really resonates.","2025-06-08T05:45:32.859Z","Yes","urn:li:comment:(activity:7337347483863265280,7337354074712915968)","1f381a42ef2050effc029ec006eacbfbf328e5dc81be0c5c365617e2e9a1fde9","0","No","No","urn:li:activity:7337347483863265280","a2295ad6a0482859a3729a9cb434b1e2be4c5ccb99f42dd60a03cacb35a39cdb"
"Amol","Dhakane","Amol Dhakane","https://www.linkedin.com/in/amoldhakane","Co-founder at NuSocia | Social Auditor | Investor | Mentor - Entrepreneurship & Incubation","comment","This is one of the most grounded and honest reflections I’ve read on entrepreneurship. Thank you for sharing Dilip...","2025-06-08T05:44:43.957Z","No","urn:li:comment:(activity:7337347483863265280,7337353869607297024)","7cd39199a470c76d7bfb9b7d42cdc4afc935e2b0838b157421bbb75d7919f75b","0","No","No","urn:li:activity:7337347483863265280","a2295ad6a0482859a3729a9cb434b1e2be4c5ccb99f42dd60a03cacb35a39cdb"
"Arun","Vaz","Arun Vaz","https://www.linkedin.com/in/arun-vaz-2a077717","Co-Founder at Cloud Mojo Tech Pvt.Ltd.","comment","As real as it can be Dilip Kumar always encouraging and inspiring to read what you post. In the world of reels have something for real. Thanks for sharing this","2025-06-08T05:43:44.624Z","No","urn:li:comment:(activity:7337347483863265280,7337353620742443011)","1bd1390d57f18dd2e7bd260390a4ad95ae3f6652235dbb374cf112f29b6ce614","1","No","Yes","urn:li:activity:7337347483863265280","a2295ad6a0482859a3729a9cb434b1e2be4c5ccb99f42dd60a03cacb35a39cdb"
"Ekta","Singh Chandel","Ekta Singh Chandel","https://www.linkedin.com/in/ektasinghchandel","Aerospace Engineer Turned Ghostwriter & Strategist | Helping founders build quiet authority on LinkedIn through clarity-led content | Worked with 15+ clients","comment","We often glorify the outcome but forget that the process comes with invisible costs.","2025-06-08T05:42:37.959Z","No","urn:li:comment:(activity:7337347483863265280,7337353341133336576)","f5c2623f2ccd42cc9489170c6d1f87e2c2bd147de2444e885addadd3fc4a3def","0","No","No","urn:li:activity:7337347483863265280","a2295ad6a0482859a3729a9cb434b1e2be4c5ccb99f42dd60a03cacb35a39cdb"
"Sandeep","Balaji","Sandeep Balaji","https://www.linkedin.com/in/sandeepbalaji","Growth & GTM | Operator Investor | “Building in India” Podcast Host","comment","Hit a spot.
Especially since i have done this grind over a long period of time.

Relationships need to be compounded well & slow. Create a bedrock. Important.

Another important aspect it to be astute & quick learner.

Don’t take failure personally!","2025-06-08T05:39:39.167Z","No","urn:li:comment:(activity:7337347483863265280,7337352591221149696)","591984734610170d0390bbe999422d291f2b44d8ce242c841693d1e257e2d8a1","0","No","No","urn:li:activity:7337347483863265280","a2295ad6a0482859a3729a9cb434b1e2be4c5ccb99f42dd60a03cacb35a39cdb"
"Manish","Dsouza","Manish Dsouza","https://www.linkedin.com/in/imanishdsouza","Venture Capital | Portfolio Strategy & Value Creation | Strategic Investments | Founder Mentor | Author – The Hungry Pig","comment","Beautifully said Dilip.  Good Sunday morning reminder.
","2025-06-08T05:36:57.072Z","No","urn:li:comment:(activity:7337347483863265280,7337351911349567488)","89f2b750212b749f1451d98a2a827579794a7bf3bdab997eeba5d7f6b77fca28","0","No","No","urn:li:activity:7337347483863265280","a2295ad6a0482859a3729a9cb434b1e2be4c5ccb99f42dd60a03cacb35a39cdb"
"Suraj","Shamnani","Suraj Shamnani","https://www.linkedin.com/in/suraj-shamnani882024","Founder & CEO Dope Beverage","comment","🤐","2025-06-08T05:36:03.346Z","No","urn:li:comment:(activity:7337347483863265280,7337351686006476802)","be84d93fd1cbc3d840da1bb93feb2abb6bca86111fb81d3bc10e637e38cf9e86","0","No","No","urn:li:activity:7337347483863265280","a2295ad6a0482859a3729a9cb434b1e2be4c5ccb99f42dd60a03cacb35a39cdb"
"Mayuresh","Saraf","Mayuresh Saraf","https://www.linkedin.com/in/mayuresh-saraf-4480088","Strategic Initiatives | Business Development I Enterprise Sales & Strategic Partnerships | Certified Personal Fitness Coach & Nutritionist (ISSA, USA)","comment","Balance is key 👍","2025-06-08T05:35:10.957Z","No","urn:li:comment:(activity:7337347483863265280,7337351466266890241)","9b5a07f7116c24c0d1caef349680fd69a9c598d5c92393f7c145729ff86bb128","0","No","No","urn:li:activity:7337347483863265280","a2295ad6a0482859a3729a9cb434b1e2be4c5ccb99f42dd60a03cacb35a39cdb"
"Ritika","J.","Ritika J.","https://www.linkedin.com/in/ritika-j-608069141","Healing Entrepreneur | Founder, Bhandi - a way of living | Circular Brand Consultant | Sustainability & Craft collaborator","comment","Beautifully said","2025-06-08T05:33:08.170Z","No","urn:li:comment:(activity:7337347483863265280,7337350951260835841)","ed049d8a78b7e07ad93fa78aaba8e09c135878c3f84891faff984c390d513434","0","No","No","urn:li:activity:7337347483863265280","a2295ad6a0482859a3729a9cb434b1e2be4c5ccb99f42dd60a03cacb35a39cdb"
"Tarang","Jadafiya","Tarang Jadafiya","https://www.linkedin.com/in/tarang-jadafiya-2059b022a","FashionX","comment","Exactly","2025-06-08T05:32:36.913Z","No","urn:li:comment:(activity:7337347483863265280,7337350820159442944)","216e7a4ca9808d8e811437e52801ba111b7fe19a2a03b30d8d932d0cc847e8f2","0","No","No","urn:li:activity:7337347483863265280","a2295ad6a0482859a3729a9cb434b1e2be4c5ccb99f42dd60a03cacb35a39cdb"
"Abhinav","Girdhar","Abhinav Girdhar","https://www.linkedin.com/in/abhinavgirdhar11","Founder at Appy Pie & Pixazo | Angel Investor at Abhinav Girdhar Ventures | PHD Candidate in Genarative AI l Disrupting Tech with No-Code & AI Solutions | Tech Visionary | Global Business Leader","comment","Raw, real, and necessary. This is the kind of advice every aspiring founder needs to hear before chasing the highlight reel.
","2025-06-08T05:31:44.275Z","No","urn:li:comment:(activity:7337347483863265280,7337350599379718145)","d0085082ab3d3e5c8584efe977f394c1bc3cc68331149755bc6c428b3ac8f1c5","0","No","No","urn:li:activity:7337347483863265280","a2295ad6a0482859a3729a9cb434b1e2be4c5ccb99f42dd60a03cacb35a39cdb"
"Rakesh","Menon","Rakesh Menon","https://www.linkedin.com/in/rakeshmeno","Founder & CEO, Previu | Leading Cancel the Cancer Foundation | Decentralizing cancer care across Bharat","comment","Truly Dilip, your authenticity is your superpower. 🙌
Thanks for always showing up with such quiet strength and support. ""Build from love"" — that line will stay with me.","2025-06-08T05:29:21.809Z","No","urn:li:comment:(activity:7337347483863265280,7337350001833979905)","d8906a525d41cb5e8a79b61200926ef3712c84d8afdc583fcdb7220064d88bdd","0","No","No","urn:li:activity:7337347483863265280","a2295ad6a0482859a3729a9cb434b1e2be4c5ccb99f42dd60a03cacb35a39cdb"
"Divya","P S","Divya P S","https://www.linkedin.com/in/divyapsundar","Expansion Head -Marketplace","comment","Barath Akkihebbal","2025-06-08T05:26:31.270Z","No","urn:li:comment:(activity:7337347483863265280,7337349286545825792)","a15e1507d3c3067bd613f77f84a863bca52651ef6cfc1541649a7622f7b770ee","0","No","No","urn:li:activity:7337347483863265280","a2295ad6a0482859a3729a9cb434b1e2be4c5ccb99f42dd60a03cacb35a39cdb"
"Kewal","Parmar","Kewal Parmar","https://www.linkedin.com/in/kewal-parmar-66b08426b","Working With Legacy Builders Who Are Tired Of Fixing The Same Problems In New Ways — One Subconscious Shift At A Time","comment","Dilip Sunday morning and this important post highlighting holistic approach to entrepreneurship - acknowledging the journey isn’t as glorious as it is portrayed; health is vital, relationships need to be taken care of and building from a place of authenticity!

This last point is 🔥

At EA, we too are acknowledging and inspiring for building from a place of authenticity and love for the craft.

Understanding one’s own unique lane is first step, next is walking it. Almost 80% of the founders we interact with inquire because they’re finally tired, frustrated and fed up of fighting the competition and realise the importance of thinking and building monopoly.","2025-06-08T05:25:56.364Z","No","urn:li:comment:(activity:7337347483863265280,7337349140135272448)","ed4e8bbd1003a67ff2365eddad0e1e6846d88a8549e6f472a4976c04d5b26478","0","No","No","urn:li:activity:7337347483863265280","a2295ad6a0482859a3729a9cb434b1e2be4c5ccb99f42dd60a03cacb35a39cdb"
"Ryan","Dsouza","Ryan Dsouza","https://www.linkedin.com/in/ryanadsouza","Founder | UAE’s Only AI Jobs Platform | Top 10 UAE Creator in AI Education & Policy | Advancing AI Innovation in the UAE | Engineering Human-Led, AI-First Systems | Passionate About Art, Design & Fine Art Photography","comment","Love this ! Your advice is pure gold - Especially the one on watching videos . My greatest learning is there is no shortcut - and best lessons come through constant experimentation and failure .","2025-06-08T05:25:55.309Z","No","urn:li:comment:(activity:7337347483863265280,7337349135710273536)","677cebbe8ea35cf39d495271547be8fa2dba97044d84116c13fa33160ba10b1d","0","No","No","urn:li:activity:7337347483863265280","a2295ad6a0482859a3729a9cb434b1e2be4c5ccb99f42dd60a03cacb35a39cdb"
"Kshitiz","Anand","Kshitiz Anand","https://www.linkedin.com/in/kshitizanand","Designer, Entrepreneur, Educator | Venture Builder at Happy Horizons Group | Fondésan | Organization Development Coach | Corporate Trainer","comment","Well advised . Thanks Dilip.","2025-06-08T05:25:19.525Z","No","urn:li:comment:(activity:7337347483863265280,7337348985621200898)","fdea8f529bfe1521564949d494f453b85d349fcc62040f4afbb998b220b516a5","0","No","No","urn:li:activity:7337347483863265280","a2295ad6a0482859a3729a9cb434b1e2be4c5ccb99f42dd60a03cacb35a39cdb"
"Dr.","Ramesh Kantaria","Dr. Ramesh Kantaria","https://www.linkedin.com/in/docrk","R&D Leader I Ex Unilever I Ex Marico I Ex Dr Reddy’s | Launched 40+ products in 9 months | Generated INR 4000M for brands | ISB Alumni","comment","I can corelate to every word you said here..
Thanks .. it’s quite helpful","2025-06-08T05:24:22.030Z","No","urn:li:comment:(activity:7337347483863265280,7337348744469737472)","2796560970f45231ac81a99b7cd5bcde0f1b4e39fca4e9ff85f801ffb1eb4508","0","No","No","urn:li:activity:7337347483863265280","a2295ad6a0482859a3729a9cb434b1e2be4c5ccb99f42dd60a03cacb35a39cdb"
"Sravana","kumar","Sravana kumar","https://www.linkedin.com/in/sravana-kumar-116a6344","Associate Senior Clinical Data Scientist","comment","Thanks for sharing, Dilip.","2025-06-08T05:21:27.559Z","No","urn:li:comment:(activity:7337347483863265280,7337348012685348864)","61778e237ec99bbdc8febf792bda3ac46e40d11dd513570b6a0058b39bed4d1c","0","No","No","urn:li:activity:7337347483863265280","a2295ad6a0482859a3729a9cb434b1e2be4c5ccb99f42dd60a03cacb35a39cdb"