First Name,Last Name,Full Name,Profile URL,Headline,Type,Comment,Timestamp,Is Edited,Comment URN,Comment Hash,Replies Count,Is Post Author,Has Reply From Post Author,Post URN,Post Hash
"Shriram","Ramdas","Shriram Ramdas","https://www.linkedin.com/in/shriramramdas","Founder & CEO at The Little Gym & The Yard | Reach out to unlock the power of Youth Development and elevate Indian sports","comment","Something to say about us Indians respecting Wisdom and Elders...","2023-12-19T08:46:23.054Z","No","urn:li:comment:(activity:7140931872661962753,7142797299901988865)","e08b75518955cd5453235d215ebdceaabe496313255f35d9b6539802a3d9ae3f","0","No","No","urn:li:activity:7140931872661962753","f8a103f527602a7a74fd56f6f281c0777038ba1bdc06a35b1ed2f6ada6bea51e"
"Dr.","Janani Manoharan M.D (OG), MRCOG, D.MAS, F.MAS, FICRS, F.ART","Dr. Janani Manoharan M.D (OG), MRCOG, D.MAS, F.MAS, FICRS, F.ART","https://www.linkedin.com/in/jananimanoharan","Obstetrician, Gynaecologist, Laparoscopic and Robotic Surgeon, Infertility Specialist","comment","Lol... It can also be our fascination with giving anything Western an immediate revered status!! Not to belittle his achievements, although I doubt if he would get the same amount of adulation from us if he was Indian. ","2023-12-15T02:12:01.954Z","No","urn:li:comment:(activity:7140931872661962753,7141248506597416960)","417c5f8642df765ed47b7d547113bbf81ae5f6372cbec37b36fdb337e8f85b71","0","No","No","urn:li:activity:7140931872661962753","f8a103f527602a7a74fd56f6f281c0777038ba1bdc06a35b1ed2f6ada6bea51e"
"Subba","Yantra","Subba Yantra","https://www.linkedin.com/in/subbayantra","Founder & CEO Zaspar Technologies Promoter Director & Head --Global Sales, IT-Mohan Spintex","comment","This mentality of Indian middle class is the only hope for 1.4 billion Indians rather than the government’s and bureaucracy","2023-12-14T16:33:12.835Z","No","urn:li:comment:(activity:7140931872661962753,7141102842114695168)","d9c4a30573a009d9c34aae917879cbf7efef29d37fb582af1beb52bd157f8151","0","No","No","urn:li:activity:7140931872661962753","f8a103f527602a7a74fd56f6f281c0777038ba1bdc06a35b1ed2f6ada6bea51e"
"Shivali","Vij","Shivali Vij","https://www.linkedin.com/in/shivali-vij","Driving Strategy with AI & Analytics @ Michelin | Ex- BCG | IIM-L","comment","We are his fans - No doubt ! He was risk averse, intellectual, Loyal, loved to read , promotes being a nerd - What more to ask for ?","2023-12-14T13:28:45.996Z","No","urn:li:comment:(activity:7140931872661962753,7141056424427663361)","e7c0541d07764d77f38bfee7add82f60ef96d2b90fe484db791c316da866603a","0","No","No","urn:li:activity:7140931872661962753","f8a103f527602a7a74fd56f6f281c0777038ba1bdc06a35b1ed2f6ada6bea51e"
"Adarsh","Gopalakrishnan","Adarsh Gopalakrishnan","https://www.linkedin.com/in/adarshgopalakrishnan","Movement inc","comment","Dilip KumarThank you for sharing this amazing interview. His writing style was sensational too. Amazing story teller. His parody of the Great Recession remains a favourite: https://slate.com/business/2011/07/charles-munger-s-parody-a-story-about-wantmore-tweakmore-totalscum-and-the-tragedy-of-the-great-recession.html

There's also his writing on trade. And I love his observations on Lee Kuan Yew and the accomplishments of Singapore. He was a polymath who got things done. ","2023-12-14T05:43:07.744Z","Yes","urn:li:comment:(activity:7140931872661962753,7140939242901348352)","81edb40899da52ff5f5dd2333385dbd21f5fc06d03fecb8c9d07730e33464dc2","0","No","No","urn:li:activity:7140931872661962753","f8a103f527602a7a74fd56f6f281c0777038ba1bdc06a35b1ed2f6ada6bea51e"
"Akhil","R","Akhil R","https://www.linkedin.com/in/theakhilr","Storyteller & Marketing Strategist | 2+ Years Client Retention Delivering LinkedIn Content & Audience Growth | Social Impact Advocate","comment","There is a lot to learn from Charlie and Warren, in my perspective it is, mostly their risk taking ability that we all are fond of right?

and I believe, young Indians, are way more risk taking than any other generation, and that's why we love learning from them.","2023-12-14T05:22:58.411Z","No","urn:li:comment:(activity:7140931872661962753,7140934170595303425)","7fd42a148804229ccbdbbb289e60f9753b82e4b83a604ece5f345b892dd6f2e2","0","No","No","urn:li:activity:7140931872661962753","f8a103f527602a7a74fd56f6f281c0777038ba1bdc06a35b1ed2f6ada6bea51e"