First Name,Last Name,Full Name,Profile URL,Headline,Type,Comment,Timestamp,Is Edited,Comment URN,Comment Hash,Replies Count,Is Post Author,Has Reply From Post Author,Post URN,Post Hash
"Jayakumar","V.","Jayakumar V.","https://www.linkedin.com/in/jayyvis","Lead Consultant | AI & Cloud | DevOps Platform Engineering","comment","Ikigai, a Japanese concept referring to something that gives a person a sense of purpose, a reason for living.","2024-03-14T00:49:00.643Z","No","urn:li:comment:(ugcPost:7170657050065035264,7173842521368805376)","e1e1be06a6f89b252994d2d6b18a4b3a031f07960325f58a744a2d03a3b5a536","0","No","No","urn:li:ugcPost:7170657050065035264","8396549b8580c05bc9dc62c5e127a02fc155f8bf319dde3f7450a30141105cbf"
"Sudhir","Shenoy","Sudhir Shenoy","https://www.linkedin.com/in/sudhir-shenoy","I write about leadership, inclusion and philanthropy | Senior VP, Equate Petrochemicals | Fitness enthusiast l Views are personal","comment","Thanks for sharing these insightful points! Embracing vulnerability can indeed lead to profound personal growth and fulfillment.","2024-03-09T16:39:25.829Z","No","urn:li:comment:(ugcPost:7170657050065035264,7172269763006447616)","d37f612a7fe8ef55b2ac138b508b14c93c0b3700b230ef7d21c03f71027ca075","0","No","No","urn:li:ugcPost:7170657050065035264","8396549b8580c05bc9dc62c5e127a02fc155f8bf319dde3f7450a30141105cbf"
"Deepak","Gupta","Deepak Gupta","https://www.linkedin.com/in/purpledeepak","Founder & CEO, PurpleDocs | Digitising Healthcare in India","comment","Absolutely! It's one of the things that kept me going even during Covid - the market looked bleak and logic suggested me to give up. Even with financial risks I continued to build my business, and I owe it to my team's determination to solve a problem. I believe, you either play safe or take risks that serve a purpose. I chose the latter and it paid off. ","2024-03-06T12:55:16.476Z","No","urn:li:comment:(ugcPost:7170657050065035264,7171126188726206464)","c2e9e353c6867e6fbb4be9dedcafb42d58bc9f9e76a87f8d183de52234090787","0","No","No","urn:li:ugcPost:7170657050065035264","8396549b8580c05bc9dc62c5e127a02fc155f8bf319dde3f7450a30141105cbf"
"Dr","Umesh Wadhavani","Dr Umesh Wadhavani","https://www.linkedin.com/in/drumeshwadhavani","A Corporate Wellness Coach making health fun and practical 🏥| Corporate Speaker 🎤 | IG-173k ⭐️| Sindhi IG- 59K 🌟 | YouTube - 184k ✅","comment","Absolutely true! Being open and learning from failures are essential lessons.

Finding values and embracing vulnerability can lead to personal growth.","2024-03-06T12:15:57.773Z","No","urn:li:comment:(ugcPost:7170657050065035264,7171116295612940288)","0b73444ebb85ef482dcc65464eca7b1b1f67d023185588f4dc296842c24fc4e3","0","No","No","urn:li:ugcPost:7170657050065035264","8396549b8580c05bc9dc62c5e127a02fc155f8bf319dde3f7450a30141105cbf"
"Prateek","Singh","Prateek Singh","https://www.linkedin.com/in/prateeksingh-learnapp","Founder & CEO @ LearnApp & Zero1 by Zerodha. - Learning to build finance media & company culture","comment","This is such a good post Dilip bhai. Read it to Swati just now. Good share ❤️

Go where your mind goes when it wanders. That is where you heart is.","2024-03-06T04:44:27.184Z","No","urn:li:comment:(ugcPost:7170657050065035264,7171002669447147520)","ad61f4707f5c54f0bc2b7847d9f0dd18164978cda1719a778d37bb9580bf03ad","0","No","No","urn:li:ugcPost:7170657050065035264","8396549b8580c05bc9dc62c5e127a02fc155f8bf319dde3f7450a30141105cbf"
"Geetanjali","Gupta","Geetanjali Gupta","https://www.linkedin.com/in/geetanjalig","Founder @ Headspur | 2x Founder | IIMxB Alumnus","comment","Quality relationships enrich our lives in ways money can't, Dilip Kumar :)","2024-03-05T15:18:16.655Z","No","urn:li:comment:(ugcPost:7170657050065035264,7170799788748226560)","b3c21d33808e29d57ef987e54ba7c8c2c709af0f0bc28c74c7eacf28b15fa99f","0","No","No","urn:li:ugcPost:7170657050065035264","8396549b8580c05bc9dc62c5e127a02fc155f8bf319dde3f7450a30141105cbf"
"Nikhil","Mudgal","Nikhil Mudgal","https://www.linkedin.com/in/nikhil-mudgal-lorienfinance","Founder @ Lorien Finance | Ex-Investment Banking @ Goldman Sachs, Jefferies | Ex-Private Equity @ Accordion","comment","Loved this, Dilip Kumar!","2024-03-05T14:42:33.358Z","No","urn:li:comment:(ugcPost:7170657050065035264,7170790799109025792)","57eb42df71af119a21f62f19cc90558692a932adcab9bbd0bedee82b1862562e","0","No","No","urn:li:ugcPost:7170657050065035264","8396549b8580c05bc9dc62c5e127a02fc155f8bf319dde3f7450a30141105cbf"
"Pavithra","Shetty","Pavithra Shetty","https://www.linkedin.com/in/pavithra-shetty19","Founder's Office at Career Drivers|Talent Acquisition|Leadership Hiring","comment","Very beautifully put with a powerful intro line that resonates deeply!! Thanks for sharing Dilip Kumar ","2024-03-05T11:35:52.161Z","No","urn:li:comment:(ugcPost:7170657050065035264,7170743817879404545)","05fe7e33f956d9b55384768fb8c2f1f769993bdf568a203521dbd2eb19432f27","0","No","No","urn:li:ugcPost:7170657050065035264","8396549b8580c05bc9dc62c5e127a02fc155f8bf319dde3f7450a30141105cbf"
"Jayant","Ghosh","Jayant Ghosh","https://www.linkedin.com/in/jayantghosh","From Scaling Businesses to Leading Transformation | Sales, Growth, GTM & P&L Leadership | SaaS, AI/ML, IoT | CXO Partnerships | Building Future-Ready Businesses","comment","Being vulnerable is not a weakness, it can be a strength. Your post resonates deeply. How did you personally overcome the challenges of embracing vulnerability in your entrepreneurial journey, Dilip Kumar?  ","2024-03-05T09:24:03.435Z","No","urn:li:comment:(ugcPost:7170657050065035264,7170710646278217730)","84d76537373e0935f79539d2384fc86cefa94f11da04f71e7b31b5ab615964b6","0","No","No","urn:li:ugcPost:7170657050065035264","8396549b8580c05bc9dc62c5e127a02fc155f8bf319dde3f7450a30141105cbf"
"Sahil","Modi","Sahil Modi","https://www.linkedin.com/in/sahil-modi-4528b38a","Partnerships | Monetization | Ad Tech | Automation","comment","A very powerful post, thank you for sharing","2024-03-05T08:57:41.509Z","No","urn:li:comment:(ugcPost:7170657050065035264,7170704011203862528)","51a7b73b13fb7b0b2d6faae5075a1c6875226f285e54a7e17348607ee07731b5","0","No","No","urn:li:ugcPost:7170657050065035264","8396549b8580c05bc9dc62c5e127a02fc155f8bf319dde3f7450a30141105cbf"
"Sanjib","Singh","Sanjib Singh","https://www.linkedin.com/in/sanjib-singh","I help tech leaders build production ready AI/ML model | For Seed to Growth startups | Pilot starts at $1500 | Production ready build in 4-6 weeks","comment","I have something to share on a similar note.","2024-03-05T07:05:06.372Z","No","urn:li:comment:(ugcPost:7170657050065035264,7170675678105780224)","dcec6df4567dc9fabe2c5794c23dd3c2171bf7aad8aac31cbf7cba1cb9364704","0","No","No","urn:li:ugcPost:7170657050065035264","8396549b8580c05bc9dc62c5e127a02fc155f8bf319dde3f7450a30141105cbf"
"Sharath","Raju","Sharath Raju","https://www.linkedin.com/in/sharathraju","VP of Retail @ Pantproject.com | MIT | Cardiff University","comment","Thank you for sharing this","2024-03-05T06:31:44.030Z","No","urn:li:comment:(ugcPost:7170657050065035264,7170667279674724352)","4735a4c1fa689d3b4470c9dbfc4b74f17e44c06a76ce61d680c68e72b8a3de79","0","No","No","urn:li:ugcPost:7170657050065035264","8396549b8580c05bc9dc62c5e127a02fc155f8bf319dde3f7450a30141105cbf"
"Harsh","Batra","Harsh Batra","https://www.linkedin.com/in/harshbatra","I build businesses with people I like | Region Head @ iDeals VDR: Building to $1B | Founder @ Happy Ratio: Bootstrapping a healthy food brand | Investor @ Marcellus: long-term equity investing to create financial freedom","comment","Bang on! I don't think the struggle ever stops. It just changes form. People with more money end up struggling with different problems. People with lesser money end up struggling with other problems. But the struggle remains. Because the day the struggle stops is the day you end up getting carried wherever the wind blows. That's the worst kind of struggle - the struggle for purpose.","2024-03-05T06:23:26.985Z","No","urn:li:comment:(ugcPost:7170657050065035264,7170665194916925442)","fe9cd231e28b1fed3d0b1f2c9be3ebe93a570a2944452fb73aa69f5a0a5adcb3","0","No","No","urn:li:ugcPost:7170657050065035264","8396549b8580c05bc9dc62c5e127a02fc155f8bf319dde3f7450a30141105cbf"
"Vivek","Kumar","Vivek Kumar","https://www.linkedin.com/in/vivekumar13","Startups, Branding, marketing, and culture. I have failed enough to help build startups the “right way”.","comment","Dead on! 

Very well said Dilip Kumar","2024-03-05T05:58:07.015Z","No","urn:li:comment:(ugcPost:7170657050065035264,7170658819696476160)","a1c51f03af1bc1e38d0bb64280383ca134113ed82fba7fa52004fe20c685de66","0","No","No","urn:li:ugcPost:7170657050065035264","8396549b8580c05bc9dc62c5e127a02fc155f8bf319dde3f7450a30141105cbf"