First Name,Last Name,Full Name,Profile URL,Headline,Type,Comment,Timestamp,Is Edited,Comment URN,Comment Hash,Replies Count,Is Post Author,Has Reply From Post Author,Post URN,Post Hash
"Thejas","N","Thejas N","https://www.linkedin.com/in/thejas-n-996ba128","Axis Bank | Ex NSDL | Ex SBICap Securities","comment","Concentration to one sport is not viable for sports development for the country. Country like China invest 30kcr every year for development ","2024-07-26T04:48:54.367Z","No","urn:li:comment:(activity:7221012947748208643,7222462867013296129)","7062b9c0413ecad79f2991bbc91ea338cba41b32f244bbe5ea709d3fc84a146c","0","No","No","urn:li:activity:7221012947748208643","093d49aa5b2d26ab020d7ad275a5a730b40a04951a2997be0a0fa79e5fe2d1f5"
"Mayuri","Iyer","Mayuri Iyer","https://www.linkedin.com/in/livingwithlights-mayuri-iyer","🌿 Creator of CAD (Collate, Alter, Dissolve) | Emotional Clarity & Healing | Helping thoughtful professionals feel lighter, clearer, and more themselves. Author – Inner Compass","comment","Love this","2024-07-25T10:57:10.006Z","No","urn:li:comment:(activity:7221012947748208643,7222193154974728193)","cb21df024a5f059614b4a9dbb8623a0c0453e4ebda78f7b07499b3cee73c8dfa","0","No","No","urn:li:activity:7221012947748208643","093d49aa5b2d26ab020d7ad275a5a730b40a04951a2997be0a0fa79e5fe2d1f5"
"Nidhi","Nag","Nidhi Nag","https://www.linkedin.com/in/nidhi-nag","Helping seniors feel confident, connected & celebrated, and a little less lonely | Founder of SeniorBees | Stories, Tech & Twinkles of Joy","comment","I so agree with this  - ""Most people are afraid of sharing their thoughts online. One of the biggest mistake is that people think they have to be an ""expert"" to share about something. 
I'm telling you, the power of speaking your mind is underrated. ""
","2024-07-23T04:11:57.998Z","No","urn:li:comment:(activity:7221012947748208643,7221366407286968320)","f6393ace376d8b695cf53b1d2bca9e00f1fee1c4bf9f568a2af20b2f7f0551aa","0","No","No","urn:li:activity:7221012947748208643","093d49aa5b2d26ab020d7ad275a5a730b40a04951a2997be0a0fa79e5fe2d1f5"
"Uday","Chaudhari","Uday Chaudhari","https://www.linkedin.com/in/udaychaudhari","GenAI, AI/ML Leader with 13+ years of experience in building scalable solutions","comment","That's awesome! Thanks for sharing. I wish to see Indian athletes achieve great success in all sports.

I truly admire how speaking your mind worked well for you! I kept telling my older boss that he earns way more than anyone else in the firm and could spare some for his employees as well. But as you can see, did not turn out well. But now I feel inspired to continue speaking my mind","2024-07-22T17:02:18.949Z","No","urn:li:comment:(activity:7221012947748208643,7221197884145205248)","b29d7521456e914ff46bb2f3afdde21c15456766e6525f53c7b042b2275db8d6","0","No","No","urn:li:activity:7221012947748208643","093d49aa5b2d26ab020d7ad275a5a730b40a04951a2997be0a0fa79e5fe2d1f5"
"Gopal","Kumar","Gopal Kumar","https://www.linkedin.com/in/gkciitp","Amazon | x-Microsoft, JPMorgan | UC Berkeley | IIT Patna | 5xAzure 3xAWS Certified","comment","BCCI supported Indian contingent last time as well. 

Read: https://olympics.com/en/news/indian-cricket-board-sanctions-inr-10-crore-for-india-s-tokyo-2020-campaign","2024-07-22T16:29:16.726Z","No","urn:li:comment:(activity:7221012947748208643,7221189570099367936)","da877fe297c7bf90c74bf53ffafbe4d6290057873ac7364545021a98bdc73bc2","0","No","No","urn:li:activity:7221012947748208643","093d49aa5b2d26ab020d7ad275a5a730b40a04951a2997be0a0fa79e5fe2d1f5"
"Shweta","Singh","Shweta Singh","https://www.linkedin.com/in/shweta-singh-53a32021","Founder & Director at Get Out & Play India, IIMB NSRCEL Goldman Sachs | 10000 Women I Received SISF ’23 I Incubated at Ideas2Impact","comment","This is fantastic news. The BCCI's management of men's cricket, and now women's cricket, has been outstanding in terms of customer engagement and profitability. It might not be a bad idea to consider giving them the reins of other sports as well. We could potentially see a significant turnaround under their leadership ;)","2024-07-22T14:24:28.203Z","No","urn:li:comment:(activity:7221012947748208643,7221158160953184256)","025283417efde06ed5d765ef6263a55f5761abd80003a701863d3e750c555736","0","No","No","urn:li:activity:7221012947748208643","093d49aa5b2d26ab020d7ad275a5a730b40a04951a2997be0a0fa79e5fe2d1f5"
"Ishan","Mishra","Ishan Mishra","https://www.linkedin.com/in/ishan-mishra-536984167","Sports Management Professional | Project Management | Sports Consulting","comment","BCCI always supported the other sports as per their abilities, dating back to 2008-09 bcci also helped AIFF with some money but they can’t just blindly give whoever in need coz it will send a strong message that a national sport body is having bigger budget than government and many people in government will not like it.","2024-07-22T11:54:10.782Z","No","urn:li:comment:(activity:7221012947748208643,7221120339148206082)","b19e7ebe3c0ad2a810f7e0cfe3a5a57811e7fab3d251a1f0c66bada674f4ddc0","0","No","No","urn:li:activity:7221012947748208643","093d49aa5b2d26ab020d7ad275a5a730b40a04951a2997be0a0fa79e5fe2d1f5"
"Manu","Jha","Manu Jha","https://www.linkedin.com/in/mannu07","Founder & CEO of OpenIntervue | Helping Startups, Enterprises, & Top MNCs Transform Their Recruitment Process To Human-Less Hiring With AI Powered Solutions | 3X Entrepreneur","comment","Absolutely agree! Dilip Kumar. Speaking up matters. Kudos to BCCI for supporting our athletes. Let’s hope more organizations follow suit! ","2024-07-22T11:29:36.600Z","No","urn:li:comment:(activity:7221012947748208643,7221114155980800000)","4accb782b028de06226c623487425b54ee00e1a109b2df0d96ce4deb5dbba471","0","No","No","urn:li:activity:7221012947748208643","093d49aa5b2d26ab020d7ad275a5a730b40a04951a2997be0a0fa79e5fe2d1f5"
"Nikita","Lalwani","Nikita Lalwani","https://www.linkedin.com/in/nikitalalwani7","Founder Crooze App l First Bicycle Mayor from India l TEDx Speaker l NIT Surat l IIM Udaipur l ex- Linde Engineering l Jagriti Yatra l 1st Mahindra Rise Sustainability Champion l Google ASA 2022","comment","What can get better than this ??? This is just amazing👏","2024-07-22T10:30:14.694Z","No","urn:li:comment:(activity:7221012947748208643,7221099216268361728)","d2c19e4b3a355a037eecaa0cb6f48ffd9c12c30f3a3137cbe70de8751a94585c","0","No","No","urn:li:activity:7221012947748208643","093d49aa5b2d26ab020d7ad275a5a730b40a04951a2997be0a0fa79e5fe2d1f5"
"Nitesh","Kumar","Nitesh Kumar","https://www.linkedin.com/in/niteshcontent","Deputy General Manager – Strategy Customer Success | Ex. Byjus | Enhancing Customer Success | SaaS Innovation | Process Optimization | Revenue Growth Strategies","comment","It's great to see BCCI stepping up with significant support for Indian athletes heading to the Paris Olympics! 🌟 ","2024-07-22T10:27:19.796Z","No","urn:li:comment:(activity:7221012947748208643,7221098482692939777)","21e2692278d0c776811f8d0ff9e4b525ac7eadb5692cc63783d88412a5cc5e2e","0","No","No","urn:li:activity:7221012947748208643","093d49aa5b2d26ab020d7ad275a5a730b40a04951a2997be0a0fa79e5fe2d1f5"
"Arjun","Vaidya","Arjun Vaidya","https://www.linkedin.com/in/arjunvaidya","Co-Founder @ V3 Ventures I Founder @ Dr. Vaidya’s (acquired) I D2C Founder & Early Stage Investor I Forbes Asia 30U30 I Investing Titan @ Ideabaaz","comment","Great move! ","2024-07-22T09:23:18.714Z","No","urn:li:comment:(activity:7221012947748208643,7221082372023160832)","2937463706abeb8ef225086a2e9087d937d6acc8d02bba9139ec0394bfcbfe47","0","No","No","urn:li:activity:7221012947748208643","093d49aa5b2d26ab020d7ad275a5a730b40a04951a2997be0a0fa79e5fe2d1f5"
"Gaurav","Agarwal","Gaurav Agarwal","https://www.linkedin.com/in/gaurav-agarwal1","Building No-Code Lending Infra (LOS and LMS) @ FinStack","comment","Sports as a fitness activity is a personal passion. Sports as a profession is show biz.

I would rather have this “support” be spent on public infrastructure, eliminating of hunger and/or even education.

Not just cricket but for all sports. BCCI as a private org is free to spend as much as they wish on the sport which gives them the maximum profit.","2024-07-22T09:08:37.850Z","No","urn:li:comment:(activity:7221012947748208643,7221078677411786754)","a267d0ff5b21f12c587c8c568451cedee4837805fdbaa17000fcf215be5a05f5","1","No","No","urn:li:activity:7221012947748208643","093d49aa5b2d26ab020d7ad275a5a730b40a04951a2997be0a0fa79e5fe2d1f5"
"Vinay","Solanki","Vinay Solanki","https://www.linkedin.com/in/vinaysolanki","CBO @ Elecbits | AIoT & Electronics Leader | Author | Investor | Building India’s Electronics Future | IIM-A","comment","Good start by BCCI by sharing 8.5 Cr. But that is mere 0.05% of its earnings and more importantly is this sufficient? People may argue, responsibility is with Indian Govt and IOA.  

I really like your mindset that we should speak up","2024-07-22T08:52:10.184Z","No","urn:li:comment:(activity:7221012947748208643,7221074534840295424)","9cc39b8de808c87169f279dbe9941ce4b18f26ea50a6e25602d3b956936cfcfe","0","No","No","urn:li:activity:7221012947748208643","093d49aa5b2d26ab020d7ad275a5a730b40a04951a2997be0a0fa79e5fe2d1f5"
"Goutam","Bhattacharya","Goutam Bhattacharya","https://www.linkedin.com/in/goutamb1569","Empowering business of disruption with the sustainable growth & scale by as Incubator/lubricator/ Growth Hacker/Leader/Coach as a design practice...","comment","GOI spent Rs.470.00 Cr. during Paris Olympics campaign vs mere Rs.36.85 cr. during 2016 RIO considering India's performance under TOPS (Target Olympic Podium Scheme) in Tokyo 2020. This has happened only coz of Neeraj Chopra's performance consistency & possibility in few other identified disciplines to excel further... 😊 ","2024-07-22T08:01:23.663Z","No","urn:li:comment:(activity:7221012947748208643,7221061756809273344)","91a01c19f88300e44ae2422267898e95d652e34ac932b77ab1bdb1c83c5b313c","0","No","No","urn:li:activity:7221012947748208643","093d49aa5b2d26ab020d7ad275a5a730b40a04951a2997be0a0fa79e5fe2d1f5"
"Sibasish","Misra","Sibasish Misra","https://www.linkedin.com/in/sibasishmisra","Founder & CEO at Aura AI | TEDx Speaker | Travel Industry Visionary | AI-First Business Builder | Advocate for AI Inclusion | Innovator in Travel Technology.","comment"," Supporting each other is important in cricket and in all sports.

Dilip Kumar ","2024-07-22T07:49:55.680Z","No","urn:li:comment:(activity:7221012947748208643,7221058871195262976)","cb5d757f07f24056a179cd23050152f787affb7b68090627448428101d09d062","0","No","No","urn:li:activity:7221012947748208643","093d49aa5b2d26ab020d7ad275a5a730b40a04951a2997be0a0fa79e5fe2d1f5"
"Satyam","Kesarwani","Satyam Kesarwani","https://www.linkedin.com/in/satyam-kesarwani-04aab212a","Chartered Accountant","comment","That's not even 1% of total revenue earned.

Oops CSR rules also don't apply to bcci 🫣","2024-07-22T07:37:43.943Z","No","urn:li:comment:(activity:7221012947748208643,7221055802067828736)","2f282e80651e16dafa683b828f6b2e4dbae8b93d2ad8a8501eb28799fa6eaa8c","0","No","No","urn:li:activity:7221012947748208643","093d49aa5b2d26ab020d7ad275a5a730b40a04951a2997be0a0fa79e5fe2d1f5"
"Anshul","Agrawal","Anshul Agrawal","https://www.linkedin.com/in/anshul-agrawal-8001b031","Co-founder & CPTO @ Habuild | Hiring for tech & product roles","comment","Valid point! Bold voices drive change. Kudos to BCCI for supporting athletes!","2024-07-22T07:05:06.725Z","No","urn:li:comment:(activity:7221012947748208643,7221047592900554753)","0f06db2c2a9a351e44439e81b2312b7cfa1c405275642fb49540da3018ad4093","0","No","No","urn:li:activity:7221012947748208643","093d49aa5b2d26ab020d7ad275a5a730b40a04951a2997be0a0fa79e5fe2d1f5"
"Shiv","Prakash","Shiv Prakash","https://www.linkedin.com/in/shivprakashin","AI, Agents, Data, Infra, Backend, Platforms | Supply Chain","comment","You made a positive movement and change ! Dilip Kumar - more power to you and lessons for ourselves ! Keep sending this positive energy to the universe :)","2024-07-22T06:47:35.949Z","No","urn:li:comment:(activity:7221012947748208643,7221043185626537984)","cc640a92efa1d049afe4b1223dfd081d0f32cd02d3faf1039433441dea1d69d3","0","No","No","urn:li:activity:7221012947748208643","093d49aa5b2d26ab020d7ad275a5a730b40a04951a2997be0a0fa79e5fe2d1f5"
"Mithoon","Padmanabhn M","Mithoon Padmanabhn M","https://www.linkedin.com/in/mithoon","Founder, Eat Svasth","comment","BCCI could probably start adopting other sports rather than just sponsoring them ,this way they will have a diversified portfolio and would also encourage youth participation in various disciplines.","2024-07-22T06:21:05.226Z","No","urn:li:comment:(activity:7221012947748208643,7221036513650786304)","d1d2c61176b257ea826c8dd6e342fd5b2cbc56189b8c1dc5874b814d44c0af9c","0","No","No","urn:li:activity:7221012947748208643","093d49aa5b2d26ab020d7ad275a5a730b40a04951a2997be0a0fa79e5fe2d1f5"
"Thyaga","Rajesh","Thyaga Rajesh","https://www.linkedin.com/in/thyagar","Leader-Manager-Engineer Enterprise SaaS. Installing growth transformations by focusing on Customer experience & Product adoption and Engineering management. #appliedAI","comment","BCCI should focus on generating highest profits and hence paying or help with highest taxes collection to the govt. And let govt decide if they want to support other sports and how much to give out. Otherwise BCCI officials can easily misuse funds for their personal gains. #corruption","2024-07-22T06:19:42.450Z","No","urn:li:comment:(activity:7221012947748208643,7221036166463078401)","46a11f1f4b25919a0a35c98e07efdb1f3ff0e50f95d279abecdfac9c4332b651","0","No","No","urn:li:activity:7221012947748208643","093d49aa5b2d26ab020d7ad275a5a730b40a04951a2997be0a0fa79e5fe2d1f5"
"Uday","Parmar","Uday Parmar","https://www.linkedin.com/in/udayparmar","Growth @ GreyB, Priorise | Lilypad Co-Founder | Boardy Ventures | ex-EY, KPMG","comment","Every time I see Jay Shah, I am like ""why why why""","2024-07-22T06:03:20.002Z","No","urn:li:comment:(activity:7221012947748208643,7221032045777448960)","aade1df92ac367c84562ed26fa1e89b073ff16ece334d24d9768aa84b5ed8c1c","0","No","No","urn:li:activity:7221012947748208643","093d49aa5b2d26ab020d7ad275a5a730b40a04951a2997be0a0fa79e5fe2d1f5"
"Rajnish","Singh 🇮🇳","Rajnish Singh 🇮🇳","https://www.linkedin.com/in/rajnish","Family Office | Investor |Thought Leader | Leadership Influencer | Entrepreneur | Managing Director at Divitira Investments Pvt Ltd | SAGES Leadership Academy | Owner of Villa Splendore Goa","comment","If someone / a team is playing professional sport, then they have to entertain. Unfortunately, other than cricket, Indian professional sports players have failed to entertain the audience so far. Hence, there is no money yet in these sports. One sport (cricket) cannot subsidise other sports.","2024-07-22T05:57:41.104Z","No","urn:li:comment:(activity:7221012947748208643,7221030624336257025)","f26a860762c4cae78771f2f3e84b34574cc1cc2889459daa5d7b95ffc2aa0811","0","No","No","urn:li:activity:7221012947748208643","093d49aa5b2d26ab020d7ad275a5a730b40a04951a2997be0a0fa79e5fe2d1f5"
"Ashutosh","Garg","Ashutosh Garg","https://www.linkedin.com/in/gargashutosh","Jamun | Meesho | Kearney | Amazon | LBS","comment","Great stuff Dilip Kumar. Cant agree more. ","2024-07-22T05:43:15.394Z","No","urn:li:comment:(activity:7221012947748208643,7221026993285292032)","0236226df0a4d709e8726ba5813d36071a8cb20b395c2797fb7701cb87e6e9b1","0","No","No","urn:li:activity:7221012947748208643","093d49aa5b2d26ab020d7ad275a5a730b40a04951a2997be0a0fa79e5fe2d1f5"
"Krunal","Sonal Nitin Shah","Krunal Sonal Nitin Shah","https://www.linkedin.com/in/krunal-sonal-nitin-shah-a30ab5163","Finance Professional | Relationship Manager | Analytical Thinker","comment","I agree!","2024-07-22T05:39:04.185Z","No","urn:li:comment:(activity:7221012947748208643,7221025939638411264)","d14e20c2ce8630d03ab333a92348fa1bd01f58a479828b07f39d1b09c1061b7a","0","No","No","urn:li:activity:7221012947748208643","093d49aa5b2d26ab020d7ad275a5a730b40a04951a2997be0a0fa79e5fe2d1f5"
"Manjunatha","Naik","Manjunatha Naik","https://www.linkedin.com/in/manjunatha-naik-07283a1b0","Financial Analyst at AMETEK","comment","Interesting view","2024-07-22T05:35:39.930Z","No","urn:li:comment:(activity:7221012947748208643,7221025082934972416)","a6d2bd06820788954e2fa7104a280e764bfeb66617d4ab6fed037dee34a2610d","0","No","No","urn:li:activity:7221012947748208643","093d49aa5b2d26ab020d7ad275a5a730b40a04951a2997be0a0fa79e5fe2d1f5"
"Capt.","Jyoti Swarup Panigrahi","Capt. Jyoti Swarup Panigrahi","https://www.linkedin.com/in/jyoti-swarup-panigrahi","Chief Sales Marketing Officer @ Maestro Realtek | Startups, Entrepreneur, Corporate Guy, Soldier","comment","Yes, power of speaking your mind is underrated. No matter what your reach or audience is we all have the power to bring change, build consensus , create awareness and make people think.
So Dilip Kumar do write with all the passion you have..","2024-07-22T05:32:00.588Z","No","urn:li:comment:(activity:7221012947748208643,7221024162947981312)","8fd6a84a894023f00579885b39691512af6a2bb642787d5aed65b47caf5ea673","0","No","No","urn:li:activity:7221012947748208643","093d49aa5b2d26ab020d7ad275a5a730b40a04951a2997be0a0fa79e5fe2d1f5"
"Animesh","Makhija","Animesh Makhija","https://www.linkedin.com/in/animesh-makhija-2a83b6204","Marketing | Fintech | Sales Consultant for NRI Clients","comment","Bro got an approval, Indians were asking for.","2024-07-22T05:24:10.396Z","No","urn:li:comment:(activity:7221012947748208643,7221022190819827712)","291e6493c7e0bc51769405ba880c8d909d548640d50444bab0fa419a764d68df","0","No","No","urn:li:activity:7221012947748208643","093d49aa5b2d26ab020d7ad275a5a730b40a04951a2997be0a0fa79e5fe2d1f5"
"Sunil","Bhatia","Sunil Bhatia","https://www.linkedin.com/in/sunil-bhatia-0b074583","30+ years of Expertise I Experience in - Administration I Academics & Education I Sports.","comment","what's the BAI doing then.
mute spectator.
Dilip Kumar ","2024-07-22T05:19:28.537Z","No","urn:li:comment:(activity:7221012947748208643,7221021008613240832)","27f11f82bf5132477d748b5c856fa0d68c216100ec3faa71959ec8c604565c4f","0","No","No","urn:li:activity:7221012947748208643","093d49aa5b2d26ab020d7ad275a5a730b40a04951a2997be0a0fa79e5fe2d1f5"
"Gopalakrishnan","R","Gopalakrishnan R","https://www.linkedin.com/in/gopalakrishnan-r","Building India’s only basketball media Company since 2013","comment","Your post, while well-intentioned, appears to be misleading. As per my limited recollections, BCCI generally has been financially supporting Olympic contingents in previous edition(s) too. Ref: https://olympics.com/en/news/indian-cricket-board-sanctions-inr-10-crore-for-india-s-tokyo-2020-campaign. Additionally, your screen grab seems to suggest that BCCI's gesture (particularly Jay Shah's tweet) is in response to your original tweet - which I believe isn't the case.","2024-07-22T05:15:27.148Z","No","urn:li:comment:(activity:7221012947748208643,7221019996154384384)","c0131d6fb813195a4c7a51ab0fb33c8e6a8a626f527b4fbdb2e7aec22822ac0d","2","No","No","urn:li:activity:7221012947748208643","093d49aa5b2d26ab020d7ad275a5a730b40a04951a2997be0a0fa79e5fe2d1f5"
"Geetha","Ghaliyavar","Geetha Ghaliyavar","https://www.linkedin.com/in/geethagh","Sports Dietitian-International Olympic Committee PG Dip, Registered dietitian, ISAK Anthropometrist, CDE, IBS certified nutritionist, Lecturer-sports Nutrition","comment","Inspiring ✨","2024-07-22T05:12:38.249Z","No","urn:li:comment:(activity:7221012947748208643,7221019287740719105)","17cd7daed32b274083494d01c2125e980a27cb9e24f09b9c02b5663dba5a0100","0","No","No","urn:li:activity:7221012947748208643","093d49aa5b2d26ab020d7ad275a5a730b40a04951a2997be0a0fa79e5fe2d1f5"
"Abhishek","Mohan","Abhishek Mohan","https://www.linkedin.com/in/mohanabhishek","Founder | Husband to a superwoman | Proud 2x #girldad | Medical Cannabis | Phase1 clinical trial| Formulation Femme, a global pioneer in the quest to provide a clinically backed solution for Dysmenorrhea.","comment","This is so baller!","2024-07-22T05:09:00.882Z","No","urn:li:comment:(activity:7221012947748208643,7221018376037392384)","f17e8ebb9ae6145cdbbd415f8440274737fbe8428c9d87ea318e4218fca716b0","0","No","No","urn:li:activity:7221012947748208643","093d49aa5b2d26ab020d7ad275a5a730b40a04951a2997be0a0fa79e5fe2d1f5"
"Mohit","Gundecha","Mohit Gundecha","https://www.linkedin.com/in/mohitgundecha","Founder & CEO at Jombay (a CIEL HR Group Company) | Leadership | Entrepreneurship | Life","comment","A great gesture by BCCI","2024-07-22T05:07:55.005Z","No","urn:li:comment:(activity:7221012947748208643,7221018099729219586)","d049b541f35243cb455bcbf72ba772e3b2cbc9410b59801b15fc310f1a3748ee","0","No","No","urn:li:activity:7221012947748208643","093d49aa5b2d26ab020d7ad275a5a730b40a04951a2997be0a0fa79e5fe2d1f5"
"Lt","Col MAYUR AMBASTHA","Lt Col MAYUR AMBASTHA","https://www.linkedin.com/in/mayurambastha","Indian Army Veteran | Founder | Head of HR | VETERAN HIRING","comment","power of a positive thought ","2024-07-22T05:07:05.526Z","No","urn:li:comment:(activity:7221012947748208643,7221017892199235585)","dd1cd8f6d9a1e1efd9082fb9f44283446ffe69b0c6c0a3a6ff2ad95baa9eb160","0","No","No","urn:li:activity:7221012947748208643","093d49aa5b2d26ab020d7ad275a5a730b40a04951a2997be0a0fa79e5fe2d1f5"
"Riyanshi","Agrawal","Riyanshi Agrawal","https://www.linkedin.com/in/riyanshiagrwl","Life & Business Coach | Coaching professionals to build successful life coaching businesses | Coaching professionals to develop deep confidence and conviction in all areas of life | DM “Coaching” if you need help","comment","Our voice can create ripples!","2024-07-22T05:04:19.452Z","No","urn:li:comment:(activity:7221012947748208643,7221017195638611968)","960d102c56ccd2ef6c464a4cfa3ece36c1f0e3fa039b5c6f6dcd94d09284a987","0","No","No","urn:li:activity:7221012947748208643","093d49aa5b2d26ab020d7ad275a5a730b40a04951a2997be0a0fa79e5fe2d1f5"
"John","Masih","John Masih","https://www.linkedin.com/in/john-masih-b1813211","Business Head (Indian Subcontinent and South East Asia)| ICF - CCE Certified International Trainer and Coach | NLP and Mindfulness Practitioner | Expertise in Brand Licensing, Startups and reviving Businesses.","comment","Makes sense!","2024-07-22T05:03:26.155Z","No","urn:li:comment:(activity:7221012947748208643,7221016972094791680)","db9f28137cfeda2c1c58f5d64b1dd64fb75d847a1806339fb61161c50552c6f7","0","No","No","urn:li:activity:7221012947748208643","093d49aa5b2d26ab020d7ad275a5a730b40a04951a2997be0a0fa79e5fe2d1f5"
"Chinmaya","Amte","Chinmaya Amte","https://www.linkedin.com/in/amtechinmaya","Ex-Big4 Consultant | Valuation & Modeling | 65K+ Followers | MS Excel (Spreadsheet) Expert | Project Finance | Trainer & Mentor | Belief - Drafted solutions ☑️ ; Problem Talker ❌ | Citizen Activist | +91 9967799680 (WA)","comment","Dilip Kumar - Cricketers are private citizens and they should not support other sports. If they want to do its good, but its their choice. 

How much tax did BCCI pay? What is govt doing with all the taxes & money collected. We should hold them accountable for these things. 

If BCCI pays tax honestly and if Sports ministry uses funds honestly, problem is solved at root cause. ","2024-07-22T05:02:32.576Z","No","urn:li:comment:(activity:7221012947748208643,7221016747368189952)","92c42e0f4b8ec1ee2c1b4379e0c2195f9c557254c56c54c70e6878a99160ec63","2","No","No","urn:li:activity:7221012947748208643","093d49aa5b2d26ab020d7ad275a5a730b40a04951a2997be0a0fa79e5fe2d1f5"
"Venkatesh","Ramamurthy","Venkatesh Ramamurthy","https://www.linkedin.com/in/venkatesh74","Building Symbiotica @The Food Company","comment","Valid point","2024-07-22T05:01:42.738Z","No","urn:li:comment:(activity:7221012947748208643,7221016538332504065)","564b48278babd2681f65d992ce62cbfcea7160168a39e4504801466567631063","0","No","No","urn:li:activity:7221012947748208643","093d49aa5b2d26ab020d7ad275a5a730b40a04951a2997be0a0fa79e5fe2d1f5"
"Hitesh","Bhatia","Hitesh Bhatia","https://www.linkedin.com/in/hbhatia","Founder at JoiningHands | Family Constellation & Regression Therapist | Building a supportive community for healing & self-discovery","comment","You manifested it! And everyone who engaged with the post said, Tathastu! 🥰","2024-07-22T04:59:24.304Z","No","urn:li:comment:(activity:7221012947748208643,7221015957698150400)","62aa4fda16ba1c5cd239a85311c514c1b6c00322d48fedea792160f6cfbbcdcc","0","No","No","urn:li:activity:7221012947748208643","093d49aa5b2d26ab020d7ad275a5a730b40a04951a2997be0a0fa79e5fe2d1f5"
"Vivek","Thiruvengadam","Vivek Thiruvengadam","https://www.linkedin.com/in/vivek-thiruvengadam","Founder, QubitFit | I help busy professionals defy obesity, lose weight & live longer through sustainable nutrition and fitness habits | Expert in chronic conditions: Diabetes, PCOS, Hypertension","comment","Fantastic news and thanks for encouragement to speak our mind out.","2024-07-22T04:57:24.025Z","No","urn:li:comment:(activity:7221012947748208643,7221015453207289856)","1cbb7ef15a7c89dc0e1237a58f260f553f6af80aa8da84f5e729abd7d14a9c50","0","No","No","urn:li:activity:7221012947748208643","093d49aa5b2d26ab020d7ad275a5a730b40a04951a2997be0a0fa79e5fe2d1f5"
"Rohitashva","Agrawal, MD, MPH, PGDMLE, PGDIPRL","Rohitashva Agrawal, MD, MPH, PGDMLE, PGDIPRL","https://www.linkedin.com/in/dragrawal","AI Adoption | Innovation Strategist | Educator","comment","Sports is just not a form of entertainment but it builds character, resilience, team spirit and ability to get up after being knocked down and many more health benefits. These are life skills that makes a country better and future ready.
It is high time sports should get more importance in education system to build great citizens.","2024-07-22T04:55:38.000Z","No","urn:li:comment:(activity:7221012947748208643,7221015008506216448)","659bce29e7c6cf85fdce08d69a5796cb0249d85f48a225f631fef65b631e6c06","0","No","No","urn:li:activity:7221012947748208643","093d49aa5b2d26ab020d7ad275a5a730b40a04951a2997be0a0fa79e5fe2d1f5"
"Amit","Gupta","Amit Gupta","https://www.linkedin.com/in/amit-gupta77","Growth Advisory | Business Transformation | Thought Leadership","comment","Super gesture by Board of Control for Cricket in India (BCCI) and there's no point in always ostracizing cricket - it is what it is and if it can support other sports, why not. Why hate on them as most people do.

And totally agree on the 'speak your mind' part - people do not realise the power of their own voice. I frequently share grouses and even compliments on some major companies on personal experience and 100% of the time, it makes an impact. I even posted on Indigo, the monopoly airline and their below average service over a few weeks when I took several flights - apart from huge engagement and people sharing the same sentiment, the Airline and very senior director level folks immediately responded 1-1 over calls and it showed they cared. Same for many companies.

People just think - how will it matter and brush things aside. How wrong.","2024-07-22T04:54:26.517Z","No","urn:li:comment:(activity:7221012947748208643,7221014708684800001)","596afe67327468d43c692c90f811c9c33d8469a0d6f793de7d761e8d34d00d53","0","No","No","urn:li:activity:7221012947748208643","093d49aa5b2d26ab020d7ad275a5a730b40a04951a2997be0a0fa79e5fe2d1f5"
"Feroza","Engineer","Feroza Engineer","https://www.linkedin.com/in/feroza-engineer","Founder CEO: Feroza & Co Performance Coach| Powerhouse Facilitator| Leadership Development Expert","comment","HURRRRRAH!!!! What a lovely start to my Monday 🤗","2024-07-22T04:50:44.485Z","No","urn:li:comment:(activity:7221012947748208643,7221013777419276288)","4247955ccb70912a2183c2492aba47398339ba312f551a602039c6d05d8bc184","0","No","No","urn:li:activity:7221012947748208643","093d49aa5b2d26ab020d7ad275a5a730b40a04951a2997be0a0fa79e5fe2d1f5"