First Name,Last Name,Full Name,Profile URL,Headline,Type,Comment,Timestamp,Is Edited,Comment URN,Comment Hash,Replies Count,Is Post Author,Has Reply From Post Author,Post URN,Post Hash
"Kaphieel","(Kaps)","Kaphieel (Kaps)","https://www.linkedin.com/in/kaphieel","Inside-Out Coach | IT Staffing Business Advisor | Helping Mid-Career Pros Realign & Global Founders Launch in Malaysia | 22 Years Experience | RootCause Wellness™","comment","Such a necessary reminder and honestly, a reality most people don’t talk about enough. When the integrity of medicines becomes uncertain, the importance of personal health practices becomes even clearer.  In traditional systems, we were always taught that the first line of defence isn’t a tablet , it’s our own internal balance. Movement, clean food, good sleep, emotional regulation… these are not “wellness trends”; they’re biological insurance.  That philosophy is at the heart of RootCause Wellness™ as well. We’re building it to help people reconnect with the signals the body sends long before it reaches the point of needing intervention to strengthen immunity, energy, digestion, and calm from the inside out.  Because the most reliable healthcare is still the one we build daily, quietly, consistently through alignment, not dependency. ","2025-12-02T07:31:13.704Z","Yes","urn:li:comment:(activity:7394638641383452672,7401523322355982336)","21150c963e802c7bf761de69192a023fa4b63cf8f527466410ffa9816a44918c","0","No","No","urn:li:activity:7394638641383452672","1b2fd2ac3ecb556a435cdcff57efdbe990adc8978d557b75cbc0da8aec928190"
"Sahil","Makhija","Sahil Makhija","https://www.linkedin.com/in/sahil-makhija-333ba514","Medicine delivery in minutes","comment","One solution - The Mandatory QR codes required on packaging of top 300 drug brands and certain drug categories should be mandated across all medicine in India 

Till then as a consumer , always buy medicines from reputed pharmacy (as they normally buy from authorised company stockist mostly ) with gst bill and in presence of a full time registrated pharmacist (which is mandated by law)
Always check the medicine’s physical characteristics like color, texture, smell, and taste against what is known or described by the manufacturer.Look up the medicine on the official Central Drugs Standard Control Organization (CDSCO) or Pharmacy Council of India websites to verify the product’s registration and approval status.Consult healthcare professionals or pharmacists about any doubts regarding the medicine","2025-12-01T16:45:45.207Z","No","urn:li:comment:(activity:7394638641383452672,7401300485292425216)","1b4e8cc6eff3d6cdebfe7b4a39d17e8bd928a004d0c8bc626939d478132d30bf","0","No","No","urn:li:activity:7394638641383452672","1b2fd2ac3ecb556a435cdcff57efdbe990adc8978d557b75cbc0da8aec928190"
"Yogendra","Kr. P.","Yogendra Kr. P.","https://www.linkedin.com/in/yogendra-kr-p-0251789","20+ years of expertise in engineering leadership, managing product development project & programs, manufacturing.","comment","This percentage is reverse, i guess.","2025-11-22T06:43:17.299Z","No","urn:li:comment:(activity:7394638641383452672,7397887379182657536)","0c4b9ebaadd2631378cfacee4b5efcb4c17df39a7ad732f65c16ac1e29cae1f3","0","No","No","urn:li:activity:7394638641383452672","1b2fd2ac3ecb556a435cdcff57efdbe990adc8978d557b75cbc0da8aec928190"
"Abinash","Saikia","Abinash Saikia","https://www.linkedin.com/in/ab-saikia","Building Isomeds | High-quality medicines, made truly affordable | Cutting monthly medicine bills by 50+%","comment","Not sure of the reference of the 15-20%. Some of the more authentic, larger studies put the nsq (not of standard quality) levels at 3-4% for the regular supply chain and ~10% in the government supply chain. At worst, nsq levels in the government supply chain do hit 15-20% in some states like in north east and UP . 

However, no doubt prevention is any day better.","2025-11-19T03:09:40.633Z","No","urn:li:comment:(activity:7394638641383452672,7396746458592395265)","d4d6ba7cca7e7c118d0ed624a7ef0480c9f95a8f5d48e02cd6f1cc4c5b005b9d","0","No","No","urn:li:activity:7394638641383452672","1b2fd2ac3ecb556a435cdcff57efdbe990adc8978d557b75cbc0da8aec928190"
"Manchal","Kalra","Manchal Kalra","https://www.linkedin.com/in/manchalkalra","Helping mid+senior professionals & business owners elevate confidence, personal & pro relationships, overall wellbeing & achieve resilient self-leadership without years of waiting for results or trial & error self-help.","comment","So true Dilip Kumar 🔥
You can’t outsource your health to pills 💊
Strong daily habits are still the most honest form of healthcare 🌿✨","2025-11-18T09:41:54.114Z","No","urn:li:comment:(activity:7394638641383452672,7396482777300447232)","39a14fddc09d386b45fcb49a332860d3d15178f39d229a385fac2d93d9638fec","0","No","No","urn:li:activity:7394638641383452672","1b2fd2ac3ecb556a435cdcff57efdbe990adc8978d557b75cbc0da8aec928190"
"Charu","Krish","Charu Krish","https://www.linkedin.com/in/charu-krish-coach","Fitness instructor","comment","Prevention is better than cure. 💯 
Prevention lets your loved ones sleep peacefully.
Prevention makes your life better, longer, and easier.

I always, always, always tell people 
Don’t take a healthy body for granted.
Don’t wait for pain, fear, or a doctor’s report to respect your body.
Your body is powerful.
Treat it like it matters....

Dilip Kumar","2025-11-16T03:53:36.950Z","No","urn:li:comment:(activity:7394638641383452672,7395670352514830336)","d06bd2fc3640abab419938cf55329a61c467cb346e1bfee16a1e552781a0cd39","0","No","No","urn:li:activity:7394638641383452672","1b2fd2ac3ecb556a435cdcff57efdbe990adc8978d557b75cbc0da8aec928190"
"Ujjwal","Minocha","Ujjwal Minocha","https://www.linkedin.com/in/ujjwal-minocha-14526221","Co-Founder & COO at Velmenni | Managing Partner at I9ovare Capital | Investor | Leveraging the power of light to build faster, efficient & eco-friendly data transmission","comment","Such an important reminder—prevention is the real healthcare. Movement, nutrition, sleep and stress control matter far more than any pill ever can","2025-11-15T07:11:39.705Z","No","urn:li:comment:(activity:7394638641383452672,7395357804536115200)","39763a776527f7da7dab35479549df79264bfe23191c0abc39466747052d0caa","0","No","No","urn:li:activity:7394638641383452672","1b2fd2ac3ecb556a435cdcff57efdbe990adc8978d557b75cbc0da8aec928190"
"Girish","Pillai","Girish Pillai","https://www.linkedin.com/in/girish-pillai-45742352","Business Development Manager | 10 years of experience in West Africa l Author of Bewildered Minds | Bridging Creativity & Strategy |","comment","Such an important reminder.
 The scale of the problem is alarming, but the message is spot on — we can’t outsource our wellbeing to what comes in a pill. Prevention, lifestyle, and early detection still outperform any medicine. Thanks for putting the spotlight back on the fundamentals that really matter.","2025-11-15T05:23:22.116Z","No","urn:li:comment:(activity:7394638641383452672,7395330551668232192)","4d7781da0883c09235883b755c523c818bc29c43ff21b5d958400ec9f672611e","0","No","No","urn:li:activity:7394638641383452672","1b2fd2ac3ecb556a435cdcff57efdbe990adc8978d557b75cbc0da8aec928190"
"Mia","Ananya","Mia Ananya","https://www.linkedin.com/in/mia-ananya-a76102288","Student at St. Xavier's College","comment","Pls don't create panic about India while being in India","2025-11-14T14:38:16.472Z","No","urn:li:comment:(activity:7394638641383452672,7395107810453168130)","7a63728f5acb8e335a96f2b911efe684da5ad3503e4203ee505c79f3bb54d14d","0","No","No","urn:li:activity:7394638641383452672","1b2fd2ac3ecb556a435cdcff57efdbe990adc8978d557b75cbc0da8aec928190"
"Ashwini-K","Aggarwal, PhD, FIETE","Ashwini-K Aggarwal, PhD, FIETE","https://www.linkedin.com/in/xlashwini","Accomplished Government Affairs/Marketing Professional | Professor - Manav Rachna International | Chair Semiconductor Skills Committee, ESSCI | Career Coach | Consultant | Blogger - Runner - Memory Athlete","comment","Important reminder, Dilip Kumar The prevalence of substandard medicines highlights the critical need for proactive health management. Prioritizing lifestyle choices like diet, exercise, and stress management is truly an investment in long-term well-being! 💯","2025-11-14T10:46:01.743Z","No","urn:li:comment:(activity:7394638641383452672,7395049363963768832)","919f8698364ae847f7b670b1362190dc9b432a695582189fa917a8b36ad06937","0","No","No","urn:li:activity:7394638641383452672","1b2fd2ac3ecb556a435cdcff57efdbe990adc8978d557b75cbc0da8aec928190"
"Akshit","Talwar","Akshit Talwar","https://www.linkedin.com/in/akshitt","Global Business Development & Strategy Leader | Tech | Hospitality | Industrial | Driving Growth, Partnerships & P&L Transformation","comment","We often treat foundational health practices, sleep, movement, and nutrition like features when they are the core operating system of our body. Focusing on the operating system of our body is the only truly risk-free investment we can make in our own health and longevity.","2025-11-14T05:34:08.983Z","No","urn:li:comment:(activity:7394638641383452672,7394970876959526912)","823c8f40ea1a88c37b9dc71c23c4d2fcabbb7876888c39f201eef07ecad71063","0","No","No","urn:li:activity:7394638641383452672","1b2fd2ac3ecb556a435cdcff57efdbe990adc8978d557b75cbc0da8aec928190"
"Rashmi","Gapchup","Rashmi Gapchup","https://www.linkedin.com/in/rashmi-gapchup-a7a00a16","Pediatric Consultant at Self","comment","You are 100% correct, but to get people to prevention from the episodic encounters with doctors is a huge task. 
How to do that is a big puzzle, prevention or taking care of general health and hygiene is considered as a big waste. Any suggestions?","2025-11-14T05:17:07.049Z","No","urn:li:comment:(activity:7394638641383452672,7394966590657691649)","afcb0df999cd50a26b643158b6d4d8f4fbabca59f5ad155eaa4479ee60d34e01","0","No","No","urn:li:activity:7394638641383452672","1b2fd2ac3ecb556a435cdcff57efdbe990adc8978d557b75cbc0da8aec928190"
"Vishal","Nigam","Vishal Nigam","https://www.linkedin.com/in/vishalnigamwtfgyms","🚀 Founder & CEO | WTF – (Gyms, Academy, Amplify, Everyday, Reboot, Digi Gym, Nutrition, OS -Full-Stack Fitness Ecosystem ) | Disrupting India’s $15B Fitness Market","comment","Nothing can beat prevention, and I'm seeing this change at least in the WTF ecosystem with the data that we're able to capture. I can say proudly that India is moving and shifting towards prevention because all it takes is 30 minutes","2025-11-14T04:50:41.099Z","No","urn:li:comment:(activity:7394638641383452672,7394959938701225984)","baf5c3b21273b8567f6ddb5116d4480200d4b49ae05a826a8324ed1d0d3f4f24","0","No","No","urn:li:activity:7394638641383452672","1b2fd2ac3ecb556a435cdcff57efdbe990adc8978d557b75cbc0da8aec928190"
"Rohit","Agrawal","Rohit Agrawal","https://www.linkedin.com/in/rohit-agrawal-492b6b381","Founder - Sabr Media || Covering everything from Pre to Post Production for you","comment","It’s crazy that in a $58B market, the most effective medicine is still free Dilip Kumar, walks, water, sleep, sunlight, silence.","2025-11-14T04:34:09.772Z","No","urn:li:comment:(activity:7394638641383452672,7394955780774391808)","cbc5679e769f95959e0393396c33a92fbb1d61af8132561255eacdfc39fbcb90","0","No","No","urn:li:activity:7394638641383452672","1b2fd2ac3ecb556a435cdcff57efdbe990adc8978d557b75cbc0da8aec928190"
"Vaani","Chugh","Vaani Chugh","https://www.linkedin.com/in/vaanichugh","Co-Founder & Director @D’chica Essentials | Entrepreneur | Public Speaker | Guest Faculty","comment","Powerful reminder. Real health isn’t in pills but in habits. Prevention beats treatment every time—movement, nutrition, sleep, and consistency matter most.","2025-11-14T04:23:14.399Z","No","urn:li:comment:(activity:7394638641383452672,7394953031945093120)","31556400faf12a2e755f603ff59b5f2d2c3500095fb9e377991cd0cdb072a7bd","0","No","No","urn:li:activity:7394638641383452672","1b2fd2ac3ecb556a435cdcff57efdbe990adc8978d557b75cbc0da8aec928190"
"sampathkumar","kuppusamy","sampathkumar kuppusamy","https://www.linkedin.com/in/sampathkumar-kuppusamy-b96a9945","--","comment","Get a free estimation for Storage tank 
https://storagetanksmanufacturers.com/Underground-Tank.html
get a free estimation for high pressure Storage tank vessel
https://storagetanksmanufacturers.com/blog-stainless-steel-high-pressure-vessels.html
our ppt :
https://www.slideserve.com/Sivasiva/underground-fuel-tank-hsd-tank-manufacturers-acid-tank-chennai-tamil-nadu","2025-11-14T04:06:42.144Z","No","urn:li:comment:(activity:7394638641383452672,7394948870125993984)","f66e201cb6c213a77819753284334602df4b5277c3beff3ee1690352fface2b8","0","No","No","urn:li:activity:7394638641383452672","1b2fd2ac3ecb556a435cdcff57efdbe990adc8978d557b75cbc0da8aec928190"
"Richa","Singh","Richa Singh","https://www.linkedin.com/in/richasinghyd","YourDOST | On a mission to create a Happier Society | Forbes 30 Under 30 India & Asia | IIT Alumnus | INK Fellow | BW Wellbeing World 40 under 40","comment","Prevention is still the cheapest, safest, and most authentic form of healthcare. ..cannot agree more.
","2025-11-14T03:51:17.404Z","No","urn:li:comment:(activity:7394638641383452672,7394944991481167872)","fbecf3ecc0e63e9b11695d0881bc391056037384d2e477bcab143851582b3ffe","0","No","No","urn:li:activity:7394638641383452672","1b2fd2ac3ecb556a435cdcff57efdbe990adc8978d557b75cbc0da8aec928190"
"Gaurav","Attrii","Gaurav Attrii","https://www.linkedin.com/in/gaurav-attri3","I help PMs land 50 lakh+ in Product Roles 🚀","comment","Dilip Kumar The stats are alarming, but the message is powerful: take control of your health before you need medicines. Lifestyle really is the real medicine. Which habit would you say gives the biggest return?","2025-11-13T17:18:05.096Z","No","urn:li:comment:(activity:7394638641383452672,7394785640191705089)","ccb637fd37d6884dc30812fb815d5cfbcd9f87c8ed1971771346949c76602aef","0","No","No","urn:li:activity:7394638641383452672","1b2fd2ac3ecb556a435cdcff57efdbe990adc8978d557b75cbc0da8aec928190"
"CA","Ajita Thakur","CA Ajita Thakur","https://www.linkedin.com/in/ca-ajita-thakur-3a6954121","Helping Startups Build Investor-Ready Finance Systems | CA (CPA equivalent) | Pursuing EA| Ex-Wells Fargo, PwC| Startup Advisor | US Taxation, Audits | Virtual CFO |","comment","What if doctor was supposed to keep us healthy, paid for it and not paid when we grew sick?","2025-11-13T16:43:28.910Z","No","urn:li:comment:(activity:7394638641383452672,7394776932036481024)","0f020b3369e4d2e9482202fc0ee080660351ef8fe2bca8eebec22663783529cc","1","No","No","urn:li:activity:7394638641383452672","1b2fd2ac3ecb556a435cdcff57efdbe990adc8978d557b75cbc0da8aec928190"
"Jitendra","Chouksey","Jitendra Chouksey","https://www.linkedin.com/in/jitendrachouksey","CEO at FITTR | Building preventive healthcare ecosystem","comment","PS: Even genuine medications have side effects and they stack up overtime. All biologics have trade offs in the body.","2025-11-13T14:34:37.389Z","No","urn:li:comment:(activity:7394638641383452672,7394744503691128832)","0a37125f3632b1a8b7f622263fb2667cf4c1e5246959bdaa8b7c71639fbeae4c","0","No","No","urn:li:activity:7394638641383452672","1b2fd2ac3ecb556a435cdcff57efdbe990adc8978d557b75cbc0da8aec928190"
"Samesh","Rajpal","Samesh Rajpal","https://www.linkedin.com/in/samesh-rajpal-25bb52151","Building Strata Wealth | Guiding millennials & young professionals to make smarter financial decisions & build lasting financial freedom | Views are personal , Nothing here is advice.","comment","Dilip Kumar Such an important reminder.
We’ve built a culture that treats health only after it breaks. But real wealth is prevention the small, consistent choices that keep you from ever needing the pill.","2025-11-13T14:18:11.060Z","No","urn:li:comment:(activity:7394638641383452672,7394740366723313666)","d517fe291402965f7cdbec77457588e95981e14acce56eb6d5404766a4d820b1","0","No","No","urn:li:activity:7394638641383452672","1b2fd2ac3ecb556a435cdcff57efdbe990adc8978d557b75cbc0da8aec928190"
"Jayant","Ghosh","Jayant Ghosh","https://www.linkedin.com/in/jayantghosh","From Scaling Businesses to Leading Transformation | Sales, Growth, GTM & P&L Leadership | SaaS, AI/ML, IoT | CXO Partnerships | Building Future-Ready Businesses","comment","I echo your sentiments on daily movement, nutrition, and regular health check-ups. ","2025-11-13T13:24:06.074Z","No","urn:li:comment:(activity:7394638641383452672,7394726756269826048)","bd6dc24079041e5019774ca3b0b151f569fc4a7789af098f8b1e3cb104f5b682","0","No","No","urn:li:activity:7394638641383452672","1b2fd2ac3ecb556a435cdcff57efdbe990adc8978d557b75cbc0da8aec928190"
"Seena","Hamirani 🦁","Seena Hamirani 🦁","https://www.linkedin.com/in/seena-hamirani","Building Communities | Health & Wellness","comment","100% agree. The irony is, the ‘rainy day’ our parents and grandparents told us to save for almost always ends up being a health scare or a hospital bill. We’ve been conditioned to save for emergencies, not to prevent them. For generations, we’ve seen fitness, therapy, or even regular check-ups as luxuries, when they should’ve been our first line of defence. Maybe it’s time we rethink what we’re really saving for.","2025-11-13T12:37:17.708Z","No","urn:li:comment:(activity:7394638641383452672,7394714977124630528)","dc77c4e3f89a0d90a43465a085d136611fdf6bb71f412fc1511c896827002b75","0","No","No","urn:li:activity:7394638641383452672","1b2fd2ac3ecb556a435cdcff57efdbe990adc8978d557b75cbc0da8aec928190"
"Gitesh","Aggarwal","Gitesh Aggarwal","https://www.linkedin.com/in/giteshaggarwal","Litmus Ink & Sewan Foods | Tech × Impact","comment","Dilip Kumar prevention is not cheap or easy for most people in india. clean food costs more, healthy groceries can add 1,500 to 3,000 rupees a month, gyms are 800 to 1,500 rupees, and basic blood tests are 1,000 to 2,000 rupees. even good sleep and low stress depend on long commutes, crowded homes, and work pressure. for many families, medicines are actually more affordable and accessible than preventive options. prevention matters, but calling it the cheapest solution ignores how most people in india actually live.","2025-11-13T12:31:17.033Z","No","urn:li:comment:(activity:7394638641383452672,7394713464344109056)","df43231dea3c75c81f584e3a8c1262f328d1e53cbbbe686581f00419f4d3e3ee","3","No","No","urn:li:activity:7394638641383452672","1b2fd2ac3ecb556a435cdcff57efdbe990adc8978d557b75cbc0da8aec928190"
"Sumit","R. Rastogi","Sumit R. Rastogi","https://www.linkedin.com/in/sumit-r-rastogi-9404673","Co-Founder Artinci Artisanal Foods Pvt Ltd","comment","We’ve normalised treating symptoms instead of fixing lifestyles. Your line “build a life where you don’t need medicines often” is exactly the mindset shift India needs.","2025-11-13T11:44:55.493Z","No","urn:li:comment:(activity:7394638641383452672,7394701797724049408)","4e04e9e900f328b3a689cfba70c676fa2adcb2d6949ca002a37e351cf1f9ff53","0","No","No","urn:li:activity:7394638641383452672","1b2fd2ac3ecb556a435cdcff57efdbe990adc8978d557b75cbc0da8aec928190"
"Syed","Hussaini","Syed Hussaini","https://www.linkedin.com/in/iamhussaini","Founder & CEO Medstown® - 30mins medicine delivery - Agentic AI","comment","An average Indian adult walks about 4,000-5,000 steps per day, according to various fitness tracker and health survey data. It’s less about hitting a number and more about building an active lifestyle Dilip Kumar, As i always say ""Jaan hai to jahaan hai"" ☺️ ","2025-11-13T10:55:42.546Z","No","urn:li:comment:(activity:7394638641383452672,7394689412162514945)","6f7f42d35009dae4ce4ea3fa08bd0448f5b42daa7be665494dea502d7ff7fee1","0","No","No","urn:li:activity:7394638641383452672","1b2fd2ac3ecb556a435cdcff57efdbe990adc8978d557b75cbc0da8aec928190"
"Sivakumar","VP","Sivakumar VP","https://www.linkedin.com/in/sivakumar-vp-879b1414","Corporate Wellness Strategist | Founder @ Well O Sip® | Holistic Health & Herbal Tisanes for Employee Well-being","comment","Apt reminder. Sustainable health doesn’t come from tablets but from habits — balanced nutrition, active living, and time-tested herbal wellness. Prevention remains the wisest investment.","2025-11-13T10:46:49.369Z","No","urn:li:comment:(activity:7394638641383452672,7394687175855915008)","db274aa9e69e4d68c13a0607b0357c6bb3c03e669dcebb903ec8d681b6561da5","0","No","No","urn:li:activity:7394638641383452672","1b2fd2ac3ecb556a435cdcff57efdbe990adc8978d557b75cbc0da8aec928190"
"Amit","Raj Gogia","Amit Raj Gogia","https://www.linkedin.com/in/amitrajgogia","Shark Tank evaluator || Healthcare operator || Startup Mentor || Ecosystem Builder || VC Scout || Exploring VC partnerships","comment","as a pharmacist relate to your post as i was obviously aligned towards allopathic till the time i personally suffered side-effects from many drugs (and started looking at alternatives); challenge being by the time you realise- it's already too late, hopefully next generation will imbibe more healthy habits and keep a check via regular checkups 🙏 ","2025-11-13T10:42:08.667Z","No","urn:li:comment:(activity:7394638641383452672,7394685998506471425)","3947978211e04c37c7cab61f77b9051edd9f92450e216365547498fcee083a5a","0","No","No","urn:li:activity:7394638641383452672","1b2fd2ac3ecb556a435cdcff57efdbe990adc8978d557b75cbc0da8aec928190"
"Avinash","Dalvi","Avinash Dalvi","https://www.linkedin.com/in/avinash-dalvi-315b021a","Building Connected Healthcare Platforms | Full Stack Developer | AWS Community Builder","comment","Prevention is still the cheapest, safest, and most authentic form of healthcare – I 100% agree with this. I can relate to this. I used to take Dolo 3-4 days a month till last year because of allergic issues and feverish conditions. After adapting preventive habits and making sure to eat clean and have a good sleep cycle and exercise consistently (even if not daily). Now completely get rid of that. ","2025-11-13T10:33:33.725Z","Yes","urn:li:comment:(activity:7394638641383452672,7394683838683086849)","5a95bf18a200c3c42d98d5747905c09f3a0101ff308b3259632d29e1ec1ed86f","0","No","No","urn:li:activity:7394638641383452672","1b2fd2ac3ecb556a435cdcff57efdbe990adc8978d557b75cbc0da8aec928190"
"Yogender","Singh","Yogender Singh","https://www.linkedin.com/in/trainwithyogen","Entrepreneur | Coach | Mentor - NITI Aayog | Fit India Ambassador, Govt of India | Board Advisor | Corporate Wellness | Lifestyle transformation","comment","Prevention is Healthcare, Hospitals are Sickcare centers","2025-11-13T10:07:53.266Z","No","urn:li:comment:(activity:7394638641383452672,7394677377529933824)","1974f61c364bda37aea8180ad2002999a61ab40eaeb2272527046ab34f6d1463","0","No","No","urn:li:activity:7394638641383452672","1b2fd2ac3ecb556a435cdcff57efdbe990adc8978d557b75cbc0da8aec928190"
"Siddhartha","Modur","Siddhartha Modur","https://www.linkedin.com/in/siddharthamodur","Growth Strategist & Business Builder | GTM, Product, Partnerships | Founder @ Conwert.in | Fintech, Proptech, F&B | Ex-EnKash, OYO, IWG | UCLA PGP","comment","60,000Cr! 

Was reading an article about how the top 4 hospitals made 60,000Cr revenue last FY Dilip Kumar. That's nearly $8B! 

Count all the smaller hospitals and you have a mind boggling number that hospitals alone are making. 

Health is a business. If this isn't an indicator of it, nothing is.","2025-11-13T09:37:23.965Z","No","urn:li:comment:(activity:7394638641383452672,7394669704885432321)","2a5bc0c58cbf370d4042380329445e4a4bf226fa5fcd46f5983558a4b58a8d85","0","No","No","urn:li:activity:7394638641383452672","1b2fd2ac3ecb556a435cdcff57efdbe990adc8978d557b75cbc0da8aec928190"
"Avigyan","Mitra","Avigyan Mitra","https://www.linkedin.com/in/avigyanmitraofficial","Helping families afford healthcare | 100+ families helped | Health & Term Insurance | Financial Literacy","comment","We’ve built a healthcare mindset that reacts instead of prepares. With this same mindset, people also think about health insurance after getting hospitalized. 

But insurance can’t do what lifestyle must. It can pay the bills, but can’t reverse a decade of habits. That part still sits with us.","2025-11-13T09:37:05.694Z","No","urn:li:comment:(activity:7394638641383452672,7394669628251103232)","2991074249cad67fdc791fcd30e3694d1b777f9ddfb0ce4d9cdfd4987dd18422","0","No","No","urn:li:activity:7394638641383452672","1b2fd2ac3ecb556a435cdcff57efdbe990adc8978d557b75cbc0da8aec928190"
"Priyanka","Bhatt","Priyanka Bhatt","https://www.linkedin.com/in/priyanka--bhatt","Founder & CEO at Equations PR | Podcast Host | PR moment 30U30 | E4m 40U40 | Helped 200+ brands to get 5X more visibility | PR and Communications | Digital Marketing | Personal Branding, India and UAE","comment","Strong health starts long before any prescription. Consistent habits, clean food, movement, and regular checks will always be more reliable than depending on medicines.","2025-11-13T09:35:35.585Z","No","urn:li:comment:(activity:7394638641383452672,7394669250306551808)","d1e66a45ae509fc2be6632e692f06daec6ce38fe5af835904c35354971f66b8b","0","No","No","urn:li:activity:7394638641383452672","1b2fd2ac3ecb556a435cdcff57efdbe990adc8978d557b75cbc0da8aec928190"
"Mukesh","Kansal","Mukesh Kansal","https://www.linkedin.com/in/mukesh-kansal-6276521a","Co-founder & COO @T3RA Logistics | Enabling 10x growth with freight solutions | Enthusiastic Dad | Tech Innovator","comment","Feels like a wake up call, because relying on pills is risky in any system but owning your daily habits is the one part of health you can actually trust.","2025-11-13T09:21:50.123Z","No","urn:li:comment:(activity:7394638641383452672,7394665788068192256)","3f48eeef889d3c5aa5d9ec3a97351adfc1ba17727a3c2dd049a1977d6e87c51c","0","No","No","urn:li:activity:7394638641383452672","1b2fd2ac3ecb556a435cdcff57efdbe990adc8978d557b75cbc0da8aec928190"
"Prashant","S P","Prashant S P","https://www.linkedin.com/in/prashant-s-p-b70615257","Reliance retail | Kerala Agriculture University | All India Aquatics School & University participant | Kerala State Aquatic Champion","comment","Couldn’t agree more!","2025-11-13T08:55:47.471Z","No","urn:li:comment:(activity:7394638641383452672,7394659233830506496)","3a0f367b4a082336e6945527e403fe0e0bac68341f380f741bd1f241d59c75e3","0","No","No","urn:li:activity:7394638641383452672","1b2fd2ac3ecb556a435cdcff57efdbe990adc8978d557b75cbc0da8aec928190"
"Avinash","Deshmukh","Avinash Deshmukh","https://www.linkedin.com/in/avya1","Co-Founder @iThrive I Enabling & witnessing the growth of the wonder named @iThrive I A Divine Soul I","comment","IMO even the remaining 80-85% medicines are of no use even though they are top quality. Avoid medicine especially for chronic disease at all costs. Work on your health, learn about it..don't outsource your health to anyone. We learn so many things in our life why not about health?. 

Having said that doctors/hospitals are essential for Trauma, emergency, surgeries and diagnostics. Don't be confused about which doctor is essential and which is not. 

Chronic disease based medicine is absolutely useless for everyone..","2025-11-13T08:50:56.241Z","No","urn:li:comment:(activity:7394638641383452672,7394658012323368961)","224c23072a056d6c0118ee49af249c1ee41e2b90269349df1cac973912a7c503","0","No","No","urn:li:activity:7394638641383452672","1b2fd2ac3ecb556a435cdcff57efdbe990adc8978d557b75cbc0da8aec928190"
"Pavan","Kale","Pavan Kale","https://www.linkedin.com/in/pavan-kale-548871185","Founder and CEO, Sipwise | IIT Bombay","comment","+ stay hydrated

https://linktr.ee/sipwise","2025-11-13T08:30:34.512Z","No","urn:li:comment:(activity:7394638641383452672,7394652888020537345)","a9d672c80c22742bac7bc57d9edcf59b3a7315d36619c95d75677c684048bab3","0","No","No","urn:li:activity:7394638641383452672","1b2fd2ac3ecb556a435cdcff57efdbe990adc8978d557b75cbc0da8aec928190"
"Ashok","Magadum","Ashok Magadum","https://www.linkedin.com/in/ashok-magadum-3b0116b","Founder and CEO at Vidarka Technologies working on AI and Video solutions.","comment","Things are safe, till they caught","2025-11-13T08:26:19.772Z","No","urn:li:comment:(activity:7394638641383452672,7394651819567767552)","380e16c719499ca8449f6e39265abe3e1bf5d83fdc20e283e702ce8d4ed9be86","0","No","No","urn:li:activity:7394638641383452672","1b2fd2ac3ecb556a435cdcff57efdbe990adc8978d557b75cbc0da8aec928190"
"Ganapathi","Ramanathan","Ganapathi Ramanathan","https://www.linkedin.com/in/ganapathi-ramanathan","Content and Brand at Plum | Edits humanise.co.in, writes datalabs.plumhq.com | Ex-Freshworks","comment","This, unfortunately, extends to chronic health as well. We observed that the leading cause for a cancer claim rejection is the use of drugs not approved by the FDA, or off-label drugs.  

This was part of our findings on Plum's Cost of Cancer: datalabs.plumhq.com/cancer. ","2025-11-13T08:09:23.432Z","No","urn:li:comment:(activity:7394638641383452672,7394647556724723712)","76db1c826f58f70f630f7bb341f094b02f345fc0faa4ac92e159e4e5868d8693","0","No","No","urn:li:activity:7394638641383452672","1b2fd2ac3ecb556a435cdcff57efdbe990adc8978d557b75cbc0da8aec928190"
"Sirish","Rao","Sirish Rao","https://www.linkedin.com/in/sirish-rao2590","Holistic Growth & Mental Health Platform | Co-Founder @ InfinumGrowth | Personal Development | Filmmaker","comment","Medicines aren’t full proof even today . A simple cough syrup today is not effective as it used to be . We are blindly trusting what doctors are prescribing as we don’t know what else to do. We may have an alternative but not sure if that is the right way ..","2025-11-13T07:48:53.785Z","No","urn:li:comment:(activity:7394638641383452672,7394642399211397120)","12fa0fed7259617eb475f25df36428178ec637843521564a28217a9490b00dbe","0","No","No","urn:li:activity:7394638641383452672","1b2fd2ac3ecb556a435cdcff57efdbe990adc8978d557b75cbc0da8aec928190"
"Pia","Singh 🧠","Pia Singh 🧠","https://www.linkedin.com/in/pia-singh","Founder - MindSmith | Oxford SBS, Yale SOM | ex-SBI, ex-RBS, ex-BNP","comment","Most healthcare spending in India remains skewed toward reactionary and crisis management, with preventive health (including mental health) slowly gaining traction but still underfunded and under-utilised relative to post-crisis care.","2025-11-13T07:47:03.659Z","No","urn:li:comment:(activity:7394638641383452672,7394641937313484800)","47dd9615a6892b6399f45ba761a23da115a93cc5483f401d06212eba68b33239","0","No","No","urn:li:activity:7394638641383452672","1b2fd2ac3ecb556a435cdcff57efdbe990adc8978d557b75cbc0da8aec928190"
"Shobhit","Sachan","Shobhit Sachan","https://www.linkedin.com/in/shobhit-sachan","Founder's Office @Stir | IITK | Level 1 Goblin","comment","Need something like hims and hers for India.","2025-11-13T07:45:03.652Z","No","urn:li:comment:(activity:7394638641383452672,7394641433967673344)","fb760d1c34d38abaaac363c8cd602549b340e9987f190366e04aaeaf2aa549f4","0","No","No","urn:li:activity:7394638641383452672","1b2fd2ac3ecb556a435cdcff57efdbe990adc8978d557b75cbc0da8aec928190"
"Prashanth","Gaddampally","Prashanth Gaddampally","https://www.linkedin.com/in/prashanthgaddampally","Corporate Leader | Hybrid Athlete I Fitness Educator & Mentor SFSA | Empowering Busy Professionals Build Sustainable Health & Fitness","comment","Simple and best things to do 🙌","2025-11-13T07:37:14.537Z","No","urn:li:comment:(activity:7394638641383452672,7394639466352541697)","eefc72b333ce03ef24083f032654a6870bc46584fda67197cf0cc5aa0fbb6665","0","No","No","urn:li:activity:7394638641383452672","1b2fd2ac3ecb556a435cdcff57efdbe990adc8978d557b75cbc0da8aec928190"