First Name,Last Name,Full Name,Profile URL,Headline,Type,Comment,Timestamp,Is Edited,Comment URN,Comment Hash,Replies Count,Is Post Author,Has Reply From Post Author,Post URN,Post Hash
"Arka","Dutta","Arka Dutta","https://www.linkedin.com/in/dutt-arka","0-​>1| DevOps/SRE/Telco Cloud | CKA | NIT Agartala ’21","comment","sleep is the best thing ever, period.","2024-11-26T11:52:21.635Z","No","urn:li:comment:(activity:7263417762633388032,7267143140283699200)","aedadbc11067cb816201c68c18d341941a311f5f3bb890f51d346410542eeca2","0","No","No","urn:li:activity:7263417762633388032","0da23a017aec32c0223ac11f267cc3c2b2da588db1f2b477ca95b284fc76f604"
"Vaidehi","Vinayak Vaidya","Vaidehi Vinayak Vaidya","https://www.linkedin.com/in/vaidehivaidya","Managing Director, Women in Sport India | Creating Women Leaders in Sports and Fitness","comment","Dilip Kumar I was recently reading about circadian rhythms and how light or lack there of in the morning can play with your sleep patterns and daily routine after experiencing it myself. And the way sleep plays an important part is something we should all know a bit more about. People are sleeping later and later on today’s day and we all need to understand that lack of sleep really isn’t a good. I will share that paper with you.","2024-11-26T04:23:18.209Z","No","urn:li:comment:(activity:7263417762633388032,7267030131360088066)","eb6040251ff9b2b7fb3e3736ad3c39cd300f3523f37e617c9805f38bbbd526b6","0","No","No","urn:li:activity:7263417762633388032","0da23a017aec32c0223ac11f267cc3c2b2da588db1f2b477ca95b284fc76f604"
"Akshay","A.","Akshay A.","https://www.linkedin.com/in/akshay-a-099b07a2","Enhancing Experience of the Products/ Services","comment","& Sleep is always underrated","2024-11-20T04:30:15.668Z","No","urn:li:comment:(activity:7263417762633388032,7264857555120582656)","e3e6ac0af2081d0f593c725601d1bf579c31ce730ae6b3c057cf056ce60cc615","0","No","No","urn:li:activity:7263417762633388032","0da23a017aec32c0223ac11f267cc3c2b2da588db1f2b477ca95b284fc76f604"
"Pranab","Roy","Pranab Roy","https://www.linkedin.com/in/pranab-roy-68b92227","Engineering @ McKinsey & Company | AI, Healthtech, Wearables ✍️","comment","So true Dilip Kumar . 
I love Mathew Fraser’s quote on sleep: “If sleep was not natural, it would have been prohibited.”","2024-11-16T16:12:02.419Z","No","urn:li:comment:(activity:7263417762633388032,7263584612172398592)","84cf0957c6728111e460e8c2f528f4fd61f128bf3a247787b0247e2870c38b13","0","No","No","urn:li:activity:7263417762633388032","0da23a017aec32c0223ac11f267cc3c2b2da588db1f2b477ca95b284fc76f604"
"Kavita","Krishnan","Kavita Krishnan","https://www.linkedin.com/in/kavita-krishnan-content-strategist","Founder, Never Too Late: India-focused longevity, healthy ageing platform. Journalist & Content Strategist. Ex-Upstox, Times Network, NW18, Mid-day. Launched 2 News Channels. Scaled content at Upstox.","comment","In fact,  Dilip Kumar sleep is the biggest flex in the workplace and at school or college. An MIT study found that students who slept an hour longer than others who slept 6.5 hours consistently scored higher.  'Snooze and you lose' is a lie. ","2024-11-16T14:27:50.528Z","No","urn:li:comment:(activity:7263417762633388032,7263558389836742658)","9f5711ea7ed0847f09a70269c8f03891bdd029744c9192380950eed01429f3ed","0","No","No","urn:li:activity:7263417762633388032","0da23a017aec32c0223ac11f267cc3c2b2da588db1f2b477ca95b284fc76f604"
"Nagraj","Prabhu Mudradi","Nagraj Prabhu Mudradi","https://www.linkedin.com/in/nagrajprabhu","SaaS product enthusiast | Enterprise Dental Solutions | Partner @ SVP India | ILSS - India Leaders for Social Sector | Takshashila Public Policy Alumni","comment","So true. People envy me when I say I can get into deep sleep in less than 10 mins . Thankfully I in category 4 now","2024-11-16T12:19:09.323Z","No","urn:li:comment:(activity:7263417762633388032,7263526004759887872)","643ac18f714ae7af75668c3641618d86c81635b41cbb69a9fe412fd784156c85","0","No","No","urn:li:activity:7263417762633388032","0da23a017aec32c0223ac11f267cc3c2b2da588db1f2b477ca95b284fc76f604"
"Pranav","Ratna","Pranav Ratna","https://www.linkedin.com/in/pranavratna","International Product Manager | Molecular Imaging Expert | National Sales & Clinical Advisor | Capital Equipment | PET-CT | Oncology | Strategic Business Development | 20+ Years | Ex-BARC | Ex GE Healthcare","comment","Highly underrrated","2024-11-16T09:13:04.357Z","No","urn:li:comment:(activity:7263417762633388032,7263479175498346496)","0fa092dbed61d502ede2a5f04cb024e8d4a8c81339d951abd9ac06394a668a6d","0","No","No","urn:li:activity:7263417762633388032","0da23a017aec32c0223ac11f267cc3c2b2da588db1f2b477ca95b284fc76f604"
"Parth","Sanghvi","Parth Sanghvi","https://www.linkedin.com/in/parth-sanghvi-humour-finance","Sr. Consultant | Risk Consulting | Finance, Business Insights & Humour","comment","True that! 

On a side note: You can also pitch these ideas to mattress companies for their marketing campaigns 😂","2024-11-16T07:04:34.098Z","No","urn:li:comment:(activity:7263417762633388032,7263446836323995648)","738d806afe017568151276ff1b350edaffaa80f53454ae7c06bc87e15107b267","0","No","No","urn:li:activity:7263417762633388032","0da23a017aec32c0223ac11f267cc3c2b2da588db1f2b477ca95b284fc76f604"
"Rajan","Singh","Rajan Singh","https://www.linkedin.com/in/rajansingh96","Founder, HabitStrong | Ex-IPS | Wharton | IITK | McKinsey | Private Equity","comment","Dilip Kumar Don't spread woke ideas... Just kidding. 😊 ","2024-11-16T06:44:50.343Z","No","urn:li:comment:(activity:7263417762633388032,7263441871299850240)","a49b4f3f106926f9099c3de1a66973e62180fab6523148c67d84ad1943f1fbdc","0","No","No","urn:li:activity:7263417762633388032","0da23a017aec32c0223ac11f267cc3c2b2da588db1f2b477ca95b284fc76f604"
"Harshit","Saini","Harshit Saini","https://www.linkedin.com/in/harshitdoesit","Professional Pivoter!","comment","Damn, I am a drug addict.","2024-11-16T06:17:17.727Z","No","urn:li:comment:(activity:7263417762633388032,7263434939725983744)","0e32540d64df644eb8e9a9cdf9fe3924e5e9d644cb201f58eec6ec171e2c4264","0","No","No","urn:li:activity:7263417762633388032","0da23a017aec32c0223ac11f267cc3c2b2da588db1f2b477ca95b284fc76f604"
"Ayush","Mongia","Ayush Mongia","https://www.linkedin.com/in/ayush-mongia-288a0b165","Product Manager at InsuranceDekho (CarDekho Group) | Platform & AI/ML (Applied AI) | 10L+ Impressions | Ex - EdTech & HealthTech","comment","In 20s fixing anything is a flex these days. Sometimes I wonder what has happened.","2024-11-16T06:03:26.307Z","No","urn:li:comment:(activity:7263417762633388032,7263431452497764353)","72308ddfbe030d759b20722e6423e5795156b0a55ef6fd9899fb652c39b74ccc","0","No","No","urn:li:activity:7263417762633388032","0da23a017aec32c0223ac11f267cc3c2b2da588db1f2b477ca95b284fc76f604"
"Anand","Goud","Anand Goud","https://www.linkedin.com/in/dba-anandgoud","Amazon Tech PM | 15+ exp | Led business of 50M+ in Cross border | E-commerce expert | Insights helped 20M+ savings | AI Evangelist | 400+ mentoring sessions on Topmate","comment","You got a problem, sleep over it.","2024-11-16T05:57:48.258Z","No","urn:li:comment:(activity:7263417762633388032,7263430034617450497)","579d255e4180a2c250950702cac1dc068346a53a2f4c1cf0307bc7b899d4afe0","0","No","No","urn:li:activity:7263417762633388032","0da23a017aec32c0223ac11f267cc3c2b2da588db1f2b477ca95b284fc76f604"
"Sarath","Penumuru","Sarath Penumuru","https://www.linkedin.com/in/sarathpenumuru","Founder and Head Coach @ THINQ.FIT | Helping professionals reach their ideal health through highly-customised, science-based protocols and personal attention","comment","Sleep is the wonder drug that most are ignoring!","2024-11-16T05:55:27.484Z","No","urn:li:comment:(activity:7263417762633388032,7263429444168486912)","b16b4e8baf7946263ffe62b07c13f1ece47abce263392d51101302b04dc50329","0","No","No","urn:li:activity:7263417762633388032","0da23a017aec32c0223ac11f267cc3c2b2da588db1f2b477ca95b284fc76f604"
"🧠","Sridhar Ranganathan","🧠 Sridhar Ranganathan","https://www.linkedin.com/in/sridharnathan","Go from Offline to Pipeline","comment","This is one thing I can do anytime, with my eyes closed.","2024-11-16T05:44:32.657Z","No","urn:li:comment:(activity:7263417762633388032,7263426697624985600)","1c31362682c29b77b1b2b9cc708195e2ebc98b76ad5fbb4ea185af92f9d5ac73","1","No","Yes","urn:li:activity:7263417762633388032","0da23a017aec32c0223ac11f267cc3c2b2da588db1f2b477ca95b284fc76f604"
"Navneet","G.","Navneet G.","https://www.linkedin.com/in/navneetservicegtd","Ex-NRI, peace-of-mind advisory & concierge platform for NRIs -- eldercare and lifestyle solutions in India (40+ cities) || digital nomad - 10 countries and 7 startups || ex-Microsoft/Flipkart/Careem","comment","I have started taking 5-15 minute power naps in office whenever I feel I need to apply brake to mental processes; it's super helpful","2024-11-16T05:44:18.531Z","No","urn:li:comment:(activity:7263417762633388032,7263426638376243200)","8c7fb20ca2faf8cfc885822e47903c891d950354b4b58d0bca592ff074038207","0","No","No","urn:li:activity:7263417762633388032","0da23a017aec32c0223ac11f267cc3c2b2da588db1f2b477ca95b284fc76f604"
"Narayanan","V","Narayanan V","https://www.linkedin.com/in/narayanan-v-00b35720a","Qualified Company Secretary, 25000 Connections, Teaching for CA,CS & CMA, CPA, CISA , Ex-EY, handled SOC 1 (Type - II) & SOC-2 (designing controls based on TSC) , COSO Internal control, Exp in Health care","comment","in your meetings sleeping often is a flex.","2024-11-16T05:37:40.098Z","No","urn:li:comment:(activity:7263417762633388032,7263424967227170816)","03def477f7e0c374099dcef7175cd7a2f55da8dda041c2f2482c1708d1e60f3e","3","No","Yes","urn:li:activity:7263417762633388032","0da23a017aec32c0223ac11f267cc3c2b2da588db1f2b477ca95b284fc76f604"
"Vighnesh","M V","Vighnesh M V","https://www.linkedin.com/in/vighnesh-m-v-1726b81b","Experienced automobile professional","comment","Yes","2024-11-16T05:31:59.319Z","No","urn:li:comment:(activity:7263417762633388032,7263423537896448002)","0c0b100e3ce36c71f29de0478b60b3c4d18e230ba39f853fc9032396ef1edd51","0","No","No","urn:li:activity:7263417762633388032","0da23a017aec32c0223ac11f267cc3c2b2da588db1f2b477ca95b284fc76f604"
"Garvita","Baldua","Garvita Baldua","https://www.linkedin.com/in/garvitabaldua","Making healthcare AI safe, reliable & clinic-ready | Health & Fitness Enthusiast | Passionate surfer 🏄‍♀️ | Social worker (NGO associated: Mahila Sanrakshan Samiti)","comment","Not just fix outerworld problem, sleep is the only thing that can repair and rejevunate us. The best medicine to get healed inside out!","2024-11-16T05:29:15.472Z","No","urn:li:comment:(activity:7263417762633388032,7263422850676461568)","5c690fcf5686bc1748ebbf9c50620de7547deef0cf4f3efdfeebe724152371fe","0","No","No","urn:li:activity:7263417762633388032","0da23a017aec32c0223ac11f267cc3c2b2da588db1f2b477ca95b284fc76f604"
"Sujith","P","Sujith P","https://www.linkedin.com/in/sujithp09","ZS | NITK | ex- Ultrahuman","comment","Sleep comes naturally, but mastering it? That’s Ultrahuman","2024-11-16T05:27:38.574Z","No","urn:li:comment:(activity:7263417762633388032,7263422444252602368)","0f936cf59146faec77ef1e19cc03ee41817740e762b9249edd9418fd51bdf8d5","0","No","No","urn:li:activity:7263417762633388032","0da23a017aec32c0223ac11f267cc3c2b2da588db1f2b477ca95b284fc76f604"
"Zakhil","Suresh, CMT","Zakhil Suresh, CMT","https://www.linkedin.com/in/zakhilsuresh","Founder & CEO at BitSave | Crypto Asset Manager | We Help You Invest Safely in Crypto Assets","comment","Shiv Pande ","2024-11-16T05:24:45.313Z","No","urn:li:comment:(activity:7263417762633388032,7263421717547528193)","21c58d37592c8e3770f81f19f537e0484a69ff6f694db9ce83d4290789936c15","1","No","No","urn:li:activity:7263417762633388032","0da23a017aec32c0223ac11f267cc3c2b2da588db1f2b477ca95b284fc76f604"
"Vidhi","Chandel","Vidhi Chandel","https://www.linkedin.com/in/vidhi-chandel-1a08aa1b5","Wireless Network Professional | Specializing in Wi-Fi & UBR PTMP Solutions and Optimization","comment","That's to the point","2024-11-16T05:20:55.849Z","No","urn:li:comment:(activity:7263417762633388032,7263420755105775617)","dfd7358d839b035c98db2d322bcc58bd79e7d52a929740b4ff3657ea43c8f670","0","No","No","urn:li:activity:7263417762633388032","0da23a017aec32c0223ac11f267cc3c2b2da588db1f2b477ca95b284fc76f604"
"Charan","Singh","Charan Singh","https://www.linkedin.com/in/charan3","Product/UX Design + Analytics + PMF Strategy | SaaS & Climate Design | Pursuing Olympics Ambitions","comment","In mindfulness classes, Knowing how to get sleep is a flex. 😅 ","2024-11-16T05:16:00.731Z","No","urn:li:comment:(activity:7263417762633388032,7263419517286912000)","054aed337d45f0f28d7251376680d7240bb82b9325802245feb45680dfb0a2e6","0","No","No","urn:li:activity:7263417762633388032","0da23a017aec32c0223ac11f267cc3c2b2da588db1f2b477ca95b284fc76f604"