First Name,Last Name,Full Name,Profile URL,Headline,Type,Comment,Timestamp,Is Edited,Comment URN,Comment Hash,Replies Count,Is Post Author,Has Reply From Post Author,Post URN,Post Hash
"Ryan","Fernando®️","Ryan Fernando®️","https://www.linkedin.com/in/ryanfernando","Celebrity Nutritionist & Health Coach I Founder at quanutrition.com clinics","comment","Love this","2023-11-14T06:11:52.685Z","No","urn:li:comment:(ugcPost:7128254302426451968,7130074841864409088)","d03bfe145a23b07bafbbf7020855614d411561c36deca14756d56f86a9eaa813","0","No","No","urn:li:ugcPost:7128254302426451968","4b4b55a4fb49b68b88151b69d6af9e8fb265df6ea78c1a1607d2bbf324630c10"
"Shobhraj","Shakdupia","Shobhraj Shakdupia","https://www.linkedin.com/in/shobhraj-shakdupia","Founder at Abstrabit | Incubated at IIM Bangalore (NSRCEL) | Book a 1:1 with me at topmate.io/shobhraj_shakdupia","comment","Women who excel in both sports and startups are true powerhouses Dilip Kumar. Inspiring conversation with Jayanti Bhattacharya.","2023-11-14T04:38:36.658Z","No","urn:li:comment:(ugcPost:7128254302426451968,7130051370421817344)","0fcf612127d48f3d139b50af4c723c70ae863025373361799410d782d166f11b","0","No","No","urn:li:ugcPost:7128254302426451968","4b4b55a4fb49b68b88151b69d6af9e8fb265df6ea78c1a1607d2bbf324630c10"
"Sahar","Mansoor","Sahar Mansoor","https://www.linkedin.com/in/saharmansoor","Founder at Bare Necessities - BCorp Certified | Penguin Author | Sustainable Procurement | Cambridge | UN-WHO | Cartier","comment","Throughly enjoyed listening to this episode Dilip Kumar and Dilip Kumar","2023-11-12T02:54:00.758Z","No","urn:li:comment:(ugcPost:7128254302426451968,7129300271662301184)","6337e8db18b897753180cd91ad2ae9bdcf756a1be7c86f04413c27ac314c248d","0","No","No","urn:li:ugcPost:7128254302426451968","4b4b55a4fb49b68b88151b69d6af9e8fb265df6ea78c1a1607d2bbf324630c10"
"Jayanti","Bhattacharya","Jayanti Bhattacharya","https://www.linkedin.com/in/jayantibhattacharya","Entrepreneur | Rainmatter + Zerodha | TEDx Speaker | Making Money Work for Women | Sustainability and Health Advocate","comment","Thank you Dilip Kumar - thoroughly enjoyed sharing our story with you. ","2023-11-10T08:25:55.450Z","No","urn:li:comment:(ugcPost:7128254302426451968,7128659024199225345)","2ad33d43f69d1fdc008a9de5a05cd5787a1e2ed3056e1f9521ebdba18c6ad039","0","No","No","urn:li:ugcPost:7128254302426451968","4b4b55a4fb49b68b88151b69d6af9e8fb265df6ea78c1a1607d2bbf324630c10"
"Bijesh","Todi","Bijesh Todi","https://www.linkedin.com/in/t10sports","Founder & Mentor at T10 Sports | Customised Sportswear and Merchandise for Punjab Kings ,IPL,USA Cricket, School Sports, Clubs, Corporates and Institutions","comment","Best wishes Dilip Kumar and Jayanti Bhattacharya ! ","2023-11-10T06:40:49.950Z","No","urn:li:comment:(ugcPost:7128254302426451968,7128632577015332864)","ca5fe4fd76d4d0bf6ad2a32e2e34589e0a4e9ad64ffaf88a18abcfdf4a1376a4","0","No","No","urn:li:ugcPost:7128254302426451968","4b4b55a4fb49b68b88151b69d6af9e8fb265df6ea78c1a1607d2bbf324630c10"
"Aditya","Kedia","Aditya Kedia","https://www.linkedin.com/in/aditya-kedia-15a1a623","Founder at FitBuds, funded by I-Venture@ISB, incubated with IIM-Lucknow EIC | Building TGIFC- Gurgaon's biggest Kids Fitness Carnival","comment","Got the content for my next inter-city travel! Looking forward...","2023-11-09T16:37:21.703Z","No","urn:li:comment:(ugcPost:7128254302426451968,7128420310642569216)","64c372cd8c69c00303c8be8611d64a4d5399ebf1b7afdfa62b638c478e9937dd","0","No","No","urn:li:ugcPost:7128254302426451968","4b4b55a4fb49b68b88151b69d6af9e8fb265df6ea78c1a1607d2bbf324630c10"