First Name,Last Name,Full Name,Profile URL,Headline,Type,Comment,Timestamp,Is Edited,Comment URN,Comment Hash,Replies Count,Is Post Author,Has Reply From Post Author,Post URN,Post Hash
"vinod","kumar ®","vinod kumar ®","https://www.linkedin.com/in/vinodkumar-inc","Entrepreneur at Nutrioinc - Starting with a challenge, Building with purpose, Growing with passion.","comment","Building the next wave of Indian founders who lift, run, sleep well, and lead with joy this isn’t just fitness, it’s founder mastery. Count me in for the 100-strong one.","2025-12-01T14:51:57.450Z","No","urn:li:comment:(activity:7368508498621431810,7401271847599841281)","e96e61f3b888f65352766f00f84770595d71f4e248637a57ad8c4bb78fba5873","0","No","No","urn:li:activity:7368508498621431810","e90df4cb38cd85221a5c45578e71d0596c026093902dcdcffa6032132eb4e11b"
"Sivanadian","Alagappan","Sivanadian Alagappan","https://www.linkedin.com/in/sivanadian-alagappan-01513a221","Founder & Endurance Athletes 🇮🇳| @UnBlend Food love your food we made it better | @Ironman70.3","comment","Hi sir, 

I got introduced to you while I was purse my passion (fitness) and my talent in entrepreneurship. 

I taught for a long time I have to drop one for another but until I met people like you. 

Starting my life from nickbare-  founder of BPN supps and an athlete in the US. 

To seeing you in India. Gave me to hold on to my passion and talent upto date. 

Just want to thank you sir for supporting this niche audience who are entrepreneurs and crazy about fitness.","2025-09-26T18:02:24.128Z","No","urn:li:comment:(activity:7368508498621431810,7377402175431376896)","0e055d3677e658a0a0822d8b347764f7d79160c14d1089c2c5931446016271f5","0","No","No","urn:li:activity:7368508498621431810","e90df4cb38cd85221a5c45578e71d0596c026093902dcdcffa6032132eb4e11b"
"Akil","Sujenth","Akil Sujenth","https://www.linkedin.com/in/akil-sujenth","CEO of Getting Hired | Professional People Snatcher | Resume DJ | The One Who Hunts Your Head | Behind Every Great Hire? Hey, that’s Me.","comment","Do let us know how to join! Boxer here!","2025-09-20T08:47:15.515Z","No","urn:li:comment:(activity:7368508498621431810,7375088141788995584)","d79e862e062072450bbda566714aa79acd0775c05ff2a511f7864b99ea836224","0","No","No","urn:li:activity:7368508498621431810","e90df4cb38cd85221a5c45578e71d0596c026093902dcdcffa6032132eb4e11b"
"Soubhik","Ghosh","Soubhik Ghosh","https://www.linkedin.com/in/soubhik-ghosh-8a1a61182","Associate Vice President | FundsIndia Private Wealth ( Owned by WestBridge Capital ) | Partnering with UHNIs to Access Institutional-Grade Insights & Exclusive Wealth Opportunities","comment","Hi Dilip Kumar  — Soubhik here from FundsIndia Private Wealth (WestBridge). We’d love to discuss a potential collaboration — quick 15-min call? When’s a good time or can I share my number to coordinate?","2025-09-18T13:52:20.442Z","Yes","urn:li:comment:(activity:7368508498621431810,7374440142486507520)","94a14ef41941034008388bad5c849ebd5f414f374f371d4a6f507e7afc18fb61","0","No","No","urn:li:activity:7368508498621431810","e90df4cb38cd85221a5c45578e71d0596c026093902dcdcffa6032132eb4e11b"
"Ambarish","Ghali","Ambarish Ghali","https://www.linkedin.com/in/ambarish-ghali-aa1a95100","Building Healthier Communities. Ensuring Safe and Compliant Products for All.","comment","Dilip Kumar Count me in. Have already filled the form. ","2025-09-18T05:41:37.207Z","No","urn:li:comment:(activity:7368508498621431810,7374316648608169984)","1f3557be7665ef046fabaf560fb2ae207d3b6b2b09164b06807952cc88adcfba","0","No","No","urn:li:activity:7368508498621431810","e90df4cb38cd85221a5c45578e71d0596c026093902dcdcffa6032132eb4e11b"
"Harsha","Malkan","Harsha Malkan","https://www.linkedin.com/in/harsha-malkan-865a0827","Director Communications & PR at Ubisoft India - Video games| Internal & External Communications| Media Relations| Employer Branding| Public Relations| Social Media| Marketing| Events| CSR and D&I","comment","How about same for corporate leaders? I do weight lighting and am committed to my health. I would love to be a part of a similar community driven by this passion.","2025-09-17T13:51:48.084Z","No","urn:li:comment:(activity:7368508498621431810,7374077618901467136)","724b6ccfe1eb14381ac7f5a71f1a5ddcd99bfadba9f1109b37551bc498ab5a17","0","No","No","urn:li:activity:7368508498621431810","e90df4cb38cd85221a5c45578e71d0596c026093902dcdcffa6032132eb4e11b"
"Janvi","Tiwari","Janvi Tiwari","https://www.linkedin.com/in/janvitiwari","Chief Menstruating Officer at SOQO | Incubated at IIM Ahmedabad, IIM A Ventures | Funded by Startup India | Alumna US Department of State","comment","LFGGG!!! Its always such a delight to see new pictures of every upcoming event, knowing there lies a tribe who hold tight to values and tighter to execution. ","2025-09-15T08:29:12.045Z","Yes","urn:li:comment:(activity:7368508498621431810,7373271658062659584)","2a4ee20b90090bb2020c510c5672977c8d6c153d632d0c1888112cc99052ef60","0","No","No","urn:li:activity:7368508498621431810","e90df4cb38cd85221a5c45578e71d0596c026093902dcdcffa6032132eb4e11b"
"Kristin","Unbehend","Kristin Unbehend","https://www.linkedin.com/in/kristin-unbehend-53a7381b","Founder | Building AI powered MedTech | Digital Transformation & E-Commerce Leader","comment","Count me in for a Delhi community! It’s refreshing to see how the Rainwater team is driving a movement with these values.","2025-09-15T07:13:06.607Z","No","urn:li:comment:(activity:7368508498621431810,7373252509227745281)","b5ea126969ffc4d9fe320d7edcb184de7f648568107e639e9c43fe642a3dbc57","0","No","No","urn:li:activity:7368508498621431810","e90df4cb38cd85221a5c45578e71d0596c026093902dcdcffa6032132eb4e11b"
"Bhavyaa","Shree","Bhavyaa Shree","https://www.linkedin.com/in/bhavyaashree","Building for the future of 42million students!","comment","Anything happening in Bangalore soon?","2025-09-14T22:32:20.142Z","No","urn:li:comment:(activity:7368508498621431810,7373121452050395136)","e7e8d742d6dec1c6084aff79feb8ff0aa183ed9a192252ee31cae79f1285046c","1","No","Yes","urn:li:activity:7368508498621431810","e90df4cb38cd85221a5c45578e71d0596c026093902dcdcffa6032132eb4e11b"
"Dr.","Bharti Daulatani","Dr. Bharti Daulatani","https://www.linkedin.com/in/dr-bharti-daulatani-513036266","Founder of Leaa | Naturopathic Doctor | Awarded Youth Wellness Ambassador | Winner of Ms. Wellness International (Youth Category) | Social Worker & Humanitarian | Building a Medicine-Free Happier Future","comment","Love this mission—health + entrepreneurship is the best combo. Count me in!","2025-09-14T15:24:58.083Z","No","urn:li:comment:(activity:7368508498621431810,7373013901459943424)","447cf5898202a5bc78062875e49a28f25da1a59ac0737d3711b60cfaec87c0c2","0","No","No","urn:li:activity:7368508498621431810","e90df4cb38cd85221a5c45578e71d0596c026093902dcdcffa6032132eb4e11b"
"Deepali","Malhotra","Deepali Malhotra","https://www.linkedin.com/in/growwithdeepali","Well, my friends say, that I am a born MARKETER | Ex Social Media Manager @ PwC | Built my 25K plus community on IG, YT & LinkedIn in 5 months | Triathlete & Felix Scholar🇬🇧.","comment","what a mission to be part of !!","2025-09-14T15:06:41.970Z","No","urn:li:comment:(activity:7368508498621431810,7373009304028831744)","1402904b1eb74075ceb783367c78d9bdeee0e7360f00333f656a556f7acde020","0","No","No","urn:li:activity:7368508498621431810","e90df4cb38cd85221a5c45578e71d0596c026093902dcdcffa6032132eb4e11b"
"Jatin","Gupta","Jatin Gupta","https://www.linkedin.com/in/jatinonline","Angel Investor | Serial Entrepreneur | Early-stage Investing | Fundraising I Building Startup Ecosystem I PR & Digital Marketing | Blockchain, IT, SaaS Professional | Startups, Growth and Investments | Venture Capital","comment","I'm In","2025-09-14T04:07:02.369Z","No","urn:li:comment:(activity:7368508498621431810,7372843295150034944)","01fda0f74f16042cc91c4eb2d42e5a39e87bab87b02b228d20d877d941656cf9","0","No","No","urn:li:activity:7368508498621431810","e90df4cb38cd85221a5c45578e71d0596c026093902dcdcffa6032132eb4e11b"
"Vibha","Soni","Vibha Soni","https://www.linkedin.com/in/vibhasoni","I help ambitious online writers create consistent, AI-assisted content that grows their audience & income.","comment","I see myself to be part of that community.","2025-09-13T06:16:17.760Z","No","urn:li:comment:(activity:7368508498621431810,7372513435751784449)","4c997cace8cf7b0497cd0b3142af5ca401c83f336a604cfe2202f4d1a75b1cce","0","No","No","urn:li:activity:7368508498621431810","e90df4cb38cd85221a5c45578e71d0596c026093902dcdcffa6032132eb4e11b"
"Sukanto","Roy","Sukanto Roy","https://www.linkedin.com/in/sukanto-roy-72414511","Research and Insight Leader @EY-GDS","comment","how can i join please let me know, i run 7.5km everyday and do strength training lifting weights three days a week and swim two days a week","2025-09-12T11:28:25.621Z","No","urn:li:comment:(activity:7368508498621431810,7372229598228578304)","c0ad380af6b5942055a2cc25668482a414107a74d4421bb00209878181e2199e","0","No","No","urn:li:activity:7368508498621431810","e90df4cb38cd85221a5c45578e71d0596c026093902dcdcffa6032132eb4e11b"
"Nidhi","Kumar","Nidhi Kumar","https://www.linkedin.com/in/nidhi-kumar-4a763a14","Founder, Moose & Quill | AIC, GoI supported bootstrapped venture | Green Innovator | Women in Business | Sustainable products for a better future","comment","Dilip Kumar This is great. Please count me in. How do I join?","2025-09-12T11:12:03.572Z","No","urn:li:comment:(activity:7368508498621431810,7372225479220789248)","4a7a05a4a321a57fbacf2d915a63f77164e0a6609aa86d2ca8bdc805dff542f0","0","No","No","urn:li:activity:7368508498621431810","e90df4cb38cd85221a5c45578e71d0596c026093902dcdcffa6032132eb4e11b"
"Manisha","Sen","Manisha Sen","https://www.linkedin.com/in/m-sen","CPA Candidate - Passed September 2023 CFE (Common Final Examination) - General Accountant at Pacekids Programs","comment","I am like this, but I am an employee and not an entrpreneur.","2025-09-11T14:50:59.566Z","No","urn:li:comment:(activity:7368508498621431810,7371918187703103488)","b78541513af2defd7c9ab03441fc04f2a00959fd2c3a5476971a5afd3ccd4f8e","0","No","No","urn:li:activity:7368508498621431810","e90df4cb38cd85221a5c45578e71d0596c026093902dcdcffa6032132eb4e11b"
"Ashwini-K","Aggarwal, PhD, FIETE","Ashwini-K Aggarwal, PhD, FIETE","https://www.linkedin.com/in/xlashwini","Accomplished Government Affairs/Marketing Professional | Professor - Manav Rachna International | Chair Semiconductor Skills Committee, ESSCI | Career Coach | Consultant | Blogger - Runner - Memory Athlete","comment","Dilip Kumar, I love this mission! Building a sustainable entrepreneurial journey requires prioritizing well-being. A healthy body and mind are definitely key ingredients for long-term success. 💪 Looking forward to seeing this community grow!","2025-09-10T14:10:07.134Z","No","urn:li:comment:(activity:7368508498621431810,7371545513592233985)","d16ebfc56111e3fbc63d261011c2d594ce90011f0746bcc337f417b4e28cabe4","0","No","No","urn:li:activity:7368508498621431810","e90df4cb38cd85221a5c45578e71d0596c026093902dcdcffa6032132eb4e11b"
"Guru","Ananthanarayanan","Guru Ananthanarayanan","https://www.linkedin.com/in/gurua","Managing Director | Industrial AI | Customer Delight | Growth","comment","exactly, nothing else matter.. all the best Dilip in creating this revolution !","2025-09-10T09:13:17.627Z","No","urn:li:comment:(activity:7368508498621431810,7371470815105699841)","e1bac6b56d529c1661ca1a0220ce9140a002a6a067a1881dccb845e73e921777","0","No","No","urn:li:activity:7368508498621431810","e90df4cb38cd85221a5c45578e71d0596c026093902dcdcffa6032132eb4e11b"
"Siraj","D.","Siraj D.","https://www.linkedin.com/in/siraj-d-586a59","Founder at InnAccel","comment","Does running and free hand exercises count:)? Am a big convert to pushups, pullups, squats….","2025-09-10T05:12:12.861Z","No","urn:li:comment:(activity:7368508498621431810,7371410145479806977)","b659401b4d7b2aa0e5d62d14d50045d288dc7de13f0bca91b65783306f759898","0","No","No","urn:li:activity:7368508498621431810","e90df4cb38cd85221a5c45578e71d0596c026093902dcdcffa6032132eb4e11b"
"Ritu","Bhatia Gupta","Ritu Bhatia Gupta","https://www.linkedin.com/in/ritu-bhatia-gupta","Scaling Excellence -DXC |Business operations simplified | Insights, automation & innovation that deliver sustainable impact. Passionate about enabling growth in career, wellness, life balance & beyond.","comment","More power to you Dilip🙌","2025-09-09T05:48:40.480Z","No","urn:li:comment:(activity:7368508498621431810,7371056933153443842)","72464906a2cfea211defb1aa1c33a2be5627f9485ce11ea48403cb0cdf3c7115","0","No","No","urn:li:activity:7368508498621431810","e90df4cb38cd85221a5c45578e71d0596c026093902dcdcffa6032132eb4e11b"
"Ashish","Dugar","Ashish Dugar","https://www.linkedin.com/in/ashishdugar","Head of Operations and Member of Board of Directors","comment","Dilip Kumar Count me in !!
Krishna Kohli Thanks for being the common connect.","2025-09-09T05:03:18.441Z","No","urn:li:comment:(activity:7368508498621431810,7371045516094291968)","482df313c652b904c1421dc13e44d538c7cfd897876c3dd93f775372ac514af4","0","No","No","urn:li:activity:7368508498621431810","e90df4cb38cd85221a5c45578e71d0596c026093902dcdcffa6032132eb4e11b"
"Vaishnavi","Goswami","Vaishnavi Goswami","https://www.linkedin.com/in/vaishnavi-goswami-92a141288","We guarantee your LinkedIn Growth | Building Growpido | LinkedIn Personal Branding | Content Marketing |Engagement lead at @Growpido","comment","You are searching for gems 👌 !","2025-09-08T16:22:09.658Z","No","urn:li:comment:(activity:7368508498621431810,7370853967334993920)","3cd52bd9c14baf7f024b89f7a266cbf8c7268808a4feb75a65cbac5290783efb","0","No","No","urn:li:activity:7368508498621431810","e90df4cb38cd85221a5c45578e71d0596c026093902dcdcffa6032132eb4e11b"
"Shraddha","Shrivastava","Shraddha Shrivastava","https://www.linkedin.com/in/shraddha-shrivastava","Generated 100% Client Growth for B2B Founders | LinkedIn Lead Generation | 10+ Years Driving B2B Revenue, Visibility & Authority","comment","Building a community where health, family, and happiness come first while scaling a business is the kind of balance every founder should aspire to. Dilip Kumar ","2025-09-08T12:10:39.140Z","No","urn:li:comment:(activity:7368508498621431810,7370790673115074560)","904779d667c6f53faed8069d470557688b2aea5e080a960c99be7221fdbc8de9","0","No","No","urn:li:activity:7368508498621431810","e90df4cb38cd85221a5c45578e71d0596c026093902dcdcffa6032132eb4e11b"
"Dinesh","Vanka","Dinesh Vanka","https://www.linkedin.com/in/dineshvanka","Senior Manager - Investment Banking || CA","comment","Not a founder though but somewhat close roles, but have been lifting and running for years now! Am I in to join?","2025-09-08T07:41:25.516Z","No","urn:li:comment:(activity:7368508498621431810,7370722919905304576)","501a2ee701481d78e186b85ff16bcf17eb6692e04f723a512f8014e92251e5a5","0","No","No","urn:li:activity:7368508498621431810","e90df4cb38cd85221a5c45578e71d0596c026093902dcdcffa6032132eb4e11b"
"Manuj","Kumar","Manuj Kumar","https://www.linkedin.com/in/manuj-kumar-iimb","Building Nuvix | Driving Sustainable Energy Solutions","comment","I have filled out the form. Keeping fingers crossed now!","2025-09-08T03:23:50.149Z","No","urn:li:comment:(activity:7368508498621431810,7370658095397535744)","12ba515171c231931e855f6b21396350f4c4bf0818c61387eca64f517ef57d26","0","No","No","urn:li:activity:7368508498621431810","e90df4cb38cd85221a5c45578e71d0596c026093902dcdcffa6032132eb4e11b"
"Simran","Khandelwal","Simran Khandelwal","https://www.linkedin.com/in/simran-khandelwal-20873028","Building in stealth | Not a CEO - a Curious Soul | Changing daily nutrition | Developing Consumer Products | Brand & Marketing Executor | Always here for raw conversations","comment","Lovely! I am in. Filled the form :) 
Looking forward to","2025-09-06T07:52:29.492Z","No","urn:li:comment:(activity:7368508498621431810,7370000929095401472)","e6c5adb6bdfb4259a4fb67ebaf0405d078f6379b101c0b54cf88eae011318a45","0","No","No","urn:li:activity:7368508498621431810","e90df4cb38cd85221a5c45578e71d0596c026093902dcdcffa6032132eb4e11b"
"Sahil","Salhotra","Sahil Salhotra","https://www.linkedin.com/in/sahil-salhotra-6b4a871b2","Empowering Personal Growth | Committed to Transforming Lives One Step at a Time | Inspiring Daily Progress | Mind, Body & Soul Wellness Advocate","comment","Sign us up","2025-09-06T07:45:14.263Z","No","urn:li:comment:(activity:7368508498621431810,7369999103612612608)","51436e22fdc082d63e44dfe77f8a8d5a850f3ddd9ea7087f1f9a7dbe66e8abd7","0","No","No","urn:li:activity:7368508498621431810","e90df4cb38cd85221a5c45578e71d0596c026093902dcdcffa6032132eb4e11b"
"Tanuj","Chugh","Tanuj Chugh","https://www.linkedin.com/in/tanujchugh","UAE & Singapore Travel Specialist | MICE | Travel Trend Analyst | India-Market Content Strategy for Tourism Boards, DMCs & Attractions","comment","As a travel entrepreneur, I’ve seen how building discipline in fitness is a lot like building discipline in business; both need consistency and balance. I started with small steps, even just bodyweight training at home, and it’s surprising how much it helps me stay sharper at work too. Respect the focus on family and health first.","2025-09-05T19:56:26.977Z","No","urn:li:comment:(activity:7368508498621431810,7369820731246825472)","75afbe6b278fa490cb91bd9d67be621512f3e7ebe9ea9985718af1f4b1d89e3c","0","No","No","urn:li:activity:7368508498621431810","e90df4cb38cd85221a5c45578e71d0596c026093902dcdcffa6032132eb4e11b"
"Shwetabh","S Verma","Shwetabh S Verma","https://www.linkedin.com/in/shwetabhsvermaofficial","Builder! Facilitator! Coach! Mentor!","comment","So, basically, well-funded ones.. 😂 ","2025-09-05T18:05:29.400Z","No","urn:li:comment:(activity:7368508498621431810,7369792807340867587)","39e10d30a2a5ccdd8f35800605098d34180269a2c20b47f4a699b2198f41141f","0","No","No","urn:li:activity:7368508498621431810","e90df4cb38cd85221a5c45578e71d0596c026093902dcdcffa6032132eb4e11b"
"Anupendra","Sharma","Anupendra Sharma","https://www.linkedin.com/in/anupendra","Lifesciences / Startups / VC / Education / AI / Agents","comment","I don’t know how one does that !","2025-09-05T17:01:14.672Z","No","urn:li:comment:(activity:7368508498621431810,7369776639439855616)","153e0c2a9a4d2284f1af4ba8daa8e38cc6d9b9e9d2c165c310c249df50596579","0","No","No","urn:li:activity:7368508498621431810","e90df4cb38cd85221a5c45578e71d0596c026093902dcdcffa6032132eb4e11b"
"Amol","Kankane","Amol Kankane","https://www.linkedin.com/in/amol-kankane","CEO at Reshape | AI, Fitness, Health","comment","Dewanshu Pratihar needs to be in that!","2025-09-05T16:02:52.110Z","No","urn:li:comment:(activity:7368508498621431810,7369761948634206208)","3c0e9ce850b3214ce38553cf40db5d6f32eca5394f4177c08572424dc63ea3a6","0","No","No","urn:li:activity:7368508498621431810","e90df4cb38cd85221a5c45578e71d0596c026093902dcdcffa6032132eb4e11b"
"Sanjay","bafna","Sanjay bafna","https://www.linkedin.com/in/sanjay-bafna-a99a521","businessman","comment","I’m on the the path!","2025-09-05T14:17:30.129Z","No","urn:li:comment:(activity:7368508498621431810,7369735432323985408)","d3f805561b1e9c59fc3a6b26a528bc0d1853d4e0859d1c9393bebe282a616519","0","No","No","urn:li:activity:7368508498621431810","e90df4cb38cd85221a5c45578e71d0596c026093902dcdcffa6032132eb4e11b"
"Shraddha","Shrivastava","Shraddha Shrivastava","https://www.linkedin.com/in/shraddha-shrivastava","Generated 100% Client Growth for B2B Founders | LinkedIn Lead Generation | 10+ Years Driving B2B Revenue, Visibility & Authority","comment","Building a community of founders who prioritize health, family, and happiness shows that sustainable success isn’t just about work; it’s about balance and well-being. Dilip Kumar","2025-09-05T12:13:50.475Z","No","urn:li:comment:(activity:7368508498621431810,7369704312035250181)","b1054aaf6be9567eca3bcac4d41870eedd07d762dba40d8ba65dc9fd3fdbc4b8","0","No","No","urn:li:activity:7368508498621431810","e90df4cb38cd85221a5c45578e71d0596c026093902dcdcffa6032132eb4e11b"
"Sejuti","Das","Sejuti Das","https://www.linkedin.com/in/sejdas","Writing, Photography, Brands, Marketing & Communications","comment","💯 ","2025-09-05T09:32:00.948Z","No","urn:li:comment:(activity:7368508498621431810,7369663587331538944)","4eb8daa62632e3c5d094d65594f9a215e49990b717a46dadeeef8f78544c713b","0","No","No","urn:li:activity:7368508498621431810","e90df4cb38cd85221a5c45578e71d0596c026093902dcdcffa6032132eb4e11b"
"Shobhitt","Sharma","Shobhitt Sharma","https://www.linkedin.com/in/shobhitt-sharma-a6712b4a","Growth & Brand Transformation Leader I Driving Business, Digital & Human Impact I Jury & Mentor at AFI","comment","Hey Dilip Kumar 

Let me know when you are in Gurgaon next. Happy to host for a early morning run/work out session.","2025-09-05T08:12:11.320Z","No","urn:li:comment:(activity:7368508498621431810,7369643498175725568)","5f7848869e10ff4259699abdf0bdc0495719f08708f9f04f54589a936632d5d3","0","No","No","urn:li:activity:7368508498621431810","e90df4cb38cd85221a5c45578e71d0596c026093902dcdcffa6032132eb4e11b"
"Swapnil","C. Shah","Swapnil C. Shah","https://www.linkedin.com/in/swapnil-c-shah-87738b6a","Sustainability Collaborator, Executive Director TriNano, AI , Green hydrogen, Solar EPC, waste management, organic fertilizers, Energy, scale-up consultant, Mega project consultant, Investor","comment","Dilip Kumar  Count m in ","2025-09-05T06:49:14.753Z","No","urn:li:comment:(activity:7368508498621431810,7369622624936681473)","f75fdcdb2b5ce8b3c2e0dfcf8c40d9fb039d774df2b5cf1da38f0df58ad16f6b","0","No","No","urn:li:activity:7368508498621431810","e90df4cb38cd85221a5c45578e71d0596c026093902dcdcffa6032132eb4e11b"
"Rajeev","Kumar","Rajeev Kumar","https://www.linkedin.com/in/syncwithrajeev","Program Management | Cloud Engineering | Quantum | ÀI | SAFe® 6 RTE/POPM | Electronics | Dog Dad","comment","Ex. Founders are allowed? Dilip Kumar: -) This may motivate them to again become a founder.","2025-09-05T05:47:27.433Z","No","urn:li:comment:(activity:7368508498621431810,7369607075309436935)","617fa81b5cce653a59e5dcd93781640b2051b16d038f2ebdb6148d1a1bbc5857","0","No","No","urn:li:activity:7368508498621431810","e90df4cb38cd85221a5c45578e71d0596c026093902dcdcffa6032132eb4e11b"
"Vaibhav","Sharma","Vaibhav Sharma","https://www.linkedin.com/in/sharmavaibhav92","Customer Success & Ops Leader | 11+ yrs | Protected ₹3.7Cr+ ARR | +25 NPS | 66% TAT Reduction | CSM / CS Ops | SaaS & EdTech","comment","Love this mission — it’s refreshing to see founders talk about health, family, and happiness with the same intensity as business growth.
I’ve always believed that the culture you build in your own life flows directly into the culture you create at work. A strong body and a balanced mind make for better leaders, better teams, and happier companies.","2025-09-05T05:28:14.341Z","No","urn:li:comment:(activity:7368508498621431810,7369602238891110400)","a9eb72060773996cfac48dc4075943eabe155aac3f9e1abdc9ab7657a7f68857","0","No","No","urn:li:activity:7368508498621431810","e90df4cb38cd85221a5c45578e71d0596c026093902dcdcffa6032132eb4e11b"
"Alpa","P.","Alpa P.","https://www.linkedin.com/in/alpa-parmar","Specialist with AI and Marketing expertise.","comment","I truly support your mission— Would love to suggest including at least 40% women in this community to amplify female representation in both fitness and founder spaces. Diverse perspectives will only strengthen the impact and culture you’re building!","2025-09-05T02:30:39.050Z","No","urn:li:comment:(activity:7368508498621431810,7369557547361452038)","7447209c5e5aaefb70199a1481a60953006fb38b210ee97da77ce9fbd6f1f97e","0","No","No","urn:li:activity:7368508498621431810","e90df4cb38cd85221a5c45578e71d0596c026093902dcdcffa6032132eb4e11b"
"Michael","Silvers","Michael Silvers","https://www.linkedin.com/in/latpn","Vice President The Los Angeles Tribune, Managing Partner The Los Angeles Tribune Podcast Network and Women’s Journal | Podcaster | Helping Professionals Create The Wealth and Lifestyle They Truly Desire","comment","Focusing on health, family, and happiness while building a business is truly inspiring. Wishing you all the success in creating this community!","2025-09-04T16:00:20.744Z","No","urn:li:comment:(activity:7368508498621431810,7369398925889368068)","3e16f7e79bb657935fa9f2acf363bfbc09d1ff875f22f658455c81d5c142b62a","0","No","No","urn:li:activity:7368508498621431810","e90df4cb38cd85221a5c45578e71d0596c026093902dcdcffa6032132eb4e11b"
"MANJITH","RAJ PR","MANJITH RAJ PR","https://www.linkedin.com/in/manjithrajpr","Data Science & AI ""Python / SQL / Tableau / Machine Learning / Data Science""","comment","How do I join the same Dilip Kumar","2025-09-04T13:05:51.651Z","No","urn:li:comment:(activity:7368508498621431810,7369355015330721796)","8939e5d00d42458682f8aae9002d74f4829cc0243ef9a97cf2909596584746e0","0","No","No","urn:li:activity:7368508498621431810","e90df4cb38cd85221a5c45578e71d0596c026093902dcdcffa6032132eb4e11b"
"Dr","Vijay Raaghavan","Dr Vijay Raaghavan","https://www.linkedin.com/in/draaghavan","☯︎ Building AI That People Love - Not Just Tolerate","comment","Dilip, love this!
I must admit, I’m a bit of a misfit here, neither a founder, nor someone who lifts weights. The only time I run is when my better half is chasing me.
 😄

Jokes apart, your ideas have a way of sparking curiosity and cueing purpose in equal measure. If there’s ever an admin role in this journey, do consider me!","2025-09-04T12:24:00.902Z","No","urn:li:comment:(activity:7368508498621431810,7369344484486107137)","69534a1262d3de842286bba05a150f80828f9f92c6b31d653d563f9f5120d8cf","0","No","No","urn:li:activity:7368508498621431810","e90df4cb38cd85221a5c45578e71d0596c026093902dcdcffa6032132eb4e11b"
"Eswara","Prasadh","Eswara Prasadh","https://www.linkedin.com/in/eswarap","Senior Architect @ Wipro Engineering","comment","Crazy mission :) 👍 ","2025-09-04T11:29:50.939Z","No","urn:li:comment:(activity:7368508498621431810,7369330853153275904)","72edcd4ecbe7175505b73f79f4a84794ead31602e5eb51e782b02d4019f20135","0","No","No","urn:li:activity:7368508498621431810","e90df4cb38cd85221a5c45578e71d0596c026093902dcdcffa6032132eb4e11b"
"Taniya","Dhirasaria","Taniya Dhirasaria","https://www.linkedin.com/in/taniya-dhirasaria","🌐 Mamalife 🚀 Zoe 📺 Shark Tank 🎓 IIM B + MICA + NIFT 🧳 Myntra + Reliance Brands","comment","Call me crazy, but that’s my state of mind. I am a founder, but I prioritise happiness and family time over funding & sales. Im happy running a small, profitable business vs chasing funding and 12 hr work days… my weekday split looks like this - 7 to 8 hrs of work, 4 to 5 hours of family time. 1 hr of strength training (4x a week) and 8k daily steps.","2025-09-04T10:04:39.923Z","No","urn:li:comment:(activity:7368508498621431810,7369309416002678789)","45633e8b8c28afa3ab7d59980ebd1fe1d44d308c039d43446a009cd91628d769","0","No","No","urn:li:activity:7368508498621431810","e90df4cb38cd85221a5c45578e71d0596c026093902dcdcffa6032132eb4e11b"
"Karan","Jindal","Karan Jindal","https://www.linkedin.com/in/jndlkaran","Agency Partnerships at Meta 🇮🇳 2x Founder 🚀 Early Stage Investor 🙌 Dad of 2 ❤️","comment","Taniya Dhirasaria - this describes you word by word :)","2025-09-04T09:58:50.706Z","No","urn:li:comment:(activity:7368508498621431810,7369307951280394240)","426aae50af8941bfb69c52dec26600070e20c770593947381e0ac6968e22cc20","1","No","No","urn:li:activity:7368508498621431810","e90df4cb38cd85221a5c45578e71d0596c026093902dcdcffa6032132eb4e11b"
"Abhay","Singh","Abhay Singh","https://www.linkedin.com/in/abhaysinghzone","💰Scaling eCom Brands to 8 Figures with Meta & Google Ads.","comment","Please share","2025-09-04T08:54:17.849Z","No","urn:li:comment:(activity:7368508498621431810,7369291707336564744)","bf37a0e087b61c4b73e681abee8d795f0479d66334d02fa57211dfae4a925883","0","No","No","urn:li:activity:7368508498621431810","e90df4cb38cd85221a5c45578e71d0596c026093902dcdcffa6032132eb4e11b"
"Saul","Jonathan Samuel","Saul Jonathan Samuel","https://www.linkedin.com/in/saul-jonathan-samuel-726092100","Co-Founder - Practic-Alt | Musician | Artist | You miss on all the chances you don't take.","comment","Would love to be on board!","2025-09-04T08:38:15.447Z","No","urn:li:comment:(activity:7368508498621431810,7369287670729990144)","013a36d5be829a9ac195b260f8cf9c71787959219f36da5500182a98904fca05","0","No","No","urn:li:activity:7368508498621431810","e90df4cb38cd85221a5c45578e71d0596c026093902dcdcffa6032132eb4e11b"
"Rachit","Srivastava","Rachit Srivastava","https://www.linkedin.com/in/rachit-srivastava-2754b014","Helping save lives! || Ex-OYO || Ex-Airtel || Lifelong Learner","comment","This is a fantastic goal. I believe that prioritizing health alongside entrepreneurial ambition is key to sustainable growth and preventing burnout. I'm curious to learn more about how you plan to foster this community. Dilip Kumar","2025-09-04T08:21:19.856Z","No","urn:li:comment:(activity:7368508498621431810,7369283411032670208)","dceaeb033ea632dcf28747ade4df8819ee0f31f735fa55fa70a79370186d5276","0","No","No","urn:li:activity:7368508498621431810","e90df4cb38cd85221a5c45578e71d0596c026093902dcdcffa6032132eb4e11b"
"Moritz","Fuerste","Moritz Fuerste","https://www.linkedin.com/in/moritz-fuerste-27a308196","Co-Founder of HYROX / 3 Olympic medals 🥇🥇🥉","comment","Count me in 🫶","2025-09-04T07:15:47.247Z","No","urn:li:comment:(activity:7368508498621431810,7369266916475047937)","1f4aabe3eb601a04881c33e9517475a73325857f5ec4295b2e6b675a0a88b41d","1","No","Yes","urn:li:activity:7368508498621431810","e90df4cb38cd85221a5c45578e71d0596c026093902dcdcffa6032132eb4e11b"
"Archana","Sharma","Archana Sharma","https://www.linkedin.com/in/archana-sharma-samvednacare","Founder & Managing Director at Samvedna Care","comment","Keen to join, founder who is happy and proud and has made peace with self. ","2025-09-04T06:42:21.797Z","No","urn:li:comment:(activity:7368508498621431810,7369258505007988738)","6e30679756d8459953c15c81a7043370d2cd4d02f3be53007093db40d7576f85","1","No","Yes","urn:li:activity:7368508498621431810","e90df4cb38cd85221a5c45578e71d0596c026093902dcdcffa6032132eb4e11b"
"Arpit","Sablok","Arpit Sablok","https://www.linkedin.com/in/arpit-sablok","Startup Growth Partner | Strategy, GTM & Execution | Retail & E-Commerce Expert | Business Consulting | Project Management | Training & Development","comment","Finally, a founder cult I actually want to join — no 4 a.m. hustle sermons, just happy gains and sane brains 😄💪","2025-09-04T05:14:16.493Z","No","urn:li:comment:(activity:7368508498621431810,7369236336836300800)","12b925efba7acaf7aec04164c7ea66d40a710f3ea63315b5ca29d12ff3483f54","0","No","No","urn:li:activity:7368508498621431810","e90df4cb38cd85221a5c45578e71d0596c026093902dcdcffa6032132eb4e11b"
"Vinay","Kulkarni","Vinay Kulkarni","https://www.linkedin.com/in/vinayshankarbk","Co-Founder & CEO, Thryve.Earth - Developing Nature-Based Projects at Scale | Prev: Bain, Shell","comment","I’m pretty sure it’ll be a larger number than that, very quickly. The # of people realising the truth about building is going up. The truth being - resilience is the most important ingredient for building, and building that resilience takes habits that keep you grounded on all fronts - health on all fronts and time with loved ones / community.

I’m sure there are spikes here and there, but they should only be that - spikes, and not the base load.

Excited and proud to be a part of this community. 

I’m sure friends like Rajesh Reddy Sudarshan Gangrade would agree.","2025-09-04T03:27:31.788Z","Yes","urn:li:comment:(activity:7368508498621431810,7369209473556500480)","30e3420cf84191f6a6a085b9f9994a6d7a4ed4514b1975b45e1f79c0559871a6","2","No","No","urn:li:activity:7368508498621431810","e90df4cb38cd85221a5c45578e71d0596c026093902dcdcffa6032132eb4e11b"
"Dr.","Kusumapriya Talluri","Dr. Kusumapriya Talluri","https://www.linkedin.com/in/dr-kusumapriya-talluri-125846b4","Founder | Preventive Wellness Ecosystem | Ritual Studio, Kitchen Temple & Naada Sabha – Building Scalable Wellness Solutions","comment","Im in . Definetely will catch up in Hyderabad meet up","2025-09-04T03:14:05.571Z","No","urn:li:comment:(activity:7368508498621431810,7369206092037308417)","a841eae201f9a6e830e017cff2d0d4fd7ce3e1592a0830930ecaedfd3560de20","1","No","Yes","urn:li:activity:7368508498621431810","e90df4cb38cd85221a5c45578e71d0596c026093902dcdcffa6032132eb4e11b"
"Chander","Arya","Chander Arya","https://www.linkedin.com/in/chander-arya-b782ab30b","Ex-Graty Apparel Pvt Ltd l Now Building Xporte: cross border B2B aggregator in fashion & lifestyle categories | simple theory authenticity.","comment","Crazy yes I’m + layer on a satisfied entrepreneur: can works for walk 🤝?","2025-09-04T02:45:18.281Z","No","urn:li:comment:(activity:7368508498621431810,7369198847257980929)","93072dd49f03db9bd802d843baeb61a0cffc2648c4ff8c97a32daf892197724b","1","No","Yes","urn:li:activity:7368508498621431810","e90df4cb38cd85221a5c45578e71d0596c026093902dcdcffa6032132eb4e11b"
"Sheetal","Ramkumar","Sheetal Ramkumar","https://www.linkedin.com/in/sheetalramkumar","Smart Global Hiring | Language Assessment | Opportunity Without Borders Driven by technology. Powered by people.","comment","How cool is this !!","2025-09-04T02:00:13.560Z","No","urn:li:comment:(activity:7368508498621431810,7369187502839988224)","a33bc1f15966732a87bbe4e6ef090b68f2c4ebab9682c06a4e43d338e3cdeb31","0","No","No","urn:li:activity:7368508498621431810","e90df4cb38cd85221a5c45578e71d0596c026093902dcdcffa6032132eb4e11b"
"Sohel","Habib","Sohel Habib","https://www.linkedin.com/in/sohel-habib-81b203263","A True Learner || Aspiring Entrepreneur || Marketing & PR Strategist || Business Developer || Management Consultant || Brand Management || HR (Recruitment & Employee management)","comment","In.","2025-09-04T01:20:41.247Z","No","urn:li:comment:(activity:7368508498621431810,7369177552633987073)","1e6db975593daddc341565ec8ba4d0cee3a03196d472d5fbefdfca9e979b186b","0","No","No","urn:li:activity:7368508498621431810","e90df4cb38cd85221a5c45578e71d0596c026093902dcdcffa6032132eb4e11b"
"Ratnesh","Choubey","Ratnesh Choubey","https://www.linkedin.com/in/ratneshchoubey","Founder & CEO at Retail Bandhu","comment","Entrepreneurship shouldn’t come at the cost of health or happiness. Glad to see you leading a movement that redefines success.","2025-09-04T01:06:32.875Z","No","urn:li:comment:(activity:7368508498621431810,7369173994308050944)","a1490a92be3d8bf92082b6ba1cfc6b5bd475f2facd22c646f52208caf87b11fd","0","No","No","urn:li:activity:7368508498621431810","e90df4cb38cd85221a5c45578e71d0596c026093902dcdcffa6032132eb4e11b"
"Ratnesh","Choubey","Ratnesh Choubey","https://www.linkedin.com/in/ratneshchoubey","Founder & CEO at Retail Bandhu","comment","Entrepreneurship shouldn’t come at the cost of health or happiness. Glad to see you leading a movement that redefines success.","2025-09-04T01:06:17.262Z","No","urn:li:comment:(activity:7368508498621431810,7369173928822382592)","afca1c67460c37fb72ea50c7845fd054ea1ce1a5719a87b526a23af1ff0a3e7f","0","No","No","urn:li:activity:7368508498621431810","e90df4cb38cd85221a5c45578e71d0596c026093902dcdcffa6032132eb4e11b"
"Simran","Soni","Simran Soni","https://www.linkedin.com/in/simransoni","Passionate about all things Marketing, MarTech, Customer, and Front-Office","comment","Love the revolution you are bringing about 🙌","2025-09-03T21:32:32.439Z","No","urn:li:comment:(activity:7368508498621431810,7369120137611800577)","8623362863a30db47f66f052d9fd66b0151b294e615d0308178f8bd17c29522f","0","No","No","urn:li:activity:7368508498621431810","e90df4cb38cd85221a5c45578e71d0596c026093902dcdcffa6032132eb4e11b"
"Kashish","Wadhwa","Kashish Wadhwa","https://www.linkedin.com/in/kashishpublicfigurewadhwa01","Founder | CEO | Chief Coach. Building the last coaching OS you’ll ever need.","comment","Running actually burns 200 more calories than walking at max if i'm not wrong. 

Why Not Walking or Slow Jog ?

While building something good it doesn't sound nice crying like a toddler because of getting 3 hour sleep at max.

+ I lift | I Cook | I clean and I'm Not Interested. 

But I Wish You The Best For Your Initiative.","2025-09-03T20:01:22.458Z","No","urn:li:comment:(activity:7368508498621431810,7369097194848645122)","16a4ad9fb1084addf90c65d1e651b4dc5bea1470673da658893738bfd7b0f1c0","0","No","No","urn:li:activity:7368508498621431810","e90df4cb38cd85221a5c45578e71d0596c026093902dcdcffa6032132eb4e11b"
"Jasveer","Singh .","Jasveer Singh .","https://www.linkedin.com/in/jasveers","Founder Agri-Climate-Water-Tech Startup | IIT Bombay Alum","comment","Are you planning to give salary to an entrepreneur? 😂
Bcoz that's the only way all of what you said can be achieved 😜","2025-09-03T19:28:17.184Z","No","urn:li:comment:(activity:7368508498621431810,7369088868005871617)","c1dcdb966421d4af4e59cc9155320a7f10142396e00d0e99924a1c8adfe4e43e","0","No","No","urn:li:activity:7368508498621431810","e90df4cb38cd85221a5c45578e71d0596c026093902dcdcffa6032132eb4e11b"
"Geetha","Krishnan🌺Intl Trainer GratitudeRadio show Creator","Geetha Krishnan🌺Intl Trainer GratitudeRadio show Creator","https://www.linkedin.com/in/geethakrishnaninspires","Helping organisations scale enhancing employee productivity| Have trained 38k+ people | Award winner| Certified International Speaker & trainer| 2×Intl.Bestselling co-author | FOE NSRCELs Women Start Up program IIM-B","comment","Would love to join Dilip Kumar .Have run half marathons lift weights and check on the others too 😊","2025-09-03T19:03:07.740Z","No","urn:li:comment:(activity:7368508498621431810,7369082536943185920)","32437b95f9cb1d7053ef23346c93decfe5b74062611ded24e6425dc83aad350b","1","No","Yes","urn:li:activity:7368508498621431810","e90df4cb38cd85221a5c45578e71d0596c026093902dcdcffa6032132eb4e11b"
"Luv","Suneja","Luv Suneja","https://www.linkedin.com/in/luvsuneja","Applied AI Consultant","comment","Lift weights but like to swim and hike. Also, love sleep and family time :). Anyways, fight or flight may get you far but only a life well lived can unleash your full creative potential.","2025-09-03T17:13:19.269Z","Yes","urn:li:comment:(activity:7368508498621431810,7369054902892916737)","27035916b0b2c0aece033fef37166a6927d1026c7bd1856d68056691960ead04","1","No","Yes","urn:li:activity:7368508498621431810","e90df4cb38cd85221a5c45578e71d0596c026093902dcdcffa6032132eb4e11b"
"P.V.Vasanth","Rao","P.V.Vasanth Rao","https://www.linkedin.com/in/vasantharao","PRINCIPAL FINANCIAL CONSULTANT,DRA certified by IIBF","comment","""Love this mission!  Balancing fitness, family, and happiness while building a business is the ultimate goal. Excited to see this community of founders grow and thrive!""","2025-09-03T15:52:21.302Z","No","urn:li:comment:(activity:7368508498621431810,7369034527098212353)","c48088e6563c12e85072e82a73d98cacbfada0412261af59cf62fada694a4954","0","No","No","urn:li:activity:7368508498621431810","e90df4cb38cd85221a5c45578e71d0596c026093902dcdcffa6032132eb4e11b"
"Jayanth","Rasamsetti","Jayanth Rasamsetti","https://www.linkedin.com/in/jaysetti","Founder & Chief AI Scientist","comment","This is great! How do we become a part of it ","2025-09-03T15:39:28.008Z","No","urn:li:comment:(activity:7368508498621431810,7369031283668164608)","8a95ad4f033bba415e4da1ca601ec2be571c4d0bc62c9c8d411fe76a6ed7a979","1","No","Yes","urn:li:activity:7368508498621431810","e90df4cb38cd85221a5c45578e71d0596c026093902dcdcffa6032132eb4e11b"
"RajKamal","Sharma","RajKamal Sharma","https://www.linkedin.com/in/raj-kamal-sharma22","Amla Man of India | Founder – Nainaa’s Kitchen | Legacy Builder | Wellness Innovator | Creating India’s Premium D2C Food Revolution","comment","Count me in.","2025-09-03T14:30:51.761Z","No","urn:li:comment:(activity:7368508498621431810,7369014018876813312)","22ae8e389d57f1e1ed635178ecb488883ce6b48706d296cd82c66742d1922754","0","No","No","urn:li:activity:7368508498621431810","e90df4cb38cd85221a5c45578e71d0596c026093902dcdcffa6032132eb4e11b"
"Sandeep","Nukala","Sandeep Nukala","https://www.linkedin.com/in/sandeep-nukala-342910279","Building DhruvSol || Founder and Product Manager at DhruvSol || ERP,CRM,SALES,SERVICE through Salesforce","comment","Count me in Dilip Kumar 
Expect run outside you got everything else","2025-09-03T14:25:06.199Z","No","urn:li:comment:(activity:7368508498621431810,7369012569488932864)","ee8a72e9ff445700b6834bd493af9fd9aa2b0397fec3e209086d667028b21675","1","No","Yes","urn:li:activity:7368508498621431810","e90df4cb38cd85221a5c45578e71d0596c026093902dcdcffa6032132eb4e11b"
"Amit","Kumar Singh, PhD","Amit Kumar Singh, PhD","https://www.linkedin.com/in/amitsinghnewel","Lawyer | Entrepreneur | Academic | Tech | Policy- Politics | Japan Law and Policy | Law and Tech | Investment | Philanthropy |","comment","Are you willing to do it in Tokyo, it is much more feasible here.","2025-09-03T13:57:36.990Z","No","urn:li:comment:(activity:7368508498621431810,7369005652200841216)","eeeaa0aebbe3f030624127619ae492c21428e409e270e70b5840531a1dd3df4f","0","No","No","urn:li:activity:7368508498621431810","e90df4cb38cd85221a5c45578e71d0596c026093902dcdcffa6032132eb4e11b"
"Shweta","Haria","Shweta Haria","https://www.linkedin.com/in/shweta-haria","Curriculum Developer, Teacher Trainer I Language & Numeracy I Early Childhood","comment","A few yrs ago, I ran multiple 21 kms working full-time. However after becoming a Founder, I've seized to engage in high intensity training and muscle building. Getting up early has become a struggle too. I'm looking to connect with fitness oriented people in the vicinity so I can build this back into the system. Based in South Central Mumbai, do message if you're here too","2025-09-03T13:35:43.583Z","Yes","urn:li:comment:(activity:7368508498621431810,7369000143372705793)","0be9759a0bc4836dd7215b64f5f3fff492b325528cd15a8c06195ebc145bb4dc","0","No","No","urn:li:activity:7368508498621431810","e90df4cb38cd85221a5c45578e71d0596c026093902dcdcffa6032132eb4e11b"
"Inderjit","Makkar","Inderjit Makkar","https://www.linkedin.com/in/inderjit-makkar","I make Gen AI work for you at Factacy | Investor | Mentor | 4x Entrepreneur | Ai, Data Science, AoT and IoT | Sharktank India S1 | Ex S&P Global","comment","Incredible initiative! Building founders who prioritize fitness, family, and happiness ensures sustainability in both life and entrepreneurship.","2025-09-03T13:24:56.770Z","No","urn:li:comment:(activity:7368508498621431810,7368997430446456832)","a9a57ef84b70e5a7407e46e5748eea8233e1f57528fd097bcb3ba0ba0e5a2036","0","No","No","urn:li:activity:7368508498621431810","e90df4cb38cd85221a5c45578e71d0596c026093902dcdcffa6032132eb4e11b"
"Sahil","Goyal","Sahil Goyal","https://www.linkedin.com/in/sahilgoyal-ai","CEO @ GISUL | COO @ Sudosu | AI Transformation Leader | Corporate Trainer | Microsoft Certified Azure Solutions Architect Expert (AZ-104, AZ-305, DP-300) | Power BI Certified (PL -300)","comment","Count me in this. :)","2025-09-03T13:19:42.245Z","No","urn:li:comment:(activity:7368508498621431810,7368996111228796934)","7e24804158ad2b55c092d2af705e1604eb451e37b104163ddca7ba5c7b9fddf0","1","No","Yes","urn:li:activity:7368508498621431810","e90df4cb38cd85221a5c45578e71d0596c026093902dcdcffa6032132eb4e11b"
"Chinmoy","Chakraborthy","Chinmoy Chakraborthy","https://www.linkedin.com/in/chinmoy-chakraborthy-a5aa3932","Vice President","comment","I would love to join in.. Lifting weights is a passion for me along with corporate hustle I have been lifting for 10 years.. Lifting completes my day.. It would be great to be part of such a group","2025-09-03T12:49:30.604Z","No","urn:li:comment:(activity:7368508498621431810,7368988512655794177)","00edd0e44772f9e56a15d4c415d2567636de0e490d414bb4021d1211dffa55d1","1","No","Yes","urn:li:activity:7368508498621431810","e90df4cb38cd85221a5c45578e71d0596c026093902dcdcffa6032132eb4e11b"
"Rohan","Bhangdev","Rohan Bhangdev","https://www.linkedin.com/in/rohan-bhangdev","Senior Project Manager @ ET Edge (by The Times Group) | Sales Strategist | 🏆Award-Winning Sales Professional | Expert in Sales Lifecycle Management (Lead Generation to Deal Closure) | Proven 0️⃣-to-1️⃣ Growth Creator","comment","#CFBR","2025-09-03T11:46:15.508Z","No","urn:li:comment:(activity:7368508498621431810,7368972594869440512)","ab017724ee01fd28c198453c3d801a2faa833a5502a50517a381664cd827e59c","0","No","No","urn:li:activity:7368508498621431810","e90df4cb38cd85221a5c45578e71d0596c026093902dcdcffa6032132eb4e11b"
"Aditya","Prakash","Aditya Prakash","https://www.linkedin.com/in/aditya-prakash-4a267b49","Product @ Tata AIG | Launched Strategic Platforms (B2B and B2C) | Insurance | eCommerce","comment","👏👏👏

Why restrict this awesome initiative just to founders ?","2025-09-03T11:23:22.415Z","No","urn:li:comment:(activity:7368508498621431810,7368966835704111104)","94b534b1efda479c6d9a96fd2b6b03aa9340e874b99eb87207f8baff0468f1d2","0","No","No","urn:li:activity:7368508498621431810","e90df4cb38cd85221a5c45578e71d0596c026093902dcdcffa6032132eb4e11b"
"Praveen","Gowdru","Praveen Gowdru","https://www.linkedin.com/in/praveengarera","Driving change in Healthcare: Founder at VMEDO | Speaker | Angel Investor","comment","I would love to be part of this Dilip Kumar","2025-09-03T10:53:21.629Z","No","urn:li:comment:(activity:7368508498621431810,7368959282655985664)","7f70596601e0d804ba7ab59f1c5db6e165659cffc0b82d0355baa7b7e6fb71cf","1","No","Yes","urn:li:activity:7368508498621431810","e90df4cb38cd85221a5c45578e71d0596c026093902dcdcffa6032132eb4e11b"
"Harsh","Singhal","Harsh Singhal","https://www.linkedin.com/in/harsh-singhal1","Founder- Zorb. | Revolutionizing Feminine Hygiene","comment","Count me in Dilip Kumar would love to connect","2025-09-03T09:41:38.784Z","No","urn:li:comment:(activity:7368508498621431810,7368941235215982592)","69c7cfbcd936ccb32680bb66d36d37410c67e47c0accc27c9dacfee4f4df4745","1","No","Yes","urn:li:activity:7368508498621431810","e90df4cb38cd85221a5c45578e71d0596c026093902dcdcffa6032132eb4e11b"
"Manu","Sharma","Manu Sharma","https://www.linkedin.com/in/msatgladful","Co-Founder at Gladful | C.A. | Secured 3 Shark deal on SharkTank","comment","Should I share my strava? :P","2025-09-03T09:35:43.127Z","No","urn:li:comment:(activity:7368508498621431810,7368939743486619651)","54f05597a7ea0114964e9bb9cceab2b9bb456a6144f7316147edec29473705fd","1","No","Yes","urn:li:activity:7368508498621431810","e90df4cb38cd85221a5c45578e71d0596c026093902dcdcffa6032132eb4e11b"
"Balaji","Arumugam","Balaji Arumugam","https://www.linkedin.com/in/baaalaji","AI x Backend engineering","comment","Dilip Kumar sounds similar to the network school concept by balaji srinivasan ( vc, ex cto coinbase )","2025-09-03T07:50:05.481Z","No","urn:li:comment:(activity:7368508498621431810,7368913161468436481)","27cae1de4279705c416ef83ec378ec8387908e25877f8fc96403de1171034443","0","No","No","urn:li:activity:7368508498621431810","e90df4cb38cd85221a5c45578e71d0596c026093902dcdcffa6032132eb4e11b"
"Kaushal","Choudhary","Kaushal Choudhary","https://www.linkedin.com/in/kaushal-choudhary","Founder, CEO @inagent.ai │ AI Agent for Sales","comment","Love this, Dilip. Count me in","2025-09-03T07:19:23.062Z","No","urn:li:comment:(activity:7368508498621431810,7368905433803055105)","5e2ea8b82b2d2523007e92c0f42ccab54766fb84c1e10612a9c5100864bb4ef0","1","No","Yes","urn:li:activity:7368508498621431810","e90df4cb38cd85221a5c45578e71d0596c026093902dcdcffa6032132eb4e11b"
"Jagmandeep","Singh","Jagmandeep Singh","https://www.linkedin.com/in/jagmandeep","Entrepreneur || B2B Sales Growth Coach || Mentor @Stanford SEED || Ex-Network18, Thomas Cook India, Idea (Aditya Birla Group)","comment","Sounds interesting but does open water swimming count?","2025-09-03T06:44:06.678Z","No","urn:li:comment:(activity:7368508498621431810,7368896557045235713)","c70db5cb4015d467f3b68bcdd8c28f068319e95073dbac26573fed571accae18","0","No","No","urn:li:activity:7368508498621431810","e90df4cb38cd85221a5c45578e71d0596c026093902dcdcffa6032132eb4e11b"
"Prathish","Nair","Prathish Nair","https://www.linkedin.com/in/prathish-nair-00598a7","🚀 D2C Founder | Speaker | Rebrand Specialist | Travel & Fitness Enthusiast","comment","Yes, do all that...","2025-09-03T06:30:30.229Z","No","urn:li:comment:(activity:7368508498621431810,7368893132609900545)","6130cdaa2ed8926e30c8f4eb657ec2817f1feff5a82854d4fa23997bd0e5e04f","0","No","No","urn:li:activity:7368508498621431810","e90df4cb38cd85221a5c45578e71d0596c026093902dcdcffa6032132eb4e11b"
"virendra","singh mehta","virendra singh mehta","https://www.linkedin.com/in/virendramehta","Assit Dir Business Operation","comment","sankalp was already founded and created founders.. called sankalp ke daaku","2025-09-03T06:20:08.976Z","No","urn:li:comment:(activity:7368508498621431810,7368890526890192896)","be55b7cec1135d0c0ee9c960bb595f26177168fbaf86a80d335254b632b4c55a","0","No","No","urn:li:activity:7368508498621431810","e90df4cb38cd85221a5c45578e71d0596c026093902dcdcffa6032132eb4e11b"
"Ruchir","Gupta","Ruchir Gupta","https://www.linkedin.com/in/ruchir-gupta-stock-market","Founder | Trained 2L+ traders | Creator of the GCD Method | Built a 150-member EdTech company | Sharing insights on markets, growth, and financial intelligence","comment","Entrepreneurship isn’t just about revenue, it’s about longevity. And longevity starts with mind, body & relationships.","2025-09-03T06:19:43.969Z","No","urn:li:comment:(activity:7368508498621431810,7368890422003187712)","e836b9b46bb46fff462bb58b4209c3d90e9414186072c97a9e4f6d3b62b40822","0","No","No","urn:li:activity:7368508498621431810","e90df4cb38cd85221a5c45578e71d0596c026093902dcdcffa6032132eb4e11b"
"Krishna","Jain","Krishna Jain","https://www.linkedin.com/in/krishna-jain-711173239","Sky doesn't have any limit until you make your own limits","comment","I would be really happy to be a part of it !! ","2025-09-03T06:17:24.729Z","No","urn:li:comment:(activity:7368508498621431810,7368889837984100352)","297d891006e5dc0289196baa1d5d6c8fb0cdba4ff6c27329340171bd8b9ed2ed","0","No","No","urn:li:activity:7368508498621431810","e90df4cb38cd85221a5c45578e71d0596c026093902dcdcffa6032132eb4e11b"
"Joseph","Rajini Asir","Joseph Rajini Asir","https://www.linkedin.com/in/joseph-rajini-asir-93a14721a","Co-Founder Oji Story | Organisational Story teller | Creative Director | Solutionary | Entrepreneur | Currently Building an Art and Design Sanctuary in South India","comment","Love this! Can we also add an additional pointer that the same values would trickle down to the last of their employees/people in their ecosystem ? I've noticed that at times entrepreneurs and organisational heads conveniently move into a healthier lifestyle while their teams burn the midnight oil/continue to run their sweatshops for them :) ","2025-09-03T06:17:14.144Z","No","urn:li:comment:(activity:7368508498621431810,7368889793579012097)","fa793faa9f17109df28535de83d8276c8e525bbdd9f5629f8bcf8bdbaafa2ede","1","No","Yes","urn:li:activity:7368508498621431810","e90df4cb38cd85221a5c45578e71d0596c026093902dcdcffa6032132eb4e11b"
"Eman","Guria","Eman Guria","https://www.linkedin.com/in/eman-guria-a98a86a","Entrepreneur || General Manager (Civil) at Oil and Natural Gas Corporation Ltd","comment","A rare mission in today’s hustle noise. Balance is the real flex.","2025-09-03T06:10:23.227Z","No","urn:li:comment:(activity:7368508498621431810,7368888070076551171)","c802fcafddcb3bb16cd4bdab8a0b4bd1d8cd6fe3402ade81cb8dd5a0b2bdb8b5","0","No","No","urn:li:activity:7368508498621431810","e90df4cb38cd85221a5c45578e71d0596c026093902dcdcffa6032132eb4e11b"
"Harshal","Katre","Harshal Katre","https://www.linkedin.com/in/harshalkatre","Founder @ ProfitBooks | Marketing Strategy, Entrepreneurship","comment","Count me in :-) ","2025-09-03T06:01:07.944Z","No","urn:li:comment:(activity:7368508498621431810,7368885741050806272)","b9f81740733aa0ee6c790978bd9e0c5967aea0e603b625594c950357752666b8","1","No","Yes","urn:li:activity:7368508498621431810","e90df4cb38cd85221a5c45578e71d0596c026093902dcdcffa6032132eb4e11b"
"Deepak","Grover","Deepak Grover","https://www.linkedin.com/in/deepak-grover-9415892","SnackAmor: Compelling..Affordable..Better-for-you! snacking for aspirational India!","comment","Pls count me in Dilip Kumar","2025-09-03T05:57:21.492Z","No","urn:li:comment:(activity:7368508498621431810,7368884791242366976)","7264a1a5e57cecb444a53e720666b961ba15e0466ca67975db16babf932cffa4","2","No","No","urn:li:activity:7368508498621431810","e90df4cb38cd85221a5c45578e71d0596c026093902dcdcffa6032132eb4e11b"
"Sudeshna","Chatterjee","Sudeshna Chatterjee","https://www.linkedin.com/in/sudeshna-chatterjee-3a46a4302","Secretary General at Sea Explorers'​ Institute - India","comment","Hi Dilip! I am from the Sea Explorers' Institute. I wish to get in touch with you immediately regarding a unique more than 500 km endurance race called SEI Pentathlon. Please get in touch with us at seaexplo@yahoo.co.in","2025-09-03T05:53:46.476Z","No","urn:li:comment:(activity:7368508498621431810,7368883889399861248)","92868992786759eb008ab9db0435b54002cb6523595d00c53b4601cb07e12fa0","0","No","No","urn:li:activity:7368508498621431810","e90df4cb38cd85221a5c45578e71d0596c026093902dcdcffa6032132eb4e11b"
"Shantanu","Chaurasiya","Shantanu Chaurasiya","https://www.linkedin.com/in/shantanu-chaurasiya-1a515518a","Finance professional | Accounts. Compliance. Growth.","comment","Dilip Kumar, that's a great goal. A healthy founder is more likely to build a healthy company.","2025-09-03T05:35:19.821Z","No","urn:li:comment:(activity:7368508498621431810,7368879247752413185)","f4c1db97246b434f80b78f9de9220177ab02097d6670901a147c33de7975ed71","0","No","No","urn:li:activity:7368508498621431810","e90df4cb38cd85221a5c45578e71d0596c026093902dcdcffa6032132eb4e11b"
"Mrigank","Tripathi","Mrigank Tripathi","https://www.linkedin.com/in/mrigank","President Growth - PeopleStrong | The Punya Project | Mentoring #SaaS startups at #SGx by SaaSBOOMi | INSEAD","comment","Does Squash, Endurance swimming and strength training count? 😇","2025-09-03T05:30:37.329Z","No","urn:li:comment:(activity:7368508498621431810,7368878062899269632)","7cf37331c28c29d9aa89bf4e71939c342aa62f88d0df72dcdb3a95c7e2a3f3ec","1","No","Yes","urn:li:activity:7368508498621431810","e90df4cb38cd85221a5c45578e71d0596c026093902dcdcffa6032132eb4e11b"
"Rahul","Chauhan","Rahul Chauhan","https://www.linkedin.com/in/rahul-chauhan-259a7844","Creative Hindi Copywriter & Story Writer | 13 + Years of Experience in Ads, Poetry & Storytelling","comment","I am in","2025-09-03T05:05:05.695Z","No","urn:li:comment:(activity:7368508498621431810,7368871638756462596)","b826d25f5e0fa5b95edc6d855059ddd893e83c6a6b2e3da376f6ac5d61957fea","1","No","Yes","urn:li:activity:7368508498621431810","e90df4cb38cd85221a5c45578e71d0596c026093902dcdcffa6032132eb4e11b"
"Megha","Sharma","Megha Sharma","https://www.linkedin.com/in/megha-sharma-b873aa15","Founder @ ATOG | FMCG, Sales Management","comment","How do I get into the community ?","2025-09-03T04:40:06.333Z","No","urn:li:comment:(activity:7368508498621431810,7368865349976379393)","6bc80a8e1f8900aa8ca1642bdd98cab18abccc14cc5120e4c34bf810810fc1f9","1","No","Yes","urn:li:activity:7368508498621431810","e90df4cb38cd85221a5c45578e71d0596c026093902dcdcffa6032132eb4e11b"
"Hruthik","Sai Soma","Hruthik Sai Soma","https://www.linkedin.com/in/hruthiksunder","AI/ML Engineer | Building LLM/RAG Agents & Deep Learning Models | Python | TensorFlow | ECE Graduate","comment","I too do workout and run every day other than Saturday and sleep i was really trying very hard to fix it due to late night calls and debugging issues for startup and family time is must on Saturday and Sunday 

And other things either its struggle or happy moments i love both because its part of journey which keeps me awake and learning thats lovely 

Dilip Kumar","2025-09-03T04:39:39.548Z","No","urn:li:comment:(activity:7368508498621431810,7368865237632024577)","914eace8862d2a7cd4c75ea2210061f28c9710da588961effc899d4a1ac43b77","0","No","No","urn:li:activity:7368508498621431810","e90df4cb38cd85221a5c45578e71d0596c026093902dcdcffa6032132eb4e11b"
"Navneet","T.","Navneet T.","https://www.linkedin.com/in/navneetofficial","Founder – RealThreadX™ | Sr. Manager – ExcitPay | Ex–Zomato, Porter & Jarvis | Scaling Startups through Sales, Ops & Storytelling | Ghostwriter for Brands | 3M+ Impressions • 2M+ Reach • 14K+ Followers | DM for Collabs","comment","Add me","2025-09-03T03:59:17.666Z","No","urn:li:comment:(activity:7368508498621431810,7368855079526797312)","b99d75cab71e3b1bf20d52ddd5346a6430f86ea4b2819f7f5ab028da6994ad5a","2","No","No","urn:li:activity:7368508498621431810","e90df4cb38cd85221a5c45578e71d0596c026093902dcdcffa6032132eb4e11b"
"Sajith","Kumar","Sajith Kumar","https://www.linkedin.com/in/sajith-kumar-9bb9819","Helping business scale","comment","There is  nothing crazy about it! It's a must that founders are physically and mentally fit! One important way to do that should be investors put a criteria for investment that promoters/ founders are fit and healthy.","2025-09-03T03:53:52.432Z","No","urn:li:comment:(activity:7368508498621431810,7368853715392348161)","8819c0f9a8e593ca88b476caf16f652caf797acc7edff00f3560718479a121fc","0","No","No","urn:li:activity:7368508498621431810","e90df4cb38cd85221a5c45578e71d0596c026093902dcdcffa6032132eb4e11b"
"Vasundhara","Shanker","Vasundhara Shanker","https://www.linkedin.com/in/vasundhara-shanker-71b31957","Top 100 lawyers, Forbes Legal Powerlist 2022 | Managing Partner, Verum Legal | Founder, CodeGavel | Legal advisor to companies | Legal tech Evangelist | Web3, AI & Law | Realigning laws with technology | Angel Investor","comment","I’m in!!","2025-09-03T03:50:53.357Z","Yes","urn:li:comment:(activity:7368508498621431810,7368852964297437185)","8d537f9fb7dee719d1ac558e8d98a35f6786dedf1efdaf62569281d47469bda5","0","No","No","urn:li:activity:7368508498621431810","e90df4cb38cd85221a5c45578e71d0596c026093902dcdcffa6032132eb4e11b"
"Dr.","Gitika Verma","Dr. Gitika Verma","https://www.linkedin.com/in/dr-gitika-verma-71878486","Masters in Dental Surgery | MA Women and Gender Studies | Content Writer | Marathon Runner","comment","Run marathons and lift weights!","2025-09-03T03:43:41.842Z","No","urn:li:comment:(activity:7368508498621431810,7368851154396446720)","e2b6a4206e843a8d4d25671d1cf8f69887cd6d9f6b79ea84ba1971c8f03f9b59","0","No","No","urn:li:activity:7368508498621431810","e90df4cb38cd85221a5c45578e71d0596c026093902dcdcffa6032132eb4e11b"
"Naveen","Indala","Naveen Indala","https://www.linkedin.com/in/indala","Next Level Engineers | Accountability Coaching For Upskilling & Ambitious Goals","comment","Dilip Kumar will easily hit this goal.

Three reasons why?

1. He has a strong why. A very, very strong WHY. Anyone following his posts will know this. Dilip is passionate about fitness, passionate about helping founders, passionate about India's growth. His work is like waking up into his IKIGAI every single day. This is a great fuel to overcome any and many big obstacles along the way. 

2. He is around the right people. In fact one of THE BEST people in India for this particular field i.e Rainmatter by Zerodha (backed by Nithin Kamath)

3. If you observe the post, it aligns quite well with the effective SMART Goal setting framework i.e Specific, Measurable, Attainable, Relatable, Time Bound. 

SPECIFIC: Create a community of founders in India, who lift weights & runs a few days a week.

MEASURABLE: 100 founders

ATTAINABLE: Definitely attainable because he already the ball rolling. He is doing meet ups across cities which are getting filled like crazy. He already did a amazing meet up in Bangalore. He has 90K followers on LinkedIn and writes regularly.  

RELTABLE: Obvious as stated and look at this bio (Entrepreneur | Rainmatter | Endurance athlete)

TIME BOUND: He wants to do this end of 2025. Clear timeline.

ATB Dilip","2025-09-03T03:40:21.391Z","Yes","urn:li:comment:(activity:7368508498621431810,7368850313639809025)","890a689b9664ec101051e199be0a987b54fb62e71f502f12ead6e1597a09814e","0","No","No","urn:li:activity:7368508498621431810","e90df4cb38cd85221a5c45578e71d0596c026093902dcdcffa6032132eb4e11b"
"Shekhar","Kumar Jain","Shekhar Kumar Jain","https://www.linkedin.com/in/shekharkrjain","Founder at BankKeeping | 25+ yrs Investment Banking & EduTech, FinTech Leadership | Author • Actor • Investor","comment","Will love to join. Even with a broken miniscus","2025-09-03T03:02:13.144Z","No","urn:li:comment:(activity:7368508498621431810,7368840716040486912)","adc424dcffac22397b767f1eee6295ba2301a5850fe9982413812018a81c9a8a","1","No","Yes","urn:li:activity:7368508498621431810","e90df4cb38cd85221a5c45578e71d0596c026093902dcdcffa6032132eb4e11b"