First Name,Last Name,Full Name,Profile URL,Headline,Type,Comment,Timestamp,Is Edited,Comment URN,Comment Hash,Replies Count,Is Post Author,Has Reply From Post Author,Post URN,Post Hash
"Erinda","Shah","Erinda Shah","https://www.linkedin.com/in/erindashah","Founder & Managing Director- Mental Health First Aid India| Mental Health Education | Corporate Wellbeing","comment","Chennai. Interested to discuss on what more can be done for the community with focus mental health. Dilip Kumar  thank you!","2025-07-28T14:53:03.406Z","No","urn:li:comment:(ugcPost:7347494832988135426,7355611253173620737)","71e285867370ac2d348239b4fccad1b35ac36e4c4226a4eeae42bb9a33848f72","0","No","No","urn:li:ugcPost:7347494832988135426","85c0d66faefc7ab542cbe72138efe18c0ae5057aa7723ca3892a997af8d42342"
"Anushka","Srivastava","Anushka Srivastava","https://www.linkedin.com/in/anushka-6","Founder at Go EcoRise","comment","Delhi! 

Where brains have more tabs open than Chrome😆","2025-07-23T10:21:49.668Z","No","urn:li:comment:(ugcPost:7347494832988135426,7353731056841232385)","9074ade8e0473846191eaa5239febd9f6a76544ab763a3391c823f1d2822cc5a","0","No","No","urn:li:ugcPost:7347494832988135426","85c0d66faefc7ab542cbe72138efe18c0ae5057aa7723ca3892a997af8d42342"
"Sandeep","Kumar Raghupathy","Sandeep Kumar Raghupathy","https://www.linkedin.com/in/sandeep-kumar-raghupathy-18a63315","Founder & CEO | Transforming Spaces, Transforming Lives | Manufacturer | Modular Kitchens • Furniture • uPVC Windows & Doors • System Aluminium | MSME Karnataka","comment","This is such an amazing initiative Dilip Kumar 

Would love to join next time when it happens in Bangalore","2025-07-22T15:30:39.091Z","No","urn:li:comment:(ugcPost:7347494832988135426,7353446387012767745)","1937d5a11477bb459d36a0fff5add7d9b82d82cb16fa5825ade215128fe31ffc","0","No","No","urn:li:ugcPost:7347494832988135426","85c0d66faefc7ab542cbe72138efe18c0ae5057aa7723ca3892a997af8d42342"
"Sabina","Khan","Sabina Khan","https://www.linkedin.com/in/sabina-khan-101b041b","Building Lissun I People and Culture Architect I HR Strategy & Operations I Scaling Teams & Processes","comment","Can’t it be held for aspiring founders too at Gurgaon","2025-07-22T11:38:23.327Z","No","urn:li:comment:(ugcPost:7347494832988135426,7353387936182095872)","796a236fc1a7e4fece32b6192faef349d1fe836d19b29e89af39a5d6397317fd","0","No","No","urn:li:ugcPost:7347494832988135426","85c0d66faefc7ab542cbe72138efe18c0ae5057aa7723ca3892a997af8d42342"
"Ankur","Vaid","Ankur Vaid","https://www.linkedin.com/in/vaidankur","Learn..Unlearn..Re-Learn and Repeat.. 2x Founder | Growth | Angel Investor | Venture Capital Enthusiast","comment","Mumbai please. Happy to support this much needed initiative in any capacity.","2025-07-22T02:44:21.706Z","No","urn:li:comment:(ugcPost:7347494832988135426,7353253543878844416)","349e1d3c2488e3c10df62ef1a1e271952ba22a355f9e6d29f3ff27f668991a88","0","No","No","urn:li:ugcPost:7347494832988135426","85c0d66faefc7ab542cbe72138efe18c0ae5057aa7723ca3892a997af8d42342"
"Sachin","Jain","Sachin Jain","https://www.linkedin.com/in/sachin-jain-60441026","Founder & CEO, BigFig.AI","comment","Missed this one. I am based in BLR. Please share the invite for upcoming events.","2025-07-20T08:16:44.193Z","No","urn:li:comment:(ugcPost:7347494832988135426,7352612413000601601)","b602520911e524171a106f0c55b99cf8530c34e57a38a3723728cd2220821c38","0","No","No","urn:li:ugcPost:7347494832988135426","85c0d66faefc7ab542cbe72138efe18c0ae5057aa7723ca3892a997af8d42342"
"Mahesh","Reddy S","Mahesh Reddy S","https://www.linkedin.com/in/mahesh-reddy-s-273347338","Manager Business Development (Sales & Marketing, TIC) @ URS Certification Limited. |Ex- BDE @ Modicare India.","comment","Nithin Kamath Anna and Nikhil Kamath  Anna,

I kindly request you to consider encouraging pitches in Kannada as well. Countries like China and Japan use their native languages—Chinese and Japanese—for business and idea pitching. That’s one of the reasons they are leading in technology and innovation.

Similarly, we are Kannada medium students, and we also have strong ideas. However, we often face language barriers due to English, which sometimes limits our ability to express our potential fully.

The purpose of this comment is to convey that even if the language is different, what truly matters is the strength of the idea and the product. If given an opportunity, we too can turn our ideas into paying customers.

You are doing a great job, and I sincerely respect your work. At the same time, I humbly request you to consider giving importance to Kannada pitches as well.

Thank you.","2025-07-16T06:36:39.830Z","Yes","urn:li:comment:(ugcPost:7347494832988135426,7351137677418606592)","3b299c162bec4c1b6826a22e7939b2a002cd4449b2850d283d9c8a7daca83f01","0","No","No","urn:li:ugcPost:7347494832988135426","85c0d66faefc7ab542cbe72138efe18c0ae5057aa7723ca3892a997af8d42342"
"Pooja","Wath","Pooja Wath","https://www.linkedin.com/in/poojawath96","AI/Data Scientist | Aspiring Entrepreneur | All things DeepTech, ConsumerTech, Marketing 🦄","comment","Pooja here, building V4L AI. Please come to Hyderabad next time! :)","2025-07-13T06:37:28.796Z","No","urn:li:comment:(ugcPost:7347494832988135426,7350050719200141312)","e36a8f7e9a0c0a494eeb6fdc36665137191c685d0c569fb98981d213095059e3","0","No","No","urn:li:ugcPost:7347494832988135426","85c0d66faefc7ab542cbe72138efe18c0ae5057aa7723ca3892a997af8d42342"
"Vinod","Prabhu","Vinod Prabhu","https://www.linkedin.com/in/vinodprabhu","Managing Director @ Seventh Sense Talent Solutions | MBA from IIM Bangalore","comment","Bangalore","2025-07-11T23:21:06.596Z","No","urn:li:comment:(ugcPost:7347494832988135426,7349578515228282880)","21e03bc846bb8e26e0e077c6b1163ce630f0d3d9e14268642c4ade659ce053d4","0","No","No","urn:li:ugcPost:7347494832988135426","85c0d66faefc7ab542cbe72138efe18c0ae5057aa7723ca3892a997af8d42342"
"Tejas","Jhaveri","Tejas Jhaveri","https://www.linkedin.com/in/tejasjhaveri","Founder @ Myntmore | AI-Led B2B Lead Generation Expert | Building AI Agents | Ex-Flintstop (Acquired) | Angel Investor | TEDx Speaker","comment","This is the kind of founder support the ecosystem truly needs, quietly powerful, deeply human!","2025-07-11T11:21:51.057Z","No","urn:li:comment:(ugcPost:7347494832988135426,7349397507774296066)","b8b3bc748f4498e35aece7d016d4b39f13bdb4b6e5eb4faa9f53c574654bf011","0","No","No","urn:li:ugcPost:7347494832988135426","85c0d66faefc7ab542cbe72138efe18c0ae5057aa7723ca3892a997af8d42342"
"Aditya","Dave","Aditya Dave","https://www.linkedin.com/in/adityaddave","Founder @ Cibos | Powering India’s street economy & vendors through Hardware, Energy and Digital Stack.","comment","Ahmedabad","2025-07-11T09:50:22.298Z","No","urn:li:comment:(ugcPost:7347494832988135426,7349374486254649346)","bd76bacb78ec9eab3853c339f45dd1de49c228c03b858f9bbd3b852c512f78c6","0","No","No","urn:li:ugcPost:7347494832988135426","85c0d66faefc7ab542cbe72138efe18c0ae5057aa7723ca3892a997af8d42342"
"Gunduspa®","(aka Santosh Kumar)","Gunduspa® (aka Santosh Kumar)","https://www.linkedin.com/in/gunduspa","CEO at FOA Market Research & Analysis | Helping businesses make smarter decisions through tailored, high-precision market research.","comment","This is a fantastic initiative. Focusing on founder mental, physical, and emotional health is truly a crucial, yet often overlooked, aspect of building sustainable businesses. It's an important message that the founder's well-being is the real moat of any business.","2025-07-11T09:29:12.052Z","No","urn:li:comment:(ugcPost:7347494832988135426,7349369158452617216)","315d031048ccf27389e0576f2f99e67e509bb0f76369a266a711d984580c797b","0","No","No","urn:li:ugcPost:7347494832988135426","85c0d66faefc7ab542cbe72138efe18c0ae5057aa7723ca3892a997af8d42342"
"Timmanshu","Chhaperia","Timmanshu Chhaperia","https://www.linkedin.com/in/timmanshu","Founder at SweetShield | Driven by a mission to transform how consumers choose products & brands to build credibility | PGDM- XLRI '24 | Ex-Sprinklr | Problem Solver | Lean Enthusiast |","comment","Founder health is the real moat-love this powerful shift!","2025-07-10T16:55:04.415Z","No","urn:li:comment:(ugcPost:7347494832988135426,7349118978130141186)","7a29ca5751b888e355cf1dc397d5d3cb235b91d4c6acf97b028365d9564f12cb","0","No","No","urn:li:ugcPost:7347494832988135426","85c0d66faefc7ab542cbe72138efe18c0ae5057aa7723ca3892a997af8d42342"
"Manas","Parmar","Manas Parmar","https://www.linkedin.com/in/manas-parmar-2b9608255","Local Hub Ambassador Bangalore @ beVisioneers | BeVisioneers: Mercedes-Benz Fellow | Savvy Fellow | Emerging Technologist @ Millennium Fellowship 2023-24 |Student at Christ University, Bangalore","comment","Bangalore","2025-07-10T15:59:44.291Z","No","urn:li:comment:(ugcPost:7347494832988135426,7349105052524924929)","3dfc44292780874c34d76525574123619761a74f0a4a766d2e61488b8bd2044c","0","No","No","urn:li:ugcPost:7347494832988135426","85c0d66faefc7ab542cbe72138efe18c0ae5057aa7723ca3892a997af8d42342"
"Amit","Mishra","Amit Mishra","https://www.linkedin.com/in/amit6060","Business Intelligence Expert | Founder of Dazeinfo | Seed Investor | AI Innovation Pioneer | Transforming Data into 10X Business Growth for Startups & Investors | Speaker | Market Insights. Scalable Wins","comment","Cheering you on, Dilip its looks like you enjoyed so much ","2025-07-10T04:50:03.508Z","No","urn:li:comment:(ugcPost:7347494832988135426,7348936522106032128)","ba36629d537ce66c8c1ee7ad198af6e5d35c8b62ab3c2191a219f86afd8b8020","0","No","No","urn:li:ugcPost:7347494832988135426","85c0d66faefc7ab542cbe72138efe18c0ae5057aa7723ca3892a997af8d42342"
"Prasad","Tataaverrty","Prasad Tataaverrty","https://www.linkedin.com/in/prasadtataverty","CEO & Founder - DataAIJobs.com | AnalyticsHiring.com | RenascenceTalent.com | MyDataDegree.com | DataProfessionalsNetwork.com | Building Global & Data/AI Leadership Teams in India & UAE","comment","Dilip Kumar Come to Hyderabad.","2025-07-10T02:48:55.876Z","No","urn:li:comment:(ugcPost:7347494832988135426,7348906039448150017)","74ed9f408d471e8a37e1948f82cb51662cae6a470ab2e1f9adfb69330223b868","2","No","No","urn:li:ugcPost:7347494832988135426","85c0d66faefc7ab542cbe72138efe18c0ae5057aa7723ca3892a997af8d42342"
"HEMANSHU","BAHETY CA , CPA(US)","HEMANSHU BAHETY CA , CPA(US)","https://www.linkedin.com/in/hemanshu-bahety-ca-cpa-us-b0349967","Founder at Axe My Tax | NRI Tax Solutions, Audits","comment","Finally, a space where founders don’t have to perform—just show up as themselves. Love how this puts wellbeing ahead of vanity metrics. More of this, please.","2025-07-09T05:53:19.141Z","No","urn:li:comment:(ugcPost:7347494832988135426,7348590054279180289)","22f6ecab8d99e74b3def5b27dbd0ba64b23be36fe6aa896f03988ed43f4eeb86","0","No","No","urn:li:ugcPost:7347494832988135426","85c0d66faefc7ab542cbe72138efe18c0ae5057aa7723ca3892a997af8d42342"
"Anish","Tripathi","Anish Tripathi","https://www.linkedin.com/in/anish-tripathi-07ba04","Managing Director, Epigeneres Biotech Private Limited","comment","Hi Dilip Kumar would love to be part of it if you do something in Mumbai. We would love to partner with you guys also and maybe do a session on cancer awareness. Cheers. ","2025-07-09T04:34:35.550Z","No","urn:li:comment:(ugcPost:7347494832988135426,7348570242098327552)","fb9eb0ae2e185a0033b9229443609eeae2997d7ecf217b572208a1379582d4cb","1","No","Yes","urn:li:ugcPost:7347494832988135426","85c0d66faefc7ab542cbe72138efe18c0ae5057aa7723ca3892a997af8d42342"
"Manish","Kumar Bansal","Manish Kumar Bansal","https://www.linkedin.com/in/manish-kumar-bansal","Growth, Product & Marketing || Consumer Tech, Fin Tech & AI SaaS || Ex-Zomato || Ex-Wheelseye || IIM'14 || DCE'10","comment","Bangalore","2025-07-09T02:09:13.523Z","No","urn:li:comment:(ugcPost:7347494832988135426,7348533659269820416)","d5342bbef268f895614d9313e7f277c247796ef0ffd5a392ef369683ca5e9598","1","No","Yes","urn:li:ugcPost:7347494832988135426","85c0d66faefc7ab542cbe72138efe18c0ae5057aa7723ca3892a997af8d42342"
"Srinivas","Maddipati","Srinivas Maddipati","https://www.linkedin.com/in/srinivasmaddipati","IPR Attorney | Helping Founders & Businesses Protect Their Ideas | 17K+ Trademarks | Trusted by 5,000+ Businesses | 25K+ Patent Illustrations | MD, Eeva Patent Services","comment","Congratulations, Dilip! It’s inspiring to see such a proactive approach toward founder well-being.  Excited to see it grow! Chennapa Naidu Darapaneni ","2025-07-09T01:18:47.098Z","No","urn:li:comment:(ugcPost:7347494832988135426,7348520965519134722)","50d474f82e8e34aa34105444c08e21b9ee9540ae9a5835c72bf143891dab72e9","0","No","No","urn:li:ugcPost:7347494832988135426","85c0d66faefc7ab542cbe72138efe18c0ae5057aa7723ca3892a997af8d42342"
"Anitha","Sadanand","Anitha Sadanand","https://www.linkedin.com/in/anitha-sadanand","Founder | Mommy Mills Foods Private Limited | Mamma Mills | Social Entrepreneur | Farmer |","comment","Anitha Mysore","2025-07-08T17:29:57.625Z","No","urn:li:comment:(ugcPost:7347494832988135426,7348402981958033409)","0399f1e2803a7f42862d8c3fcad7ca67a2a0d6534a44ac9ef7312dcacefb1252","1","No","Yes","urn:li:ugcPost:7347494832988135426","85c0d66faefc7ab542cbe72138efe18c0ae5057aa7723ca3892a997af8d42342"
"Raman","Khurana","Raman Khurana","https://www.linkedin.com/in/ramankhurana","🚀 Co-Founder & CTO | Driving Digital Transformation | 🤖RPA & AI Innovation Leader ⚡ | ISB | Helping Enterprises Scale Smarter, Faster & Future-Ready 🚀","comment","This is great !!! Let's do it in Delhi NCR !!!","2025-07-08T05:18:58.843Z","No","urn:li:comment:(ugcPost:7347494832988135426,7348219024897425408)","42b83e5ac742ecea35c49848dfa41ba1c0203fe6ba2fa4399770a3fb43773dc1","1","No","Yes","urn:li:ugcPost:7347494832988135426","85c0d66faefc7ab542cbe72138efe18c0ae5057aa7723ca3892a997af8d42342"
"Mahak","Agrawal","Mahak Agrawal","https://www.linkedin.com/in/mahakagrawal2505","Translating climate science for implementation 🐝| Urban planner | Public policy & sustainability strategist | Global campaigns & research advisory | LinkedIn Top Green Voice | TEDx Fellow | United Nations Fellow","comment","Aizawl, Mizoram, Dilip Kumar.","2025-07-07T15:55:43.564Z","No","urn:li:comment:(ugcPost:7347494832988135426,7348016879245959168)","34639e11baf4e1d77a458179252b7b26862327a90ada5eb3aeea6b053d0e0103","1","No","Yes","urn:li:ugcPost:7347494832988135426","85c0d66faefc7ab542cbe72138efe18c0ae5057aa7723ca3892a997af8d42342"
"Marajul","Islam","Marajul Islam","https://www.linkedin.com/in/marajulislam","I build YouTube content funnels that help podcasts close an extra 3 to 5 high-ticket clients every month","comment","This is such an inspiring initiative! Supporting founders' well-being is crucial.","2025-07-07T14:41:22.881Z","No","urn:li:comment:(ugcPost:7347494832988135426,7347998169785384960)","6409d795ecfcc32bed81f6a74a77397d2dbb7a3a7613058830af2f8ea1607a98","0","No","No","urn:li:ugcPost:7347494832988135426","85c0d66faefc7ab542cbe72138efe18c0ae5057aa7723ca3892a997af8d42342"
"Raj","Shekhar Murahari","Raj Shekhar Murahari","https://www.linkedin.com/in/raj-shekhar-murahari-78423912","Founder - Mumbai Soccer Sports Club, CEO at Lemon Break Sports,Asian Football Confederations Certified “A” diploma Coach, Former Senior Team Assistant Coach at Real Kashmir Football Club. Santosh Trophy Coach","comment","If you are looking for a session of football in Mumbai as part of your program I can help and conduct","2025-07-07T13:09:10.598Z","No","urn:li:comment:(ugcPost:7347494832988135426,7347974965704417280)","3cb802b5e352345176b8db8f4aa69e7904c8c69a317edf8feeb6dbbbb61e20d6","0","No","No","urn:li:ugcPost:7347494832988135426","85c0d66faefc7ab542cbe72138efe18c0ae5057aa7723ca3892a997af8d42342"
"Mamata","Revankar Chodankar","Mamata Revankar Chodankar","https://www.linkedin.com/in/mamata-revankar-chodankar-8a0202120","Co-Founder at Stellar Physiotherapy and Performance, Former Sports Physiotherapist at Prakash Padukone Badminton Academy - India","comment","Aamchi Mumbai next please!Kudos on the initiative Dilip Kumar","2025-07-07T13:00:14.862Z","No","urn:li:comment:(ugcPost:7347494832988135426,7347972718669062144)","b13d0e372762d7034d5dd9babcb61f8df8378898aa58079b228d28485fb3b498","1","No","Yes","urn:li:ugcPost:7347494832988135426","85c0d66faefc7ab542cbe72138efe18c0ae5057aa7723ca3892a997af8d42342"
"Shreyans","Jain","Shreyans Jain","https://www.linkedin.com/in/shreyans-jain-9b39a888","Co-founder at Under 25","comment","✊🏼🔥","2025-07-07T12:45:11.603Z","No","urn:li:comment:(ugcPost:7347494832988135426,7347968930121994241)","19381a7522f5187606187ab54fc7dc1e561c8d9e72f57cdfadc78d5dff9cc4f7","1","No","Yes","urn:li:ugcPost:7347494832988135426","85c0d66faefc7ab542cbe72138efe18c0ae5057aa7723ca3892a997af8d42342"
"Tanush","Prem","Tanush Prem","https://www.linkedin.com/in/tanush-prem-18a78983","Founder & CEO at Mushloop an IISC Bangalore incubated startup | BeVisioneers: Mercedes-Benz Fellow | Stanford Seed Spark Fellow | Nidhi EIR & Nidhi Prayaas Grantee | Mentor | Speaker of Sustainable Solutions.","comment","I wanna join too in Bangalore next time","2025-07-07T12:39:11.439Z","No","urn:li:comment:(ugcPost:7347494832988135426,7347967419488882689)","dfeb71a839d9eaaa43d516ec6004ef93f72a886df7d03f6744071873b456fde0","1","No","Yes","urn:li:ugcPost:7347494832988135426","85c0d66faefc7ab542cbe72138efe18c0ae5057aa7723ca3892a997af8d42342"
"Chintan","Chheda","Chintan Chheda","https://www.linkedin.com/in/chintan-chheda","Helping Professionals & Families Build Wealth with Purpose | Clarity, Legacy & Peace of Mind You Can Count On | Bespoke MF, Startup, Unlisted, PMS & AIF Solutions | Connect for Exclusive Deals","comment","This isn’t just a founder retreat—it’s a movement.
 Mental, physical, emotional capital > venture capital.","2025-07-07T12:37:20.536Z","No","urn:li:comment:(ugcPost:7347494832988135426,7347966954323722241)","2d289dac67b400b53dac6c5954ac8120d2726494d2d57f479941158e72a5b08e","0","No","No","urn:li:ugcPost:7347494832988135426","85c0d66faefc7ab542cbe72138efe18c0ae5057aa7723ca3892a997af8d42342"
"DhanaSekar","Balakrishnan","DhanaSekar Balakrishnan","https://www.linkedin.com/in/dhanasb","Airport & Ground Transfers via Ulacab.com & FleetCRM.io SaaS platform for Passenger Transport companies","comment","How about Singapore 🇸🇬, any plans to venture out of India to help overseas desi founders. We are too stressed out here 😂","2025-07-07T12:04:11.839Z","Yes","urn:li:comment:(ugcPost:7347494832988135426,7347958613123993600)","f43c2a409c8d9a5124483669a104f18b20f8a2a840cb0356f869fae98e73681f","1","No","Yes","urn:li:ugcPost:7347494832988135426","85c0d66faefc7ab542cbe72138efe18c0ae5057aa7723ca3892a997af8d42342"
"COPRENEURS","","COPRENEURS","","463 followers","comment","WE ARE ON THE MOVE! 🚀 ","2025-07-07T11:48:09.440Z","No","urn:li:comment:(ugcPost:7347494832988135426,7347954576529965056)","74107aa22e46f860e7840b5493fbd6fae7af1b334f9495f61ba0abef185673d3","0","No","No","urn:li:ugcPost:7347494832988135426","85c0d66faefc7ab542cbe72138efe18c0ae5057aa7723ca3892a997af8d42342"
"Richa","Kapila","Richa Kapila","https://www.linkedin.com/in/richa-kapila-dchica","Co-founder & Creative Director at D’chica | On a mission to capture India’s 55% of unbranded women’s inner-wear market | Featured on Shark Tank India | Empowering women, one product at a time.","comment","This is the kind of movement we need. Founder wellbeing isn’t a luxury—it’s survival. Huge respect for this initiative!","2025-07-07T11:46:48.004Z","No","urn:li:comment:(ugcPost:7347494832988135426,7347954234962694149)","2d9eee4cd50de7fd2538dcebee66b8a74aa603ddf69d478991c27e2cdfb6620c","0","No","No","urn:li:ugcPost:7347494832988135426","85c0d66faefc7ab542cbe72138efe18c0ae5057aa7723ca3892a997af8d42342"
"Mohammed","Ahmedullah","Mohammed Ahmedullah","https://www.linkedin.com/in/mohammed-ahmedullah","Environmentalist & Sustainable Warrior","comment","This is long overdue—and much needed. Everyone’s chasing PMF, but no one’s asking if the founder’s okay. Glad to see someone backing the idea that the person behind the startup is just as important as the product. Count me in when you bring it to Hyderabad.","2025-07-07T11:16:49.778Z","No","urn:li:comment:(ugcPost:7347494832988135426,7347946692656185345)","07d1d65676a417c182804824222c890662d3b19f5f7a8b20822510393fd26b8d","1","No","Yes","urn:li:ugcPost:7347494832988135426","85c0d66faefc7ab542cbe72138efe18c0ae5057aa7723ca3892a997af8d42342"
"Sakshi","Jain","Sakshi Jain","https://www.linkedin.com/in/sakshi-jain-psychologist","Psychologist | 7+ yrs in private practice | Supporting young & midlife adults | Making therapy more accessible & relatable at Sirayahealth","comment","Mumbai!","2025-07-07T09:25:55.945Z","No","urn:li:comment:(ugcPost:7347494832988135426,7347918784457773059)","e35327609808d8111304260d6abe91892d927bf6029c57115af9aa86f53bf3fd","1","No","Yes","urn:li:ugcPost:7347494832988135426","85c0d66faefc7ab542cbe72138efe18c0ae5057aa7723ca3892a997af8d42342"
"Pradeep","Reddy","Pradeep Reddy","https://www.linkedin.com/in/capradeepreddy","GST and Customs Solutions Designed To Empower Your Business","comment","It's inspiring to see such a strong focus on founder well-being, Dilip. Taking care of ourselves is so important for our journey ahead. I'm excited to see how this initiative grows and touches more lives.","2025-07-07T08:58:03.926Z","No","urn:li:comment:(ugcPost:7347494832988135426,7347911771501809667)","4bcf7f4cffc1df01508c752e80a8e512bd471e8db973855883de0cee58e30124","0","No","No","urn:li:ugcPost:7347494832988135426","85c0d66faefc7ab542cbe72138efe18c0ae5057aa7723ca3892a997af8d42342"
"Shwetabh","S Verma","Shwetabh S Verma","https://www.linkedin.com/in/shwetabhsvermaofficial","Builder! Facilitator! Coach! Mentor!","comment","Good one.. Looking forward to join soon.. ","2025-07-07T08:45:19.752Z","No","urn:li:comment:(ugcPost:7347494832988135426,7347908566323777537)","45b3364cf013b32b9073ed879a7e988597a28b5d60810652cec752cd9ca02321","2","No","No","urn:li:ugcPost:7347494832988135426","85c0d66faefc7ab542cbe72138efe18c0ae5057aa7723ca3892a997af8d42342"
"Harish","Thakur","Harish Thakur","https://www.linkedin.com/in/harishrthakur","Artist | Building TIKDI","comment","Pune","2025-07-07T08:22:41.052Z","No","urn:li:comment:(ugcPost:7347494832988135426,7347902867522891778)","343daa60ab67be2133f607e791c34354d00b075084ac8e615eb9aa3d5266c2b8","1","No","Yes","urn:li:ugcPost:7347494832988135426","85c0d66faefc7ab542cbe72138efe18c0ae5057aa7723ca3892a997af8d42342"
"Dinesh","Rochiramani","Dinesh Rochiramani","https://www.linkedin.com/in/dineshrochiramani","Passionate about identifying gaps and solving for problems - into sales & strategy","comment","Santhana Selvan anna please invite the founders to Hyderabad and we can host them at India's first solar powered Cycling track with the facility to get a bicycle there. Chennapa Naidu Darapaneni sir please invite the founders to Hyderabad and it would be a great opportunity to get a chance to workout with the best people building our nation in my opinion","2025-07-07T07:14:23.108Z","No","urn:li:comment:(ugcPost:7347494832988135426,7347885679504257025)","38c2bc149fc4dba0ec70df911f0f5318026aa9226e25238a2f30a9e21d295db1","3","No","No","urn:li:ugcPost:7347494832988135426","85c0d66faefc7ab542cbe72138efe18c0ae5057aa7723ca3892a997af8d42342"
"Vinay","Bhasker","Vinay Bhasker","https://www.linkedin.com/in/vinaybhasker","Salestense","comment","Hyderabad","2025-07-07T06:25:19.791Z","No","urn:li:comment:(ugcPost:7347494832988135426,7347873334333775875)","8c10564b406e958c9379c321c04dc1332b796a504e1219d9b60586da1798e354","2","No","No","urn:li:ugcPost:7347494832988135426","85c0d66faefc7ab542cbe72138efe18c0ae5057aa7723ca3892a997af8d42342"
"Yash","Gawde","Yash Gawde","https://www.linkedin.com/in/yashgawde","Building Behooked: AI Agent that creates social media ready videos in minutes","comment","Mumbai When?","2025-07-07T05:16:55.061Z","No","urn:li:comment:(ugcPost:7347494832988135426,7347856117852528640)","814d33520a6a7f5a7dc04646493740c305f2b6034de5eb12afa7194cb1565f99","1","No","Yes","urn:li:ugcPost:7347494832988135426","85c0d66faefc7ab542cbe72138efe18c0ae5057aa7723ca3892a997af8d42342"
"Meenakshi","Beri","Meenakshi Beri","https://www.linkedin.com/in/meenakshi-beri-a3773675","Helping Corporates & Brands Create Unforgettable Experiences || Founder, Meetings & Events By Eunoia || Ex - Tamarind Global || Ex - Shangri-La New Delhi || Ex - Eros Hotel New Delhi","comment","Dilip Kumar This is such a meaningful initiative. It’s refreshing to see focus shifting to what truly sustains a startup — the well-being of its founders. Love the no-pitch-decks, no-filters approach. Founders Peak feels like something the ecosystem genuinely needs. Looking forward to seeing where this goes next!","2025-07-07T04:46:04.752Z","No","urn:li:comment:(ugcPost:7347494832988135426,7347848357094072320)","e4f5809fad750043458c0812616e49d9c7938c21900ba9ebead292fcc60181d7","0","No","No","urn:li:ugcPost:7347494832988135426","85c0d66faefc7ab542cbe72138efe18c0ae5057aa7723ca3892a997af8d42342"
"Saloni","Sethia","Saloni Sethia","https://www.linkedin.com/in/salonisethia","AV & Pool Consultant helping Hotels, Architects & Institutions deliver world-class infrastructure through design-led, end-to-end solutions | MD @ VIE TEC | UN Women Consultant | Podcast Host","comment","It's inspiring to see a community come together to prioritize the well-being of founders. Your focus on mental and physical health as integral to success is a game changer for us all.","2025-07-07T04:30:39.563Z","No","urn:li:comment:(ugcPost:7347494832988135426,7347844476570165248)","5b1de814c0807a1b7a1312ce9d0787f0f37801b1036fc901fe1168b1ba88d622","1","No","Yes","urn:li:ugcPost:7347494832988135426","85c0d66faefc7ab542cbe72138efe18c0ae5057aa7723ca3892a997af8d42342"
"Vijayashree","Venkat","Vijayashree Venkat","https://www.linkedin.com/in/vijayashreevenkat","Founder, HumanAlpha | Strategic HR Advisor for Scaling CEOs | Fractional CHRO | Building People-First, High-Performance Organisations","comment","This is the kind of movement the ecosystem actually needs. 

Founders pouring into themselves will build businesses that last, this is the real compounding. Dilip Kumar","2025-07-07T04:11:30.900Z","No","urn:li:comment:(ugcPost:7347494832988135426,7347839658724073474)","d0061a80061b25e1afb30d6fad83fe1e635895848fcb993f2f625131a70b6f4f","0","No","No","urn:li:ugcPost:7347494832988135426","85c0d66faefc7ab542cbe72138efe18c0ae5057aa7723ca3892a997af8d42342"
"Anooshka","Soham Bathwal","Anooshka Soham Bathwal","https://www.linkedin.com/in/anooshkasohambathwal","Founder & CEO @Dhanvesttor | On a mission to make women finance-confident with Dhanvesttor","comment","This is such a needed initiative. Founders often forget to invest in themselves while building everything else. ","2025-07-07T04:07:41.193Z","No","urn:li:comment:(ugcPost:7347494832988135426,7347838695267344384)","f60123e126694879839cc8f0f2decb185a82b6a1d476002d1e3a5d6ab7a3e3eb","0","No","No","urn:li:ugcPost:7347494832988135426","85c0d66faefc7ab542cbe72138efe18c0ae5057aa7723ca3892a997af8d42342"
"Abhishek","Ayyagari","Abhishek Ayyagari","https://www.linkedin.com/in/aayyagari","Co-Founder at Peach AI - AI Native Contact Center | Y-Combinator Alum - Founded yBANQ | PayU | PayPal","comment","Bangalore","2025-07-07T04:05:59.324Z","No","urn:li:comment:(ugcPost:7347494832988135426,7347838267993542658)","bd171c9dde2bbe657b092d130553d71967d1d8a9c6369dc527d31dfd899e4335","1","No","Yes","urn:li:ugcPost:7347494832988135426","85c0d66faefc7ab542cbe72138efe18c0ae5057aa7723ca3892a997af8d42342"
"Lokesh","Venkataswamy","Lokesh Venkataswamy","https://www.linkedin.com/in/lokeshvenkataswamy","CEO & Managing Director, Innomantra I Senior Fellow -The Conference Board I Member IET I Working Committee Member and Certified Lead Auditor ISO56000 I HBR Author I","comment","Heartiest Congratulations and Happy Innovating Dilip Kumar ji. 
Innomantra ","2025-07-07T04:00:42.126Z","No","urn:li:comment:(ugcPost:7347494832988135426,7347836937568665601)","5e0ae1c93e56dac62f981e2e3d746e824a3548dbe0eef69e09ce34d605176095","1","No","Yes","urn:li:ugcPost:7347494832988135426","85c0d66faefc7ab542cbe72138efe18c0ae5057aa7723ca3892a997af8d42342"
"Sanket","Sheth","Sanket Sheth","https://www.linkedin.com/in/sanket-sheth-3a766742","Founder & CEO @ Kreative Kode || Making Research Easy for Academicians","comment","Sanket Sheth","2025-07-07T03:38:20.717Z","No","urn:li:comment:(ugcPost:7347494832988135426,7347831311295795200)","c42d3a4fd48735717ab01eaea3581eb6028f65bbac1b8cf74db10ef13a015a42","2","No","No","urn:li:ugcPost:7347494832988135426","85c0d66faefc7ab542cbe72138efe18c0ae5057aa7723ca3892a997af8d42342"
"Himanshu","Singh","Himanshu Singh","https://www.linkedin.com/in/himanshusingh6061","Founder at Saathi Ventures Building Youth-Led, Purpose-Driven Startups | Innovation and Capacity Building Strategist","comment","Delhi!","2025-07-07T03:05:47.206Z","No","urn:li:comment:(ugcPost:7347494832988135426,7347823117672554499)","0af715c9646d36d077264b01f0a5967c1f01e0889bb6732d3bdac61ff77760e8","1","No","Yes","urn:li:ugcPost:7347494832988135426","85c0d66faefc7ab542cbe72138efe18c0ae5057aa7723ca3892a997af8d42342"
"iQue","Ventures","iQue Ventures","","1,375 followers","comment","This is such an important initiative. Prioritizing founder well-being is a game-changer.","2025-07-07T02:56:07.173Z","No","urn:li:comment:(ugcPost:7347494832988135426,7347820684842029057)","c78bed021d4fae45f1ae0d75c110513267fdf652fcc2e1cf8e23b9148fa66927","0","No","No","urn:li:ugcPost:7347494832988135426","85c0d66faefc7ab542cbe72138efe18c0ae5057aa7723ca3892a997af8d42342"
"Arun","Gupta","Arun Gupta","https://www.linkedin.com/in/arun-gupta-a0b5322","Co-Founder - Kulfi Shulfi","comment","Arun Gupta, Bangalore ","2025-07-07T02:33:43.624Z","No","urn:li:comment:(ugcPost:7347494832988135426,7347815049589047296)","071a255661092ef75c2ae3390c791aa95e82d7f1ff88f35d089d8abc341eb0c4","1","No","Yes","urn:li:ugcPost:7347494832988135426","85c0d66faefc7ab542cbe72138efe18c0ae5057aa7723ca3892a997af8d42342"
"Vinayak","Dhingra","Vinayak Dhingra","https://www.linkedin.com/in/vinayakdhingra","Co-Founder at The Mindful Co. | Revolutionizing Child Nutrition | Clean, Honest, and Healthy Food Solutions","comment","Jaipur :)","2025-07-07T02:25:29.074Z","No","urn:li:comment:(ugcPost:7347494832988135426,7347812975291834369)","027ac7559639ea009779b7275861a2d064a6a62fa77b48fe4120708c26ac4507","1","No","Yes","urn:li:ugcPost:7347494832988135426","85c0d66faefc7ab542cbe72138efe18c0ae5057aa7723ca3892a997af8d42342"
"Prabhat","Agrawal","Prabhat Agrawal","https://www.linkedin.com/in/prabhat-agrawal","Building @AdmitX | Helping students land admissions at global universities | ESCP, SSCBS","comment","When is the one in Delhi / NCR?","2025-07-07T02:05:13.531Z","No","urn:li:comment:(ugcPost:7347494832988135426,7347807876934979585)","2b8986161cf5521b7862f9e72a7d208724e81fec889e65f1cc68be3f7d9acadb","1","No","Yes","urn:li:ugcPost:7347494832988135426","85c0d66faefc7ab542cbe72138efe18c0ae5057aa7723ca3892a997af8d42342"
"Ravindra","M.K","Ravindra M.K","https://www.linkedin.com/in/mysoreravindra","BHIVE Workspace | Startups, Community, AI, Ironman Finisher, Growth+Retention, Product, Fintech","comment","Great initiative Dilip","2025-07-07T00:16:07.926Z","No","urn:li:comment:(ugcPost:7347494832988135426,7347780422682013697)","0376cab745bb850f7af6658f6462b8c4426bb952d54200931178cdbafd54680e","2","No","No","urn:li:ugcPost:7347494832988135426","85c0d66faefc7ab542cbe72138efe18c0ae5057aa7723ca3892a997af8d42342"
"Deepesh","Dhariwal","Deepesh Dhariwal","https://www.linkedin.com/in/deepesh-dhariwal","SP Jain Alumni | CA | Entreprenuer | Co-founder & Director @ Dirghah Capital | Early Stage Investor | Enabling Startups to Scale | Fund Raising & Wealth Mangement | Strategy & Operations | Ex- CITI | Ex-DBS |","comment","Jodhpur.. Exploring the hidden potential.","2025-07-06T21:41:13.092Z","No","urn:li:comment:(ugcPost:7347494832988135426,7347741437322493952)","83172af1f13d1dcfe669f669a7d58c35c187d13f52f9ad12a1e7cac53dc3ed9a","1","No","Yes","urn:li:ugcPost:7347494832988135426","85c0d66faefc7ab542cbe72138efe18c0ae5057aa7723ca3892a997af8d42342"
"Anukriti","Saraogi","Anukriti Saraogi","https://www.linkedin.com/in/anukritisaraogi","Founder - Clay & Glaze | NIFT’20 | XLRI-IEV’25 | One wearing many hats!","comment","Really amazing….so many entrepreneurs, founders together the energy and the vibe surely would be insane.","2025-07-06T21:36:06.398Z","No","urn:li:comment:(ugcPost:7347494832988135426,7347740150950449152)","b568b8b09c2595077d3160d39a70e55d2103fab0f8e73cd0f35448f7ab9b29da","0","No","No","urn:li:ugcPost:7347494832988135426","85c0d66faefc7ab542cbe72138efe18c0ae5057aa7723ca3892a997af8d42342"
"Sandeep","Kumar Soni","Sandeep Kumar Soni","https://www.linkedin.com/in/sandeepkumarroda","Building @MingleBite (MealEngine Pvt. Ltd.) | 3X Founder Thriving | Director – EduEngine Technologies Pvt. Ltd. | Chief Editor – Citizen Watch Bharat | Charging A Movement of Change Through Upskilling Youths @WeBrainTech","comment","Count Me In for Next how we can connect & experience Warmth & valuable discussions.","2025-07-06T18:37:32.602Z","No","urn:li:comment:(ugcPost:7347494832988135426,7347695214037254147)","4197918c88a46f1d4e17288032d7b52e20ec6c4e504e3de583a8180f772ded96","1","No","Yes","urn:li:ugcPost:7347494832988135426","85c0d66faefc7ab542cbe72138efe18c0ae5057aa7723ca3892a997af8d42342"
"Anushka","Sharma","Anushka Sharma","https://www.linkedin.com/in/anushka--sharma","Building Quenzy | Consumer Brand Enthusiast","comment","Anushka! In banglore 

So excited for the next one","2025-07-06T18:20:25.700Z","No","urn:li:comment:(ugcPost:7347494832988135426,7347690906893926404)","123913e62b92db1abf0e0ed588cbbbe35a34f62cba6325a44091a317bfbbc6da","1","No","Yes","urn:li:ugcPost:7347494832988135426","85c0d66faefc7ab542cbe72138efe18c0ae5057aa7723ca3892a997af8d42342"
"Nikita","Agrawal","Nikita Agrawal","https://www.linkedin.com/in/nikitaagrawal18","Co Founder I Helping Companies Hire Qualified Talent Faster I Building Teams I GCC I AI/ML I DE&I Champion","comment","Love this focus! because when founders take care of themselves, their startups stand a much better chance at lasting success.","2025-07-06T18:07:11.472Z","No","urn:li:comment:(ugcPost:7347494832988135426,7347687575664345089)","69c98a8a62b7ee9da42c435f0e4e399b31bf05c1ea0ac079b3fe4aae2f15daae","0","No","No","urn:li:ugcPost:7347494832988135426","85c0d66faefc7ab542cbe72138efe18c0ae5057aa7723ca3892a997af8d42342"
"Darshana","Joshi, Ph.D.","Darshana Joshi, Ph.D.","https://www.linkedin.com/in/darshana-joshi1210","Physicist | Founder, VigyanShaala | Echoing Green Fellow | Cambridge University | GOI & UN’s Women Transforming India | Falling Walls Engage Advisory Board","comment","Pune !","2025-07-06T17:55:13.986Z","No","urn:li:comment:(ugcPost:7347494832988135426,7347684566309994496)","0ce1ad61889042c12d5315a6c9fa4a3f1fd7d963ba5e32fb895558dca2b8112b","1","No","Yes","urn:li:ugcPost:7347494832988135426","85c0d66faefc7ab542cbe72138efe18c0ae5057aa7723ca3892a997af8d42342"
"Chhavi","Chadha","Chhavi Chadha","https://www.linkedin.com/in/chhavic4","Helping startups in India & Dubai hire exceptional mid–senior talent | Sales & Account Management Specialist | Career Consultant","comment","Finally, a space that truly gets it, when founders take care of themselves, their startups stand stronger.","2025-07-06T17:36:19.269Z","No","urn:li:comment:(ugcPost:7347494832988135426,7347679806957719552)","6c85567b8982fdaea3322803ba7077bc7a56632dbdd6cd05add5c1b4b99f06f4","1","No","Yes","urn:li:ugcPost:7347494832988135426","85c0d66faefc7ab542cbe72138efe18c0ae5057aa7723ca3892a997af8d42342"
"Vishal","Yadav","Vishal Yadav","https://www.linkedin.com/in/vishalyadavfc","Founder & CEO at Female Cricket","comment","When is it happening in Mumbai. Count me in Dilip Kumar 😊","2025-07-06T17:35:33.966Z","No","urn:li:comment:(ugcPost:7347494832988135426,7347679616943153152)","ae1f0e65fcfbcce0964cd3bce5acb26ed01da6349d94f842530568f329e3a517","1","No","Yes","urn:li:ugcPost:7347494832988135426","85c0d66faefc7ab542cbe72138efe18c0ae5057aa7723ca3892a997af8d42342"
"Sourav","Kumar","Sourav Kumar","https://www.linkedin.com/in/sourav-kumar95","Co-Founder @ CupShup | India’s Leading AI + Integrated Marketing Agency | 400+ Brands Scaled | 10K+ Campaigns | 300M+ Impressions","comment","Gurgaon. :)","2025-07-06T17:25:32.492Z","No","urn:li:comment:(ugcPost:7347494832988135426,7347677094178406400)","e1613f0bccdd4be64ffb8cbccef633279e541030acdab51841c55a9d1b0cc581","2","No","No","urn:li:ugcPost:7347494832988135426","85c0d66faefc7ab542cbe72138efe18c0ae5057aa7723ca3892a997af8d42342"
"Vickeram","Gupta","Vickeram Gupta","https://www.linkedin.com/in/guptavikram","Helping Schools, Clubs & Institutions Build World-Class Sports Surfaces | Director - MSG Sports Infratek | Sports Flooring Consultant","comment","The phrase 'founder is the most valuable IP' really hits home. This initiative could literally save lives and businesses.","2025-07-06T17:22:38.994Z","No","urn:li:comment:(ugcPost:7347494832988135426,7347676366475038720)","866d40b9ee92df3d4ec67da85d05cc14c9e31057c39abf0dbcd6a6e9d62aa42a","2","No","No","urn:li:ugcPost:7347494832988135426","85c0d66faefc7ab542cbe72138efe18c0ae5057aa7723ca3892a997af8d42342"
"Kuldeep","Jain","Kuldeep Jain","https://www.linkedin.com/in/cakuldeepjain","Founder & CEO- Build Capital;RANK Group || Real Estate Finance || Alternative Investment || Structured Debt || Building Businesses |","comment","Dilip Kumar - welcome to mumbai ... See u soon","2025-07-06T17:11:36.841Z","No","urn:li:comment:(ugcPost:7347494832988135426,7347673589208231936)","67f03481913e11b3daf57fcd39909d23a8694b58f7794cc932d085bd2beb2e76","1","No","Yes","urn:li:ugcPost:7347494832988135426","85c0d66faefc7ab542cbe72138efe18c0ae5057aa7723ca3892a997af8d42342"
"Niloy","Sharma","Niloy Sharma","https://www.linkedin.com/in/niloysharma","$10M+ Ad Spend Managed | Helping Founders & CEOs Achieve 10x ROAS & Scale in 90 Days with My Proven Advertising Formula","comment","Founders’ health is the ultimate competitive edge","2025-07-06T17:04:37.247Z","No","urn:li:comment:(ugcPost:7347494832988135426,7347671829299326978)","6be7dfd19e8594cff259d30bc4b006cce2840ae6fa52504687d5693012f81da8","0","No","No","urn:li:ugcPost:7347494832988135426","85c0d66faefc7ab542cbe72138efe18c0ae5057aa7723ca3892a997af8d42342"
"Vinay","Jaiswal ♻️","Vinay Jaiswal ♻️","https://www.linkedin.com/in/vinayjaiswal","Building Circular Economy through Battery, Lead, Plastic Recycling | 3x Founder | Co-Founder @ Aurone Ventures | @ Sauroville | Angel Investor / Limited Partner | PedalStart | Faad Capital | SuperMorpheus","comment","Suman Dash","2025-07-06T16:29:55.084Z","No","urn:li:comment:(ugcPost:7347494832988135426,7347663096078876672)","75a32bd2a63614494bcf5c2255145f30c5621d5496e8deec5d102313f5c0dd22","0","No","No","urn:li:ugcPost:7347494832988135426","85c0d66faefc7ab542cbe72138efe18c0ae5057aa7723ca3892a997af8d42342"
"Shilpika","Agrawal","Shilpika Agrawal","https://www.linkedin.com/in/shilpika-agrawal-4553528","Building Apoe I Longevity I Entrepreneur I Ex- Actuary","comment","Hyderabad - I can help coordinate.","2025-07-06T16:19:21.141Z","Yes","urn:li:comment:(ugcPost:7347494832988135426,7347660437129220096)","50e20dcdb9e508aff3678be43806bf3666bebfc40ea29e562fa5572bf2cac58f","1","No","Yes","urn:li:ugcPost:7347494832988135426","85c0d66faefc7ab542cbe72138efe18c0ae5057aa7723ca3892a997af8d42342"
"Ashwini-K","Aggarwal, PhD, FIETE","Ashwini-K Aggarwal, PhD, FIETE","https://www.linkedin.com/in/xlashwini","Accomplished Government Affairs/Marketing Professional | Professor - Manav Rachna International | Chair Semiconductor Skills Committee, ESSCI | Career Coach | Consultant | Blogger - Runner - Memory Athlete","comment","Keeping it short: Founders investing in themselves! 
","2025-07-06T15:42:05.742Z","No","urn:li:comment:(ugcPost:7347494832988135426,7347651061182042113)","fe36a6f238fe09263b5b18ee0d628a10b346453f29f586d83ee448bd9b94cae0","0","No","No","urn:li:ugcPost:7347494832988135426","85c0d66faefc7ab542cbe72138efe18c0ae5057aa7723ca3892a997af8d42342"
"Shah","Fahad","Shah Fahad","https://www.linkedin.com/in/shah-fahad-64b41b16","Pioneer in DNA-based personalised nutrition in India. Introduced DNA-based nutrition and fitness protocol to Indian Cricket team (men/women) including Virat Kohli, Indian Golf Union, IPL teams & International athletes","comment","Delhi?","2025-07-06T15:16:46.145Z","No","urn:li:comment:(ugcPost:7347494832988135426,7347644687534497792)","9fcaaa337254b78403a4fbca7008c7fdb49d9899a35c30c8813aca1f00bd52eb","2","No","No","urn:li:ugcPost:7347494832988135426","85c0d66faefc7ab542cbe72138efe18c0ae5057aa7723ca3892a997af8d42342"
"Naresh","Sijapati","Naresh Sijapati","https://www.linkedin.com/in/nareshsijapati","Founder/CEO, Online Saathi Building Single Window 🪟 Solution for India's Informal workforce...#LearningByDoing","comment","Dilip bhai Ahmedabad Kar Lete hai... I cannot help anything but I can do my 100% participation and try to do bit sometimes!!","2025-07-06T14:40:15.073Z","No","urn:li:comment:(ugcPost:7347494832988135426,7347635497512464384)","007a6a79b37beb2614508fefecb4182ae502930da7fd1bf44860fd118cdcc257","1","No","Yes","urn:li:ugcPost:7347494832988135426","85c0d66faefc7ab542cbe72138efe18c0ae5057aa7723ca3892a997af8d42342"
"Amar","Haksar","Amar Haksar","https://www.linkedin.com/in/amarhaksar","Master Mindset & Performance Coach/Motivational Speaker/Fitness+Life+Executive Coach/Endurance Enthusiast. 1st Indian to cycle 5,700kms sole/unsupported across USA & 1,500+ consecutive day triathlon activity streak.","comment","Great spark Dilip Kumar that, hopefully, leads to a sustainable movement…consistency is the key which is the hard part once the “novelty” wears off. 

That’s where MINDSET becomes invaluable.","2025-07-06T14:18:11.846Z","No","urn:li:comment:(ugcPost:7347494832988135426,7347629947496075265)","30c2b5bbf4d5497197dbbd35e050a0a645376c9710f15e209edc02183c6f46db","0","No","No","urn:li:ugcPost:7347494832988135426","85c0d66faefc7ab542cbe72138efe18c0ae5057aa7723ca3892a997af8d42342"
"Entr.","Raghav Rao","Entr. Raghav Rao","https://www.linkedin.com/in/raghav-cio","Cross Border Mergers, Business Exits, Business For Sale, MergersEarly Stage Investor, LP, Series A, Series B, Fund Raising - Debt and Equity, Mergers & Acquisitions, Private Equity, VC Funding, MSME Funding, Mentor","comment","Impressive work Dilip Kumar","2025-07-06T14:01:43.661Z","No","urn:li:comment:(ugcPost:7347494832988135426,7347625802743652352)","6cb19df4cf5e25177710c01deced789512f916bda39107018be1b7e204f47e25","0","No","No","urn:li:ugcPost:7347494832988135426","85c0d66faefc7ab542cbe72138efe18c0ae5057aa7723ca3892a997af8d42342"
"Devendra","Kumar Punia","Devendra Kumar Punia","https://www.linkedin.com/in/dpunia","IT leader | Blockchain, Analytics & E-commerce Specialist | 27+ Years of Consulting, Research & Teaching | Driving Digital Transformation & Innovation in Diverse Sectors","comment","Jaipur #JStartupHouse","2025-07-06T13:57:01.620Z","No","urn:li:comment:(ugcPost:7347494832988135426,7347624619777978368)","ec107d22987cda60f84d4560a12f84a25eec2319659e54dacdc9f1730e313392","1","No","Yes","urn:li:ugcPost:7347494832988135426","85c0d66faefc7ab542cbe72138efe18c0ae5057aa7723ca3892a997af8d42342"
"Bobin","Chandra","Bobin Chandra","https://www.linkedin.com/in/bobinchandra","Co-Founder | ZenturioTech | Embright Infotech","comment","Anywhere in Kerala 😊","2025-07-06T13:35:15.637Z","Yes","urn:li:comment:(ugcPost:7347494832988135426,7347619142088200193)","b5412282099f277bbd54c3457a98aed76c10e836d3b8c10f07842f0e21234965","2","No","No","urn:li:ugcPost:7347494832988135426","85c0d66faefc7ab542cbe72138efe18c0ae5057aa7723ca3892a997af8d42342"
"Anil","Diwan","Anil Diwan","https://www.linkedin.com/in/taxchanakya","Founder @ Taxchanakya | Real Estate Branding & Tax Strategy Expert | Startup Advisor | Transforming Ideas into Scalable, Compliant, Profitable Businesses","comment","Dilip Kumar 

Dilip, Nothing better than Health in today's world where we search for organic but hardly get any thing healthy and organic.. Corporates also forgot definition of Work Life Balance ","2025-07-06T13:17:27.325Z","No","urn:li:comment:(ugcPost:7347494832988135426,7347614661267132416)","9efc052ec634e013fc34a93f10a34451af28137f978866ec0029310fd625c50a","0","No","No","urn:li:ugcPost:7347494832988135426","85c0d66faefc7ab542cbe72138efe18c0ae5057aa7723ca3892a997af8d42342"
"Anil","Diwan","Anil Diwan","https://www.linkedin.com/in/taxchanakya","Founder @ Taxchanakya | Real Estate Branding & Tax Strategy Expert | Startup Advisor | Transforming Ideas into Scalable, Compliant, Profitable Businesses","comment","Dilip Kumar 

Dilip, Nothing better than Health in today's world where we search for organic but hardly get any thing healthy and organic.. Corporates also forgot definition of Work Life Balance ","2025-07-06T13:17:18.368Z","No","urn:li:comment:(ugcPost:7347494832988135426,7347614623698673664)","ad209b30c5515481d72edc1adf38e32551fc016f73b4caed6b9b097c275ca6e0","0","No","No","urn:li:ugcPost:7347494832988135426","85c0d66faefc7ab542cbe72138efe18c0ae5057aa7723ca3892a997af8d42342"
"Rohit","Pandey","Rohit Pandey","https://www.linkedin.com/in/rohit0225","Growth @ Bachatt | NITA","comment","Love that you're putting real weight behind founder wellbeing. More of this, less of the hustle for the sake of it mindset.
Dilip Kumar","2025-07-06T12:55:05.141Z","No","urn:li:comment:(ugcPost:7347494832988135426,7347609031735242752)","33be275aa0102488bfa2a6ac20a88060f7a8ea59f42a40814d9fae2b403815f9","0","No","No","urn:li:ugcPost:7347494832988135426","85c0d66faefc7ab542cbe72138efe18c0ae5057aa7723ca3892a997af8d42342"
"CA","TSS Vinay","CA TSS Vinay","https://www.linkedin.com/in/tssvinay","Managing Partner at Bharati & Co, Chartered Accountants","comment","Dilip Kumar 
Visakhapatnam please !!","2025-07-06T12:54:28.268Z","No","urn:li:comment:(ugcPost:7347494832988135426,7347608877082808320)","8ebcce414925c0dffe780c6424818c0d32787948f63456319b520e10d0440b53","1","No","Yes","urn:li:ugcPost:7347494832988135426","85c0d66faefc7ab542cbe72138efe18c0ae5057aa7723ca3892a997af8d42342"
"Govind","Gaur","Govind Gaur","https://www.linkedin.com/in/iamgovindgaur","Founder, CEO - WanderOn Hiring across verticals for Tech, Product and Data","comment","Delhi, Gurgaon.","2025-07-06T12:33:05.619Z","No","urn:li:comment:(ugcPost:7347494832988135426,7347603497262948352)","caf6ad954b897ffccbb923ef4dc367210957ad2368fd4014185dc72507260067","1","No","Yes","urn:li:ugcPost:7347494832988135426","85c0d66faefc7ab542cbe72138efe18c0ae5057aa7723ca3892a997af8d42342"
"Siddharth","Bose","Siddharth Bose","https://www.linkedin.com/in/siddharth-bose-917a561a","Founder at BRIGS | Engineering Safe, Productive & Compliant Workplaces | Sales Enthusiast | Amateur Endurance Runner(at 43)","comment","Pls come to Mumbai.","2025-07-06T12:29:36.425Z","No","urn:li:comment:(ugcPost:7347494832988135426,7347602619835604993)","9376af52f38e5e84422adb05232124b36f9e9433f111e258111fe8e9f1f8af1f","2","No","No","urn:li:ugcPost:7347494832988135426","85c0d66faefc7ab542cbe72138efe18c0ae5057aa7723ca3892a997af8d42342"
"DINESH","SOUNDAPPA","DINESH SOUNDAPPA","https://www.linkedin.com/in/dsoundappa","Experimenting @ Stealth Mode | Product, Business Development","comment","Dilip do consider Coimbatore","2025-07-06T12:21:30.474Z","No","urn:li:comment:(ugcPost:7347494832988135426,7347600581609345034)","7de362383b3da581de1eaf9e17fdc66d7eaf51963f831e7c072a7796ca1cc604","1","No","Yes","urn:li:ugcPost:7347494832988135426","85c0d66faefc7ab542cbe72138efe18c0ae5057aa7723ca3892a997af8d42342"
"Siva","Sandilya Raghava","Siva Sandilya Raghava","https://www.linkedin.com/in/sivasandilyaraghava","Generalist | Business Analytics | Information Security | ISO 27001:2022 Lead Auditor","comment","Dileep Krishna","2025-07-06T12:18:24.863Z","No","urn:li:comment:(ugcPost:7347494832988135426,7347599803104575488)","9005b80300de3d050baee3abb518bf3585ac0d356a6ce5f9279f4d5c0e2a6c76","0","No","No","urn:li:ugcPost:7347494832988135426","85c0d66faefc7ab542cbe72138efe18c0ae5057aa7723ca3892a997af8d42342"
"Chetan","S. Kapoor","Chetan S. Kapoor","https://www.linkedin.com/in/cskapoor","Human-in-the-Loop ✦ Data Platforms (CDP) ✦ AdTech/MarTech ✦ AI/ Personalization/Recommendations | Ex Cisco | Ex Capillary Tech | Ex Vizury/Lemnisk","comment","Chandigarh the city of beauty is ready to be healthy.","2025-07-06T12:12:33.071Z","No","urn:li:comment:(ugcPost:7347494832988135426,7347598327577788416)","da498d93e180467d7e4a1d99e96d9bdd4b29b49644ef27acf2557a8b020b722d","1","No","Yes","urn:li:ugcPost:7347494832988135426","85c0d66faefc7ab542cbe72138efe18c0ae5057aa7723ca3892a997af8d42342"
"Suhasini","Pandey","Suhasini Pandey","https://www.linkedin.com/in/suhasini-pandey-2a41b6b1","Educator | Yoga & Meditation Teacher | Curriculum Designer | Translator | Advocate for Safe & Conscious Learning Spaces","comment","Such an exciting idea. Hoping to see this in Delhi soon.","2025-07-06T11:56:19.447Z","No","urn:li:comment:(ugcPost:7347494832988135426,7347594243902709760)","d8e4a67810fbc7a799d9134f5680a2e7295ed0ca5ef729ab000bdb428948bcc2","1","No","Yes","urn:li:ugcPost:7347494832988135426","85c0d66faefc7ab542cbe72138efe18c0ae5057aa7723ca3892a997af8d42342"
"Ameet","Rege","Ameet Rege","https://www.linkedin.com/in/ameetrege","Co-Founder & COO - Atlas AI * ET Now & World BFSI 50 Most Influential Payments Professionals","comment","Dilip Kumar plan a Mumbai edition soon.","2025-07-06T11:55:42.217Z","No","urn:li:comment:(ugcPost:7347494832988135426,7347594087748751361)","8584a0df46b2e49a870494eef43e7403ca155ec0d2ebf6305756d7f771afc510","1","No","Yes","urn:li:ugcPost:7347494832988135426","85c0d66faefc7ab542cbe72138efe18c0ae5057aa7723ca3892a997af8d42342"
"Kanika","Sood","Kanika Sood","https://www.linkedin.com/in/soodkanika","Social Entrepreneur | Complementary & Alternative Medicine | Expert in Natural Materials Hemp/Cannabis/Wool | Creative Producer | Agriculturist | Recognised by TEDX, Here For Good, IFFTI, Hemp Expo, NDTV, SustainableNXT","comment","Come to Dharamshala HP! Why only cities 😌","2025-07-06T11:51:44.609Z","No","urn:li:comment:(ugcPost:7347494832988135426,7347593091148615681)","eea597642cb65274add948325af2847fb20eed3c12f48220a7e1598cdfc7b44a","1","No","Yes","urn:li:ugcPost:7347494832988135426","85c0d66faefc7ab542cbe72138efe18c0ae5057aa7723ca3892a997af8d42342"
"Varun","Miglani","Varun Miglani","https://www.linkedin.com/in/varunmiglani","Startup Investments | Angel Investor @ AngelBay + Faad Capital + Pedalstart | GetSetOffice Coworking | WhatsApp community - social welfare","comment","Delhi/Gurgaon","2025-07-06T11:33:23.921Z","No","urn:li:comment:(ugcPost:7347494832988135426,7347588474532712449)","fe92986da8e8f32ffbe43a02cb9e22ae737caf00b45a06bf666505bc5cbe18f6","1","No","Yes","urn:li:ugcPost:7347494832988135426","85c0d66faefc7ab542cbe72138efe18c0ae5057aa7723ca3892a997af8d42342"
"Keya","A.","Keya A.","https://www.linkedin.com/in/keyalescapades","Adventure Alchemist~Boutique & Transformational Travel & Experiences, | Ex-McKinsey | Airport advisory Committee,Airports Authority of India | Writer Exploring The Why of travel & Alchemy of Journeys beyond the Map!","comment","Bali! I’m here","2025-07-06T11:27:04.988Z","No","urn:li:comment:(ugcPost:7347494832988135426,7347586885168357378)","e531f3804de6e538418af2d8e69fcf2986d327a6d021596037434602c265fa55","0","No","No","urn:li:ugcPost:7347494832988135426","85c0d66faefc7ab542cbe72138efe18c0ae5057aa7723ca3892a997af8d42342"
"Vinamraa","Pandiya","Vinamraa Pandiya","https://www.linkedin.com/in/vinamrapandiya","AI for Pharma | Patient Screening • HCP Engagement • Rep Productivity) Trusted by Top 25+ Pharma Brands| 4X Founder with Exit | Ex FoodTech, Ecomm| Fortune 40u40|Angel Investor","comment","Dilip Kumar Beautiful Pune and surrounding areas during the rains should be your next stop 👍","2025-07-06T11:13:20.188Z","No","urn:li:comment:(ugcPost:7347494832988135426,7347583425706405888)","c2622e84af88c4238a4d2e0083874186327fb52ab91a20aa3e4be75265e1bbe0","1","No","Yes","urn:li:ugcPost:7347494832988135426","85c0d66faefc7ab542cbe72138efe18c0ae5057aa7723ca3892a997af8d42342"
"Payal","A.","Payal A.","https://www.linkedin.com/in/payalantani","IO Psychologist | L&D specialist | Corporate Trainer| Master NLP Practitioner | Behavioral Facilitator | Soft skills trainer |Certified Coach Empowering professionals and students through tailored Training & Coaching!","comment","Vadodara, Gujarat please","2025-07-06T11:12:26.426Z","No","urn:li:comment:(ugcPost:7347494832988135426,7347583200216375296)","90d08a581b679b49d738518948799826ec20bf2bb1ca5eefea28e8e6e59484e3","1","No","Yes","urn:li:ugcPost:7347494832988135426","85c0d66faefc7ab542cbe72138efe18c0ae5057aa7723ca3892a997af8d42342"
"Felix","Josemon","Felix Josemon","https://www.linkedin.com/in/felixjosemon","KPH | FixMyStore.com - Shopify Expert | Top 1% Growth Marketer | Startup Founder from Kerala","comment","Welcome back to Kerala Dilip Kumar","2025-07-06T10:55:17.630Z","No","urn:li:comment:(ugcPost:7347494832988135426,7347578885129060353)","25ee3b108a1415824621d7043beb11dd81d4b09aa5c6ba4cae585ff6beec0d88","2","No","Yes","urn:li:ugcPost:7347494832988135426","85c0d66faefc7ab542cbe72138efe18c0ae5057aa7723ca3892a997af8d42342"
"Ruchir","Gupta","Ruchir Gupta","https://www.linkedin.com/in/ruchir-gupta-stock-market","Founder | Trained 2L+ traders | Creator of the GCD Method | Built a 150-member EdTech company | Sharing insights on markets, growth, and financial intelligence","comment","Founder wellness is so overlooked in the hustle culture.
You are the most valuable IP in the company.
","2025-07-06T10:38:13.752Z","Yes","urn:li:comment:(ugcPost:7347494832988135426,7347574590677663744)","496914998341551752be7c4a69e5ab89d63dd74c38e98994299b6799f9b29ada","1","No","Yes","urn:li:ugcPost:7347494832988135426","85c0d66faefc7ab542cbe72138efe18c0ae5057aa7723ca3892a997af8d42342"
"Gaurav","Kohli","Gaurav Kohli","https://www.linkedin.com/in/gaurav-kohli-13296891","I help making organisations a ""Fit Place To Work"".","comment","Chandigarh/Mohali","2025-07-06T10:24:12.397Z","No","urn:li:comment:(ugcPost:7347494832988135426,7347571061774827521)","4ccd37a66df5fb2b300c3faa9d36028d3ed46db259928483d940ae01e4d5ea74","2","No","No","urn:li:ugcPost:7347494832988135426","85c0d66faefc7ab542cbe72138efe18c0ae5057aa7723ca3892a997af8d42342"
"Hari","Ganapathy","Hari Ganapathy","https://www.linkedin.com/in/hariganapathy","Co-founder Pickyourtrail - create, customise and book vacations online. Consumer behaviour PhD aspirant.","comment","Chennai. Happy to help too","2025-07-06T10:02:46.127Z","No","urn:li:comment:(ugcPost:7347494832988135426,7347565666771603456)","f37c3cc5f95c0828db326400d7734f2180f3bbd21940373b4f5c801719c998a6","1","No","Yes","urn:li:ugcPost:7347494832988135426","85c0d66faefc7ab542cbe72138efe18c0ae5057aa7723ca3892a997af8d42342"
"Hruthik","Sai Soma","Hruthik Sai Soma","https://www.linkedin.com/in/hruthiksunder","AI/ML Engineer | Building LLM/RAG Agents & Deep Learning Models | Python | TensorFlow | ECE Graduate","comment","Hyderabad Dilip Kumar","2025-07-06T09:58:43.737Z","No","urn:li:comment:(ugcPost:7347494832988135426,7347564650110074883)","d5c73cb64c270e834d9cc444baa3369eac491ee0aea86431ccbc563ee0069632","1","No","Yes","urn:li:ugcPost:7347494832988135426","85c0d66faefc7ab542cbe72138efe18c0ae5057aa7723ca3892a997af8d42342"
"Mohit","kumar","Mohit kumar","https://www.linkedin.com/in/mohitsrivastava121","Vice President - Growth @ JSW One Platforms Ltd. | Strategy and Planning| Sales head for JSW One TMT","comment","This is awesome","2025-07-06T09:50:35.929Z","No","urn:li:comment:(ugcPost:7347494832988135426,7347562604099162113)","9e15c18a817f011930d764287a41efe2ab2ff66c0dde87507d9d920d0809fb51","0","No","No","urn:li:ugcPost:7347494832988135426","85c0d66faefc7ab542cbe72138efe18c0ae5057aa7723ca3892a997af8d42342"
"Hari","Krishna Upadhyayula","Hari Krishna Upadhyayula","https://www.linkedin.com/in/uharikrishna","Building NeuraEase | Tech for impact | BITS Pilani","comment","Hyderabad please! Happy to help you guys host it too.","2025-07-06T09:34:51.635Z","No","urn:li:comment:(ugcPost:7347494832988135426,7347558643443081216)","d5f9ca046c61390dde9b4d083814ce282706cba1a3e29720ee4d5839e3738da4","2","No","No","urn:li:ugcPost:7347494832988135426","85c0d66faefc7ab542cbe72138efe18c0ae5057aa7723ca3892a997af8d42342"
"Prashant","Karhade","Prashant Karhade","https://www.linkedin.com/in/prashant-karhade-6a164410","Founder @ 1Step | Co-Founder @ Solabrix | Author of 7 books","comment","Dilip Kumar, This is nation building in its truest sense, a few founders at a time.","2025-07-06T09:22:42.768Z","No","urn:li:comment:(ugcPost:7347494832988135426,7347555586349137922)","b105efbf45b2960ad1b8c9b151abb6ed5cbf5dc69e361c937edabe128906ecb9","0","No","No","urn:li:ugcPost:7347494832988135426","85c0d66faefc7ab542cbe72138efe18c0ae5057aa7723ca3892a997af8d42342"
"Tapan"," Kumar Sahu","Tapan  Kumar Sahu","https://www.linkedin.com/in/tapan-kumar-sahu-5b0672b","Startup Cofounder, Mentor | Entrepreneur I AI Enthusiast I Sharing personal experiences | Elevating Youth aspirations I EY Alumni | Ex-FICCI State Head | Ex-DLF Bhubaneswar Head | Ex-Investment Promotion , Odisha Govt","comment","Thanks for sharing.","2025-07-06T09:03:31.567Z","No","urn:li:comment:(ugcPost:7347494832988135426,7347550757862182912)","a0e579989361640f8e288c2f1134325b271c5e9a788eaa2d97fe98ee68f80df5","0","No","No","urn:li:ugcPost:7347494832988135426","85c0d66faefc7ab542cbe72138efe18c0ae5057aa7723ca3892a997af8d42342"
"Harshkumar","Pasi","Harshkumar Pasi","https://www.linkedin.com/in/hk19","Hacking around and Solving problems","comment","Harshkumar - mumbai please","2025-07-06T08:58:46.281Z","Yes","urn:li:comment:(ugcPost:7347494832988135426,7347549561285980160)","40afe053cd854352d2cc973ce7ff4a64236d5f6f4df7e805cf0e100b327778cd","1","No","Yes","urn:li:ugcPost:7347494832988135426","85c0d66faefc7ab542cbe72138efe18c0ae5057aa7723ca3892a997af8d42342"