First Name,Last Name,Full Name,Profile URL,Headline,Type,Comment,Timestamp,Is Edited,Comment URN,Comment Hash,Replies Count,Is Post Author,Has Reply From Post Author,Post URN,Post Hash
"Vishal","Vikram Singh","Vishal Vikram Singh","https://www.linkedin.com/in/vishal-vikram-singh-b32768384","Aspiring Entrepreneur | Building FMCG Nutrition Products | Ex-Options Trader | Driven by Discipline, Fitness & Continuous Improvement","comment","So true. Amul didn’t chase CAC or hype—they built distribution, trust, and farmer alignment. That foundation lets them enter any nutrition category almost effortlessly.","2025-11-25T07:43:56.871Z","No","urn:li:comment:(activity:7396777492012945408,7398989808255078400)","1ed76cd7dc6e0d8aaffdd52f031a7e64d4e45edd2eb6f7f72671042a935a9c6d","0","No","No","urn:li:activity:7396777492012945408","7d237297cdbad2942a5721907acca68246fa6ad2be4c21dec5655a8a6cafa9f1"
"Ramanan","Govindaraj","Ramanan Govindaraj","https://www.linkedin.com/in/ramanan-govindaraj-9230232a5","I create High Networth Individuals(HNI) | Personal Finance Coach | I Fix Vision and Wealth with Precision, Clarity, Ethics & Data-Driven| AMFI Registered MFD | QPFP Evolving.","comment","Dilip Kumar Appreciate this post wholeheartedly!","2025-11-22T15:45:36.542Z","No","urn:li:comment:(activity:7396777492012945408,7398023858659889152)","06bd8bc7c1ac602802cf54ab1251134c075d4140b85b1c5a8ffeb16230d28e9a","0","No","No","urn:li:activity:7396777492012945408","7d237297cdbad2942a5721907acca68246fa6ad2be4c21dec5655a8a6cafa9f1"
"Latika","Singh","Latika Singh","https://www.linkedin.com/in/latikasingh","Founder @Centripe.ai |Helping Agencies & Consultants Launch Their Own SaaS with AI-Powered CRM & Automation|white-label Platform | Co-Founder CRMOne","comment"," Amul quietly built one of India’s strongest nutrition ecosystems by keeping farmers at the center and distribution as the moat.","2025-11-21T08:09:35.275Z","No","urn:li:comment:(activity:7396777492012945408,7397546709326757888)","805e2fc64a84129cf4d3ea3105d53a9377bbe4accc2501808646cda70d8097d0","0","No","No","urn:li:activity:7396777492012945408","7d237297cdbad2942a5721907acca68246fa6ad2be4c21dec5655a8a6cafa9f1"
"Mayank","Gupta","Mayank Gupta","https://www.linkedin.com/in/mayankgupt83","Entrepreneur, Startup Adviser & Product Guy","comment","Brilliant breakdown. Amul is easily one of the most under-discussed business case studies in the world. They built scale before “scale” became a startup buzzword and did it while staying true to a mission that directly improves farmer income. Hard to think of another brand that balances trust, speed, and purpose so effortlessly.","2025-11-21T06:40:02.312Z","No","urn:li:comment:(activity:7396777492012945408,7397524173482418176)","b07a50a875827744c5de0674056a4600c1a6084504a89d426b8856977273b38f","0","No","No","urn:li:activity:7396777492012945408","7d237297cdbad2942a5721907acca68246fa6ad2be4c21dec5655a8a6cafa9f1"
"The","FinThusiastic","The FinThusiastic","","686 followers","comment","Amul’s journey is a reminder that category leadership doesn’t always need blitzscaling sometimes it comes from compounding trust, farmer-first incentives, and operational depth built over decades.","2025-11-21T05:45:40.554Z","No","urn:li:comment:(activity:7396777492012945408,7397510492677828609)","a1f285612118a7fcdc5cb04bcf58dfdfb90a5a7b1e4ea52580e98764652438be","0","No","No","urn:li:activity:7396777492012945408","7d237297cdbad2942a5721907acca68246fa6ad2be4c21dec5655a8a6cafa9f1"
"Abhinav","Singh","Abhinav Singh","https://www.linkedin.com/in/abhinav-singh-79bb41b","Building appliances you’d love to flex, not just use. | Founder and CEO @ Nesterstore.com | (Ex) Mckinsey | (Ex) Barclays","comment","Amul has mastered and written the blueprint for building everything under one name, so it truly shows up as 'everyone's brand'.","2025-11-20T12:35:19.868Z","No","urn:li:comment:(activity:7396777492012945408,7397251197931413504)","4250770a7779105b424cfbc1800d8f6bca98a3ea1864960e65dbddc19bb6e434","0","No","No","urn:li:activity:7396777492012945408","7d237297cdbad2942a5721907acca68246fa6ad2be4c21dec5655a8a6cafa9f1"
"Himanshu","Srivastava","Himanshu Srivastava","https://www.linkedin.com/in/h-srivastava","Beetel 2.0 Architect | Yealink Business Head | IIM-L Alum | India's E-Commerce Trailblazer Since 2010 | Consumer Electronics, Prosumer AV Expert | LinkedIn Top Voice | Enterprise Sales Leader","comment","Love this take. Amul is the rare case study where “slow” beats “blitzscale.” They built a cold chain before it was cool, scaled trust instead of CAC, and turned farmer surplus into national nutrition categories.

While startups chase burn and buzzwords, Amul just keeps compounding. Quietly. Consistently. And effortlessly rewriting the playbook.","2025-11-20T08:02:35.192Z","No","urn:li:comment:(activity:7396777492012945408,7397182559501197313)","ee0eae64503862cec2b19ca72be95976df0f05fcdfc9ade06141ad5988764053","0","No","No","urn:li:activity:7396777492012945408","7d237297cdbad2942a5721907acca68246fa6ad2be4c21dec5655a8a6cafa9f1"
"Lily","Chocolate Machine","Lily Chocolate Machine","https://www.linkedin.com/in/lily-chocolate-machine-776214217","Chocolate conche refiner, ball mill, tempering machine, moulding line, enrobing line, coating pan","comment","Congratulations","2025-11-20T07:25:24.858Z","No","urn:li:comment:(activity:7396777492012945408,7397173204802289664)","8f72b94a64c4118d27e88ea6a131b1ab4d7449f22e2e9732ed34cc10024bdc91","0","No","No","urn:li:activity:7396777492012945408","7d237297cdbad2942a5721907acca68246fa6ad2be4c21dec5655a8a6cafa9f1"
"Charan","Singh","Charan Singh","https://www.linkedin.com/in/charan3","Product/UX Design + Analytics + PMF Strategy | SaaS & Climate Design | Pursuing Olympics Ambitions","comment","A local chaat wala in my city bought a 4 cr shop after gaining profit from his Thela, and now his recurring annual revenue is 5cr+ with 70% profit margin

and there are thousands of such vendors throughout the country.","2025-11-20T05:52:14.542Z","Yes","urn:li:comment:(activity:7396777492012945408,7397149757317705728)","a213ae6cd064cd5ec93481f30ffe1b63e687b16c5866c15ad2f25f726879ba57","0","No","No","urn:li:activity:7396777492012945408","7d237297cdbad2942a5721907acca68246fa6ad2be4c21dec5655a8a6cafa9f1"
"Satheesh","Kumaran B","Satheesh Kumaran B","https://www.linkedin.com/in/satheeshkumaranb","Founder & Managing Partner — HitaArtha Consulting LLP | Business Architect | Profit–Growth–Scale Consultant | Leadership & Operating Systems | Capital Markets Strategy | Ex-TCS, Accenture, HSBC","comment","Amul is a reminder that great businesses don’t need noise to build impact.
What stands out is how they scaled with clarity, trust and long-term thinking, not CAC or burn.  A cooperative launching 250 products in 5 years, running India’s largest cold chain, and creating a full nutrition ecosystem — all while keeping farmers at the centre — is an extraordinary achievement.
 
Most companies optimise for margins.  Amul optimises for value creation across the chain — farmer, product, distribution and consumer trust.
It’s rare to see a brand that can play both mass and premium without dilution.  Amul makes it look effortless.
A truly underrated case study in modern business.","2025-11-20T05:35:38.811Z","No","urn:li:comment:(activity:7396777492012945408,7397145580923281408)","ebe1f74e8fc3fbdf4e94285b5cc03f67162d987b07ad9fdf7663f5678ebe15bb","0","No","No","urn:li:activity:7396777492012945408","7d237297cdbad2942a5721907acca68246fa6ad2be4c21dec5655a8a6cafa9f1"
"Vijay","Kumar","Vijay Kumar","https://www.linkedin.com/in/vijayparag","Continuous Improvement & Operational Excellence Leader | Factory Operations | TPM | Lean Six Sigma | Procurement Strategy | FMCG & Dairy","comment","This is a fascinating breakdown, and it actually triggers a question I’ve struggled with for months in the cooperative space.
Amul and many state level cooperatives share the same foundational model on paper, farmer owned, federation structure, district unions, democratic boards. Yet the outcomes are dramatically different. Amul achieves alignment, speed, consistency and system driven execution across all its unions, while others with the same architecture often struggle to maintain even basic uniformity in SOPs, decision making or brand strategy.
What I’ve never fully understood is how Amul manages to keep its governance so clean and its processes so harmonized across such a large network. How do they maintain discipline, prevent internal clashes, keep political noise away from operations, and ensure that “cooperative” doesn’t become an excuse for slow or fragmented decision making?
Would love to understand what cultural or structural guardrails make that kind of consistency possible, because clearly the model is same but the outcomes are worlds apart.","2025-11-20T05:20:36.162Z","No","urn:li:comment:(activity:7396777492012945408,7397141794938916864)","cf4877992a445179b7af4faa98ccbf8c77da3bbcebee8d2a2c66a7e681580dc2","0","No","No","urn:li:activity:7396777492012945408","7d237297cdbad2942a5721907acca68246fa6ad2be4c21dec5655a8a6cafa9f1"
"Vaani","Chugh","Vaani Chugh","https://www.linkedin.com/in/vaanichugh","Co-Founder & Director @D’chica Essentials | Entrepreneur | Public Speaker | Guest Faculty","comment","Brilliant breakdown. Amul’s scale, trust, and farmer-first model show how disciplined innovation can outperform hype. Truly one of India’s smartest transformations","2025-11-20T04:49:37.673Z","No","urn:li:comment:(activity:7396777492012945408,7397133999871135744)","6eb0138855cf85b12a62bb1c5d6d335902a5078fcd08fafec4f8c2f5e3665eab","0","No","No","urn:li:activity:7396777492012945408","7d237297cdbad2942a5721907acca68246fa6ad2be4c21dec5655a8a6cafa9f1"
"Dr.","Rachita Narsaria","Dr. Rachita Narsaria","https://www.linkedin.com/in/dr-rachita-narsaria-85762157","Founder, Spellbound Inc. | AI for Healthcare | Women's empowerment champion | Sustainability advocate | Ex- president Mensa Mumbai","comment","You have captured so well something I have been marveling for since days Dilip Kumar! To add to that, they have launched some only one in the world - high protein kulfi and others! Amul should have done this long back, but great to see this happening now. #amul should also launch their protein supplement and better infant nutrition products to compete with Nestle, etc. Waiting for it!","2025-11-20T02:38:26.082Z","Yes","urn:li:comment:(activity:7396777492012945408,7397100984025604096)","ed53438106b9a21d57ed7f139b3509c91a2c06f271ed3e90ad1da0929c34caa4","0","No","No","urn:li:activity:7396777492012945408","7d237297cdbad2942a5721907acca68246fa6ad2be4c21dec5655a8a6cafa9f1"
"Gaurav","Attrii","Gaurav Attrii","https://www.linkedin.com/in/gaurav-attri3","I help PMs land 50 lakh+ in Product Roles 🚀","comment","This breakdown shows how Amul turned a cooperative structure into a strategic advantage, which of these levers do you think contributed most to their ₹90,000 crore scale. Dilip Kumar","2025-11-19T19:47:03.681Z","No","urn:li:comment:(activity:7396777492012945408,7396997458528129024)","e1b43104272cf7b159fed09633469a5428be39824f80660f9cd084df4260d7aa","0","No","No","urn:li:activity:7396777492012945408","7d237297cdbad2942a5721907acca68246fa6ad2be4c21dec5655a8a6cafa9f1"
"Mithun","Ghosh","Mithun Ghosh","https://www.linkedin.com/in/ghoshmithun","Building cancerQR, Co Founder Hempceuticals, Core team Zvedha5 Ventures Pvt Ltd Director@ openattempt.org | Medical Cannabis, Ayurveda, Cancer.. Biomedical engineer, Anything for Nature&Health","comment","Science says Nutrition is preventive medication","2025-11-19T17:06:37.043Z","No","urn:li:comment:(activity:7396777492012945408,7396957081486012416)","887211ec1bb03f798c38d35c3b6872606cf98133a0e819995e35e171aa0bf9d9","0","No","No","urn:li:activity:7396777492012945408","7d237297cdbad2942a5721907acca68246fa6ad2be4c21dec5655a8a6cafa9f1"
"Siddhartha","Sthitapragyan","Siddhartha Sthitapragyan","https://www.linkedin.com/in/siddharthamax","Founder at Max Solutions Co with expertise in brand strategy and digital campaigns.","comment","Do you know they are the first Brand in India to have around 15 regional social media handles and run them as any brand page! 

What regional TV did, they have done it almost in major regional markets. 

And strange, on how an HUL or a Coca Cola or a Cadbury hasn't yet. 

Visionaries they are !","2025-11-19T16:32:56.446Z","No","urn:li:comment:(activity:7396777492012945408,7396948606483800064)","a4c55e48cdbb2ba8937a0331bf72c83f871358bc74fdd640f58a65da5ca5eb80","0","No","No","urn:li:activity:7396777492012945408","7d237297cdbad2942a5721907acca68246fa6ad2be4c21dec5655a8a6cafa9f1"
"Santosh","Jadhav","Santosh Jadhav","https://www.linkedin.com/in/indianfarmersantosh","Chief Farmer & Co-founder @ Indian Farmer | Building a movement to restore pride in farming | 10M+ farmers reached | Focused on dignified, profitable, and future-ready agriculture.","comment","Curious - which part of Amul’s playbook do you think modern startups can realistically replicate?

Dilip Kumar","2025-11-19T15:04:46.997Z","No","urn:li:comment:(activity:7396777492012945408,7396926420930727936)","64df0b50859be9a94f07b056082dc36a80b69ba51c18273f90a02a6974ccbc18","1","No","No","urn:li:activity:7396777492012945408","7d237297cdbad2942a5721907acca68246fa6ad2be4c21dec5655a8a6cafa9f1"
"Samesh","Rajpal","Samesh Rajpal","https://www.linkedin.com/in/samesh-rajpal-25bb52151","Building Strata Wealth | Guiding millennials & young professionals to make smarter financial decisions & build lasting financial freedom | Views are personal , Nothing here is advice.","comment","Dilip Kumar Amul isn’t just a business case study. It’s a reminder that when your fundamentals are right distribution, trust, consistency you can outlast every trend.","2025-11-19T13:05:49.803Z","No","urn:li:comment:(activity:7396777492012945408,7396896485369417728)","d6f2751f446bd7592885ab938440f16bc370265eec3a4fb8980aadd59e27423d","0","No","No","urn:li:activity:7396777492012945408","7d237297cdbad2942a5721907acca68246fa6ad2be4c21dec5655a8a6cafa9f1"
"Hemant","Gadgil","Hemant Gadgil","https://www.linkedin.com/in/hemant-gadgill","AGM sales & BD | Experienced & result oriented sales & business development growth leader across top companies & startups | BTL | Expansion & revenue growth | Strategy & execution | Operations | B2C, B2B, B2I | GTM & RTM","comment","This is truly a commendable success story of Amul. This also shows what a visionary leader can achieve even from a cooperative dairy and run it like a corporate entity. The only area they are lacking badly today is customer care response time. They are dead slow in it. They operate like a pure cooperative on that front.","2025-11-19T12:28:18.999Z","Yes","urn:li:comment:(activity:7396777492012945408,7396887044809097216)","3d112e4c0b53f03cbe257a9e03b9df8fb8487d91c85bc64294606438f00a80f1","0","No","No","urn:li:activity:7396777492012945408","7d237297cdbad2942a5721907acca68246fa6ad2be4c21dec5655a8a6cafa9f1"
"PRASHANT","RAJ","PRASHANT RAJ","https://www.linkedin.com/in/prashant-raj19","Regional Procurement | Marketing & Tech Expert | IIML DTU","comment","Completely agree with this. Amul is a phenomenal example of how clarity, trust and infrastructure can beat speed for the sake of speed. It is rare to see a company that can play both mass and premium markets with equal credibility. A true Indian business classic.","2025-11-19T10:53:18.292Z","No","urn:li:comment:(activity:7396777492012945408,7396863134315184128)","4c634764f5ad5b92461393061dc147ac0712f7adb7699051fa52493cce60f2c3","0","No","No","urn:li:activity:7396777492012945408","7d237297cdbad2942a5721907acca68246fa6ad2be4c21dec5655a8a6cafa9f1"
"Sanjeev","Agarwal","Sanjeev Agarwal","https://www.linkedin.com/in/sanjeev-agarwal-215b9954","Director","comment","One of the first UNICORN and It was set up in 1950’s with good government support as it was a win win situation for government and co-operative movement and mr Kurian took it to another level ..for any business to grow into UNICORN the first 5 years are the most important break or make years","2025-11-19T10:52:44.487Z","No","urn:li:comment:(activity:7396777492012945408,7396862992522477568)","6d9df81e868f0583b01dfbbe8e2e662a5c0cb8d82dc4e076e71e7612c95cf75f","0","No","No","urn:li:activity:7396777492012945408","7d237297cdbad2942a5721907acca68246fa6ad2be4c21dec5655a8a6cafa9f1"
"Sravan","Kumar Nara Ⓥ🌱","Sravan Kumar Nara Ⓥ🌱","https://www.linkedin.com/in/sravan-kumar-nara","Product, Agile & Servant Leader","comment","I'm puzzled how you ignored the cruelty in dairy industry. Here is what you selectively ignored: 
>lifelong confinement of cows and buffaloes, 
>molestation of bulls, 
>artificial insemination of cows and buffaloes, 
>murder of male calves within a few days of their birth, 
>exploitation until the cows or buffaloes fall short of milk, 
>artificial insemination one last time to profit from the extra weight of fetus, 
>transported to slaughter in crammed (5x of animals) trucks,  with chillies in eyes - around 20% of cows and buffaloes deliver calves during transportation, the calves die under their own mothers' legs as their horns are tied up to save space
>finally, slaughtered brutally as they shiver and scream while the fellow cows and buffaloes are slaughtered in front of their own eyes, soaked in blood ","2025-11-19T10:13:26.109Z","No","urn:li:comment:(activity:7396777492012945408,7396853100772245504)","89ff31295c0ca40225e2c0c1d40cc3e3a899c2276a0adb8cfc7a68881ce14262","0","No","No","urn:li:activity:7396777492012945408","7d237297cdbad2942a5721907acca68246fa6ad2be4c21dec5655a8a6cafa9f1"
"Hari","Nair","Hari Nair","https://www.linkedin.com/in/hnair10","PhD/D(ABCC)/MBA I Co-Founder Rhythm Medical I CEO Nyla Laboratories (Acquired) I Advising startup clinical laboratories I Building socially and financially meaningful products, services and companies.","comment","Interesting point. I would say that this supply chain moat is pioneered by Pepsi and Coke at a much higher scale across the world who are essentially supply chain companies known by the sugar water brands they peddle. In that sense Amul is the Indian Pepsi.","2025-11-19T09:30:09.747Z","Yes","urn:li:comment:(activity:7396777492012945408,7396842210840752128)","c9ec8a0bc85bb42f14acc527964fe1c5915ee8530cf7a6c11d3f54777d3f2484","0","No","No","urn:li:activity:7396777492012945408","7d237297cdbad2942a5721907acca68246fa6ad2be4c21dec5655a8a6cafa9f1"
"Roopesh","Shenoy","Roopesh Shenoy","https://www.linkedin.com/in/roopesh-shenoy","Building Monster Math. Math fact fluency for your kids! I share actionable math tips for parents of kids under 10.","comment","It's even more incredible how Akshaykalpa is carving a profitable and fast growing niche out of this even with presence of Amul and Nandini. I only prefer buying their Paneer, for e.g. because Amul and Nandini paneers don't really feel soft or fresh. Shashi Kumar and team are doing brilliant work. ","2025-11-19T09:10:31.264Z","Yes","urn:li:comment:(activity:7396777492012945408,7396837267920740352)","d502fe7a8de5b6219ab0e2142a1d8bed1a0e85d5965ed9c47a8e9d314c47270e","0","No","No","urn:li:activity:7396777492012945408","7d237297cdbad2942a5721907acca68246fa6ad2be4c21dec5655a8a6cafa9f1"
"Chintan","Soni","Chintan Soni","https://www.linkedin.com/in/chintan-soni-115a1b2b","Deputy Vice Presient (Credit) - Large Corporates at Kotak Mahindra Bank","comment","It is the beauty of co-operative structure based on which the entire dairy industry operates which is called Amul model wherein village level co op societies affiliated to a district level union which in turn is further federated into a milk federation at state level (GCMMF which markets & distributes it's products under AMUL). Farmers are the backbone of this whole eco system.
At the end of the day whatever the federation earns is passed on to farmers in the form of bonuses and price differences","2025-11-19T09:04:42.639Z","No","urn:li:comment:(activity:7396777492012945408,7396835805681324032)","0f505ace0a1530723029530ee0f7109fc8e4e11a3223eea8f49202c443b386fc","0","No","No","urn:li:activity:7396777492012945408","7d237297cdbad2942a5721907acca68246fa6ad2be4c21dec5655a8a6cafa9f1"
"Aiswarya","Kolisetty","Aiswarya Kolisetty","https://www.linkedin.com/in/aiswaryakolisetty","Design Lead at Alan | Growth at Primesoft","comment","I find a similar consistency and scalability practice by Prestige. Their cookware is unparalleled in India and abroad (Europe).","2025-11-19T08:36:08.072Z","Yes","urn:li:comment:(activity:7396777492012945408,7396828614266359808)","2c84433306da38f129076ff510a637b90a02be59e82e12697056172cbf8f0d81","0","No","No","urn:li:activity:7396777492012945408","7d237297cdbad2942a5721907acca68246fa6ad2be4c21dec5655a8a6cafa9f1"
"Nirupa","Rao","Nirupa Rao","https://www.linkedin.com/in/niruparao","Startups | Healthcare | Life Sciences","comment","Many years ago, when I visited their HQ plant in Anand, I saw that they had a small shop attached to it. I picked up their single origin chocolate there, more than a year ( I think) before they were available in stores. 

They use this shop to test new product lines in a limited capacity, before rolling out a nationwide launch. It's a masterclass on how you can innovate and de-risk at Amul's scale. I'm not at all surprised that they're churning out new products at that speed and winning most of their bets.","2025-11-19T08:01:17.435Z","No","urn:li:comment:(activity:7396777492012945408,7396819845503340544)","6d2944a332a81a7570bd6da98d46090fa47168b8c1e1bf3b47c7c51ec8eace3b","0","No","No","urn:li:activity:7396777492012945408","7d237297cdbad2942a5721907acca68246fa6ad2be4c21dec5655a8a6cafa9f1"
"Jayant","Ghosh","Jayant Ghosh","https://www.linkedin.com/in/jayantghosh","From Scaling Businesses to Leading Transformation | Sales, Growth, GTM & P&L Leadership | SaaS, AI/ML, IoT | CXO Partnerships | Building Future-Ready Businesses","comment","Supply chain tech - spot on, they implemented a collection centre for Milk back in my HCL days, and I used to manage that account.","2025-11-19T07:55:16.033Z","No","urn:li:comment:(activity:7396777492012945408,7396818329673306112)","b27c00f0377fee87e03661acd34b5a59d444a9e68097a550bb05e1035f0ee33b","0","No","No","urn:li:activity:7396777492012945408","7d237297cdbad2942a5721907acca68246fa6ad2be4c21dec5655a8a6cafa9f1"
"Masroor","Lodi","Masroor Lodi","https://www.linkedin.com/in/masroorlodi","Founder @ unlock.fit","comment","Amul is not just a dairy that scaled but a supply-driven powerhouse that turned millions of farmers and thousands of village societies into a nutrition engine. Their 250-product burst makes sense when you realise their cold chain isn’t an enabler, it’s a launchpad. They’ve treated logistics as strategic IP for decades, which is why they can enter any nutrition category almost on demand.
 
What I love most is how every new product—whey, cheese, chocolates, drinks—comes from smart use of surplus milk solids. It’s value creation that genuinely raises farmer income, not just margins. Very few “nutrition brands” can claim that.
 
Their single-brand mass-to-premium strategy is another anomaly. Most companies fragment; Amul lets trust do the heavy lifting across ₹5 to ₹500 SKUs.
 
Overall, Amul proves something rare today: if your operating system is solid—cold chain, farmer alignment, and trust—you can outrun everyone without shouting about burn or CAC.","2025-11-19T07:35:20.643Z","No","urn:li:comment:(activity:7396777492012945408,7396813315844300800)","657089f99a5b24e5e0fe7e143332fad35be28b19583d21001fc1cf0a4cc8d19c","0","No","No","urn:li:activity:7396777492012945408","7d237297cdbad2942a5721907acca68246fa6ad2be4c21dec5655a8a6cafa9f1"
"Pranshu","Jain","Pranshu Jain","https://www.linkedin.com/in/pranshu-jain","Helping Founders Build Digital Products, Streamline Workflows & Drive Growth with Tech & AI Solutions (Websites | Web & Mobile Apps | CRM - Go High Level, Salesforce | Automations)","comment","Brilliant insights. Amul’s ability to innovate at scale, despite a cooperative structure is one of the most underrated business feats in India.
The cold chain moat, farmer-driven product expansion, and single brand trust architecture are things even the biggest FMCG players haven’t cracked.
This post captures exactly why Amul stands in a league of its own.","2025-11-19T07:23:59.770Z","No","urn:li:comment:(activity:7396777492012945408,7396810460051734528)","b540d818d4becdfa80a8326a6f327986474d13ee413f88b0afe1f597efed175e","0","No","No","urn:li:activity:7396777492012945408","7d237297cdbad2942a5721907acca68246fa6ad2be4c21dec5655a8a6cafa9f1"
"Dhrumil","Sorathia","Dhrumil Sorathia","https://www.linkedin.com/in/dhrumilsorathia","CEO and Board Member | Apollo Hospitals | GE HealthCare | J & J | Novartis | Roche | Created $1 billion business I Top 10 Healthcare Leader I Healthcare CEO I Chief Marketing Officer, CMO, Apollo Hospitals","comment","AMUL - Anand Milk Union Limited from Anand, Gujarat ","2025-11-19T07:20:35.130Z","No","urn:li:comment:(activity:7396777492012945408,7396809601729380352)","ad05be1de1541f295683326cc9bb21138da47471c4c380e6a11e8d41079bccd0","0","No","No","urn:li:activity:7396777492012945408","7d237297cdbad2942a5721907acca68246fa6ad2be4c21dec5655a8a6cafa9f1"
"Pooja","Agrawal","Pooja Agrawal","https://www.linkedin.com/in/pooja-agrawal24","Scaling D2C Brands | D2C Growth Leader @ Mamaearth | Mom X Marketer","comment","While everyone else chased margins and marketing, Amul doubled down on trust, cold-chain muscle, and farmer-first economics and that’s what makes their 90,000+ crore scale feel both inevitable and underrated Dilip Kumar","2025-11-19T06:48:51.313Z","No","urn:li:comment:(activity:7396777492012945408,7396801616546459648)","8e316f9b9a3d641a4d5be1d21eb244f2871e2676185b206d6728c4c28b307b5f","0","No","No","urn:li:activity:7396777492012945408","7d237297cdbad2942a5721907acca68246fa6ad2be4c21dec5655a8a6cafa9f1"
"Vinay","Bhasker","Vinay Bhasker","https://www.linkedin.com/in/vinaybhasker","Salestense","comment","If there is one thing I didn't like about Amul, the Brand selling ""Delicious"" a fat spread which looks like butter(misleading consumers at hotels and other places it's used).","2025-11-19T06:43:50.939Z","Yes","urn:li:comment:(activity:7396777492012945408,7396800356686422016)","0a63fcfce6b8f37a082fc0565771c2aa00daf337bfc63fc3ced09881f8a5b560","0","No","No","urn:li:activity:7396777492012945408","7d237297cdbad2942a5721907acca68246fa6ad2be4c21dec5655a8a6cafa9f1"
"Varun","Gadodia","Varun Gadodia","https://www.linkedin.com/in/varun-gadodia-16946848","Co-Founder at Prot with expertise in Agri Food Strategy, Techno-commercial implementations, Strategic Innovation and Trade","comment","The complexity of structured systems is usually seen has hurdles in systems demanding speed. 

As a startup, speed of delivery matters but when done at the cost of inefficiencies or misread consumer expectations , the fundamental damage is already done.  I think the finance world (both institutional and venture funds) need more optimism on structural integrity of young companies over India growth story.","2025-11-19T06:22:09.694Z","No","urn:li:comment:(activity:7396777492012945408,7396794898865238016)","6c4cade6db9f531d58ee8e2453210e6fe664a3faffabd5c57e7f1a19b7d9b1d4","0","No","No","urn:li:activity:7396777492012945408","7d237297cdbad2942a5721907acca68246fa6ad2be4c21dec5655a8a6cafa9f1"
"Chintan","Siriya","Chintan Siriya","https://www.linkedin.com/in/chintansiriya","Seasoned CSR & ESG Professional","comment","All these at the expense of millions of innocent animals that we apparently revere as mothers and degradation of our mother earth. Humans and their hypocrisy and anthropocentrism at epitome! We only look for our unsatiating hunger for our tastebuds and money, I wish intellectuals and forward thinking people didnt promote this, but here we are, seeing the most influential people falling for the marketing gimmicks of this billions of dollars industry and their half cooked ethics and knowledge. How come we never questioned the fact that we are the only mammals drinking the secretions of other mammals that has nothing in common with us anatomically and in turn get the most horrific of lifestyle diseases. I still have a hope that you will pay some heed to it someday!","2025-11-19T06:07:11.167Z","No","urn:li:comment:(activity:7396777492012945408,7396791130169733120)","ae30f47907a104b5a0228485ce228449623baa6949fe390e6015250b5dffd370","0","No","No","urn:li:activity:7396777492012945408","7d237297cdbad2942a5721907acca68246fa6ad2be4c21dec5655a8a6cafa9f1"
"Ankit","Sharma","Ankit Sharma","https://www.linkedin.com/in/ankit-sharma-vindham","Co-Founder at Cubetiqq & Vindham Travels | Building Stronger Companies Through Precision Hiring and Transformative Corporate Travel | Talent Strategy | Team Experience | Business Growth Partner","comment","Dilip Kumar, this is such a strong breakdown of a brand we often take for granted. Amul’s scale looks impressive from the outside, but the real genius is how they built an entire value chain where farmers, supply chain, and consumers all grow together. I’ve always admired how they entered new categories without diluting trust, something even global brands struggle with.
 
Your point about them innovating at cooperative speed really stood out. It proves that when the foundation is solid, speed doesn’t need to look flashy to be effective.
 
Curious to know which of these strengths you feel will matter the most for them in the next decade","2025-11-19T06:03:27.122Z","No","urn:li:comment:(activity:7396777492012945408,7396790190457077761)","fdde61c5eb1dcc42a77a69bc0fbd7a937fa89e5b240098848b8c61e04ecb112b","0","No","No","urn:li:activity:7396777492012945408","7d237297cdbad2942a5721907acca68246fa6ad2be4c21dec5655a8a6cafa9f1"
"Vinod","Sadashivaiah","Vinod Sadashivaiah","https://www.linkedin.com/in/vinod-sadashivaiah-7b64a526","Founder & CEO | Personalized Nutrition | Ayurveda Meets AI | Speaker | Wellness & Pharma | Better for U food alternatives","comment","Any business that empowers entrepreneurs will always prosper and create massive societal impact. 

In today’s age it may be Alibaba for Chinese suppliers or Amazon for global sellers they all fall in the same category. Without Amazon, I wouldn’t have dreamt of taking my own brand, Lowkal, global. 

Amul did this decades earlier for Indian farmers. Their model shows what happens when an ecosystem is built to genuinely uplift its producers","2025-11-19T06:03:16.966Z","No","urn:li:comment:(activity:7396777492012945408,7396790147863932928)","9c47eefbfb81e7cb62beb5389d065c70e4d3c0d4da0e3e08c77a2b36993c317a","0","No","No","urn:li:activity:7396777492012945408","7d237297cdbad2942a5721907acca68246fa6ad2be4c21dec5655a8a6cafa9f1"
"Avinash","Baskar","Avinash Baskar","https://www.linkedin.com/in/avinashbaskar","Founder: Finamily | AMFI Registered Mutual Fund Distributor | Trusted by Leading Investors","comment","Show me one other brand that is displayed proudly in both Taj Lands End & the beach opposite in Mumbai! From mass to class, there is only 1 butter!","2025-11-19T05:59:52.136Z","No","urn:li:comment:(activity:7396777492012945408,7396789288744546304)","7e21312ca8f33fe4b58a0b21ca28b2f1586d0ac8b558eb0f0d9636263090cab2","0","No","No","urn:li:activity:7396777492012945408","7d237297cdbad2942a5721907acca68246fa6ad2be4c21dec5655a8a6cafa9f1"
"Vijay","P","Vijay P","https://www.linkedin.com/in/vijayp13","No Titles, Just Receipts","comment","250 SKUs* at best :)","2025-11-19T05:54:08.033Z","Yes","urn:li:comment:(activity:7396777492012945408,7396787845472010240)","d3f7c413f208adcc8426f67cb51e40348eda0b074d36ece05691eb6c11c8cd8e","0","No","No","urn:li:activity:7396777492012945408","7d237297cdbad2942a5721907acca68246fa6ad2be4c21dec5655a8a6cafa9f1"
"Anooshka","Soham Bathwal","Anooshka Soham Bathwal","https://www.linkedin.com/in/anooshkasohambathwal","Founder & CEO @Dhanvesttor | On a mission to make women finance-confident with Dhanvesttor","comment","Their journey shows the power of a brand built on trust.","2025-11-19T05:48:52.631Z","No","urn:li:comment:(activity:7396777492012945408,7396786522575790081)","07d2ead95b574c4b73d07541f029e8792dd252f77f722c93691fff5165b9ebb9","0","No","No","urn:li:activity:7396777492012945408","7d237297cdbad2942a5721907acca68246fa6ad2be4c21dec5655a8a6cafa9f1"
"Pranav","Bankar","Pranav Bankar","https://www.linkedin.com/in/pranav-bankar-6aa451177","I help small businesses and founders adopt AI + automation to save hours, reduce errors, and scale faster - without needing a tech team","comment","You can’t compare Amul to a D2C brand which is new. Dynamics are different, markets are different","2025-11-19T05:47:59.835Z","No","urn:li:comment:(activity:7396777492012945408,7396786301133459456)","21a53c72d41b26f4dec2a9a9e4d9c14e4f9dc5e8032b2cd87bf6114dcc05c1ff","0","No","No","urn:li:activity:7396777492012945408","7d237297cdbad2942a5721907acca68246fa6ad2be4c21dec5655a8a6cafa9f1"
"Siddhartha","Modur","Siddhartha Modur","https://www.linkedin.com/in/siddharthamodur","Growth Strategist & Business Builder | GTM, Product, Partnerships | Founder @ Conwert.in | Fintech, Proptech, F&B | Ex-EnKash, OYO, IWG | UCLA PGP","comment","Big fan of Amul India and their products. Like every household, our fridge has butter, cheese and maybe the occasional paneer from them. 

But from a business stand point, here's where we are not looking. Amul introduces new products. What has been the adoption of these products? What would be considered a successful metric for each SKU? 
If a food based start-up introduces any new product, there are eagle eyes on them to check adoption, quality, YoY growth etc etc etc. We don't see that with the variety of products Amul brings to market. Atleast I haven't. 

So while Amul can afford to introduce more products, I'd definitely love to see how those products have been lapped up by consumers. What do you think Dilip Kumar?","2025-11-19T05:47:26.299Z","No","urn:li:comment:(activity:7396777492012945408,7396786160473272320)","fa862fb6a554e9af6ac4200760562b74c812264067e8f401fe7381497dcc5fe6","0","No","No","urn:li:activity:7396777492012945408","7d237297cdbad2942a5721907acca68246fa6ad2be4c21dec5655a8a6cafa9f1"
"Rahul","Sharma","Rahul Sharma","https://www.linkedin.com/in/rahul-sharma-9519baa4","IIM Ahmedabad Alumni | Founder at Qurbat - Chain of Retail Stores | Building Successful Retail Ventures","comment","A brilliant breakdown of Amul’s playbook—trust, scale, farmer-first thinking, and cold-chain mastery. A rare brand that wins through purpose, not burn.","2025-11-19T05:43:31.879Z","No","urn:li:comment:(activity:7396777492012945408,7396785177248772096)","0f5e141777731a8a453b3316dae263259a99fc95f45d4c6fc66c6ec48fd0b931","0","No","No","urn:li:activity:7396777492012945408","7d237297cdbad2942a5721907acca68246fa6ad2be4c21dec5655a8a6cafa9f1"
"Dr.","Vaibhav Mittal (Hon. D.)","Dr. Vaibhav Mittal (Hon. D.)","https://www.linkedin.com/in/vaibhavmittalindia","Founder & CEO, Karmic Beauty | Vice President, LPU | COO, Lovely Autos | ET Now “40 Over 40” | Musician & Artsy","comment","Amul is a masterclass in trust, scale, and farmer-first strategy. Innovation and supply chain excellence make it truly timeless","2025-11-19T05:37:39.068Z","No","urn:li:comment:(activity:7396777492012945408,7396783697448005634)","c1dd8ed81e650e3f35b54686c9cc3869d4e56f36180c6cd3d2472e3f8e3f487b","0","No","No","urn:li:activity:7396777492012945408","7d237297cdbad2942a5721907acca68246fa6ad2be4c21dec5655a8a6cafa9f1"
"Nidhi","Prabha Tewari","Nidhi Prabha Tewari","https://www.linkedin.com/in/nidhiprabhatewari","Incredible Results | Ashoka Fellow | IRMA | IVLP Fellow","comment","Heart warming to read this Dilip Kumar. I come from the AUML/IRMA family and have deep respect for small producers and the businesses that respect them. Do read a longer piece written by a dear friend Vaibhav Bhamoriya https://www.linkedin.com/pulse/dr-verghesekurien-inspiring-millions-hundred-years-vaibhav-bhamoriya/","2025-11-19T05:33:39.334Z","No","urn:li:comment:(activity:7396777492012945408,7396782691930546177)","9848db7af85e6aaad6b2e2e4ccc04f6905512f7cc6cd42cac657c1b551a4bbca","0","No","No","urn:li:activity:7396777492012945408","7d237297cdbad2942a5721907acca68246fa6ad2be4c21dec5655a8a6cafa9f1"
"Neha","Sharma","Neha Sharma","https://www.linkedin.com/in/neha-sharma-nrs","Entrepreneur | Marketing Strategist | Brand Consultant","comment","Amul’s journey always inspires me. Their farmer-first thinking and focus on trust remind me why we’re building Organi the way we are. Scaling across categories while staying rooted in values is tough, and Amul shows what’s possible when you get that foundation right.","2025-11-19T05:32:51.069Z","No","urn:li:comment:(activity:7396777492012945408,7396782489492439040)","3bed6ceb235f01db8c949e1613aa603330623c79f5a0bfd7f22cf010219d7fc3","0","No","No","urn:li:activity:7396777492012945408","7d237297cdbad2942a5721907acca68246fa6ad2be4c21dec5655a8a6cafa9f1"
"Akanksha","Tyagi","Akanksha Tyagi","https://www.linkedin.com/in/akankshatyagiscireal","Strategic Health Communication Specialist | Bridging Science, Storytelling & Behavior Change | Program Management | Health Literacy, NCDs, Urban Health & Global Health Equity","comment","Amul is a reminder that scale built on trust is still the strongest business strategy in India. What stands out is how they solved fundamentals—cold chain, farmer economics, and distribution—long before these became startup buzzwords. In a landscape obsessed with speed and CAC, Amul shows what long-term value creation actually looks like.","2025-11-19T05:31:55.633Z","No","urn:li:comment:(activity:7396777492012945408,7396782256981204992)","eb0e43fe1396fbde352d49faf756d600f478b42af18141db8378ec916779a994","0","No","No","urn:li:activity:7396777492012945408","7d237297cdbad2942a5721907acca68246fa6ad2be4c21dec5655a8a6cafa9f1"
"Rohit","Chohan","Rohit Chohan","https://www.linkedin.com/in/rohitchohan","Co-Founder & CEO @ Truworth Wellness | Thrival Health & Wellness Benefits","comment","Amul is a great case study for the world. In a world obsessed with CAC, burn, and blitzscaling, Amul is a reminder that trust-led scale is still unbeatable. And sometimes, the most disruptive companies are the ones that don’t talk about disruption at all.","2025-11-19T05:30:46.546Z","No","urn:li:comment:(activity:7396777492012945408,7396781967205257216)","8e680e0d47decfdc81ae0ccbfc42e343bbed6204836ea98b15a395de37109219","0","No","No","urn:li:activity:7396777492012945408","7d237297cdbad2942a5721907acca68246fa6ad2be4c21dec5655a8a6cafa9f1"
"Rakesh","Prasad","Rakesh Prasad","https://www.linkedin.com/in/rakeshprasad-co","Ex. Wall Street, Founder, Investor in Tech & Media Companies, D2C and F&B Automation, Responsible Tech enthusiast, Political Reforms Hobbyist, Practicing MMA @ rakeshprasad.co","comment","Amul grows as a ground up cooperative, which took decades to build and a testimony to the socialist experiments which are slow burn but work for India, bring in prosperity all along.

Today we are chasing Bhokaal, Bhandara and IPO models, of course it has brought mayhem to local economies, but as market rationalizes the era of Amuls will come back, it's all 2008 printed dollar which is finding its way around, major devaluation on the way as AI takes foothold, stress on incumbents is already visible.","2025-11-19T05:24:16.163Z","No","urn:li:comment:(activity:7396777492012945408,7396780329824370688)","5a7dc26429f6bf8054b7bac1690f997ef589e3bfc7bc9d57a07be9f6cb4e7b77","0","No","No","urn:li:activity:7396777492012945408","7d237297cdbad2942a5721907acca68246fa6ad2be4c21dec5655a8a6cafa9f1"
"Rohan","Devanga","Rohan Devanga","https://www.linkedin.com/in/rohan-devanga-7b4465384","Founder @ R R Insurance Solutions | No Advice, just sharing my personal experiences, insights, thoughts, & perspective","comment","It’s always the businesses you don’t necessarily hear about in your daily life, but are quietly a part of millions of daily lives that make a great business.","2025-11-19T05:23:41.337Z","No","urn:li:comment:(activity:7396777492012945408,7396780183749308417)","3227d0da9becb0aa4ecb624eb9bc80c48c79671a4a10d2b7d32f50d09eb3b7ee","0","No","No","urn:li:activity:7396777492012945408","7d237297cdbad2942a5721907acca68246fa6ad2be4c21dec5655a8a6cafa9f1"
"Gaurav","Agrawaal","Gaurav Agrawaal","https://www.linkedin.com/in/gaurav-agrawaal","Guiding Founders to Secure Funding & Build Financial Structure | Founder, Arthasya Consulting | Ex-PB Fintech, EY | $150M+ Deal Experience","comment","This is such a sharp breakdown Amul is truly a masterclass hiding in plain sight.
 
","2025-11-19T05:16:38.027Z","No","urn:li:comment:(activity:7396777492012945408,7396778408258658304)","c6f98c45add703eec8c9944a4ec8c88f8d64d79fe353511f3e9e63fa3c4695a9","0","No","No","urn:li:activity:7396777492012945408","7d237297cdbad2942a5721907acca68246fa6ad2be4c21dec5655a8a6cafa9f1"
"Prathmik","Chaudhary","Prathmik Chaudhary","https://www.linkedin.com/in/prathmik-chaudhary","Finance and Operations | SO","comment","Amul sells coffee can for both 40 and 90. Same size. And both has buyers.","2025-11-19T05:16:31.664Z","No","urn:li:comment:(activity:7396777492012945408,7396778381570310145)","ce69d8c40e5b7a3c22a83a117aec02ea145d7b6a46f90535d67201161b56c81d","3","No","No","urn:li:activity:7396777492012945408","7d237297cdbad2942a5721907acca68246fa6ad2be4c21dec5655a8a6cafa9f1"