First Name,Last Name,Full Name,Profile URL,Headline,Type,Comment,Timestamp,Is Edited,Comment URN,Comment Hash,Replies Count,Is Post Author,Has Reply From Post Author,Post URN,Post Hash
"Kanika","Sood","Kanika Sood","https://www.linkedin.com/in/soodkanika","Social Entrepreneur | Complementary & Alternative Medicine | Expert in Natural Materials Hemp/Cannabis/Wool | Creative Producer | Agriculturist | Recognised by TEDX, Here For Good, IFFTI, Hemp Expo, NDTV, SustainableNXT","comment","Shimla or Delhi too please","2024-08-28T00:05:04.072Z","No","urn:li:comment:(activity:7232254341938655232,7234350236343615488)","1a8071f7766e7c99887698ab6c3a8eeec3e0cc151fc960dcca5babfc86fcecd1","0","No","No","urn:li:activity:7232254341938655232","01bdbd81a388a2ea0904b6d7282d94dcd2aefca2801c18a0c516f03a770c0e89"
"Venkatraman","Pichumani","Venkatraman Pichumani","https://www.linkedin.com/in/venkatp","Four decades of self made Entrepreneurship CA, Investment Banker, International BPO, Domestic BPO. All bootstrapped, no external funding. Scaled from laptop to 3000 team members","comment","Got my confirmation and noted the location....I can also offer my office with a conf room which will seat 8 comfortably...and about 10 with a squeeze. It is not far from your location","2024-08-26T12:54:18.287Z","No","urn:li:comment:(activity:7232254341938655232,7233819045416890368)","b8151f7c2aa200a83a96206e409a85092813bee94def060cb6e374d90711aeb4","0","No","No","urn:li:activity:7232254341938655232","01bdbd81a388a2ea0904b6d7282d94dcd2aefca2801c18a0c516f03a770c0e89"
"IndiaSportsHub","","IndiaSportsHub","","374 followers","comment","Are we eligible ? 😇🤐","2024-08-23T05:23:04.879Z","No","urn:li:comment:(activity:7232254341938655232,7232618327716585474)","8406d54e8b996669359f58cfec9e6ee207c8b49837d1530009d77cbc6096d38d","0","No","No","urn:li:activity:7232254341938655232","01bdbd81a388a2ea0904b6d7282d94dcd2aefca2801c18a0c516f03a770c0e89"
"Tanmay","Nijhawan","Tanmay Nijhawan","https://www.linkedin.com/in/tanmay-nijhawan-211388b8","Get Your First Sale Online With AI","comment","Rishi Nagar ","2024-08-23T04:46:55.756Z","Yes","urn:li:comment:(activity:7232254341938655232,7232609229755322369)","66468201b790bf9f30bdd9379fb1ea668d1c669a37b1b49747daa6ba294498fa","0","No","No","urn:li:activity:7232254341938655232","01bdbd81a388a2ea0904b6d7282d94dcd2aefca2801c18a0c516f03a770c0e89"
"Adarsh","Kashyap","Adarsh Kashyap","https://www.linkedin.com/in/adarsha-ranganath-278b46104","Founder (Agri Research and Nutritional food) ""Innovative Entrepreneur & F And B | Climate Warrior Through Social Products | Transforming Ideas into Success | Building Ventures from Scratch | Sold Company for 4.5M""","comment","Dilip Kumar this happens  in Bangalore as well. It's a direct  walk In .","2024-08-22T14:02:30.853Z","No","urn:li:comment:(activity:7232254341938655232,7232386659420422145)","6aa953a775d22ba45526561803384e35238819a8333f3eeab2a6b24360097d42","0","No","No","urn:li:activity:7232254341938655232","01bdbd81a388a2ea0904b6d7282d94dcd2aefca2801c18a0c516f03a770c0e89"
"Avinash","Deshmukh","Avinash Deshmukh","https://www.linkedin.com/in/avya1","Co-Founder @iThrive I Enabling & witnessing the growth of the wonder named @iThrive I A Divine Soul I","comment","Great opportunity! For founders in Mumbai. 

Also Dilip Kumar let's catch up in Pune. Happy to host in our "" simple but out of the world office""","2024-08-22T11:37:20.893Z","No","urn:li:comment:(activity:7232254341938655232,7232350127204573186)","4e574bd331866c3777b39169525696f6455d9d6b0f8bfebb5be98c2d1357b6e9","0","No","No","urn:li:activity:7232254341938655232","01bdbd81a388a2ea0904b6d7282d94dcd2aefca2801c18a0c516f03a770c0e89"
"Pradeep","Rao","Pradeep Rao","https://www.linkedin.com/in/pradeepnr","Co-Founder and CEO at Evolved Foods","comment","Fantastic initiative, Dilip.. :)","2024-08-22T08:48:53.098Z","No","urn:li:comment:(activity:7232254341938655232,7232307732035293184)","3894d3dd52589ef09ab352729110ebd70cab1e9a73fcf3de0b56e428402b3879","0","No","No","urn:li:activity:7232254341938655232","01bdbd81a388a2ea0904b6d7282d94dcd2aefca2801c18a0c516f03a770c0e89"
"Mahesh","Kashyap","Mahesh Kashyap","https://www.linkedin.com/in/mahesh-kashyap-9819b823","Channel Marketing | Partner Marketing | Sports Aficionado at PlayHub","comment","Waiting for Bengaluru :)","2024-08-22T08:43:46.508Z","No","urn:li:comment:(activity:7232254341938655232,7232306446099472402)","dfe53d5bf56c34477a1c79f200a9f98d75079c531872abc77a7d00b5bc4ec42c","0","No","No","urn:li:activity:7232254341938655232","01bdbd81a388a2ea0904b6d7282d94dcd2aefca2801c18a0c516f03a770c0e89"
"Ashutossh","D.","Ashutossh D.","https://www.linkedin.com/in/zetashutosh","Building Zet Health - India's first 10-min healthcare platform","comment","Next should be in Bangalore !","2024-08-22T08:37:36.407Z","No","urn:li:comment:(activity:7232254341938655232,7232304893787561985)","a680d2c48d0229ceadd6152b68b6fd5c4ba7649f0afb96a33c2ae4b0aac92d04","0","No","No","urn:li:activity:7232254341938655232","01bdbd81a388a2ea0904b6d7282d94dcd2aefca2801c18a0c516f03a770c0e89"
"Pritesh","Jagtap","Pritesh Jagtap","https://www.linkedin.com/in/priteshjagtap","Helping B2B Businesses and consultants to get qualified leads on autopilot with SEO & YouTube-led growth | Podcast Growth","comment","Simran Suri Somnath Khandekar","2024-08-22T07:47:04.786Z","No","urn:li:comment:(activity:7232254341938655232,7232292178247524353)","1ff30a6dc59bef6986ace32871d0acd53fa53e00baf0d8bcfa32a209d90c08f5","0","No","No","urn:li:activity:7232254341938655232","01bdbd81a388a2ea0904b6d7282d94dcd2aefca2801c18a0c516f03a770c0e89"
"Aakanksha","Sadekar","Aakanksha Sadekar","https://www.linkedin.com/in/aakankshasadekar","Redefining Palliative Care | Global Families | AI | Engineer | Product Manager","comment","Mumbai is finally becoming exciting. Hoping to see you. 😊","2024-08-22T07:40:56.224Z","No","urn:li:comment:(activity:7232254341938655232,7232290632386441219)","bf17987be6d9d453b8cdfbd3a64447cbbc2e7b466cf732d2a383b76234d9aa41","1","No","Yes","urn:li:activity:7232254341938655232","01bdbd81a388a2ea0904b6d7282d94dcd2aefca2801c18a0c516f03a770c0e89"
"Shashank","Saini","Shashank Saini","https://www.linkedin.com/in/shashank-saini","Khelo Kuddo, Khush Raho!","comment","Nischal Gautam don't miss this ","2024-08-22T06:51:31.604Z","No","urn:li:comment:(activity:7232254341938655232,7232278197873098753)","d05d3923b4d2e7003958bd8ce783d08bba3e4c62e97f7f8c64020747c8542603","1","No","No","urn:li:activity:7232254341938655232","01bdbd81a388a2ea0904b6d7282d94dcd2aefca2801c18a0c516f03a770c0e89"
"Manoj","Surya","Manoj Surya","https://www.linkedin.com/in/manojsurya","2X Founder | Head of Growth | Ultra Runner | I write on Growth for B2B and Personal Learnings","comment","Please do one in Hyderabad Dilip :)","2024-08-22T06:23:36.642Z","No","urn:li:comment:(activity:7232254341938655232,7232271172573257729)","299690c2775162700815196017a771ef5008fe4bfdca546a811192f9105695f9","2","No","No","urn:li:activity:7232254341938655232","01bdbd81a388a2ea0904b6d7282d94dcd2aefca2801c18a0c516f03a770c0e89"
"Srijan","Sharma","Srijan Sharma","https://www.linkedin.com/in/srijans","Co-founder ItsHemp & Clixi | VP IIHA | WEF Global Shaper | Hemp Advocate","comment","Dilip Kumar would be awesome if you all choose to take this conversation to smaller towns/destinations too. Maybe someplace in Himachal/Uttrakhand.","2024-08-22T06:15:51.061Z","No","urn:li:comment:(activity:7232254341938655232,7232269219780812801)","7817dacc41c48717f7d459e84ed7b6940b5d1dee95837c8b070f1ddb546ea656","4","No","No","urn:li:activity:7232254341938655232","01bdbd81a388a2ea0904b6d7282d94dcd2aefca2801c18a0c516f03a770c0e89"
"Prasad","P","Prasad P","https://www.linkedin.com/in/pullapads","AVP at Yes Bank Limited","comment","Will put a screenshot in a millets group of Mumbai ","2024-08-22T06:06:03.603Z","No","urn:li:comment:(activity:7232254341938655232,7232266755803381762)","1d0b1f58dd80e7441bb7b0b9e89967c56b641ae3a45f534ef08b982fc457a3b5","0","No","No","urn:li:activity:7232254341938655232","01bdbd81a388a2ea0904b6d7282d94dcd2aefca2801c18a0c516f03a770c0e89"
"Sanjib","C.","Sanjib C.","https://www.linkedin.com/in/isanzc","Founder at Evrox Healthcare","comment","Is there any way to join online? :)","2024-08-22T06:04:00.450Z","No","urn:li:comment:(activity:7232254341938655232,7232266239262289922)","cbccf6376759d97a6634f958788827621461642b4b7d0e502eccc2654aad0bbe","0","No","No","urn:li:activity:7232254341938655232","01bdbd81a388a2ea0904b6d7282d94dcd2aefca2801c18a0c516f03a770c0e89"
"Lalit","Singla","Lalit Singla","https://www.linkedin.com/in/lalit-singla","Founder & CEO, SteerX | Healthcare | Innovations | Startups | Investments | TIH, IIT Bombay Fellow","comment","Will look forward to next get together in Delhi/Gurgaon. ","2024-08-22T05:48:15.930Z","No","urn:li:comment:(activity:7232254341938655232,7232262277658292227)","527c09f711fab40d632c8e93642468422bea63786d18b3f47f13ecb327891925","0","No","No","urn:li:activity:7232254341938655232","01bdbd81a388a2ea0904b6d7282d94dcd2aefca2801c18a0c516f03a770c0e89"
"Dilip","Kumar","Dilip Kumar","https://www.linkedin.com/in/dilipevs","Entrepreneur| Investments at Rainmatter | Endurance athlete","comment","Register here to attend the event : https://lu.ma/alnejly3","2024-08-22T05:46:49.017Z","No","urn:li:comment:(activity:7232254341938655232,7232261913118658562)","ac9701406f7414be5061b65d9815fbc864dde915830681bfa35499fb5d3716d9","3","Yes","Yes","urn:li:activity:7232254341938655232","01bdbd81a388a2ea0904b6d7282d94dcd2aefca2801c18a0c516f03a770c0e89"
"Nikita","Lalwani","Nikita Lalwani","https://www.linkedin.com/in/nikitalalwani7","Founder Crooze App l First Bicycle Mayor from India l TEDx Speaker l NIT Surat l IIM Udaipur l ex- Linde Engineering l Jagriti Yatra l 1st Mahindra Rise Sustainability Champion l Google ASA 2022","comment","Please plan something in Ahmedabad also :)","2024-08-22T05:44:09.198Z","No","urn:li:comment:(activity:7232254341938655232,7232261242789257216)","11edd0ee647065099cbb4f914fad685db966b35aed3f5cc42c58bde82290c3e2","1","No","Yes","urn:li:activity:7232254341938655232","01bdbd81a388a2ea0904b6d7282d94dcd2aefca2801c18a0c516f03a770c0e89"
"Abhinav","Ravi","Abhinav Ravi","https://www.linkedin.com/in/abhinav-ravi-027480150","Associate Director - Strategy @ Practo | ISB | Sports enthusiast","comment","Commenting for my network , a fantastic opportunity for those in Mumbai! 
Fingers crossed for Bangalore next","2024-08-22T05:41:09.408Z","No","urn:li:comment:(activity:7232254341938655232,7232260488695324674)","5dbf935c86b31a3893ca621672a3f66d0a35a2cc3aa3c7629778e3fbfe941ff9","0","No","No","urn:li:activity:7232254341938655232","01bdbd81a388a2ea0904b6d7282d94dcd2aefca2801c18a0c516f03a770c0e89"
"Samar","Sisodia","Samar Sisodia","https://www.linkedin.com/in/samar-sisodia","2X Founder | Entrepreneur | Scaled First Startup to $1M Revenue in Under 2.5 Years | 2X [0-1] | You Tube 100K+ Subscribers","comment","Dr. Marcus Ranney might be interested. ","2024-08-22T05:30:49.237Z","No","urn:li:comment:(activity:7232254341938655232,7232257887513772032)","be060ee5ae53cfd23f39e797955e9bb4867211ccf8b3ad20a4e3ff4c9bf5fffe","0","No","No","urn:li:activity:7232254341938655232","01bdbd81a388a2ea0904b6d7282d94dcd2aefca2801c18a0c516f03a770c0e89"
"Jayant","Ghosh","Jayant Ghosh","https://www.linkedin.com/in/jayantghosh","From Scaling Businesses to Leading Transformation | Sales, Growth, GTM & P&L Leadership | SaaS, AI/ML, IoT | CXO Partnerships | Building Future-Ready Businesses","comment","Dilip Kumar sounds like a fantastic meetup! Any idea for the location, my co-founder is in New Mumbai. 
Maybe I'll ask her to bring along some protein bars for extra brainpower! 🏋️‍♂️""  ","2024-08-22T05:30:45.047Z","No","urn:li:comment:(activity:7232254341938655232,7232257869935480834)","955ad31da3e98c514156781a324dd220ad7484f1103066e9f2d11c2979910f1e","2","No","No","urn:li:activity:7232254341938655232","01bdbd81a388a2ea0904b6d7282d94dcd2aefca2801c18a0c516f03a770c0e89"
"Dr.","Marcus Ranney","Dr. Marcus Ranney","https://www.linkedin.com/in/docmranney","Longevity Physician to High-Performing Individuals + Athletes | Best-Selling Author | Guinness Book of World Records’ Holder | Adventurer + Explorer","comment","Sorry to miss this one Dilip, as I’ll be in the hills, but I look forward to the next one. I’ll ask my colleague Ananaya Chopra to attend and represent team Human Edge (Live healthier, for longer)!","2024-08-22T05:30:44.142Z","No","urn:li:comment:(activity:7232254341938655232,7232257866139672576)","6b29f399db1944a705873dd340a29e9cd0b4ba718ab958644236c0b252815616","2","No","No","urn:li:activity:7232254341938655232","01bdbd81a388a2ea0904b6d7282d94dcd2aefca2801c18a0c516f03a770c0e89"