First Name,Last Name,Full Name,Profile URL,Headline,Type,Comment,Timestamp,Is Edited,Comment URN,Comment Hash,Replies Count,Is Post Author,Has Reply From Post Author,Post URN,Post Hash
"Nikhil","Kulkarni","Nikhil Kulkarni","https://www.linkedin.com/in/nikkulkarni","Voice commentator| Sports anchor| Text commentator| Previously SDET","comment","Would love to deep dive into the physical and mental preparations for the game. Also, what can be done in India to build the sport?","2024-04-07T16:14:11.833Z","No","urn:li:comment:(activity:7180065826794868736,7182772660945186816)","94da63a5c7e0549b28d1c3b0646828ec4e621a0669d57d2382b0cbb788777efa","0","No","No","urn:li:activity:7180065826794868736","3bf7595ddf60ced87b372d90a1ea379a104a9eb03d581c11973bc1588a05cc9f"
"Dr","Umesh Wadhavani","Dr Umesh Wadhavani","https://www.linkedin.com/in/drumeshwadhavani","A Corporate Wellness Coach making health fun and practical 🏥| Corporate Speaker 🎤 | IG-173k ⭐️| Sindhi IG- 59K 🌟 | YouTube - 184k ✅","comment","Looks like an interesting and insightful podcast in on its way!","2024-04-02T19:54:39.804Z","No","urn:li:comment:(activity:7180065826794868736,7181016203748921344)","0c0a1fe69286a80078e35d6820bd6d0e6dcc4fc95bbc88582d6da05f08efc1c3","0","No","No","urn:li:activity:7180065826794868736","3bf7595ddf60ced87b372d90a1ea379a104a9eb03d581c11973bc1588a05cc9f"
"Paramjeet","Ohlan","Paramjeet Ohlan","https://www.linkedin.com/in/paramjeetohlan","Empathetic Human | Sports Strategy Consultant | Ex- EY, Decathlon | IMT Ghaziabad | Ultra Distance Runner | Footballer/LFC at Soul","comment","Amazing!

My Question Request:-
When does or Who does he See next in F1 from India ?","2024-04-01T02:19:35.030Z","No","urn:li:comment:(activity:7180065826794868736,7180388296420679680)","fb0effdab3b022cd351ca3053be8025525c813be59dfaf2f4a912fe063deee96","0","No","No","urn:li:activity:7180065826794868736","3bf7595ddf60ced87b372d90a1ea379a104a9eb03d581c11973bc1588a05cc9f"
"Solomon","Daniel","Solomon Daniel","https://www.linkedin.com/in/solomon-daniel-5785437","Building an inclusive and emotionally resilient community","comment","Mental preparation for speed, tenacity and mindset. Performance pressure and coping mechanisms","2024-03-31T15:19:14.859Z","No","urn:li:comment:(activity:7180065826794868736,7180222117378973696)","50063619e74707e61c02d9b8579be963fef383f3960a69678d8fbfa22160748d","0","No","No","urn:li:activity:7180065826794868736","3bf7595ddf60ced87b372d90a1ea379a104a9eb03d581c11973bc1588a05cc9f"
"Shravan","Srinivas","Shravan Srinivas","https://www.linkedin.com/in/shravansrinivas","Building Kutsa • Co-founder & CTO @ SmartSentry (AML) I help you go from vision → product → impact.","comment","Extremely excited and looking forward to this episode! 

Q: F1 team and individual milestones and targets are more often than not relative, what were his rubrics around goal setting and evaluation? Are there any individuals, experiences or routines that he feels have shaped him profoundly as a racer and as a person?","2024-03-31T11:03:37.855Z","No","urn:li:comment:(activity:7180065826794868736,7180157789317603329)","36278c1385e0221a2ef6a86f996c499fadf7b4a4dfe6c054e9b3fe004f867147","0","No","No","urn:li:activity:7180065826794868736","3bf7595ddf60ced87b372d90a1ea379a104a9eb03d581c11973bc1588a05cc9f"
"Ashutosh","Agarwal","Ashutosh Agarwal","https://www.linkedin.com/in/ashuz","Head of Customer Success - APAC | Enterprise AI, Intelligent Automation","comment","What keeps him awake at night before race day?","2024-03-31T07:43:21.762Z","Yes","urn:li:comment:(activity:7180065826794868736,7180107390170677248)","d86b2f80b256a08c8a1072d8f80266ff7926608dbe12bbdc25c8b8b019926390","1","No","No","urn:li:activity:7180065826794868736","3bf7595ddf60ced87b372d90a1ea379a104a9eb03d581c11973bc1588a05cc9f"
"Ayush","Garg","Ayush Garg","https://www.linkedin.com/in/ayushgarg3","Building ZocialOne - Agentic AI tool for SMBs & Creators, to drive Social Media Marketing | ~15 yrs of building innovative Tech Ventures | EC, Board of Director, IITBombay Alumni Association (AA), Learner @Harvard HKS","comment","As a pioneering and senior professional in the domain, how is inclusion of larger talent being ensured in the domain and if he supports or actively helps in any of those channels? 

This information, will help the youngsters to lookup more and ask their ecosystem to enable them and pursue it more.","2024-03-31T07:31:39.993Z","No","urn:li:comment:(activity:7180065826794868736,7180104446738067456)","7abea5718dfff865f033dee88711a6f89aa6bd2d4e4865b342915a63af0fa6b9","0","No","No","urn:li:activity:7180065826794868736","3bf7595ddf60ced87b372d90a1ea379a104a9eb03d581c11973bc1588a05cc9f"
"Ranjit","Eswaran","Ranjit Eswaran","https://www.linkedin.com/in/ranjite","Semiconductors and Software Engineer at proteanTecs","comment","Why is there no Indian F1 driver after Karthikeyan and Chandok? Is the sport too taxing?","2024-03-31T07:20:26.488Z","No","urn:li:comment:(activity:7180065826794868736,7180101621849227264)","7331da582073ac0de09658e069d6a5bba91516ad4411272a8e4b6827e28c87b7","0","No","No","urn:li:activity:7180065826794868736","3bf7595ddf60ced87b372d90a1ea379a104a9eb03d581c11973bc1588a05cc9f"
"Amit","Pant","Amit Pant","https://www.linkedin.com/in/amit-pant-aa9a6b7","Growth-driven ecosystem leader | B2B SaaS & ERP","comment","What part of his F1 career the most fun and what was most challenging","2024-03-31T06:59:53.444Z","No","urn:li:comment:(activity:7180065826794868736,7180096450096234496)","751ab5403579af80f24d3bc102e38c2d2d32fb669d712c1fea61c7db7182030e","0","No","No","urn:li:activity:7180065826794868736","3bf7595ddf60ced87b372d90a1ea379a104a9eb03d581c11973bc1588a05cc9f"
"Swarn","Jha","Swarn Jha","https://www.linkedin.com/in/swarn-jha-a81a40109","Building - The Blessed Girl Show (Aligned to SDG Goals) | Podcaster & Vegan Marathoner","comment","What would be one thing one must never give up on ?! Specially during your training’s ! 

How do you overcome boredom in your day to day life? 

Have an Awesome recording Dilip Kumar!","2024-03-31T06:41:22.848Z","No","urn:li:comment:(activity:7180065826794868736,7180091791914811392)","cd9badf77a002b72c32372180f12413ad23b06b4d7612b82a5321235c198c8df","0","No","No","urn:li:activity:7180065826794868736","3bf7595ddf60ced87b372d90a1ea379a104a9eb03d581c11973bc1588a05cc9f"
"Rohan","Vashist","Rohan Vashist","https://www.linkedin.com/in/rohanvashist","Platform sizing North Expedition","comment","Is he planning to summit any mountain?","2024-03-31T06:20:13.574Z","No","urn:li:comment:(activity:7180065826794868736,7180086468193796096)","a450cc4c0f9e59f10cacef2acf73b46f0662d46366a30f677ca6bcd80671e121","0","No","No","urn:li:activity:7180065826794868736","3bf7595ddf60ced87b372d90a1ea379a104a9eb03d581c11973bc1588a05cc9f"
"Prateek","Singh","Prateek Singh","https://www.linkedin.com/in/prateeksingh-learnapp","Founder & CEO @ LearnApp & Zero1 by Zerodha. - Learning to build finance media & company culture","comment","This is gonna be amazing 🔥🔥","2024-03-31T06:00:49.251Z","No","urn:li:comment:(activity:7180065826794868736,7180081584673370112)","f154a81151c313becf57479888af4765516bc2caa5e73751b48387ae2801ad50","0","No","No","urn:li:activity:7180065826794868736","3bf7595ddf60ced87b372d90a1ea379a104a9eb03d581c11973bc1588a05cc9f"
"Adnan","Adeeb","Adnan Adeeb","https://www.linkedin.com/in/adnanadeeb","मैं Yoddha I Devilslayer I Founder I Entrepreneur I Investor I Motivational Speaker","comment","Is this a sport only for the elite and rich ?","2024-03-31T05:41:31.218Z","No","urn:li:comment:(activity:7180065826794868736,7180076727526678528)","6a504cc37b68b9bf6309c1db3ec8fa15df4eb8a8d0c2f32ea10e43bb902f9943","0","No","No","urn:li:activity:7180065826794868736","3bf7595ddf60ced87b372d90a1ea379a104a9eb03d581c11973bc1588a05cc9f"
"Piyush","Sanduja","Piyush Sanduja","https://www.linkedin.com/in/piyushsanduja","IIT | ISB | Agenda+Health(4K+Doctors | 20M+Imp.) | Apollo24|7","comment","In his field, there is no scope of the fear of failure as the cost of failure (losing one’s life) is too high. How did he prepare his mind to accomodate or overcome it?","2024-03-31T05:31:30.262Z","No","urn:li:comment:(activity:7180065826794868736,7180074206934495232)","ebbe2728e9bd2a560c18ba791cdf0a5123048be6bebf088fc9e96be23b09a44c","0","No","No","urn:li:activity:7180065826794868736","3bf7595ddf60ced87b372d90a1ea379a104a9eb03d581c11973bc1588a05cc9f"
"Nikunj","N Sinha, CTP","Nikunj N Sinha, CTP","https://www.linkedin.com/in/nikunj-n-sinha-ctp-5aa98820","Zonal Head - Financial Mkts @IDFC First | Catalyst | Learner | Ex- Kotak | Ex- HDFC | Fintech | Bhagvad Gita Enthusiast","comment","He went on from his journey of driving fast & furious Formula 1 to being a startup Entrepreneur of DriveX. What had to be changed in his mental makeup to accept this transition? Key learnings which will be useful for the audience..","2024-03-31T05:28:58.793Z","No","urn:li:comment:(activity:7180065826794868736,7180073571627491329)","36a2216949aa49b44640b249897b7c7e6232f6dcc465d9ed3500a18551edb1c5","0","No","No","urn:li:activity:7180065826794868736","3bf7595ddf60ced87b372d90a1ea379a104a9eb03d581c11973bc1588a05cc9f"
"Hitesh","Bhatia","Hitesh Bhatia","https://www.linkedin.com/in/hbhatia","Founder at JoiningHands | Family Constellation & Regression Therapist | Building a supportive community for healing & self-discovery","comment","At that speed data processing happens at rocket science speed. 
When he’s behind the wheel does he rely on data or intuition?","2024-03-31T05:18:55.126Z","No","urn:li:comment:(activity:7180065826794868736,7180071039664611328)","9bfbc2dd4be15f6d6d356fb81ba580d7ab339c103491816d5086b9b21ae6b72a","0","No","No","urn:li:activity:7180065826794868736","3bf7595ddf60ced87b372d90a1ea379a104a9eb03d581c11973bc1588a05cc9f"