First Name,Last Name,Full Name,Profile URL,Headline,Type,Comment,Timestamp,Is Edited,Comment URN,Comment Hash,Replies Count,Is Post Author,Has Reply From Post Author,Post URN,Post Hash
"Nishant","Chaubey","Nishant Chaubey","https://www.linkedin.com/in/nishant-chaubey-abb82692","Sales Manager, Mumbai","comment","Valid point","2025-05-11T05:30:31.277Z","No","urn:li:comment:(activity:7321409975757520897,7327203432971292672)","002d2c25f8316e37db8bb8e9f41dee16b5ca8bb6aef969588b2ae1e867c00a39","0","No","No","urn:li:activity:7321409975757520897","4bd87a075d0c7dea05c15db3769a19b3198b0e633291e7d41ab9a0c5ff5413fa"
"Ajay","N.","Ajay N.","https://www.linkedin.com/in/ajaynaqvi","Brand storyteller, Business Builder for start-ups making lives better. Blueberry Farmer. X Coca-Cola India South Asia and Airbnb India. Co-founder/CEO.","comment","sometimes it even takes a lifetime commitment to become a farmer ;) ","2025-05-08T05:33:08.701Z","No","urn:li:comment:(activity:7321409975757520897,7326116929658667008)","0c2fac9bfb354c6273fa4306cba37afd0964bac4374007727ca0fbd2be80a6cd","0","No","No","urn:li:activity:7321409975757520897","4bd87a075d0c7dea05c15db3769a19b3198b0e633291e7d41ab9a0c5ff5413fa"
"Manvi","Sharma","Manvi Sharma","https://www.linkedin.com/in/from0to1","Fractional Chief of Staff for Founders, VCs and CxOs","comment","Consistency plays a crucial role too. It sounds boring until you realise it quietly builds everything you're chasing.","2025-05-07T08:56:20.567Z","No","urn:li:comment:(activity:7321409975757520897,7325805678181175296)","13242940a8dadf0890263609efa951206431366cf90812ace0dab308cb1e64e3","0","No","No","urn:li:activity:7321409975757520897","4bd87a075d0c7dea05c15db3769a19b3198b0e633291e7d41ab9a0c5ff5413fa"
"Charushree","Jibhkate, MD, Healthcare Management","Charushree Jibhkate, MD, Healthcare Management","https://www.linkedin.com/in/charushree-jibhkate-md-healthcare-management-6027a7220","Curious mind connecting dots | Clinician | Digital Health ǀ HealthTech ǀ Healthcare Management ǀ AI in Healthcare | NABH assessor(HOPE)","comment","There is so much noise around us telling one product is going to solve everything without putting much effort...we don't want boring....we lose interest when we don't see immediate results","2025-05-05T04:19:49.722Z","No","urn:li:comment:(activity:7321409975757520897,7325011315398266880)","c4e5cc2354f0b6edca49e9ad7537b3ce4cffffc26ac33f13ea4d13a3dd0d2fa5","0","No","No","urn:li:activity:7321409975757520897","4bd87a075d0c7dea05c15db3769a19b3198b0e633291e7d41ab9a0c5ff5413fa"
"Lindsey","Frances","Lindsey Frances","https://www.linkedin.com/in/lindseyfrances","Legacy Advisor to High Achievers | Create Purpose, Peace & Satisfaction | Performance Psychologist | Clinical Sophrologist | Success Addiction Coach | Behaviour Change Workshops & Retreats | RICH SIMPLE HUMAN PODCAST","comment","Ozzie Strbac create more capacity OR more resilience OR better boundaries? The challenge we face as we become enlightened is we feel more deeply so we have less tolerance. It’s quite painful. What do you suggest?","2025-05-04T10:51:36.440Z","No","urn:li:comment:(activity:7321409975757520897,7324747521862365184)","bbfbbf8d7e4dae5d42e61ba81e1c20fff9cfe2dac14690226d2ef3dc16bed9a0","0","No","No","urn:li:activity:7321409975757520897","4bd87a075d0c7dea05c15db3769a19b3198b0e633291e7d41ab9a0c5ff5413fa"
"Lindsey","Frances","Lindsey Frances","https://www.linkedin.com/in/lindseyfrances","Legacy Advisor to High Achievers | Create Purpose, Peace & Satisfaction | Performance Psychologist | Clinical Sophrologist | Success Addiction Coach | Behaviour Change Workshops & Retreats | RICH SIMPLE HUMAN PODCAST","comment","Do the boring stuff. Sleep. Dilip Kumar let’s share our top sleep tips 😴","2025-05-04T10:47:42.808Z","No","urn:li:comment:(activity:7321409975757520897,7324746541934551040)","9f437e4d767dfd9b52fd4200aeb8f2668bf9792f9b934e421385a1016b01a73d","0","No","No","urn:li:activity:7321409975757520897","4bd87a075d0c7dea05c15db3769a19b3198b0e633291e7d41ab9a0c5ff5413fa"
"June","Pagan","June Pagan","https://www.linkedin.com/in/june-pagan-18a0122b1","Integrative Chef","comment","Eating well should not be boring, it should be invigorating and produce a sense of calm. Even better if meals are shared.","2025-05-03T13:22:40.323Z","No","urn:li:comment:(activity:7321409975757520897,7324423150669119488)","c8b9debca969ab012e8bf0932a77b06f7c563fdeeb1c507daa9df97e5e7aa902","0","No","No","urn:li:activity:7321409975757520897","4bd87a075d0c7dea05c15db3769a19b3198b0e633291e7d41ab9a0c5ff5413fa"
"Dr","Jyothirmayi MD, MRCPsych","Dr Jyothirmayi MD, MRCPsych","https://www.linkedin.com/in/jyothirmayi","Neuro Psychiatrist | Mental Health, Sleep & Pain Specialist | Holistic Care (Med, Therapy, rTMS, VR, Yoga, Diet) | Gold Medalist | TEDx & International Speaker | Awarded Top Doctors South - India Today","comment","Truth! Everyone’s chasing longevity like it’s a tech upgrade, but skip the basics and it’s just a longer buffering screen. 

Sleep, movement, food… and don’t forget sanity. What’s the point of a long life if your mind’s burnt out halfway?","2025-05-02T01:42:27.514Z","No","urn:li:comment:(activity:7321409975757520897,7323884548314816513)","b4885736a148c74256f72a81ccde1ce17d13624d5289b940faf2c891e7478782","2","No","No","urn:li:activity:7321409975757520897","4bd87a075d0c7dea05c15db3769a19b3198b0e633291e7d41ab9a0c5ff5413fa"
"Amish","Mody","Amish Mody","https://www.linkedin.com/in/amish-mody-3a65aa6","Democratizing Organic Food in Mumbai | Founder, Organik Truck | Making Clean, Pesticide-Free Produce Affordable & Accessible","comment","Great point Dilip Kumar. Thanks for sharing. 

Most people still overlook the importance of holistic eating—choosing convenience and price over clean, organic food. What we eat literally becomes us, yet toxic chemicals continue to find a way into our diets.

Today, less than 1% of urban India consumes organic food.

That’s where Organik Truck steps in—making wholesome, organic food more affordable and accessible in Mumbai. Finally, clean eating is no longer out of reach.","2025-04-29T16:55:05.064Z","No","urn:li:comment:(activity:7321409975757520897,7323027054533177345)","507ba7e4d0072682ff68debd6c882a9c17660842d4c37b637d2af98b8cc177d7","0","No","No","urn:li:activity:7321409975757520897","4bd87a075d0c7dea05c15db3769a19b3198b0e633291e7d41ab9a0c5ff5413fa"
"Ronak","Vora","Ronak Vora","https://www.linkedin.com/in/theronakvora","💵 Helping founders raise funds @Build3 ⚡Coach to founders and CEOs to master their energy and nervous system 🤜 Ex-Fitness startup founder and author","comment","Most realise only after a hit or a long medical bill, sadly.","2025-04-29T11:25:51.131Z","No","urn:li:comment:(activity:7321409975757520897,7322944200528879616)","2ed02d205d4e6fc1cfc3d70571686114ff4aaad72ead9df422afd442b5352e44","0","No","No","urn:li:activity:7321409975757520897","4bd87a075d0c7dea05c15db3769a19b3198b0e633291e7d41ab9a0c5ff5413fa"
"MANJITH","RAJ PR","MANJITH RAJ PR","https://www.linkedin.com/in/manjithrajpr","Data Science & AI ""Python / SQL / Tableau / Machine Learning / Data Science""","comment","Just consistency on the basic boring stuff is the hack 💯","2025-04-29T03:48:40.515Z","No","urn:li:comment:(activity:7321409975757520897,7322829148186411008)","7624d1418fe38b65158274e0be35d0378742111db286b7e654d31c22680716d8","0","No","No","urn:li:activity:7321409975757520897","4bd87a075d0c7dea05c15db3769a19b3198b0e633291e7d41ab9a0c5ff5413fa"
"Agam","Chaudhary","Agam Chaudhary","https://www.linkedin.com/in/agamchaudhary","Founder & CEO – Two99 | Creator – Binary Wall & GenShark","comment","The real pursuit is not living longer, it is living better for longer. Most people underestimate how much the ordinary disciplines: food, movement, and sleep shape an extraordinary life over decades. It is not glamorous, but it is what endures.","2025-04-26T19:42:44.662Z","No","urn:li:comment:(activity:7321409975757520897,7321982083944300545)","5f53d79184302e93d626a40ddc467f8a13587e7fcb267005a73b3e450fd9780e","0","No","No","urn:li:activity:7321409975757520897","4bd87a075d0c7dea05c15db3769a19b3198b0e633291e7d41ab9a0c5ff5413fa"
"Arushi","Pandey","Arushi Pandey","https://www.linkedin.com/in/arushi-pandey-9a802272","Building RevRag AI I Former National Golfer","comment","Discipline builds longevity — but the real win is making it fun. Cross that barrier, enjoy the process, and tweak it to fit you. That’s how you stay in the game.","2025-04-26T13:12:11.275Z","No","urn:li:comment:(activity:7321409975757520897,7321883797195567104)","d32f32706ea003ddb31ab034220b3ee0cc4729962286388c323bbdb36fd6abc7","0","No","No","urn:li:activity:7321409975757520897","4bd87a075d0c7dea05c15db3769a19b3198b0e633291e7d41ab9a0c5ff5413fa"
"Ashish","Airon","Ashish Airon","https://www.linkedin.com/in/ashishairon","Cognitensor | BlitzBusiness Podcast | Forbes 30U30 Asia | Mentor @ Niti Aayog (Govt. of India)","comment","maybe a longevity pill is not so far off :D","2025-04-26T10:37:36.119Z","No","urn:li:comment:(activity:7321409975757520897,7321844894375849984)","2d6c20b7cb3d25529597d4f9aa944b51c0457d4007fe0da70b617d7b84c3e2f5","0","No","No","urn:li:activity:7321409975757520897","4bd87a075d0c7dea05c15db3769a19b3198b0e633291e7d41ab9a0c5ff5413fa"
"Prince","Awana","Prince Awana","https://www.linkedin.com/in/prince-awana","Corporate Lawyer @ VC Fund | VC fellow | Climate & Sustainability Enthusiast | Advocate for mental health |","comment","People don't realise how painful a long life with poor health can be. Medicines can bring you longevity but not good health.","2025-04-26T07:47:47.807Z","No","urn:li:comment:(activity:7321409975757520897,7321802161493856256)","5395da2e1b39c2085231862b5c1ed72bdf0aa51dfb78580a9dab8c41baf0d4db","0","No","No","urn:li:activity:7321409975757520897","4bd87a075d0c7dea05c15db3769a19b3198b0e633291e7d41ab9a0c5ff5413fa"
"Prerna","Vaswani","Prerna Vaswani","https://www.linkedin.com/in/prerna-vaswani-a3941836","Founder - afterdark.co.in","comment","The life is in the boring and slow moments only","2025-04-26T06:40:37.732Z","No","urn:li:comment:(activity:7321409975757520897,7321785258134130690)","38085833064212b491a2f762302552aabd8ae88f3086f049ef1566ac7b98a6e8","0","No","No","urn:li:activity:7321409975757520897","4bd87a075d0c7dea05c15db3769a19b3198b0e633291e7d41ab9a0c5ff5413fa"
"Shiyam","Christopher MD, MBA","Shiyam Christopher MD, MBA","https://www.linkedin.com/in/drshiyamchris","Physician | Nutrition Information System Specialist | Digital Health | Elite Wellness Coach for HNWIs & C-Suite Executives","comment","Anyone wishing to live forever is just being delusional

We all should aim for longevity that shouldn't turn us into burdens for ourselves, family and others.

I felt quite surprised when a woman once wished for death for her dear husband. The man has been battling a terminal illness that drained the family's finances and demanded so much care. It was very evident the family was stressed so thin","2025-04-25T17:27:20.478Z","No","urn:li:comment:(activity:7321409975757520897,7321585620781285376)","722b9413054f1c5528d64f189f249ae24d196b734b8349ca279a3bd7bb73b838","0","No","No","urn:li:activity:7321409975757520897","4bd87a075d0c7dea05c15db3769a19b3198b0e633291e7d41ab9a0c5ff5413fa"
"Pets","of Paradise","Pets of Paradise","","1,212 followers","comment","The secret to a long and happy tail-wagging life? Good habits make all the difference 🐾.","2025-04-25T14:26:58.999Z","No","urn:li:comment:(activity:7321409975757520897,7321540232208695297)","d4f287f89e1a93a56dea2170d9fe0cb9413568a12e50732336590014ae23a061","0","No","No","urn:li:activity:7321409975757520897","4bd87a075d0c7dea05c15db3769a19b3198b0e633291e7d41ab9a0c5ff5413fa"
"Meghana","Bhat","Meghana Bhat","https://www.linkedin.com/in/meghanabhat","Co-founder@Early.partners. Part of the Talented Grid of Companies.","comment","Longevity I think is about renewal more than living longer","2025-04-25T12:57:52.979Z","No","urn:li:comment:(activity:7321409975757520897,7321517809375625218)","0125242827123e49ff20100eb64c3c2c0b591ac5ed288ef6b38657b2d713490f","0","No","No","urn:li:activity:7321409975757520897","4bd87a075d0c7dea05c15db3769a19b3198b0e633291e7d41ab9a0c5ff5413fa"
"Vaniya","Dangwal Eternal","Vaniya Dangwal Eternal","https://www.linkedin.com/in/vaniyadangwal","Founder | Building Communities | Strategic Partnerships & Alliances | Former Tennis Pro","comment","Most good things we can do for our health are free. Exercise, good quality sleep, sunlight, moving around!","2025-04-25T11:27:34.006Z","No","urn:li:comment:(activity:7321409975757520897,7321495080555503618)","6d2d5dffb6e27a63f48658941b5888939f4df80284fb8f10f73df47d90a63d9d","0","No","No","urn:li:activity:7321409975757520897","4bd87a075d0c7dea05c15db3769a19b3198b0e633291e7d41ab9a0c5ff5413fa"
"Harsh","Kherwal","Harsh Kherwal","https://www.linkedin.com/in/harsh1911","Co-Founder @ VixelBiz | Faster customer acquisition for B2B through outreach activities","comment","Dilip Kumar, I agree. Everyone wants hacks, but the real cheat code is consistency with the boring basics.","2025-04-25T10:55:09.255Z","No","urn:li:comment:(activity:7321409975757520897,7321486923678601217)","176e071927145bec885fc6d8127d1b82227a39b5faf38334daf74370a1a3f576","0","No","No","urn:li:activity:7321409975757520897","4bd87a075d0c7dea05c15db3769a19b3198b0e633291e7d41ab9a0c5ff5413fa"
"Prashant","Rajput","Prashant Rajput","https://www.linkedin.com/in/prashant-rajput-77698419","SW Test Engineer, Incident management handling, Production management support, Change management, Application support, Release management,","comment","Discipline life is must to be healthy. No outside food, wake up early morning, sleep on time. These some small small steps can keep u healthy.","2025-04-25T10:44:41.744Z","No","urn:li:comment:(activity:7321409975757520897,7321484291706642433)","507d787de690d23c9a050b42018c6018fc77db88b99e0781dfdc02e576d620d1","0","No","No","urn:li:activity:7321409975757520897","4bd87a075d0c7dea05c15db3769a19b3198b0e633291e7d41ab9a0c5ff5413fa"
"Nishant","Bhardwaj","Nishant Bhardwaj","https://www.linkedin.com/in/nishantbhardwaj11","Helping brands to sell inside LLMs with PingAura.ai I 3x Founder, Podcaster, Keynote & 2x Tedx Speaker I iRun Marathons in Suits l Ironman","comment","I have traveled across blue zones as well as have been pursuing Ultra Fitness pursuits, Dilip Kumar I have realised one thing very clearly that Climatech and Longevity have to go hand in hand! No matter how much workout we do, with bad air, adulteration in food and water one can't expect to live longer! Pollution, Bad diet & no movement are the biggest enemy of our country!","2025-04-25T10:05:51.911Z","No","urn:li:comment:(activity:7321409975757520897,7321474519678836736)","4cff852cdbc22639a9a8fbdc51faa3e483c4962faadd1c52fac17e4c42819b06","0","No","No","urn:li:activity:7321409975757520897","4bd87a075d0c7dea05c15db3769a19b3198b0e633291e7d41ab9a0c5ff5413fa"
"Rohit","Ramesh","Rohit Ramesh","https://www.linkedin.com/in/rohit-ramesh","Helping businesses grow organically through SEO, Social Media & Content Marketing | WordPress Website Creator | 7+ yrs driving visibility & engagement that converts","comment","Dilip Kumar

Absolutely nailed it.

People chase life hacks and magic pills, but the real secret is consistency in the basics.

Eat clean, move daily, sleep enough — it’s not glamorous, but it works.

Longevity isn’t just about years — it’s about quality in those years. 

Living, not just surviving.","2025-04-25T09:56:41.274Z","No","urn:li:comment:(activity:7321409975757520897,7321472210139860993)","4116937b59edca333fe54f40eaf9819e0721fadc31805d66d8a1487622fe25b5","0","No","No","urn:li:activity:7321409975757520897","4bd87a075d0c7dea05c15db3769a19b3198b0e633291e7d41ab9a0c5ff5413fa"
"Amar","Haksar","Amar Haksar","https://www.linkedin.com/in/amarhaksar","Master Mindset & Performance Coach/Motivational Speaker/Fitness+Life+Executive Coach/Endurance Enthusiast. 1st Indian to cycle 5,700kms sole/unsupported across USA & 1,500+ consecutive day triathlon activity streak.","comment","Bang on Dilip Kumar …and you know what I’m going to say next…MINDSET first 😀

The “boring stuff” mentioned above has been known forever…no amount of health-tech solutions, biohacks and supplements, which is what everyone seems to be “investing” in, will ever change that fundamental truth. 

The fact is that if mindsets were changed, there would be no need for a lot of those money-making solutions…kind of like if folks lived healthy lives, the medical industry would suffer 😀","2025-04-25T09:35:45.446Z","No","urn:li:comment:(activity:7321409975757520897,7321466942819606528)","ef5a89b7ad4466aa4d44b842c859ac1c496851fa356eca23570af82dcb9a274e","0","No","No","urn:li:activity:7321409975757520897","4bd87a075d0c7dea05c15db3769a19b3198b0e633291e7d41ab9a0c5ff5413fa"
"Dainis","Hirv","Dainis Hirv","https://www.linkedin.com/in/dainis-hirv-1731281b8","Sports fanatic. Obsessed with all things health, wellness and fitness.","comment","The late, great Kobe Bryant put it best:  

“Why do you think I'm the best player in the world? Because I never get bored with the basics. I never get bored with the basics.”

Just because something is basic doesn’t mean it’s easy.","2025-04-25T09:02:33.821Z","No","urn:li:comment:(activity:7321409975757520897,7321458589334687757)","5201bea016fc48ec4e2b0f2d80e77ac62aa09fd8f05ec39a18db572a8143f39d","0","No","No","urn:li:activity:7321409975757520897","4bd87a075d0c7dea05c15db3769a19b3198b0e633291e7d41ab9a0c5ff5413fa"
"Neeraj","Kumar Yadav","Neeraj Kumar Yadav","https://www.linkedin.com/in/neeraj-kumar-yadav-72b38133","Founder @ The Kenko Life | Healthy Food, Nutrition, Sales, Business Strategy","comment","Dilip Kumar thanks for putting this in the simplest way possible, there is no magic hack to longevity.

It’s always Nutrion , movement and Sleep which takes priority over everything that’s fancy in the market 

The Kenko Life can take care of eating right part for anyone who is struggling to eat healthy.","2025-04-25T08:57:03.661Z","No","urn:li:comment:(activity:7321409975757520897,7321457204543307777)","3cbcf0d447913701ee872eccd4f2dada2e08531b8f327f17f6c62a0a1952d911","0","No","No","urn:li:activity:7321409975757520897","4bd87a075d0c7dea05c15db3769a19b3198b0e633291e7d41ab9a0c5ff5413fa"
"Rohan","Kapur","Rohan Kapur","https://www.linkedin.com/in/rohankapur1","Founder at BYOB - Your Personal Brand Manager that EXECUTES | Published Author | Ghostwriter | Resume Writer","comment","Spot on.

Celebrating a big monetary win in the stock market with alcohol, leads to more chances of you not being able to enjoy the benefits of those wins 😊 

We need to transition to celebrating special occasions at gyms and salad bars 😅","2025-04-25T08:41:59.944Z","No","urn:li:comment:(activity:7321409975757520897,7321453414079475712)","73486cb9e030b45d0c40d2c63b5fbedbe8e06bdf8fd7a772b824678e44f0b757","0","No","No","urn:li:activity:7321409975757520897","4bd87a075d0c7dea05c15db3769a19b3198b0e633291e7d41ab9a0c5ff5413fa"
"Prasad","V L","Prasad V L","https://www.linkedin.com/in/prasadvl","CEO & Managing Director at Teligenz Tech Solutions Pvt Ltd","comment","I have noticed a pattern - that these topics usually get mired in debates around what works and what doesn’t work, what is good, what is bad, etc.

There are enough people who will vouch for intermittent fasting - whereas there will be others who will vouch for not fasting, and eating small meals multiple times a day.

There are people who will say don’t eat X, and others who will say, eat only X! And no matter what X is, you will find someone to fight for it!

And there are some, like Warren Buffet who eat burgers and drink Coke - and are fully fit at 90!

For such an important topic, something that impacts everyone, the level of confusion you see, is simply mind boggling!

Invariably, the point that gets lost in all the noise - is that it’s not about which specific model you adopt. It’s about the fact that you adopt it fully - not just pick and choose what suits you, what is convenient!

I am sure there will be someone in the planet who will endorse eating ice cream all day, and running a marathon to burn it all off, and swears that it works for them! Don’t just pick the ice cream, if you aren’t going to also run the marathon!!","2025-04-25T08:29:25.488Z","No","urn:li:comment:(activity:7321409975757520897,7321450249661685761)","207272f5a4c30b5da9e62f2d4aee7a408cc1c4833f6ff13756b25918b7eb67be","0","No","No","urn:li:activity:7321409975757520897","4bd87a075d0c7dea05c15db3769a19b3198b0e633291e7d41ab9a0c5ff5413fa"
"Riitu","Chugh","Riitu Chugh","https://www.linkedin.com/in/riituchugh","Brand Planner by Discipline, Marketer, Creator. Working with Gen AI to deliver scalable performance for brands & start-ups","comment","One should aim for an outstanding quality of life as long as one is alive. That takes effort and consistency.  That can be boring. And who wants to keep making the effort. But anyone who sees the light at the end of the tunnel will persevere. I can count on the fingers of one hand the times I have missed my daily workout with my trainer. Even with a torn knee muscle I would sit and work out. Consistency builds motivation. Not the other way round.","2025-04-25T07:52:50.321Z","No","urn:li:comment:(activity:7321409975757520897,7321441042468118529)","f88a26e47011b527c7bb9dad84f4cd91033074afe644c8f6d3aa8cd7931d13d2","0","No","No","urn:li:activity:7321409975757520897","4bd87a075d0c7dea05c15db3769a19b3198b0e633291e7d41ab9a0c5ff5413fa"
"Runam","Mehta","Runam Mehta","https://www.linkedin.com/in/runammehta","Health Tech Growth Leader | Longevity & HealthSpan Solutions | Championing Women’s Health | Active Ageing Enthusiast | Tackling the Middle-Age Slump | BW Healthcare 40 U40","comment","Healthspan >>>>> Lifespan","2025-04-25T07:36:42.706Z","No","urn:li:comment:(activity:7321409975757520897,7321436983992508417)","f7f01e8c5132a58b70373ad8f3879cb65e8cfafc75dc5d97c9654f45b3a368a2","0","No","No","urn:li:activity:7321409975757520897","4bd87a075d0c7dea05c15db3769a19b3198b0e633291e7d41ab9a0c5ff5413fa"
"Shikha","Prakash","Shikha Prakash","https://www.linkedin.com/in/vaidyashikhaprakash","Ayurvedic Physician & CEO Padaav- Speciality Ayurvedic Treatment Center | Evidence-Based Ayurveda | IIM-B NSRCEL ’23 | ISB AYG ’24 | Aspire Fellow","comment","Success in anything comes from doing the simple, often boring things consistently. This holds true for longevity as well.","2025-04-25T06:53:23.617Z","No","urn:li:comment:(activity:7321409975757520897,7321426082623025154)","31f9ee0c88eb1f6a90c36c079b79104bb7d4de9eab61e2294a10705bd29d1eb7","0","No","No","urn:li:activity:7321409975757520897","4bd87a075d0c7dea05c15db3769a19b3198b0e633291e7d41ab9a0c5ff5413fa"
"Hitesh","Bhatia","Hitesh Bhatia","https://www.linkedin.com/in/hbhatia","Founder at JoiningHands | Family Constellation & Regression Therapist | Building a supportive community for healing & self-discovery","comment","Health is most misused and misunderstood word of our generation. 

The key question to ask, what is it that you want to live longer for? Therein lies the answer to longevity. ","2025-04-25T06:48:53.424Z","No","urn:li:comment:(activity:7321409975757520897,7321424949351538688)","14bb083a4a5670d7ec6d6756d3673199907ef966e9d77af44354d62595592ab1","2","No","No","urn:li:activity:7321409975757520897","4bd87a075d0c7dea05c15db3769a19b3198b0e633291e7d41ab9a0c5ff5413fa"
"Sarika","Panchhi","Sarika Panchhi","https://www.linkedin.com/in/sarika-panchhi-37467814","Founder & CEO, JiViSa Wellness – Clean Skin & Wellness Brand | Founder, WG Collective – Brand Strategy & Events","comment","Dilip, so true, now apply this to everything life and you’ll see the same logic applies:

* Everyone wants to have a good relationship, but very few want to get to the depth of it and make it work.

* All founders want to build a big company, but very few people actually want to do the mundane stuff to building things one block at a time. 


* Health, money , purpose, life. Everyone wants a shortcut, without accepting the trade off.","2025-04-25T06:48:35.154Z","No","urn:li:comment:(activity:7321409975757520897,7321424872721514496)","b4adb396b74bada27eaaf198ed1935b95c41923ca3f6c9f4c4aa4adbc3968ca5","0","No","No","urn:li:activity:7321409975757520897","4bd87a075d0c7dea05c15db3769a19b3198b0e633291e7d41ab9a0c5ff5413fa"
"Dinesh","Arora","Dinesh Arora","https://www.linkedin.com/in/dinesh-k-arora","Growth & Marketing Leader | 17+ yrs | I build scalable growth engines for B2C brands | Fintech, EdTech, E-com","comment","I don’t want to live forever. I just want to be able to climb stairs without pain at 70, and dance at my grandkid’s wedding at 80.","2025-04-25T06:41:35.078Z","No","urn:li:comment:(activity:7321409975757520897,7321423110795104256)","28309f4e3d5df4d2359cbcef4c6d8361246e354bf46d9c11fc6d980b92f88328","0","No","No","urn:li:activity:7321409975757520897","4bd87a075d0c7dea05c15db3769a19b3198b0e633291e7d41ab9a0c5ff5413fa"
"VINOD","TYAGUNATTAMAI RAJARAO","VINOD TYAGUNATTAMAI RAJARAO","https://www.linkedin.com/in/vinod-tyagunattamai-rajarao-b47a9428","Experience in Oil & Gas, offshore platforms, Pipelines commissioning as Operations specialist","comment","I practise","2025-04-25T06:39:46.347Z","No","urn:li:comment:(activity:7321409975757520897,7321422654744248321)","00124ba44b2eea9fd53cbc76578b9c8bc9df2997a7831961aa29d2a98f578e81","0","No","No","urn:li:activity:7321409975757520897","4bd87a075d0c7dea05c15db3769a19b3198b0e633291e7d41ab9a0c5ff5413fa"
"Ammar","J.","Ammar J.","https://www.linkedin.com/in/ammarj","Healthcare | AI","comment","We need to rebrand the space as healthy ageing, else we’re not tackling chronic disease morbidity","2025-04-25T06:38:47.168Z","No","urn:li:comment:(activity:7321409975757520897,7321422406529482752)","ae3bebbf49b0c0ffd5e0a66af63ae7dacf5c67118d8d747e490812cbe7ef4656","0","No","No","urn:li:activity:7321409975757520897","4bd87a075d0c7dea05c15db3769a19b3198b0e633291e7d41ab9a0c5ff5413fa"
"Ankita","Gupta","Ankita Gupta","https://www.linkedin.com/in/ankita-gupta-5a311322","Founder @ Skylar Studio | Webflow & UX Designer | 7+ Years of Designing Digital Experiences | 50+ Brands Served","comment","Living forever is not really an aim for many, it's the ability to remain independent even in your elderly years, which is the dream, not just financially but physically as well. But many people aim towards achieving financial freedom while neglecting their physical aspect.","2025-04-25T06:35:45.281Z","No","urn:li:comment:(activity:7321409975757520897,7321421643640201217)","fbfa0caa1d74826ebeb8195ee22f9c88bb777ae0157429c59e8c742039296c88","0","No","No","urn:li:activity:7321409975757520897","4bd87a075d0c7dea05c15db3769a19b3198b0e633291e7d41ab9a0c5ff5413fa"
"Suraj","Garia ⚞","Suraj Garia ⚞","https://www.linkedin.com/in/heygaria","Fundraising Strategist (Series A+), IIT Bombay","comment","Healthspan >>> Lifespan","2025-04-25T06:33:25.274Z","No","urn:li:comment:(activity:7321409975757520897,7321421056408215552)","9d3cff93b0a0eb8fbf5e1971d7bbfb62160250aace1dc546f415e8c7fc3554ce","0","No","No","urn:li:activity:7321409975757520897","4bd87a075d0c7dea05c15db3769a19b3198b0e633291e7d41ab9a0c5ff5413fa"
"Prateek","Srivastava","Prateek Srivastava","https://www.linkedin.com/in/prateek-srivastava","Lead Solution Engineer @ AsInt","comment","Grandmother turned 81 in January. Still wakes up before 4, does her usual clap exercise and pranayam. Eats seasonal vegetables and fruits. Fitter than most people at home. No disease since idk when. Following the same routine since her teenage.","2025-04-25T06:32:47.888Z","No","urn:li:comment:(activity:7321409975757520897,7321420899600011264)","ae624c702579b7ec73fbc9cb64a5da2d3a2417b62ae4fb3422b7da72a9c4cab6","0","No","No","urn:li:activity:7321409975757520897","4bd87a075d0c7dea05c15db3769a19b3198b0e633291e7d41ab9a0c5ff5413fa"
"Aakriti","Sethi","Aakriti Sethi","https://www.linkedin.com/in/aakriti-sethi-","COO at Divyansh International | Nuts & Dry Fruits Supplier for Food Brands | Counselling Psychologist | Emotional Wellness Coach | SEL Educator","comment","Taking it as a reminder for the day! :)","2025-04-25T06:28:01.100Z","No","urn:li:comment:(activity:7321409975757520897,7321419696723881984)","ab94dcdd659efba9144ae8d92907c3cbe37eff2106c971d001b8d4f2c49c7caa","0","No","No","urn:li:activity:7321409975757520897","4bd87a075d0c7dea05c15db3769a19b3198b0e633291e7d41ab9a0c5ff5413fa"
"Ajit","Narayan","Ajit Narayan","https://www.linkedin.com/in/knajit","Ex- VP Marketing | Now Full-time Trader | Building My 1st Million $$$$ | Story-teller | Sadhaka","comment","You know Dilip one of the things that I wonder about from a longevity perspective is how do the Himalayan Sadhus live way longer than the average person? Actually, what I really wonder about - there are several companies trying to solve the longevity problem but none seem to study what helps the Sadhus live longer? Why not look at longevity from a spiritual perspective - is there a blind spot because it doesn't align with usual corporate / business culture?","2025-04-25T06:24:57.506Z","No","urn:li:comment:(activity:7321409975757520897,7321418926674886656)","2c259824464283c13e1c85043fee9d7c993dfb00c8157f9b482b799ff921fbdf","2","No","No","urn:li:activity:7321409975757520897","4bd87a075d0c7dea05c15db3769a19b3198b0e633291e7d41ab9a0c5ff5413fa"
"Karan","Sancheti","Karan Sancheti","https://www.linkedin.com/in/karan-sancheti-4b858215a","Building Saaya","comment","Health-span over Lifespan","2025-04-25T06:21:09.964Z","No","urn:li:comment:(activity:7321409975757520897,7321417972298792960)","ef832152d783145ba823e540c033a674eb3e15f1d2415d19bee7a5ac16be179a","0","No","No","urn:li:activity:7321409975757520897","4bd87a075d0c7dea05c15db3769a19b3198b0e633291e7d41ab9a0c5ff5413fa"
"Nitin","Parmar","Nitin Parmar","https://www.linkedin.com/in/iamnitinparmar","C.A. Helping Entrepreneurs Manage Cash flows & Multiply profits | Virtual CFO| Business Loan Expert | Process Improvement | Outsourced Accounting & Bookkeeping (US & UK) | Speaker | Entrepreneur","comment","Well said Dilip","2025-04-25T06:19:54.801Z","No","urn:li:comment:(activity:7321409975757520897,7321417657038061568)","a6928a3ca01b8917c11e2dc57a839599518f08a3656a09d7c4d336df4252d597","0","No","No","urn:li:activity:7321409975757520897","4bd87a075d0c7dea05c15db3769a19b3198b0e633291e7d41ab9a0c5ff5413fa"
"Neeraj","Gupta","Neeraj Gupta","https://www.linkedin.com/in/ng-4273","Co-Founder(CPO) @ Revrag.ai | All things Product & Strategy | IIT Kharagpur","comment","The “truth bomb:”  People want to live longer, but then skip sleep, binge junk, and treat movement like a chore. Longevity compounds of small, boring habits.","2025-04-25T06:18:45.422Z","No","urn:li:comment:(activity:7321409975757520897,7321417366041501696)","4a2eb3dbf60e1baaa9d3e765fdc4bbbb3542418f64f3b2fcc634a82cf59c7847","0","No","No","urn:li:activity:7321409975757520897","4bd87a075d0c7dea05c15db3769a19b3198b0e633291e7d41ab9a0c5ff5413fa"
"Vani","Bhalla Pahwa","Vani Bhalla Pahwa","https://www.linkedin.com/in/vanipahwa","Senior Healthcare Leader & Strategist | Founder, Body In Motion | Advancing Preventive Healthcare, Chronic Illness Rehabilitation & Sustainable Performance Globally","comment","Longevity requires consistency—eat right, move, and sleep well to stay healthy and capable longer! Dilip Kumar ","2025-04-25T06:13:55.014Z","No","urn:li:comment:(activity:7321409975757520897,7321416147982032896)","d3786b44454316bd13b25ec1745b9868cea82d3c015b13c835a1a666d1906b55","1","No","No","urn:li:activity:7321409975757520897","4bd87a075d0c7dea05c15db3769a19b3198b0e633291e7d41ab9a0c5ff5413fa"
"Kumaar","Bagrodia","Kumaar Bagrodia","https://www.linkedin.com/in/kbagrodia","Neuroscience, Longevity, High Performance, Cellular Healing, Brain Computer Interface, Photobiomodulation, Mental Health, Futurism, Neuro Economics, Deep Tech, Health Tech","comment","Absolutely. No longevity plan can help in the absence of complying with the basics","2025-04-25T06:09:53.091Z","No","urn:li:comment:(activity:7321409975757520897,7321415133283401729)","d335c40a219ec6cf4ca69448bfd8bbcffce52fbcff81614774b113b3beddffb0","0","No","No","urn:li:activity:7321409975757520897","4bd87a075d0c7dea05c15db3769a19b3198b0e633291e7d41ab9a0c5ff5413fa"
"CA","Natasha Ralkar Ghate","CA Natasha Ralkar Ghate","https://www.linkedin.com/in/rnatasha","I share personal-professional experiences | 75,000+ IG | If you’re looking for lazy tips to earn $50,000 an hour, you’re at the wrong place!","comment","There is a popular train of thought -
Living Fuller >> Living Longer
Any thoughts on how to strike the right balance when you’re faced with those inviting golden french fries?","2025-04-25T06:07:24.031Z","No","urn:li:comment:(activity:7321409975757520897,7321414508080521216)","3b8d900992a5deb815880a8afc4bdc5a6f39323ca1a1057a82dc221b76eeaf1f","0","No","No","urn:li:activity:7321409975757520897","4bd87a075d0c7dea05c15db3769a19b3198b0e633291e7d41ab9a0c5ff5413fa"
"Dr.","(Major) Sunil Kumar Yadav","Dr. (Major) Sunil Kumar Yadav","https://www.linkedin.com/in/dr-major-sunil-kumar-yadav-907b9530","Brutally honest as Mirror. Healthiest and Happiest. Head Medical Services, Navi Mumbai International Airport.","comment","Dear Dilip, no one wants to die early, thus, as per their understanding and efforts are doing all right things as advised. 
However, eat right, move and sleep well are efforts and not results, akin to all students visiting library don't score high marks, thus results are more important than efforts. 
Yes you may do these things but track results to confirm that you are gaining health. Results to be tracked are: Weight, Blood pressure, Blood sugar, heart rate and lipid profile and watch for positive impact on these parameters vs your healthy habits. ","2025-04-25T06:05:07.555Z","No","urn:li:comment:(activity:7321409975757520897,7321413935658618881)","7758eb614fd4aa92c46b0f26d2b63e93878795d65fedf5046208e98737a6219c","0","No","No","urn:li:activity:7321409975757520897","4bd87a075d0c7dea05c15db3769a19b3198b0e633291e7d41ab9a0c5ff5413fa"
"(Dharma)","Dharmendra Kumar","(Dharma) Dharmendra Kumar","https://www.linkedin.com/in/dharma-dharmendra-kumar-5a166327","Life & Executive Coach (@18Life) - I help with “What You Want & Don’t Want in Life” #HumanDesign Coach | Engineer (Er.) | Researcher | EAI (Entrepreneur, Advisor, Investor) | Vegan | Runner & Coach | Comedian | Filmmaker","comment","There are things called “Conscious”, “Free Will”, “Wants”. These are fundamental and unique to all of us, hence we exercise them in random way, which is their true nature. 

Btw, 
Those who are eating right, moving well, sleeping well, aren’t necessarily Healthy. 
Health is beyond these measurable aspects of life.","2025-04-25T06:04:41.848Z","No","urn:li:comment:(activity:7321409975757520897,7321413827835645953)","26fc835490393afbfae0022f2d4245ee0a4e3047fab4c96b8b3c216ecfecceb2","0","No","No","urn:li:activity:7321409975757520897","4bd87a075d0c7dea05c15db3769a19b3198b0e633291e7d41ab9a0c5ff5413fa"
"Nishank","Bhatia","Nishank Bhatia","https://www.linkedin.com/in/nishankbhatianb","I change the way you look at things ✨Marketing Leader | Global Brand Strategist | GTM & Growth Architect | Storyteller & Writer at Heart","comment","Dilip Kumar Truth. That's our mission statement at xLongevity.
""Longevity is not just about adding years to life, but life to years.""

Increasing the healthspan is the way forward!","2025-04-25T06:04:07.859Z","No","urn:li:comment:(activity:7321409975757520897,7321413685279703040)","981fab2556637aa993af79b042d28e0881631e106ccb648e58d6467fa85b4d9d","1","No","No","urn:li:activity:7321409975757520897","4bd87a075d0c7dea05c15db3769a19b3198b0e633291e7d41ab9a0c5ff5413fa"
"Arnab","Mitra","Arnab Mitra","https://www.linkedin.com/in/arnabin","CleanTech | Tinkerer | Explorer | Learner | (Perpetually) Under Construction","comment","My fitness goal is not to live forever; I am just doing whatever I can to avoid falling for lifestyle diseases (hit wicket). Also, people will go to any extent trying to find magic pills, diets, exercises, just about anything to avoid having to do the basics regularly. ","2025-04-25T06:04:06.554Z","No","urn:li:comment:(activity:7321409975757520897,7321413679806070784)","651e8baad3cc8b61ec51056484ce2c43502cabef73bf23230f8f9a9a9b62518b","0","No","No","urn:li:activity:7321409975757520897","4bd87a075d0c7dea05c15db3769a19b3198b0e633291e7d41ab9a0c5ff5413fa"
"NavYug","Kumar","NavYug Kumar","https://www.linkedin.com/in/n-kumar-isb","GTM Strategist | Entrepreneur","comment","Need a bit of your wisdom, Dilip Kumar
I work 10am–8pm, travel 4 hours daily, and can’t afford to shift closer to work just yet.

How can someone like me squeeze in a small workout?
I know I’m not the only one juggling this—would love your take.","2025-04-25T06:03:39.625Z","No","urn:li:comment:(activity:7321409975757520897,7321413566857633792)","0ca60f1256a5a94f512781f44fcd68c4c2559cd15f97dae2126e1da6c6c14e0e","6","No","No","urn:li:activity:7321409975757520897","4bd87a075d0c7dea05c15db3769a19b3198b0e633291e7d41ab9a0c5ff5413fa"
"Nikhil","Mishra","Nikhil Mishra","https://www.linkedin.com/in/storytellingwaalebhaiya","Don’t have time to post on LinkedIn? Don’t have rags to riches story? Struggling to build thought leadership - Read this profile | Effortless Storytelling and Personal Branding for Founders & CEOs | Storytelling Trainer","comment","Hindustan mein sabke paas healthy hone ke liye time aur paise nahi hai par bimaar hone ke liye sab kuch hai. 

Strange irony Dilip","2025-04-25T05:59:53.456Z","No","urn:li:comment:(activity:7321409975757520897,7321412618231930880)","b28930968b120a8819fbd272f831499a520ff964d7b4fad8ef24bd6e047210b5","1","No","No","urn:li:activity:7321409975757520897","4bd87a075d0c7dea05c15db3769a19b3198b0e633291e7d41ab9a0c5ff5413fa"
"Lawrie","Brand","Lawrie Brand","https://www.linkedin.com/in/lawrie-brand-1b732a46","Helping high-pressure professionals and leaders gain clarity, energy, discipline & emotional steadiness | Sustainable performance Coach | Run Your Life","comment","We need to focus on our Healthspan.
Instead of our lifespan.

We just need to master the fundamentals.
As you say they’re not exciting.
Yet they’re the key.","2025-04-25T05:53:54.341Z","No","urn:li:comment:(activity:7321409975757520897,7321411111994499074)","d23a2b495e04227bac6fee0d25700f2bc4240959db091f05c02a18c96b935366","0","No","No","urn:li:activity:7321409975757520897","4bd87a075d0c7dea05c15db3769a19b3198b0e633291e7d41ab9a0c5ff5413fa"
"Anindita","Chatterjee","Anindita Chatterjee","https://www.linkedin.com/in/anindita5","Writer & Creator | Sharing fresh takes on new-age brands, systems, and work life so you find value here every time ✨","comment","Absolutely! Staying healthy is like leveling up in a game, as each good choice makes you stronger! Dilip Kumar","2025-04-25T05:50:35.878Z","No","urn:li:comment:(activity:7321409975757520897,7321410279580295169)","71adbf1c39b25a34bd7d91294d76301f74fe5fda1e24471686b6257b33f7ccbf","0","No","No","urn:li:activity:7321409975757520897","4bd87a075d0c7dea05c15db3769a19b3198b0e633291e7d41ab9a0c5ff5413fa"
"Dr","Priti Zararia","Dr Priti Zararia","https://www.linkedin.com/in/pritizararia","Founder @GTM Unlocked | Driving Growth, Partnerships, Monetization for AI SaaS, Consumer-tech, D2C Startups | Ex Flipkart Group","comment","The compounding effect of the boring routine is staggering 🤩","2025-04-25T05:50:27.779Z","No","urn:li:comment:(activity:7321409975757520897,7321410245614813184)","2bb8fd0d061f806576c932c22237acfa00ab05bab02b32e66f9a1186a768f579","0","No","No","urn:li:activity:7321409975757520897","4bd87a075d0c7dea05c15db3769a19b3198b0e633291e7d41ab9a0c5ff5413fa"