First Name,Last Name,Full Name,Profile URL,Headline,Type,Comment,Timestamp,Is Edited,Comment URN,Comment Hash,Replies Count,Is Post Author,Has Reply From Post Author,Post URN,Post Hash
"Sandhya","P.","Sandhya P.","https://www.linkedin.com/in/sandhyapasupathy","Associate Director | PROJECT & PROGRAM MANAGEMENT | DIGITAL | Columbia Business School & MIT Sloan Post Graduate | Wharton-Digital Marketing | Transitioning into an AI enthusiast","comment","Pankaj Rai (He/Him/His) i wish I could join you for a marathon  once 😆","2025-04-10T08:11:04.751Z","No","urn:li:comment:(ugcPost:7057521621883916288,7316009814852050944)","c50c9e23085614926a931595cf738d24919151fbc0fb11d7fb50f7206af1e6ec","0","No","No","urn:li:ugcPost:7057521621883916288","8ab3321408c0d59b787f9ed929fae69fb90b27fa34426266681f0bc7eaf781f3"
"Kiran","R, Ph.D.","Kiran R, Ph.D.","https://www.linkedin.com/in/rkirana","Leadership of Copilot & Agentic AI in HealthTech; Inventor (40+ US Patents); Kaggle Competitions Grandmaster & KDD Data Mining Cup Prize Winner; Product Builder; Vice President of Engineering & Sciences","comment","Excellent articulation Pankaj Rai (He/Him/His)","2023-05-23T10:36:58.175Z","No","urn:li:comment:(ugcPost:7057521621883916288,7066723677840539648)","b4fb81f9611a8896fb8c073368e69f7614426eec4c7bc358d33ffc1f2ca37150","0","No","No","urn:li:ugcPost:7057521621883916288","8ab3321408c0d59b787f9ed929fae69fb90b27fa34426266681f0bc7eaf781f3"
"CA","Manish Gupta","CA Manish Gupta","https://www.linkedin.com/in/ca-manish-gupta","India Entry Strategist | Author | Helping NRI & Foreign Business Owners Setup and Run company Hassle Free in India","comment","Thank you Dilip Kumar for sharing this inspiring podcast episode. His story serves as a reminder that age is just a number and that with hard work and dedication, we can accomplish anything we set our minds to. Thanks again for sharing.","2023-05-19T10:49:16.663Z","No","urn:li:comment:(ugcPost:7057521621883916288,7065277223825473539)","35fcc81a4989a118673ccf53707aaab1b3472cf0d869036b7e65c98dfd2531da","0","No","No","urn:li:ugcPost:7057521621883916288","8ab3321408c0d59b787f9ed929fae69fb90b27fa34426266681f0bc7eaf781f3"
"Yogendra","Jain","Yogendra Jain","https://www.linkedin.com/in/jainyogendra","Technology Enthusiast, experience across financial services, CPG & Retail, consulting and driving digital transformation with global and India clients. Doctoral Student - Information Systems, IIM Lucknow","comment","Listening to Mr. Rai is always a pleasure. Dil maange more …","2023-05-01T18:18:56.442Z","No","urn:li:comment:(ugcPost:7057521621883916288,7058867403639730176)","68a597887d61f2e10c23f7d80578040d9eb308de95b1acfc86f7ed17c33d7073","0","No","No","urn:li:ugcPost:7057521621883916288","8ab3321408c0d59b787f9ed929fae69fb90b27fa34426266681f0bc7eaf781f3"
"Manoj","Misra","Manoj Misra","https://www.linkedin.com/in/manoj-misra-436495180","Senior Manager at Home Credit India","comment","Hi Pankaj","2023-05-01T05:06:16.205Z","No","urn:li:comment:(ugcPost:7057521621883916288,7058667921543168000)","1d3c30919fa0f7936c41bcbb6e0d5ec99649447f379f47bfb48e2c4be714b59d","0","No","No","urn:li:ugcPost:7057521621883916288","8ab3321408c0d59b787f9ed929fae69fb90b27fa34426266681f0bc7eaf781f3"
"Manoj","Misra","Manoj Misra","https://www.linkedin.com/in/manoj-misra-436495180","Senior Manager at Home Credit India","comment","Hi Pankaj Manoj this side I want to connect with I was in GE","2023-05-01T05:06:01.123Z","No","urn:li:comment:(ugcPost:7057521621883916288,7058667858288852992)","e8efeba431047a7a5fc818e7fbd9e54bc9049b7e0a12564606b8893525f5ac3b","0","No","No","urn:li:ugcPost:7057521621883916288","8ab3321408c0d59b787f9ed929fae69fb90b27fa34426266681f0bc7eaf781f3"
"Priya","Bagwe","Priya Bagwe","https://www.linkedin.com/in/priya-bagwe-aab291144","--Proprietor","comment","Superb insight. ","2023-04-29T19:10:54.894Z","No","urn:li:comment:(ugcPost:7057521621883916288,7058155707639996416)","730555db13a54579f8656e2c661fed8111949f390f6b31782ddad8bf7a0856d4","0","No","No","urn:li:ugcPost:7057521621883916288","8ab3321408c0d59b787f9ed929fae69fb90b27fa34426266681f0bc7eaf781f3"
"Anil","Bakshi","Anil Bakshi","https://www.linkedin.com/in/anilbakshi","Sapna to saras che, pan reality kya che? Bridging the Gap between Dreams & Reality is all that I call WORK​","comment"," Pankaj Rai (He/Him/His)  Sleeping and Talking .I didn't realise that I do them together 😀 let me christen it with a nickname ..snoreversations. hehehe. always a pleasure to hear the clarity you have on life. ","2023-04-29T07:31:46.345Z","No","urn:li:comment:(ugcPost:7057521621883916288,7057979762673147904)","38340ffc32581fb417a5429a0a4620a55c1bd7b997752af1b028ef907a842914","0","No","No","urn:li:ugcPost:7057521621883916288","8ab3321408c0d59b787f9ed929fae69fb90b27fa34426266681f0bc7eaf781f3"
"Abhishek","Gupta","Abhishek Gupta","https://www.linkedin.com/in/abhishek-gupta-a6736b1","SVP at Tarento Group | Ex SAP | Marathoner","comment","Pankaj Rai (He/Him/His) sir is an awesome human being, an inspiration 🙏🙏🙏","2023-04-29T04:56:21.270Z","No","urn:li:comment:(ugcPost:7057521621883916288,7057940650477965312)","dec3f25a15e5c4f824ca6ed2aab89a065f6f2ef46ba1053680d23e090440f92b","0","No","No","urn:li:ugcPost:7057521621883916288","8ab3321408c0d59b787f9ed929fae69fb90b27fa34426266681f0bc7eaf781f3"
"Suraj","Vernekar","Suraj Vernekar","https://www.linkedin.com/in/suraj-vernekar-0526076","Co-Founder & CEO Aegeus technologies Ltd","comment","Pankaj Rai (He/Him/His) great perspective. You’ve been a big influence in my running journey especially the RFL days","2023-04-29T04:33:51.798Z","No","urn:li:comment:(ugcPost:7057521621883916288,7057934990377975808)","925e8c1ffc035c8c64f04479d8db6ca5bfe63d6a0384c89fc6954af0fe9433a4","0","No","No","urn:li:ugcPost:7057521621883916288","8ab3321408c0d59b787f9ed929fae69fb90b27fa34426266681f0bc7eaf781f3"
"P","K.","P K.","https://www.linkedin.com/in/p-k-80262910","Senior Director and Regional Business Head ( South) at Ampin Energy Transition","comment","Lovely Perspective Pankaj Rai (He/Him/His) sir ! Looking forward to our next runversation 😁😁 See u soon ! ","2023-04-29T04:01:55.864Z","No","urn:li:comment:(ugcPost:7057521621883916288,7057926954372501504)","3abd0a717ba393ca7e922f6946889fc41dc7f30ea29f5d94fc641852547c39f4","0","No","No","urn:li:ugcPost:7057521621883916288","8ab3321408c0d59b787f9ed929fae69fb90b27fa34426266681f0bc7eaf781f3"
"Harold","D'Souza","Harold D'Souza","https://www.linkedin.com/in/harold-d-souza-768626","Director at WalkWater Talent Advisors","comment","Uncomplicated , and every word is a learning, classic Pankaj !","2023-04-29T03:17:53.285Z","No","urn:li:comment:(ugcPost:7057521621883916288,7057915870592839680)","fd464d351b66a2c84ebc0fdfb4d4af2007c7deff931b5ed173d5618d1a34f5bb","0","No","No","urn:li:ugcPost:7057521621883916288","8ab3321408c0d59b787f9ed929fae69fb90b27fa34426266681f0bc7eaf781f3"
"Suman","Kalyan","Suman Kalyan","https://www.linkedin.com/in/sumankalyankhan","Data & Artificial Intelligence Specialist & Architect","comment","Nice & inspirational thoughts!!!","2023-04-29T01:39:01.350Z","Yes","urn:li:comment:(ugcPost:7057521621883916288,7057890990249934848)","d63b8143e5a5a33450cac4d47f85923f82dcd2655df6119de395e5228430dbd2","0","No","No","urn:li:ugcPost:7057521621883916288","8ab3321408c0d59b787f9ed929fae69fb90b27fa34426266681f0bc7eaf781f3"
"Manish","Maheshwari","Manish Maheshwari","https://www.linkedin.com/in/manishmaheshwari","Director and Head of Risk & Compliance at Affinidi | Self-Sovereign Identity | Web 3.0 | E-commerce | Ex JPMorgan, Standard Chartered | Singapore Citizen","comment","Pankaj Rai (He/Him/His) even managed once to meet me for a quick chat during his run, while I was en route to Bangalore Airport from my hotel.

He figured that we should be close by, he called, and sure enough, my taxi was barely 50 meters behind him. 👌👍","2023-04-29T00:29:18.346Z","No","urn:li:comment:(ugcPost:7057521621883916288,7057873445455351809)","ee58da57db8c495f16d241e9c889fbb39553c7dcac18fc9e061df1293a0ff5f0","0","No","No","urn:li:ugcPost:7057521621883916288","8ab3321408c0d59b787f9ed929fae69fb90b27fa34426266681f0bc7eaf781f3"
"Ramesh","Krishnan Krovi","Ramesh Krishnan Krovi","https://www.linkedin.com/in/krovi-ramesh","Senior Corporate Administration & Facilities Management Leader | 27 Years’ Cross-Industry Expertise | Strategic Operations | Cost Efficiency | High-Impact Project Delivery","comment","This is an inspiring interview....glad to be assossiciated with you professionally.","2023-04-28T23:23:49.948Z","No","urn:li:comment:(ugcPost:7057521621883916288,7057856968568274944)","8cf6f4fff3de4e30766a9e8b6198eba7e031526a3da39185d8d4c98508b5c9a0","0","No","No","urn:li:ugcPost:7057521621883916288","8ab3321408c0d59b787f9ed929fae69fb90b27fa34426266681f0bc7eaf781f3"
"Ishwari","Singh","Ishwari Singh","https://www.linkedin.com/in/ishwarisingh","at Programming.com","comment","Congrats Pankaj Rai (He/Him/His) that’s impressive","2023-04-28T20:38:18.639Z","No","urn:li:comment:(ugcPost:7057521621883916288,7057815313639256064)","88499a3914f0f53852659800d1d8d4148144713e6699e3aaff5fdf362221468f","0","No","No","urn:li:ugcPost:7057521621883916288","8ab3321408c0d59b787f9ed929fae69fb90b27fa34426266681f0bc7eaf781f3"
"Anish","Gupta","Anish Gupta","https://www.linkedin.com/in/anishcgupta","Cluster Head BFSI CBO - India, Middle East & Africa at Tata Consultancy Services","comment","Well said Pankaj Rai (He/Him/His) ","2023-04-28T17:41:55.091Z","No","urn:li:comment:(ugcPost:7057521621883916288,7057770923021529088)","eb5e0106462aa564b49c982dee17a25eb9e049a96218f54e0cfccb924a4a3ab3","0","No","No","urn:li:ugcPost:7057521621883916288","8ab3321408c0d59b787f9ed929fae69fb90b27fa34426266681f0bc7eaf781f3"
"Mohan","Kamath","Mohan Kamath","https://www.linkedin.com/in/mohan-kamath-b9633a18","Partner @ SMG Consulting & Training | Helping SMEs & Startups Advisor Integrity.ai; Build3 - Sherpa","comment","Wonderful thots Pankaj","2023-04-28T16:38:42.735Z","No","urn:li:comment:(ugcPost:7057521621883916288,7057755016723402752)","c27f114a42d9f04361da1b97887a495a5d31bab19bada17962bd26689e7ae673","0","No","No","urn:li:ugcPost:7057521621883916288","8ab3321408c0d59b787f9ed929fae69fb90b27fa34426266681f0bc7eaf781f3"
"Mahendra","Hasabnis","Mahendra Hasabnis","https://www.linkedin.com/in/mahendra-hasabnis-60905a5","Director - Business Dev. at Microsoft | xTCS | xSIEMENS | xAlfa Laval","comment","It's a great pleasure to listen to Pankaj Rai. His Simplicity is very impactfull and thoughts are so clear almost like natural Himalayan spring water. ","2023-04-28T15:29:40.836Z","No","urn:li:comment:(ugcPost:7057521621883916288,7057737644339859456)","e760c08e2035b65aeccb7e9ceec2b043dcc04d299dd6072806b1d6862bc9dab3","0","No","No","urn:li:ugcPost:7057521621883916288","8ab3321408c0d59b787f9ed929fae69fb90b27fa34426266681f0bc7eaf781f3"
"Shumit","Vatsal","Shumit Vatsal","https://www.linkedin.com/in/shumitvatsal","Senior Project Manager with Expertise in Government and Nonprofit Organizations","comment","Love it!! Pankaj is as awesome as always. I miss running with you. ","2023-04-28T15:04:36.115Z","No","urn:li:comment:(ugcPost:7057521621883916288,7057731333086744576)","81f5fe1b10174112e2126273daef96331e794dd793c7843276b013897ab8e0f2","0","No","No","urn:li:ugcPost:7057521621883916288","8ab3321408c0d59b787f9ed929fae69fb90b27fa34426266681f0bc7eaf781f3"
"Sowmya","S.","Sowmya S.","https://www.linkedin.com/in/sowmya-s-ragavan","Senior Director of Product @ Freshworks | Global Leader in AI, B2B SaaS, Banking Tech | PLG Accelerator | FinOps Specialist | Speaker & Educator | Startup Advisor","comment","This is Pankaj Rai (He/Him/His) for you. A simple , humble man with very simple ""khayalaat"" but everytime you listen to him speak, you learn something new and grow ! ","2023-04-28T14:42:44.811Z","No","urn:li:comment:(ugcPost:7057521621883916288,7057725833074900992)","c4d6c2fb463120f187ebed828fd690b97d45b49808bca9a22b8255e53e9316a9","0","No","No","urn:li:ugcPost:7057521621883916288","8ab3321408c0d59b787f9ed929fae69fb90b27fa34426266681f0bc7eaf781f3"
"Wing","Commander Jasmine Kaur","Wing Commander Jasmine Kaur","https://www.linkedin.com/in/wing-commander-jasmine-kaur-7814807","Military Veteran/Pioneer batches Lady officer/Business consulting/Govt relations/Leadership/Top Advisory-Veteran hiring-Speaker on veteran&Diversity issues/business value of military talent in industries/Gender equity","comment","I am totally a fan !!!","2023-04-28T13:57:26.896Z","No","urn:li:comment:(ugcPost:7057521621883916288,7057714433313161216)","09b20dc70fec2a9511d589fbd02638897a9f46b8e9c692a711733b4b9cce18d5","0","No","No","urn:li:ugcPost:7057521621883916288","8ab3321408c0d59b787f9ed929fae69fb90b27fa34426266681f0bc7eaf781f3"
"Ayesha","Parvez","Ayesha Parvez","https://www.linkedin.com/in/ceoenergy","Fulfillment Coach | Sustainable High Performance for Leaders 🚀 Helping CEOs & high achievers find and keep joy, sustain energy, & impact - without burnout.","comment","Wow, I love it when fitness brings people together! It's amazing how Pankaj incorporates physical fitness into his daily routine and uses it as a tool for mental well-being. And can we talk about how impressive it is that he runs 2-3 marathons a year, at 50?! That takes serious dedication and discipline. I am a health coach myself and this has left me feeling inspired! Looking forward to TCS 10k in Bangalore! Will you be running it?","2023-04-28T13:50:12.440Z","No","urn:li:comment:(ugcPost:7057521621883916288,7057712611072634884)","bb268cbab1f2e6a2a3814514a44e944652e4f4482066925d4f68c3b9d5bf7d44","1","No","No","urn:li:ugcPost:7057521621883916288","8ab3321408c0d59b787f9ed929fae69fb90b27fa34426266681f0bc7eaf781f3"
"Nitu","Sharma","Nitu Sharma","https://www.linkedin.com/in/nitu-sharma-8234bb3","Project, Program and Product Management and Digital Transformation","comment","Well said Pankaj! ","2023-04-28T13:45:14.165Z","No","urn:li:comment:(ugcPost:7057521621883916288,7057711360020807680)","efed29435599b038f7e7f00bdcdc90e7975775d27a747c37fc7e77eb040dded1","0","No","No","urn:li:ugcPost:7057521621883916288","8ab3321408c0d59b787f9ed929fae69fb90b27fa34426266681f0bc7eaf781f3"
"Irina","Ghose","Irina Ghose","https://www.linkedin.com/in/irinaghose","Managing Director, Microsoft India | Distinguished Alumnus (IIT BHU, XLRI) | Certified Coach","comment","So beautifully said Pankaj Rai (He/Him/His) ! Simple and beautiful.","2023-04-28T13:36:10.175Z","No","urn:li:comment:(ugcPost:7057521621883916288,7057709078361358336)","8d6a27c415125242cdf83b68d6fd248265df3badd974a9904050969dc9f6261e","0","No","No","urn:li:ugcPost:7057521621883916288","8ab3321408c0d59b787f9ed929fae69fb90b27fa34426266681f0bc7eaf781f3"
"Joicy","Chakola","Joicy Chakola","https://www.linkedin.com/in/joicy-chakola-18b7bb4b","Banker , Fintech Entrepreneur, Global Sales Head of Trade Technologies Investor ,Consultant in start up Industry and advocate for Gender equality","comment","Love it","2023-04-28T12:54:56.099Z","No","urn:li:comment:(ugcPost:7057521621883916288,7057698701330284544)","64a8096c25d7891f6872d7b5f04634e0d1e3da63d68a906de56475a126eb8fc2","0","No","No","urn:li:ugcPost:7057521621883916288","8ab3321408c0d59b787f9ed929fae69fb90b27fa34426266681f0bc7eaf781f3"
"Ashok","Krishnan","Ashok Krishnan","https://www.linkedin.com/in/ashokkumarkrishnan","Chief Innovation, Data & Analytics Officer at AXA XL","comment","Great going Pankaj Rai (He/Him/His)","2023-04-28T12:20:40.779Z","No","urn:li:comment:(ugcPost:7057521621883916288,7057690080693350400)","9f83582b333b63117e9256be635e7e10a6f78746a51749609bd4f1f26296fb61","0","No","No","urn:li:ugcPost:7057521621883916288","8ab3321408c0d59b787f9ed929fae69fb90b27fa34426266681f0bc7eaf781f3"
"ANANDITA","......","ANANDITA ......","https://www.linkedin.com/in/ananditap","Unleashing group synergy to drive impact, influence, and accelerated growth across the entire ecosystem","comment","Very well said Pankaj!!! ","2023-04-28T12:04:07.534Z","No","urn:li:comment:(ugcPost:7057521621883916288,7057685914726105088)","421b36981d815eef6b86fdaee0331a4ee7fbad75946afb9cf7974e3c0314e2e3","0","No","No","urn:li:ugcPost:7057521621883916288","8ab3321408c0d59b787f9ed929fae69fb90b27fa34426266681f0bc7eaf781f3"
"Karthiganesh","Durai","Karthiganesh Durai","https://www.linkedin.com/in/karthiganesh-durai-95535872","Entrepreneur | Quantum Computing Architect | ATL RMoC | Data Scientist | Software Architect | Power BI Consultant | Python Expert | Professor of Practice | Evergreen Student","comment","Amazing, insipring, awesome! Proud that I was your in your team.","2023-04-28T11:55:15.620Z","No","urn:li:comment:(ugcPost:7057521621883916288,7057683683717107712)","9ce082dd89301319e23264e2961d28a929dbcd6929c9b397740fe47fc9fc6c30","0","No","No","urn:li:ugcPost:7057521621883916288","8ab3321408c0d59b787f9ed929fae69fb90b27fa34426266681f0bc7eaf781f3"
"Bharadwaj","Raghuraman","Bharadwaj Raghuraman","https://www.linkedin.com/in/bharadwajr","Chief AI Officer (Advisory) | Tech Entrepreneur & Strategic Advisor | Patent Holder | Independent Director | 25+ Years Leadership”","comment","Nice one Pankaj Rai (He/Him/His).  Loved the 'being in present' bit !","2023-04-28T11:40:26.915Z","No","urn:li:comment:(ugcPost:7057521621883916288,7057679956209778688)","85fc0772bd580b2dbd6de26411b5d152d31fa2dff5815c3b09ad4b23eb117bc0","0","No","No","urn:li:ugcPost:7057521621883916288","8ab3321408c0d59b787f9ed929fae69fb90b27fa34426266681f0bc7eaf781f3"
"Suriyanarayanan","K CAMS MBM CAIIB CYBERSECURITY MIT US","Suriyanarayanan K CAMS MBM CAIIB CYBERSECURITY MIT US","https://www.linkedin.com/in/suriyanarayanan-k-cams-mbm-caiib-cybersecurity-mit-us-6bb02487","Governance | Financial Crime Anti Money Laundering Sanctions | Risk | Audit | Regulatory Liaison | Strategy | Head Retail Banking Operations Liability Assets| Data Analysis Cybersecurity Merger|Transition busines manager","comment","Excellent Pankaj! You Inspire!","2023-04-28T11:15:14.077Z","No","urn:li:comment:(ugcPost:7057521621883916288,7057673610915688449)","d2f7072dcde8dd3467bead8e68fcb783c603ea89a846c43b5a2382a6f0be0da5","0","No","No","urn:li:ugcPost:7057521621883916288","8ab3321408c0d59b787f9ed929fae69fb90b27fa34426266681f0bc7eaf781f3"
"Manish","Bakshi","Manish Bakshi","https://www.linkedin.com/in/manish-bakshi-6239988","Velocity Capital - Founding & Managing Partner; Investment Banker; Board Member; Marathoner; Ex DE Shaw PE, GE Capital, Deutsche Bank, Standard Chartered Bank Hong Kong","comment","Pankaj Rai is amazing, inspiring and brilliant !! Superman !","2023-04-28T10:41:35.019Z","No","urn:li:comment:(ugcPost:7057521621883916288,7057665142372659201)","4560999915aee1a41b075ce149051b07399bc6d08c2a6aaed8d2eed191618cee","0","No","No","urn:li:ugcPost:7057521621883916288","8ab3321408c0d59b787f9ed929fae69fb90b27fa34426266681f0bc7eaf781f3"
"Dr.","Anuraag Rai , PhD","Dr. Anuraag Rai , PhD","https://www.linkedin.com/in/dr-anuraag-rai-phd-5776587","C - Suite Leadership Consultant - Help Business Managers and Leaders to enhance Effectiveness , Employability & Results (- EER)","comment","Lovely perspective, Pankaj. ","2023-04-28T10:07:47.580Z","No","urn:li:comment:(ugcPost:7057521621883916288,7057656638672932864)","c8b7396e32381b01ef8b00f15889e6cc609eb1629af5b5c9e780df0269752790","0","No","No","urn:li:ugcPost:7057521621883916288","8ab3321408c0d59b787f9ed929fae69fb90b27fa34426266681f0bc7eaf781f3"
"Rohit","G.","Rohit G.","https://www.linkedin.com/in/rohit-g-a27a0634","Principal Software Engineer at Optum (UHG)","comment","Amazing insights from Pankaj!","2023-04-28T09:55:51.489Z","Yes","urn:li:comment:(ugcPost:7057521621883916288,7057653635169583104)","85ff841fd6535c299a93f27bc7a5037381aca634282c9b02531aa509ebceee58","0","No","No","urn:li:ugcPost:7057521621883916288","8ab3321408c0d59b787f9ed929fae69fb90b27fa34426266681f0bc7eaf781f3"
"Sachin","Hawaldar","Sachin Hawaldar","https://www.linkedin.com/in/contact-sachin-hawaldar","Leader| Analytics | Marketing- Sales | Data Storyteller| Coach & Mentor|","comment","Every time I listen Pankaj Rai (He/Him/His)  sir.. I get something new.","2023-04-28T09:25:33.652Z","No","urn:li:comment:(ugcPost:7057521621883916288,7057646010608599041)","c82041b2e18127538c6ba4b93845cb502eef173a38bc8f7b2db5a18f3fdd269a","0","No","No","urn:li:ugcPost:7057521621883916288","8ab3321408c0d59b787f9ed929fae69fb90b27fa34426266681f0bc7eaf781f3"
"Agnel","A.","Agnel A.","https://www.linkedin.com/in/agnel-a-bb74963","Strategic Planning, Service Delivery, Revenue & Profit Maximization, Leadership","comment","Very Inspiring","2023-04-28T09:15:00.167Z","No","urn:li:comment:(ugcPost:7057521621883916288,7057643353579933696)","04b4a2ded20f3a7a3190ae064ea01a39c09073cac2466db2d465162531a1e352","0","No","No","urn:li:ugcPost:7057521621883916288","8ab3321408c0d59b787f9ed929fae69fb90b27fa34426266681f0bc7eaf781f3"
"Vineet","Jaiswal","Vineet Jaiswal","https://www.linkedin.com/in/hivineetjaiswal","CEO | Non-Executive Board Member | Industrial Digital Transformation Advisor | Startup Mentor | GCC Strategy Enthusiast | Speaker | Always a Learner | Former CIO/CDO/CTO | (Views are personal)","comment","Pankaj Rai (He/Him/His) Always feels inspired listening to you!!! Loved your priorities!!!","2023-04-28T09:06:55.491Z","No","urn:li:comment:(ugcPost:7057521621883916288,7057641320701407232)","94c651673d42d747342e5ac1b24bf5dbaf16246cd9ad6ac852cecfc878e094e3","0","No","No","urn:li:ugcPost:7057521621883916288","8ab3321408c0d59b787f9ed929fae69fb90b27fa34426266681f0bc7eaf781f3"
"Surya","Sharma","Surya Sharma","https://www.linkedin.com/in/suryasharma09","Manager, PwC-AC | Ex-TATA","comment","The most unexpected and memorable (conversation) interview I have ever had 🤗 Pankaj Rai (He/Him/His)","2023-04-28T09:02:17.531Z","No","urn:li:comment:(ugcPost:7057521621883916288,7057640154852700161)","7f1942a9c4babfead4a552323349e1d0764180ddbf08ae7b6c9635d1e366e8a0","0","No","No","urn:li:ugcPost:7057521621883916288","8ab3321408c0d59b787f9ed929fae69fb90b27fa34426266681f0bc7eaf781f3"
"Shikhar","Kotwal CEO","Shikhar Kotwal CEO","https://www.linkedin.com/in/shikharkotwal","IT Training & Consulting Leader (Global Technology OEMs)","comment","Super!","2023-04-28T08:38:13.825Z","No","urn:li:comment:(ugcPost:7057521621883916288,7057634099510841345)","590b11b0470ed8dfc79cfc3155de4112ef706b96afc67bc9936a9e0cbbc98668","0","No","No","urn:li:ugcPost:7057521621883916288","8ab3321408c0d59b787f9ed929fae69fb90b27fa34426266681f0bc7eaf781f3"
"Rajiv","Srinivas","Rajiv Srinivas","https://www.linkedin.com/in/rajiv-srinivas-68102a2","GCC Evangelist, Mentor, Speaker and Passionate about building and scaling companies","comment","Runversation .. fab Pankaj ","2023-04-28T08:33:27.387Z","No","urn:li:comment:(ugcPost:7057521621883916288,7057632898102820864)","8c23c034b6aedae42754ee03ebc52396a89a693cdbae80bbc0edbc9ca68e31ba","0","No","No","urn:li:ugcPost:7057521621883916288","8ab3321408c0d59b787f9ed929fae69fb90b27fa34426266681f0bc7eaf781f3"
"Snehil","Gambhir","Snehil Gambhir","https://www.linkedin.com/in/snehil-gambhir-2a13357","Biz Leader driving Service Excellence @ intersection of Digital, Marketing, Operations, Technology & Shared Services","comment","This man is just out of the ordinary. So much to learn and imbibe Pankaj Rai (He/Him/His)","2023-04-28T08:16:08.622Z","No","urn:li:comment:(ugcPost:7057521621883916288,7057628541210808320)","dee7ddee0d856a681403e503790f778ef635326f0fb9ec6eb832b4aa147c1415","0","No","No","urn:li:ugcPost:7057521621883916288","8ab3321408c0d59b787f9ed929fae69fb90b27fa34426266681f0bc7eaf781f3"
"CDR.","Suman Kumar Chakraborty - Veteran","CDR. Suman Kumar Chakraborty - Veteran","https://www.linkedin.com/in/cdr-suman-kumar-chakraborty-12647028","Lead :GenAI Studio@Centre for Advanced AI |ex-NDA|ISB Flag Bearer🎖|MTech-Gold🎖️| 🎖️Top 25 AI Leader 🌍 2025 🎖️GCC Excellence award 2025 🎖️Top 25 Exceptional Leader 🌏 in IT-2023","comment","++++ Pankaj Rai (He/Him/His) a Lighthouse of guidance for many 
Wish him the best always 🤞","2023-04-28T08:15:19.645Z","No","urn:li:comment:(ugcPost:7057521621883916288,7057628335782182912)","0837fe63a17ed15673d2f61d02510ef4edd6e16dd47928427e149699548ef834","0","No","No","urn:li:ugcPost:7057521621883916288","8ab3321408c0d59b787f9ed929fae69fb90b27fa34426266681f0bc7eaf781f3"
"Shraddha","Mishra","Shraddha Mishra","https://www.linkedin.com/in/shradha-mishra1206","Practise Lead||Ex Hitachi Energy||Ex-GE/ CRM/ CPQ/ Product Owner","comment","Amazing as usual Pankaj!","2023-04-28T08:15:00.120Z","No","urn:li:comment:(ugcPost:7057521621883916288,7057628253892603905)","3c7e7d8d78df2e59b355fd91ee6fa3b3e5736f23e560139fe39f376f7fd2613a","0","No","No","urn:li:ugcPost:7057521621883916288","8ab3321408c0d59b787f9ed929fae69fb90b27fa34426266681f0bc7eaf781f3"
"Kiran","Gudimetla","Kiran Gudimetla","https://www.linkedin.com/in/kirangudimetla","Global IT Leader & VP Data Analytics & AI | Driving Enterprise IT Strategy, Digital Transformation, & AI Innovation for Growth| C-Suite Advisor | Ethics & Governance Expert | IIM Kozhikode Alum | GCC Leader","comment","Pankaj at his honest best , great discussion","2023-04-28T08:09:58.361Z","No","urn:li:comment:(ugcPost:7057521621883916288,7057626988219412481)","1cccafcd6362f00fd421b0fd3fce3959fbdb043c7a31833ef6b36f92d3431904","0","No","No","urn:li:ugcPost:7057521621883916288","8ab3321408c0d59b787f9ed929fae69fb90b27fa34426266681f0bc7eaf781f3"
"Anand","Aditya","Anand Aditya","https://www.linkedin.com/in/anandaditya4","Product Release Management | Program Management | Release Engineering | Devops & DevSecOps | ITAO Owner | ITIL V3 & V4 Foundation & Practioner- Release Management | Google ACE | SDLC Governance | IT Risk & Compliance","comment","Inspiring Pankaj Rai (He/Him/His) ","2023-04-28T08:05:40.323Z","No","urn:li:comment:(ugcPost:7057521621883916288,7057625905933791233)","c297146771e7daf3c4f2fb2e4628d04bb22587d95b867fb21a174f3ea0837e03","0","No","No","urn:li:ugcPost:7057521621883916288","8ab3321408c0d59b787f9ed929fae69fb90b27fa34426266681f0bc7eaf781f3"
"Saroj","Pathak","Saroj Pathak","https://www.linkedin.com/in/saroj-pathak-4ab35217","Seasoned Global Customer support people’s leader- IT services/SaaS, Pre/Post sales transformation| Managed Services l Outsourced Global Vendor Mgmt |Field ops,BPO,Contactcenter strategy|Automation AI| ExDell,HP|DE&I &CSR","comment","Thank you Pankaj for being inspiration to many like me♥️🤗","2023-04-28T08:05:06.759Z","Yes","urn:li:comment:(ugcPost:7057521621883916288,7057625765151969280)","3861f17026249950edfd3b17bd9162b02e55958714eb8ead7331a7e5f9e48ee5","0","No","No","urn:li:ugcPost:7057521621883916288","8ab3321408c0d59b787f9ed929fae69fb90b27fa34426266681f0bc7eaf781f3"
"Amit","Sharma","Amit Sharma","https://www.linkedin.com/in/the1amitsharma","Lawyer | Former Consultant- DT & OE | Former COO of Copylandia Corporation, Philippines | Ex-Dell.","comment","RAM and no ROM. Brilliant as always, Pankaj Rai (He/Him/His)","2023-04-28T08:01:42.290Z","No","urn:li:comment:(ugcPost:7057521621883916288,7057624907551043584)","bdda48a52c7ca420c725e27cfc50bd160ace9cd356fa2c20a153f408e6a41181","0","No","No","urn:li:ugcPost:7057521621883916288","8ab3321408c0d59b787f9ed929fae69fb90b27fa34426266681f0bc7eaf781f3"
"Aajjay","Arora","Aajjay Arora","https://www.linkedin.com/in/aajjay-arora-8b58307","Director Corporate Communications","comment","A rockstar always Pankaj Rai (He/Him/His) ..love ‘Ram and no ROM","2023-04-28T07:46:05.710Z","No","urn:li:comment:(ugcPost:7057521621883916288,7057620979245580288)","3cd1a1cdb83d72b986b1798adf4e041007368180c972f5b3331fd2eb76ae7fcf","0","No","No","urn:li:ugcPost:7057521621883916288","8ab3321408c0d59b787f9ed929fae69fb90b27fa34426266681f0bc7eaf781f3"
"Manoj","Jhanji","Manoj Jhanji","https://www.linkedin.com/in/manojjhanji","Opening New Chapters for your Brand, across UK/Europe","comment","Pankaj Rai (He/Him/His)  loved the concept of RAM and ROM😀👌","2023-04-28T07:41:53.575Z","No","urn:li:comment:(ugcPost:7057521621883916288,7057619921714745344)","a1a6a27aabe87f2cb56742745850ff059252328ea7176cbb0c36833c5bc08b09","0","No","No","urn:li:ugcPost:7057521621883916288","8ab3321408c0d59b787f9ed929fae69fb90b27fa34426266681f0bc7eaf781f3"
"Shibani","Priyadarshini","Shibani Priyadarshini","https://www.linkedin.com/in/shibani-priyadarshini-94177b13","APAC OD Director","comment","Always an inspiration Pankaj Rai (He/Him/His) 🙌","2023-04-28T07:29:16.697Z","No","urn:li:comment:(ugcPost:7057521621883916288,7057616747142529024)","2f99de76ffef928e3751b303147a42638686b9961eb92bb230de5f045bdac49d","0","No","No","urn:li:ugcPost:7057521621883916288","8ab3321408c0d59b787f9ed929fae69fb90b27fa34426266681f0bc7eaf781f3"
"Dilip","Kumar","Dilip Kumar","https://www.linkedin.com/in/dilipevs","Entrepreneur| Investments at Rainmatter | Endurance athlete","comment","Links to the full podcast

Youtube : https://lnkd.in/gspQ5wvJ
Spotify:https://lnkd.in/gfB3Vp6H
Apple podcast : https://lnkd.in/grP97p6V","2023-04-28T06:31:28.735Z","No","urn:li:comment:(ugcPost:7057521621883916288,7057602201451442176)","d3c90ec9e1d1fce7e07fff75ccffd978ab340838e3829c68bfd93e7a4ba39935","0","Yes","No","urn:li:ugcPost:7057521621883916288","8ab3321408c0d59b787f9ed929fae69fb90b27fa34426266681f0bc7eaf781f3"