First Name,Last Name,Full Name,Profile URL,Headline,Type,Comment,Timestamp,Is Edited,Comment URN,Comment Hash,Replies Count,Is Post Author,Has Reply From Post Author,Post URN,Post Hash
"Dhaval","Prajapati","Dhaval Prajapati","https://www.linkedin.com/in/itsmedhaval","Intern @GradPilot | Project Coordination | AI | Construction | Estimator","comment","Spot on ","2024-10-10T16:47:10.877Z","No","urn:li:comment:(activity:7242027721772392449,7250185104658984961)","0d3660974130a47522834cc25e63e9d27fa8f55c82b391978e2dfc4cc2a7556a","0","No","No","urn:li:activity:7242027721772392449","3677dfa513b01dc2edeac9261967120e2f0d59a2b06ed77c4a4266a1b7134625"
"Kapil","Dhawan","Kapil Dhawan","https://www.linkedin.com/in/kapil-dhawan","Head of Development | Chief Technology Officer","comment","I am equally surprised to see kids talking about mental health more and openly which is how it should be.","2024-10-01T11:17:24.244Z","No","urn:li:comment:(activity:7242027721772392449,7246840622714675202)","6a0ce1218ce13240d4bf7b74eb0a63815fb805d7ea7c77f388004e58946f346f","0","No","No","urn:li:activity:7242027721772392449","3677dfa513b01dc2edeac9261967120e2f0d59a2b06ed77c4a4266a1b7134625"
"Smita","Jatia","Smita Jatia","https://www.linkedin.com/in/smita-jatia","Vice Chairperson at Westlife Foodworld (McDonald's India - W&S) | Chairwoman - RMHC India | Building people-centric organization | Most Powerful Women in Business: BT 2023 | Forbes Asia’s Power Businesswomen 2019","comment","Completely agree! In today's fast-paced world, we often neglect our emotions, leading to issues that hinder our potential. It's essential to prioritise ourselves for a happier and stress-free life.","2024-10-01T06:30:31.523Z","No","urn:li:comment:(activity:7242027721772392449,7246768427330064384)","3b24587f68057bf26a3d64c7d86f61291255f171247f8aa3cb31a849682574bb","0","No","No","urn:li:activity:7242027721772392449","3677dfa513b01dc2edeac9261967120e2f0d59a2b06ed77c4a4266a1b7134625"
"Saurabh","Agarwal","Saurabh Agarwal","https://www.linkedin.com/in/saurabhagarwal-growit","Founder & CEO @ GROWiT - Empowering Farmers for Food Security towards a Sustainable Future. TEDx Speaker","comment","The definition of wealth is certainly evolving.","2024-09-30T03:41:32.724Z","No","urn:li:comment:(activity:7242027721772392449,7246363514259292160)","198d659624b78b4b82853e1a409e38c31b1d8155c3e55eaac35a6d8c57dc6044","0","No","No","urn:li:activity:7242027721772392449","3677dfa513b01dc2edeac9261967120e2f0d59a2b06ed77c4a4266a1b7134625"
"Anjali","Mishra","Anjali Mishra","https://www.linkedin.com/in/anjali-mishra-07a7031b0","Registered Dietitian | Health & Wellness Coach | Digital Health Content Creator","comment","This is so true! Health is the real wealth, and it's amazing to see younger generations prioritizing mental and physical well-being. Success is meaningless without the ability to enjoy it. Longevity and quality of life should be at the heart of every goal! 🙂 ","2024-09-22T04:40:11.806Z","No","urn:li:comment:(activity:7242027721772392449,7243479171434176512)","fb1faf0c98fddbea8862054e385175c3e222aa05611364d379fea66cf9b24052","0","No","No","urn:li:activity:7242027721772392449","3677dfa513b01dc2edeac9261967120e2f0d59a2b06ed77c4a4266a1b7134625"
"Jacob","Attaikulathu Jacob","Jacob Attaikulathu Jacob","https://www.linkedin.com/in/jacob-attaikulathu-jacob-16aa8440","||Climate Literacy||Sustainable Homes||Back yard Forests||Natural Farming||Permaculture||Soil Carbon Sequestration||Carbon Credits||Food Quality.","comment","That is the age-old saying: 'health is wealth.' Being healthy becomes easier once you realize that your health is solely your responsibility.","2024-09-22T04:16:27.999Z","No","urn:li:comment:(activity:7242027721772392449,7243473199554846720)","c2dcf317df974ea942367a26f77fcd24f2fc54500588bbc50bf3b97ee5980ca1","0","No","No","urn:li:activity:7242027721772392449","3677dfa513b01dc2edeac9261967120e2f0d59a2b06ed77c4a4266a1b7134625"
"Ishan","Bazaz","Ishan Bazaz","https://www.linkedin.com/in/ishan-bazaz-12260819","Project Manager | Power Distribution & EV Charging Infrastructure | Grid Modernization | SAP-MM | O&M Specialist","comment","Valid point","2024-09-21T15:33:02.335Z","No","urn:li:comment:(activity:7242027721772392449,7243281076675080193)","05289c7cff2c9cd4c8035cf945370fe51efaef4980b157fd6fd9220a4889fdeb","0","No","No","urn:li:activity:7242027721772392449","3677dfa513b01dc2edeac9261967120e2f0d59a2b06ed77c4a4266a1b7134625"
"HETAL","SONPAL","HETAL SONPAL","https://www.linkedin.com/in/hetalsonpal","TEDx Speaker, IRONMAN, LISTENER, PhD Scholar, COACH, Sales & Strategy Leader, Author,","comment","For the first time in two decades this situation has become as critical as it is today.. its important that the realisation cones from within, as it's hard for someone else to make them realise.","2024-09-21T04:59:41.166Z","No","urn:li:comment:(activity:7242027721772392449,7243121688219938817)","941b4ad96cb3970f59ce9c3f773962441cc404d796fd2ffec7c6073a585caffc","0","No","No","urn:li:activity:7242027721772392449","3677dfa513b01dc2edeac9261967120e2f0d59a2b06ed77c4a4266a1b7134625"
"Nitya","Bhardwaj","Nitya Bhardwaj","https://www.linkedin.com/in/nitya-bhardwaj-1b6a7727a","Biology Faculty at i30 Learning Centre || Writer || Bridging Science and Stories","comment","Great!! And completely agreeing upon this👍","2024-09-19T11:58:34.833Z","No","urn:li:comment:(activity:7242027721772392449,7242502330724610048)","5d17a29a06bb894c52a346e9a3025f816d7aef7e81657aee0a16bc5049096835","0","No","No","urn:li:activity:7242027721772392449","3677dfa513b01dc2edeac9261967120e2f0d59a2b06ed77c4a4266a1b7134625"
"Poorvi","Sardar","Poorvi Sardar","https://www.linkedin.com/in/poorvi-sardar","Communications Manager: Making wellbeing SaaSy for workplaces","comment","Can't agree more! Health is the most underrated investment. If we can just treat our workout routine like SIP fund; automate one-hour everyday for a workout; we're set for lifelong great returns! And yes those quick walks and mindful meals become second nature (your daily dividends :P) Good to know next gen is not just focusing on financial portfolios but body & mind capital too!","2024-09-19T07:46:33.883Z","No","urn:li:comment:(activity:7242027721772392449,7242438908867723264)","cecafa044dabd930defcfa04fe56414109fc57048c8fb7a4477fa35ce2b6d7c8","0","No","No","urn:li:activity:7242027721772392449","3677dfa513b01dc2edeac9261967120e2f0d59a2b06ed77c4a4266a1b7134625"
"Vinod","Singh","Vinod Singh","https://www.linkedin.com/in/1vinod1","Solutions Architecture at Amazon Web Services (AWS), ex-Microsoft, ex-IBM","comment","Akash S. ","2024-09-19T03:03:13.106Z","No","urn:li:comment:(activity:7242027721772392449,7242367602440728577)","aef619d033384835904b8f003a2af5c5d488e523ddedbf01b512fee37e949fe1","0","No","No","urn:li:activity:7242027721772392449","3677dfa513b01dc2edeac9261967120e2f0d59a2b06ed77c4a4266a1b7134625"
"YASH","JADHAV","YASH JADHAV","https://www.linkedin.com/in/yashforsports","PGE @Hudle l Ex- AIW Sportstech l Athlete Management l Sports Marketing & Business Activation l Strategic Campaign Management I Sportstech Geek","comment","Valid point","2024-09-18T20:37:35.574Z","No","urn:li:comment:(activity:7242027721772392449,7242270556597698561)","5593bbcfbab6378e80b3f16a9bd9ced68d5d10478120e456aab2e135661e1d5e","0","No","No","urn:li:activity:7242027721772392449","3677dfa513b01dc2edeac9261967120e2f0d59a2b06ed77c4a4266a1b7134625"
"Aakash","Srivastava","Aakash Srivastava","https://www.linkedin.com/in/aakashsr","SMTS at Oracle | Frontend | JavaScript | React.js | TypeScript | Redux | Web","comment","Very true !","2024-09-18T17:46:37.270Z","No","urn:li:comment:(activity:7242027721772392449,7242227530152214528)","b464cda7ed291ae04d1ff1b927b34371c50258da0c78ba3d3b682563ff3611ed","0","No","No","urn:li:activity:7242027721772392449","3677dfa513b01dc2edeac9261967120e2f0d59a2b06ed77c4a4266a1b7134625"
"Nitin","Dhekale, PhD","Nitin Dhekale, PhD","https://www.linkedin.com/in/nitin-dhekale-phd-0321253a","Scientific Leader– Analytical R&D | Peptide Characterization | Peptide APIs, Injectables","comment","Fully agreed.

Very  essential to focus on healthy life style..

Unfortunately we learn these things late 30s.

Thanks for sharing your thoughts
","2024-09-18T15:19:46.739Z","No","urn:li:comment:(activity:7242027721772392449,7242190576106823680)","5f972c5f30696673934c79dba73faa8d89c81feb166f0d51d656df7bbbaf88d2","0","No","No","urn:li:activity:7242027721772392449","3677dfa513b01dc2edeac9261967120e2f0d59a2b06ed77c4a4266a1b7134625"
"Tej","P.","Tej P.","https://www.linkedin.com/in/tej-p-823b7a192","AVP @Citi","comment","Absolutely! well said Dilip Kumar. Additionally it requires a complete overhaul of working culture in India to improve the situation which can be achieved only by introducing a law which is strictly implemented. 
Its high time GOI starts to acknowledge the contribution of the working class in building the country through their hard work and tax money that they are forced to Pay. Otherwise such outrage will also fizzle out with outcry limited on social media. :(","2024-09-18T14:02:09.336Z","No","urn:li:comment:(activity:7242027721772392449,7242171041538551808)","529cc52086b3a6f558cd5f30e30fe314ac206b868b0cc13d46584c3c305931de","0","No","No","urn:li:activity:7242027721772392449","3677dfa513b01dc2edeac9261967120e2f0d59a2b06ed77c4a4266a1b7134625"
"Nikunj","Kanodia","Nikunj Kanodia","https://www.linkedin.com/in/nikunjkanodia","Deal-focused Investment Banker | IPOs, AIFs & Capital Markets | Helping Promoters Raise Equity & Build Public Market Visibility | Investor Relations & Public Relations Advisory","comment","It’s about finding harmony between work and wellness, so you can truly enjoy the fruits of your labor and live a fulfilling life.","2024-09-18T13:21:17.309Z","No","urn:li:comment:(activity:7242027721772392449,7242160756996116480)","a6538c990ce9f9146136e046e7aa77fe8445b61c852883c49fa1a2dd702ba826","0","No","No","urn:li:activity:7242027721772392449","3677dfa513b01dc2edeac9261967120e2f0d59a2b06ed77c4a4266a1b7134625"
"Sourav","Malai Borah","Sourav Malai Borah","https://www.linkedin.com/in/sborah","Sr Director - Customer Experience | Compliance | Operations | OpsTech | Business Head @ DealShare | Entrepreneur | Ex-Myntra","comment","very true","2024-09-18T12:51:27.871Z","No","urn:li:comment:(activity:7242027721772392449,7242153251549184000)","778158403fef44ce787b83c845e9ebcdaffcb94ed0ad22d1216260bbcda7c7c3","0","No","No","urn:li:activity:7242027721772392449","3677dfa513b01dc2edeac9261967120e2f0d59a2b06ed77c4a4266a1b7134625"
"Shahad","Moideen","Shahad Moideen","https://www.linkedin.com/in/shahad-moideen","CEO & Executive Director at KENZA TMT | Recognized as Outstanding Young Entrepreneur by the Central Ministry Of India","comment","Health comes first! ","2024-09-18T12:14:17.183Z","No","urn:li:comment:(activity:7242027721772392449,7242143895365525504)","3c6e78fee5fe5210bf3162e59478c4a6e1767a2e9e795dd56ed536cfaa7dc990","0","No","No","urn:li:activity:7242027721772392449","3677dfa513b01dc2edeac9261967120e2f0d59a2b06ed77c4a4266a1b7134625"
"Nikhil","Mudgal","Nikhil Mudgal","https://www.linkedin.com/in/nikhil-mudgal-lorienfinance","Founder @ Lorien Finance | Ex-Investment Banking @ Goldman Sachs, Jefferies | Ex-Private Equity @ Accordion","comment","So true! Health is the real wealth we should cherish.","2024-09-18T12:06:13.751Z","No","urn:li:comment:(activity:7242027721772392449,7242141867708989440)","c97868254e154148c2339bb90fcd67e48013bfcff652646c619feb0f31c593c3","0","No","No","urn:li:activity:7242027721772392449","3677dfa513b01dc2edeac9261967120e2f0d59a2b06ed77c4a4266a1b7134625"
"Naveen","M V","Naveen M V","https://www.linkedin.com/in/mvnaveen","Co-Founder & Investor | 35+ Years in AI, IT & Deep Tech | Transforming Frontier Research into Scalable, Market-Ready AI Ventures","comment","Satya vachan","2024-09-18T11:35:36.173Z","No","urn:li:comment:(activity:7242027721772392449,7242134160344014848)","87af33b71221e3f99a627f3a490e52179550b100ab8fb79281ea01cd9d92e99c","0","No","No","urn:li:activity:7242027721772392449","3677dfa513b01dc2edeac9261967120e2f0d59a2b06ed77c4a4266a1b7134625"
"Ruchir","Gupta","Ruchir Gupta","https://www.linkedin.com/in/ruchir-gupta-stock-market","Founder | Trained 2L+ traders | Creator of the GCD Method | Built a 150-member EdTech company | Sharing insights on markets, growth, and financial intelligence","comment","True wealth encompasses the ability to enjoy life fully—taking a walk, savoring meals, and disconnecting from work. Dilip Kumar 

No amount of financial success can replace the value of well-being.","2024-09-18T11:34:58.500Z","No","urn:li:comment:(activity:7242027721772392449,7242134002332000258)","e26c85078c4573e2964da8939f2fa58807f165f8116d5fa11a4f36dbf7877c1c","0","No","No","urn:li:activity:7242027721772392449","3677dfa513b01dc2edeac9261967120e2f0d59a2b06ed77c4a4266a1b7134625"
"Dinesh","Manoharan","Dinesh Manoharan","https://www.linkedin.com/in/dineshmanoharan90","BISO Leader | Author | AI Strategist | India Book Of Record Holder | 500K Trained Cyber Warriors | Information Security Professional | CISM, GIAC, CPENT, CHFI, CEH, LPT, DSOC | Cybersecurity Content Creator","comment","Being able to take a deep breath in and out without stress is the greatest wealth we have","2024-09-18T10:54:52.142Z","No","urn:li:comment:(activity:7242027721772392449,7242123909335019522)","75a3c384a3960988774f0c04479faf64f07705d00ecb1a94bfe163c558ba34e6","0","No","No","urn:li:activity:7242027721772392449","3677dfa513b01dc2edeac9261967120e2f0d59a2b06ed77c4a4266a1b7134625"
"GV","Multiservices LLP","GV Multiservices LLP","","69 followers","comment","Valid point!

While mental and physical well-being should be important, and youth should prioritize it, you will always find that the youths who look for this are from financially stable backgrounds with parents to fall back to! The other half of youths who had to work harder to reach this point, with modest to low-income backgrounds, and with family responsibilities have to have a continuous flow of income and cannot afford to find and choose working conditions on one’s own choices. To attain the “wealthiness” you mention, some youths generally reach the freedom after 30s which is not wrong but just fact.

Most MNCs have sales persons in foreign countries who pitch and sell Indian workforce as cheap labours who can work more hours. This needs to change otherwise the wellness mentality will never set in.","2024-09-18T10:12:00.479Z","No","urn:li:comment:(activity:7242027721772392449,7242113122998587392)","7638519758e8795c11afe7be409bcc1e2ef61df011bd404508583b8ae28770dc","0","No","No","urn:li:activity:7242027721772392449","3677dfa513b01dc2edeac9261967120e2f0d59a2b06ed77c4a4266a1b7134625"
"Monica","Pillai","Monica Pillai","https://www.linkedin.com/in/monicapillai","Facilitating organisational & individual growth. Going about it gently.","comment","Agreed. People like me set the tone 20+ years ago by buying into the glamour of the long hours and the hustle, often adapting beliefs of others ahead of us / other geographies. We might find it harder to see what the 20 somethings are doing as actually needing courage, but that distance is for us to cover. I wouldn't have had the space to say I am prioritising my well-being in my 20s. When I now see gym bags at work / bicycles at the parking lot / conversations on training runs, I applaud their efforts to make good health into a habit.   ","2024-09-18T09:19:11.404Z","No","urn:li:comment:(activity:7242027721772392449,7242099830934626304)","1982c51cace1468accf4ad633687b50f29f7ead31e249285f4961d810ecb44fa","0","No","No","urn:li:activity:7242027721772392449","3677dfa513b01dc2edeac9261967120e2f0d59a2b06ed77c4a4266a1b7134625"
"Ankit","Agrawal","Ankit Agrawal","https://www.linkedin.com/in/ankit-agrawal-leadershipcoach","Happy Culture Builder | Bestselling Author | Leadership Coach | AI Nerd | Agile Devotee | Operational Efficiency through Gamification | Two Decades of Experience","comment","Great point here, love how you've highlighted the value of health over material success. It's true—unhealthy habits sneak up on you over time. Many workplaces preach work-life balance, but then they load up on back-to-back meetings and unrealistic deadlines. If a company really wants its people to thrive, it's gotta make room for personal growth, time off, and, well, just living. 

Having systems in place for employees to prioritize health isn't just a nice-to-have, it's essential. Plus, when employees know they're supported in their wellness, they tend to perform way better. It's time companies walk the talk on wellness.","2024-09-18T09:13:54.929Z","No","urn:li:comment:(activity:7242027721772392449,7242098503542267905)","ef8e727ffe2a54de2355eeccf6f4adab1648fe3480d065a0c50265a83e44e97c","0","No","No","urn:li:activity:7242027721772392449","3677dfa513b01dc2edeac9261967120e2f0d59a2b06ed77c4a4266a1b7134625"
"Shivani","Malik","Shivani Malik","https://www.linkedin.com/in/coachshivanimalik","Helping CEOs and Entrepreneurs Lead with Purpose Through Strategic Execution | Founder Mothers Kitchen","comment","Prioritizing health over wealth is a powerful shift. True success isn’t just financial, it’s about enjoying life without compromise.","2024-09-18T09:09:47.133Z","No","urn:li:comment:(activity:7242027721772392449,7242097464214749184)","881537b52408e06432a9b18517ba608bcd54d8148cf43314a005e557d95e04a5","0","No","No","urn:li:activity:7242027721772392449","3677dfa513b01dc2edeac9261967120e2f0d59a2b06ed77c4a4266a1b7134625"
"Soumit","S.","Soumit S.","https://www.linkedin.com/in/soumitsaha27","Partner | Swiggy, Zepto, Cipla | BITS Pilani","comment","Waiting for more people to become micro and nano entrepreneurs, moving to non urbanized centres, living minimal lives and letting go of toxic and overworked lives and jobs. All so that - we can just become a less 'frustrated, on the edge, dopamine-chasing' species /country at least","2024-09-18T08:29:01.798Z","No","urn:li:comment:(activity:7242027721772392449,7242087207732215810)","4b0fb5d6f22561a672cf4bd8cd1fa7b2aa0f2f97cfb45b128fb8f050ba40350c","0","No","No","urn:li:activity:7242027721772392449","3677dfa513b01dc2edeac9261967120e2f0d59a2b06ed77c4a4266a1b7134625"
"Bharath","Devanathan","Bharath Devanathan","https://www.linkedin.com/in/bharathdevanathan","Chief Business Officer at INVERS GmbH","comment","Well said !","2024-09-18T08:23:33.817Z","No","urn:li:comment:(activity:7242027721772392449,7242085832080158721)","363f7c61784dfd0776206363800f3781aabf9ab93f4db2f06fe1a4f1bb17a00b","0","No","No","urn:li:activity:7242027721772392449","3677dfa513b01dc2edeac9261967120e2f0d59a2b06ed77c4a4266a1b7134625"
"Soumya","Chawla","Soumya Chawla","https://www.linkedin.com/in/soumya-chawla","Helping Interior & Construction Teams Digitize Project Management | AE @RDash","comment","So true! It’s just empty and sad. So glad this generation doesn’t want this for themselves.","2024-09-18T08:20:57.723Z","No","urn:li:comment:(activity:7242027721772392449,7242085177378676736)","09b0f5073b23503fa497652099eca55014b0c13171cb679e281657e0b98eaf9b","0","No","No","urn:li:activity:7242027721772392449","3677dfa513b01dc2edeac9261967120e2f0d59a2b06ed77c4a4266a1b7134625"
"Satvik","PUTI","Satvik PUTI","https://www.linkedin.com/in/satvikputi","Founder @Just Build It | Ambassador @Lovable | Athlete 🏃‍♂️","comment","I can totally relate. I’m 26 now, my 24 year old self wouldn’t have imagined that I would be prioritising my health and go on to help others build habits for good health. 

For me a high quality of life is one where I am eating high quality food, able to move and do challenging sports, learn new skills and do a job that impacts people’s lives in a meaningful way.","2024-09-18T08:05:15.646Z","No","urn:li:comment:(activity:7242027721772392449,7242081226017169411)","b490366166e5b5876f695508737bca60993806e474690d2cd681bc78a417859d","1","No","Yes","urn:li:activity:7242027721772392449","3677dfa513b01dc2edeac9261967120e2f0d59a2b06ed77c4a4266a1b7134625"
"Shivang","Shukla","Shivang Shukla","https://www.linkedin.com/in/shivang-ts","Building Teleparty | Ex-Khatabook, WorldQuant | BITS Goa","comment","Unless you are a founder or working on your multiple businesses (not justified even then but understandable), you shouldn't be having any excuses for not being able to take time out for a little workout. ","2024-09-18T07:28:12.024Z","No","urn:li:comment:(activity:7242027721772392449,7242071899474681857)","2923b9e15354832ed800527957a8a5c8fd36116db2df3987da89cd71d1023f02","0","No","No","urn:li:activity:7242027721772392449","3677dfa513b01dc2edeac9261967120e2f0d59a2b06ed77c4a4266a1b7134625"
"Siddhartha","Samal","Siddhartha Samal","https://www.linkedin.com/in/siddhartha-samal","Product Owner & Product Manager | Driving Agile Product Strategies & Data-Driven Solutions | 14+ Years in Delivering Customer-Centric, High-Impact Products | SAFe Certified","comment","A health and emotionally stable individual can definitely become a pathbreaking entrepreneur or inventor or wealthy person. The only issue is that media and world does not romanticize successful people, who are healthy, prioritize themselves n mentally sound.","2024-09-18T07:26:52.535Z","Yes","urn:li:comment:(activity:7242027721772392449,7242071566069481473)","c6cf500ae9fa9d7a348e02926a297a366ba85bb519372ea471ef14021b1c1968","0","No","No","urn:li:activity:7242027721772392449","3677dfa513b01dc2edeac9261967120e2f0d59a2b06ed77c4a4266a1b7134625"
"Isha","Shah","Isha Shah","https://www.linkedin.com/in/isha-shah-93589a1b8","CFA Level 1 cleared | Oracle Financial Consultant | MBA in Business Analytics (Finance) | MBA Gold Medalist","comment","It's high time we dive deep to the very core of ourselves rather than just relentlessly chasing the so called success defined by the society.","2024-09-18T07:08:34.068Z","No","urn:li:comment:(activity:7242027721772392449,7242066958764937216)","417b637779e51c4ed76885c9007044b27ef8427e16ac11343768bed90815474b","0","No","No","urn:li:activity:7242027721772392449","3677dfa513b01dc2edeac9261967120e2f0d59a2b06ed77c4a4266a1b7134625"
"Dr","Umesh Wadhavani","Dr Umesh Wadhavani","https://www.linkedin.com/in/drumeshwadhavani","A Corporate Wellness Coach making health fun and practical 🏥| Corporate Speaker 🎤 | IG-173k ⭐️| Sindhi IG- 59K 🌟 | YouTube - 184k ✅","comment","True! Losing our health is not due to one thing like eating a pizza in your strict ""diet"".

It's due to many factors like balanced diet, quality sleep, stress management, and hydrating our body.","2024-09-18T07:05:42.290Z","No","urn:li:comment:(activity:7242027721772392449,7242066238275801088)","55ad5b9e3f05b4571098cd4a54c2bad83ca9edc67e2a32e517a466ce65c6d558","0","No","No","urn:li:activity:7242027721772392449","3677dfa513b01dc2edeac9261967120e2f0d59a2b06ed77c4a4266a1b7134625"
"Arun","Sharma","Arun Sharma","https://www.linkedin.com/in/arun-sharma-04462823","VP– Operational Risk | Third-Party Risk Oversight | Tech Project Delivery| Governance, Compliance & Process Transformation","comment","I agree. Constant peer pressure & glorification of hustle culture often push us to overextend ourselves.","2024-09-18T07:05:27.057Z","No","urn:li:comment:(activity:7242027721772392449,7242066174388150273)","ec3ca6ca88e89f67e5aac691a86a68cefa92c095ec0d307b0bca5a5b9257ca34","0","No","No","urn:li:activity:7242027721772392449","3677dfa513b01dc2edeac9261967120e2f0d59a2b06ed77c4a4266a1b7134625"
"Anuj","Duggal","Anuj Duggal","https://www.linkedin.com/in/anujduggal","🎤2 x LinkedIn TopVoice: Corporate Sustainability; Coaching & Mentoring | 🌱Sustainability & Impact | 🎯Keynote Speaker | 💡Advisory Board Member | All views are personal","comment","Dilip Kumar, totally agree. IMHO, the current positive economic environment has also helped (besides Gen Z's attitude to life). Corporates need to understand what drives their employees. PS - It is NOT gourmet cafeteria services or stellar workplace interiors!! 🙂 🙂 ","2024-09-18T07:00:19.287Z","No","urn:li:comment:(activity:7242027721772392449,7242064883502997505)","fd392aaa62671579875700b0c9d832c31e20b7178742ef4a873e4e301235773e","0","No","No","urn:li:activity:7242027721772392449","3677dfa513b01dc2edeac9261967120e2f0d59a2b06ed77c4a4266a1b7134625"
"Kanchan","Chanana","Kanchan Chanana","https://www.linkedin.com/in/chananakanchan","Focus on Climate & Health | Helping Responsible Founders & Leaders Accelerate Impact | Writing About Self-leadership","comment","100%. Thanks for the reminder Dilip Kumar","2024-09-18T06:21:39.885Z","No","urn:li:comment:(activity:7242027721772392449,7242055155225919489)","8540a8e3f597e8e32cc4489957806250524f9af49ede92b63fd9f081fb56de14","0","No","No","urn:li:activity:7242027721772392449","3677dfa513b01dc2edeac9261967120e2f0d59a2b06ed77c4a4266a1b7134625"
"Nitin","Dua","Nitin Dua","https://www.linkedin.com/in/nitindua","Coach to Executives in Tech & Consulting Cos. Globally To Feel Fulfilled in Work | Cofounder, Consult on Revenue Growth (Part of 0-1-$100M) for Health, SaaS in US, India, UAE | PwC US, Stanford Brain Research, Eng Alum","comment","Prioritize Health #1. Period.","2024-09-18T06:19:30.695Z","No","urn:li:comment:(activity:7242027721772392449,7242054613363761154)","28a7b347264dbecde29443bbaed6b3b3d10b31f9ff51fa20fc60aedb672b562d","0","No","No","urn:li:activity:7242027721772392449","3677dfa513b01dc2edeac9261967120e2f0d59a2b06ed77c4a4266a1b7134625"
"Vaibhav","B.","Vaibhav B.","https://www.linkedin.com/in/imvaibhavbhagat","Digital Marketing | Martech Implementation & delivery | Campaign Management | Adobe Experience Platform(AEP) | SFMC | AJO| Klaviyo | Adobe Campaign| Innovative Marketing Solutions","comment","True! It's refreshing to see younger generations prioritizing health over wealth. It's a reminder that true wealth encompasses more than just financial success. Finding balance and maintaining well-being is essential for a fulfilling life. 🌟","2024-09-18T06:19:25.293Z","No","urn:li:comment:(activity:7242027721772392449,7242054590710374400)","cf3f4efeec8db745ee827e746190e7d287b6a070e5468deb8d62738167181a67","0","No","No","urn:li:activity:7242027721772392449","3677dfa513b01dc2edeac9261967120e2f0d59a2b06ed77c4a4266a1b7134625"
"Kevin","Kariappa","Kevin Kariappa","https://www.linkedin.com/in/kevin-kariappa","Founding Member @Early.Partners - A marketing consultancy services for startups and early stage companies","comment","health is wealth","2024-09-18T06:13:25.718Z","No","urn:li:comment:(activity:7242027721772392449,7242053082539253762)","1d22252580debaf2f6bbbc7b35507a18b5d1c4046b9b6fa8aebe545fa19c85e5","0","No","No","urn:li:activity:7242027721772392449","3677dfa513b01dc2edeac9261967120e2f0d59a2b06ed77c4a4266a1b7134625"
"MARK","DE MENEZES","MARK DE MENEZES","https://www.linkedin.com/in/mark-de-menezes-2054ab1aa","You should DISSTROY HYDRATION Right Now.","comment","Which 20-year-olds are you meeting? Dilip Kumar","2024-09-18T06:11:46.218Z","No","urn:li:comment:(activity:7242027721772392449,7242052665206075393)","76f5f718e8927f6649dd1149898f67fe50e51765d8ebeb4f2bed23750ab3bd9e","1","No","Yes","urn:li:activity:7242027721772392449","3677dfa513b01dc2edeac9261967120e2f0d59a2b06ed77c4a4266a1b7134625"
"Nidhi","Kaushal","Nidhi Kaushal","https://www.linkedin.com/in/nidhi-ceo","Fundraising Consultant | Expert in Pitch Decks for Investors | Investor Outreach | Pre-seed to IPO | 1200+ Clients Served Across 20+ Countries & 10+ Time Zones | 800+ Decks | $25M-$30M Raised Through Us","comment","You’ve captured an essential truth—real wealth includes health and well-being, not just financial success. Prioritizing mental and physical health is a long-term investment that pays dividends far beyond monetary gains. True wealth is freedom in every aspect of life.","2024-09-18T05:49:58.041Z","No","urn:li:comment:(activity:7242027721772392449,7242047178314014720)","9cc843f76b1268a3cdfc3096d39223485b06703f6bc8eba7d562335fe0c2e972","0","No","No","urn:li:activity:7242027721772392449","3677dfa513b01dc2edeac9261967120e2f0d59a2b06ed77c4a4266a1b7134625"
"Sunil","George","Sunil George","https://www.linkedin.com/in/sunilfrancisgeorge","Cloud security & Compliance, performance optimization, DevOps & cloud management, FinOps, and cloud observability.","comment","But don’t worry, the corporate world will soon remind us that a walk on a random Wednesday morning doesn’t pay the bills, and taking time for yourself is basically heresy. After all, what’s the point of living past 40 if you’re not a broken, burnt-out shell who just happens to have some shiny ESOPs and an impressive LinkedIn profile? Priorities!","2024-09-18T05:49:32.944Z","No","urn:li:comment:(activity:7242027721772392449,7242047073049550848)","593220b773ff813059d301e95c4a9e8e6088061e876fad3f5a2575a408921a5d","1","No","No","urn:li:activity:7242027721772392449","3677dfa513b01dc2edeac9261967120e2f0d59a2b06ed77c4a4266a1b7134625"
"Riyanshi","Agrawal","Riyanshi Agrawal","https://www.linkedin.com/in/riyanshiagrwl","Life & Business Coach | Coaching professionals to build successful life coaching businesses | Coaching professionals to develop deep confidence and conviction in all areas of life | DM “Coaching” if you need help","comment","An interesting thing to see is: A sick person will be willing to spend any amount of money to get their health back

Most times- you are unable to 

There is 0 upside of trading health for money","2024-09-18T05:49:22.409Z","No","urn:li:comment:(activity:7242027721772392449,7242047028862599170)","11b1ef8ec95dc67223c31882974129f8ebe5940a00d1fd492e6ff9a0e78e8058","0","No","No","urn:li:activity:7242027721772392449","3677dfa513b01dc2edeac9261967120e2f0d59a2b06ed77c4a4266a1b7134625"
"Sudhir","Shenoy","Sudhir Shenoy","https://www.linkedin.com/in/sudhir-shenoy","I write about leadership, inclusion and philanthropy | Senior VP, Equate Petrochemicals | Fitness enthusiast l Views are personal","comment","True wealth is found in your health, not just in your bank account.","2024-09-18T05:46:55.472Z","No","urn:li:comment:(activity:7242027721772392449,7242046412564164608)","3ca8b448c94b4ab394c25b74150a66e7863382257c4e4bd23beda54ab0fdd16b","0","No","No","urn:li:activity:7242027721772392449","3677dfa513b01dc2edeac9261967120e2f0d59a2b06ed77c4a4266a1b7134625"
"Sunil","Abraham","Sunil Abraham","https://www.linkedin.com/in/sunilabraham","Co-Founder @ Career Pitstop | Driving Professional & Youth Transformation | Leadership | Career Mastery | Global Change Management","comment","Well said Dilip - Often, we blame external circumstances for our failure to maintain a healthy lifestyle (tight deadlines, demanding projects, constant hustle). But deep down, we all realize that, eventually, it is the pursuit of a sound body and mind that truly matters. You rightly pointed out ""Becoming unhealthy is not an event, but a slow process - just like losing money, it is the culmination of neglect over time.""

It is time for organizations to also catch up. Some visionary companies have already started investing in the well-being of their employees, redefining what it means to care for their teams, often called ""family."" This is more than a trend - it is a necessary evolution in the way we work and live.

In the end, health isn’t just a personal responsibility—it is a collective one. If we can foster an environment where well-being is prioritized at all levels, both individuals and businesses can thrive together.","2024-09-18T05:43:59.626Z","No","urn:li:comment:(activity:7242027721772392449,7242045675012546560)","4e57030c0edd331ce2f97a75d3820609f6759600a8ce2e38fed852274178a6ae","1","No","No","urn:li:activity:7242027721772392449","3677dfa513b01dc2edeac9261967120e2f0d59a2b06ed77c4a4266a1b7134625"
"Arun","Babbar","Arun Babbar","https://www.linkedin.com/in/arun-babbar","Independent consultant with DSS+ , Former-Supply Chain at Hindustan Unilever Limited, India","comment","How does one measure “wealthy” ? Is it only possession of money or few other things that money can’t buy ?","2024-09-18T05:43:00.727Z","No","urn:li:comment:(activity:7242027721772392449,7242045427972292608)","9f4aaebe3bbdd016b5357637dfb03130d901e0cc878fe56a8b0316b8fc1eadab","0","No","No","urn:li:activity:7242027721772392449","3677dfa513b01dc2edeac9261967120e2f0d59a2b06ed77c4a4266a1b7134625"
"Rishabh","Jaiswal","Rishabh Jaiswal","https://www.linkedin.com/in/rishabh-jaiswal-3802b213","Managing Director at Sporting Ethos & Athlete First Foundation, IIM Ahmedabad (2009-11), The Doon School (2003), NSIT (2008), Ex-J&J","comment","Exactly Dilip Kumar as we apply research methods with corporate India, there is still a perception that Under 30 population doesn’t require much intervention with regards to mental as physical well-being compared to 30+. But these effects happen over time as you rightly said, and escalate quickly in many cases.","2024-09-18T05:39:04.988Z","Yes","urn:li:comment:(activity:7242027721772392449,7242044439211229185)","e81cf52a0649329bd7d089c029fa6162edcd82ad47ff4f6ee81d0e6d5e7a1a41","0","No","No","urn:li:activity:7242027721772392449","3677dfa513b01dc2edeac9261967120e2f0d59a2b06ed77c4a4266a1b7134625"
"Hitesh","Gupta","Hitesh Gupta","https://www.linkedin.com/in/hiteshgupta","Building Acceldata","comment","What are the root causes for more 20 yr olds saying about mental health.","2024-09-18T05:37:29.298Z","No","urn:li:comment:(activity:7242027721772392449,7242044037862416385)","bc1758149ad8f4f87e4e0b65bdda6a4fd646dc4662b7f287a31968761b1b7f5a","2","No","No","urn:li:activity:7242027721772392449","3677dfa513b01dc2edeac9261967120e2f0d59a2b06ed77c4a4266a1b7134625"
"Pingolika","Borkataki","Pingolika Borkataki","https://www.linkedin.com/in/pingolikaborkataki","Author | Writer and Speaker on Inspiration, Life Transformation & Mindset Shift | Founder of Ready2Live.in | Ex-IT Industry Professional","comment","True that. Real wealth is not just about the money in your bank or how your company is doing, it's about having the time and energy to enjoy life, take care of the people you care about, and focus on what really matters. 👍","2024-09-18T05:31:55.750Z","No","urn:li:comment:(activity:7242027721772392449,7242042638856560640)","1d6863e773309f8416f262a6d1b15f373d660df1c0ba2e213ed56bff5a43cf26","1","No","No","urn:li:activity:7242027721772392449","3677dfa513b01dc2edeac9261967120e2f0d59a2b06ed77c4a4266a1b7134625"
"Sushant","Bharti","Sushant Bharti","https://www.linkedin.com/in/sushantbharti","Co-Founder & CMO leading Sustainable Growth Initiatives, Mastering Marketing Strategies and Scaling Success","comment","After all, what's the value of financial success if we don't have the vitality to enjoy it?","2024-09-18T05:30:22.818Z","No","urn:li:comment:(activity:7242027721772392449,7242042249071542273)","9129a78b550b21a70bfb46a555b8bdf7640ec68233bf9ced9114ed25fff53f3c","0","No","No","urn:li:activity:7242027721772392449","3677dfa513b01dc2edeac9261967120e2f0d59a2b06ed77c4a4266a1b7134625"
"Dr.","Manthan Mehta","Dr. Manthan Mehta","https://www.linkedin.com/in/drmanthanmehta","Physician | Healthcare Innovator | AI & Digital Health | Advisor & Mentor | Speaker | Helping Shape the Future of Care","comment","I think the evolution of the concept of healthspan over lifespan is something the youth today relates too. And I agree to your point, the real luxury is slow mornings. 

Striking the right balance is key. It’s good to see people prioritising their health (body and mind) earlier.

Insightful post, Dilip Kumar","2024-09-18T05:24:00.319Z","No","urn:li:comment:(activity:7242027721772392449,7242040644754432000)","e109a7b0545b110dd436c3eb3912b92149ba030b63704783811484a586c782f3","0","No","No","urn:li:activity:7242027721772392449","3677dfa513b01dc2edeac9261967120e2f0d59a2b06ed77c4a4266a1b7134625"
"Vikas","Kumar","Vikas Kumar","https://www.linkedin.com/in/veeshwa","Product Manager | AI Generalist | n8n/Cursor","comment","healthy man has many wishes, a sick man only one - only until this realisation.
","2024-09-18T05:23:23.233Z","No","urn:li:comment:(activity:7242027721772392449,7242040489208676352)","b745a824c7ba66d2257c4b53167f5d24e20fd299d0ab753e9481597edd6d22ac","0","No","No","urn:li:activity:7242027721772392449","3677dfa513b01dc2edeac9261967120e2f0d59a2b06ed77c4a4266a1b7134625"
"Ram","Puranam","Ram Puranam","https://www.linkedin.com/in/puranamram","Creator & Podcast Host ‘FIKA Friday At the Office’ powered by Mapiq | Future of Work Alliance | International Expansion | New Business | Partnerships | Road Cyclist🚴🏼‍♂️ |Yoga| Mindfulness |Coffee Connoisseur","comment","Right said Dilip 🙌 being an active sportsman 🚴🏼‍♂️ I can vouch for this :- There’s no use of wealth if you don’t have good health !!","2024-09-18T05:13:45.591Z","No","urn:li:comment:(activity:7242027721772392449,7242038066398273538)","76b129578e89dbfb19a133ec1f9d5b3f1d0ebe96c8f9af2ff2257fb431827190","0","No","No","urn:li:activity:7242027721772392449","3677dfa513b01dc2edeac9261967120e2f0d59a2b06ed77c4a4266a1b7134625"
"Poonam","Gundecha","Poonam Gundecha","https://www.linkedin.com/in/poonamgundecha","🚀 IoT Solutions for Consumer Electronics & CleanTech | Connected Device Solutions | Device-to-Cloud Solutions 🔄","comment","Absolutely the last line!","2024-09-18T05:10:19.770Z","No","urn:li:comment:(activity:7242027721772392449,7242037203126628352)","2bc3dcd51510040d862afd9c74235a5a1dab4d75c51431c4dfbece9dabc49522","0","No","No","urn:li:activity:7242027721772392449","3677dfa513b01dc2edeac9261967120e2f0d59a2b06ed77c4a4266a1b7134625"
"ARNAB","GUHA","ARNAB GUHA","https://www.linkedin.com/in/arnab-guha-gluten-free","Building Sportify, IIPLeM & 2nd Brain Foundation | Blurring the line between Food & Medicine via GFCFSF Innovations | Scientist+Entrepreneur | Autism (Early Interventions) | Leaky-Gut Care | Ex-Novozymes/Britannia/Heinz","comment","Well said. Detox your body to improve gut brain connection & retard microclots,","2024-09-18T05:07:50.917Z","No","urn:li:comment:(activity:7242027721772392449,7242036578791907328)","d746383af0a713438b63751ce1a5b8c0868ee77d464dcc5f8ce4dad69fb8d46a","0","No","No","urn:li:activity:7242027721772392449","3677dfa513b01dc2edeac9261967120e2f0d59a2b06ed77c4a4266a1b7134625"
"Shiv","Prakash","Shiv Prakash","https://www.linkedin.com/in/shivprakashin","AI, Agents, Data, Infra, Backend, Platforms | Supply Chain","comment","Very True ! Staying healthy in mind and body is the most foundational thing for realising full potential for self and society !","2024-09-18T05:07:23.381Z","Yes","urn:li:comment:(activity:7242027721772392449,7242036463293325313)","a641b6688f50955c2fc2bcb6cd090e38ee05c43eacf22e45c63947f5c958e457","0","No","No","urn:li:activity:7242027721772392449","3677dfa513b01dc2edeac9261967120e2f0d59a2b06ed77c4a4266a1b7134625"
"Akhil","Teja","Akhil Teja","https://www.linkedin.com/in/akhiltejae","Creating Value with Capital","comment","It’s social conditioning that’s forced us to accept the hustle life as the norm but it wasn’t a few decades ago .. the present hatchlings are now unlearning this and it is a good thing as they will be more prevalent on their organisations to accept a slower way of life too .. this doesn’t just mean lesser work .. it means longer employee engagements, less toxic environments, happier outputs, love for work … remote ways of work make it more easier now than ever .. the many news of employee burnouts is a call to create easier work environments rather than highlighting any human weakness .. the output per individual today is much higher than it has ever been in history and people are handling far more complex tasks than during the “age of industrialisation “","2024-09-18T05:04:07.026Z","Yes","urn:li:comment:(activity:7242027721772392449,7242035639720804352)","de33228fae14d829c2706d63c328f2c72680856d8321732fba31f94396c8259f","0","No","No","urn:li:activity:7242027721772392449","3677dfa513b01dc2edeac9261967120e2f0d59a2b06ed77c4a4266a1b7134625"
"Jayant","Ghosh","Jayant Ghosh","https://www.linkedin.com/in/jayantghosh","From Scaling Businesses to Leading Transformation | Sales, Growth, GTM & P&L Leadership | SaaS, AI/ML, IoT | CXO Partnerships | Building Future-Ready Businesses","comment","It's inspiring to see a shift towards prioritizing health over wealth among the younger generation. Your words resonate. How do you think societal norms play a role in shaping this new mindset?  How do you think we can better educate others on the importance of holistic well-being?  ","2024-09-18T05:01:06.402Z","No","urn:li:comment:(activity:7242027721772392449,7242034882133020672)","234da94847a735851a526dc8deec6db1810db9c308ba64f00fd19121e86b6a25","0","No","No","urn:li:activity:7242027721772392449","3677dfa513b01dc2edeac9261967120e2f0d59a2b06ed77c4a4266a1b7134625"
"Ichha","Sra","Ichha Sra","https://www.linkedin.com/in/ichhasra","NBC- HWC I Unlocking the real you","comment","That’s heartening to know 

Steps on the right path 

Health has been long ignored because 

- no time
- it’s not convenient 
- it’s not fast 

But ultimately… it’s the only thing which would matter and keep everything together","2024-09-18T04:53:06.334Z","No","urn:li:comment:(activity:7242027721772392449,7242032868573499393)","6ea7c76e29a31254f06124274e6ed1d57e8f2849c66c129fd1b03ecd5dcd681b","0","No","No","urn:li:activity:7242027721772392449","3677dfa513b01dc2edeac9261967120e2f0d59a2b06ed77c4a4266a1b7134625"
"Vishesh","Bajpai","Vishesh Bajpai","https://www.linkedin.com/in/visheshbajpai","Coding since 1998","comment","It all starts with a small step... And if done with the right intent, becomes a habit. 

My aim...is to consistently manage a monthly SIP of 12k ;-) and increase the SIP amount each quarter","2024-09-18T04:50:16.654Z","No","urn:li:comment:(activity:7242027721772392449,7242032156888178691)","9774e6a66016c9b6422a024ebb4078022be0961980425dcfea3afc1c2c99cffc","0","No","No","urn:li:activity:7242027721772392449","3677dfa513b01dc2edeac9261967120e2f0d59a2b06ed77c4a4266a1b7134625"
"Aakanksha","Sadekar","Aakanksha Sadekar","https://www.linkedin.com/in/aakankshasadekar","Redefining Palliative Care | Global Families | AI | Engineer | Product Manager","comment","Dilip Kumar  Health is Wealth aligns perfectly with this story. ","2024-09-18T04:49:04.479Z","No","urn:li:comment:(activity:7242027721772392449,7242031854164336642)","95983a6dd7f0b3b4a8dd3235d4e45af92931b1ff1dbb48668080b55eaff83698","0","No","No","urn:li:activity:7242027721772392449","3677dfa513b01dc2edeac9261967120e2f0d59a2b06ed77c4a4266a1b7134625"
"Abhijeet","Mukherjee","Abhijeet Mukherjee","https://www.linkedin.com/in/abhijeetmk","Writer. Ex-Founder & CEO of a digital media firm (sold to an American firm). Author of 7 Rules for a Calm Mind in a Chaotic World. Writing essays on life and work in my LinkedIn Newsletter, check the link below.","comment","I have mixed feelings about this. While we all would want the youth to prioritise well-being, I am yet to come across a pathbreaking entrepreneur or inventor or artist — you know, the 1% who’ve built this world that we enjoy today — who didn’t sacrifice sleep and food and relationships in their 20s in the service of their obsession.","2024-09-18T04:48:28.073Z","No","urn:li:comment:(activity:7242027721772392449,7242031701466456064)","bf0ba47d4e59d6f78a95ab47b2060ca1c92338400ea98b7d37b02ca6f394324a","7","No","No","urn:li:activity:7242027721772392449","3677dfa513b01dc2edeac9261967120e2f0d59a2b06ed77c4a4266a1b7134625"
"Megha","Maan","Megha Maan","https://www.linkedin.com/in/megha-maan-3066606","Director | Leading Research and Marketing Solutions at VAMA Consulting","comment","Agree, many of us do not action but only recognize the importance.","2024-09-18T04:47:54.397Z","No","urn:li:comment:(activity:7242027721772392449,7242031560219058176)","b6b5aa93c9a773b1d0452ffb115b654aab0055bd879606d37b5b494ab5c47bef","0","No","No","urn:li:activity:7242027721772392449","3677dfa513b01dc2edeac9261967120e2f0d59a2b06ed77c4a4266a1b7134625"
"Karthik","Nagarajan","Karthik Nagarajan","https://www.linkedin.com/in/coachkarthik","Making Dads Fit again | Sambhar Sadham eating Fitness Coach","comment","You don't even need an hour every day. 15 minutes of exercise will massively reduce your risk of cancer, heart ailments, diabetes, hypertension.

Dilip Kumar","2024-09-18T04:47:36.398Z","No","urn:li:comment:(activity:7242027721772392449,7242031484725854208)","d22809fc12762c017574e163972094dc40a2f4b767ebcd03af08ad5d2dc78b9c","0","No","No","urn:li:activity:7242027721772392449","3677dfa513b01dc2edeac9261967120e2f0d59a2b06ed77c4a4266a1b7134625"
"Raunak","Singh","Raunak Singh","https://www.linkedin.com/in/raunak-singh-52906924b","Building Sikh Aid Charitable Trust | Forbes 30 Under 30 | Award Winning Humanitarian & Entrepreneur | Oxygen Man Of Odisha | TedX | Josh Talks","comment","So true! Health is often overlooked in the pursuit of wealth, but it’s the most valuable asset we have. We need to prioritize it.","2024-09-18T04:44:48.776Z","No","urn:li:comment:(activity:7242027721772392449,7242030781668155395)","c214f70397d2b0339bd3f90206e0b94c5c1dfed8c6b5a5341efaf404eca80d37","0","No","No","urn:li:activity:7242027721772392449","3677dfa513b01dc2edeac9261967120e2f0d59a2b06ed77c4a4266a1b7134625"
"Biswajeet","Balabantray","Biswajeet Balabantray","https://www.linkedin.com/in/biswajeetbalabantray","Learning !","comment","Dilip Kumar ......true.","2024-09-18T04:42:27.389Z","No","urn:li:comment:(activity:7242027721772392449,7242030188648153089)","b36be62d81b76d67e3fd312bbcb8512d8083294a03f9753b2e1780523405f6e7","0","No","No","urn:li:activity:7242027721772392449","3677dfa513b01dc2edeac9261967120e2f0d59a2b06ed77c4a4266a1b7134625"
"Samar","Sisodia","Samar Sisodia","https://www.linkedin.com/in/samar-sisodia","2X Founder | Entrepreneur | Scaled First Startup to $1M Revenue in Under 2.5 Years | 2X [0-1] | You Tube 100K+ Subscribers","comment","Yup! Wealth redefined.","2024-09-18T04:39:42.132Z","No","urn:li:comment:(activity:7242027721772392449,7242029495505895425)","0a4c5164aadae5917b9e74538fa4be47ed82cc07dfa2783e4caf89f6e154241f","0","No","No","urn:li:activity:7242027721772392449","3677dfa513b01dc2edeac9261967120e2f0d59a2b06ed77c4a4266a1b7134625"
"Sameera","Bandari🍄","Sameera Bandari🍄","https://www.linkedin.com/in/sameerabandari","Founder,Soultripp | Certified 🍄 coach guiding hustlers break free from burnout & rat-race with level-up getaways | NSRCEL IIMB, ex-KPMG","comment","Happy to see good health prioritised and amplified on your platform 🤝 Adding this post to our social proof so we can make a stronger case for well-being","2024-09-18T04:35:36.777Z","Yes","urn:li:comment:(activity:7242027721772392449,7242028466416599040)","9dea857e4f58f2ad2876a17511d61dd435fb169c27d196b5a2d5a95dbf9c8c30","1","No","Yes","urn:li:activity:7242027721772392449","3677dfa513b01dc2edeac9261967120e2f0d59a2b06ed77c4a4266a1b7134625"