First Name,Last Name,Full Name,Profile URL,Headline,Type,Comment,Timestamp,Is Edited,Comment URN,Comment Hash,Replies Count,Is Post Author,Has Reply From Post Author,Post URN,Post Hash
"Iqbal","Ahmed","Iqbal Ahmed","https://www.linkedin.com/in/iqbal-ahmed-b114789","Value Chain, Rural Livelihoods, Cluster Development Expert with 23 years of experience in multi stakeholder program development, resource mobilization, and delivering impact through strategic thinking.","comment","Dilip Kumar What I have learned from experience is that there cannot be two rules in the house, one for kids and another for grown ups. Kids do what they see. And many of us ""grown ups"" will have difficulty in following the simple things you have mentioned in your post.","2025-02-25T12:42:47.186Z","No","urn:li:comment:(activity:7290235387468267520,7300133126133977090)","d180fcaf386828bde194bfc1c015036f41d36ebeb5db8c12cfe15e6c2f352b0d","0","No","No","urn:li:activity:7290235387468267520","773bcec1487fc853a0c38a9adb5e0057b07b45aa44aa98914d79421e5da7db53"
"Kutubooku","","Kutubooku","","132 followers","comment","#5 get them hooked to books. Books in general and use books to introduce health and foods. It’s quite empowering:)","2025-02-19T01:07:43.556Z","No","urn:li:comment:(activity:7290235387468267520,7297783881238224896)","3a2b0f98cd87ee40925953801e99cfd67e446f98b8a792fe8108232f6a4b8c22","0","No","No","urn:li:activity:7290235387468267520","773bcec1487fc853a0c38a9adb5e0057b07b45aa44aa98914d79421e5da7db53"
"Tanya","Verma","Tanya Verma","https://www.linkedin.com/in/tanya-verma-44644786","Health Content Writer| Sub- Editor","comment","Great advice","2025-02-17T11:11:06.109Z","No","urn:li:comment:(activity:7290235387468267520,7297210950019911680)","f6802bbc726b34ff47a49a9d176d7f6d5b287bef40c239c66c5b251b6c97a30e","0","No","No","urn:li:activity:7290235387468267520","773bcec1487fc853a0c38a9adb5e0057b07b45aa44aa98914d79421e5da7db53"
"Dr.","Taanish Kumaar","Dr. Taanish Kumaar","https://www.linkedin.com/in/taanishkumaar","Client Solutions | Healthcare Consultant | PGDM Health Care Management | Author & DEI Advocate","comment","Childhood obesity is a growing crisis, and parents play a crucial role in shaping lifelong habits. Relying on schools, corporations, or the government won’t solve the issue but, not all parents have the privilege of providing fresh, organic food or enforcing strict rules. I guess blaming only parents without acknowledging systemic challenges, misses the bigger picture. ","2025-02-17T03:58:04.997Z","No","urn:li:comment:(activity:7290235387468267520,7297101977342119936)","ba54476a729e1fb9a4357ad42663066b77c803400bf717e66cef686d5777051c","0","No","No","urn:li:activity:7290235387468267520","773bcec1487fc853a0c38a9adb5e0057b07b45aa44aa98914d79421e5da7db53"
"Jaideep","Rao","Jaideep Rao","https://www.linkedin.com/in/raojaideep","Ideas | Growth | Forbes-published | Ex-SAP | Entrepreneur & Endurance Athlete","comment","Sonam Samat- your work is crucial here! Akash Budhia","2025-02-10T04:03:28.537Z","No","urn:li:comment:(activity:7290235387468267520,7294566619303792641)","3fa8bb41ec23d0b56ad41d87e1ffcec5e06799bb152d0f14b86c9f673c0d064d","0","No","No","urn:li:activity:7290235387468267520","773bcec1487fc853a0c38a9adb5e0057b07b45aa44aa98914d79421e5da7db53"
"Deepankar","Panda","Deepankar Panda","https://www.linkedin.com/in/pandadeepankar","Impact Measurement and Management @impactDash","comment","Isn't point 3 and 4 contradicting with one another!?
Setting rules may not encourage independent thinking. 
Can you please shed some more light on that?","2025-02-09T18:56:29.198Z","Yes","urn:li:comment:(activity:7290235387468267520,7294428965018972160)","6e2b4e3dec05894eca0292802e85b194ed18191e55568338f6159b07dec3b1fb","0","No","No","urn:li:activity:7290235387468267520","773bcec1487fc853a0c38a9adb5e0057b07b45aa44aa98914d79421e5da7db53"
"Anurag","Raj, CQF","Anurag Raj, CQF","https://www.linkedin.com/in/anurag-raj-cqf-a68b3a27","Reinforcement Learning| Deep Learning | Capital Markets | Supply Chain |","comment","Dilip Kumar - Important to ethically unjunk food and have strict ingredient control. Checkout millet momos @ momoongo.com","2025-02-09T03:23:40.347Z","No","urn:li:comment:(activity:7290235387468267520,7294194214643343360)","9ffc62090bc90dfda1c83b5cb3991a0d3e68b9394396ea4819c812e2051b8db5","0","No","No","urn:li:activity:7290235387468267520","773bcec1487fc853a0c38a9adb5e0057b07b45aa44aa98914d79421e5da7db53"
"Amit","Gupta","Amit Gupta","https://www.linkedin.com/in/amit-gupta-72813140","Founder, FitChefAmit | Health Educator | XLRI & Teach For India Alum | 1x Full Ironman & 3× Half Ironman Finisher | On a mission to make healthy eating fun for kids & easy for parents","comment","Thanks for posting on this very critical issue. It bothers me to see how our kids are binging on junk food and getting unhealthier, during a phase of life where they should naturally be the most active and energetic. We are trying to solve this problem by spreading awareness on this issue among parents, especially through healthy recipes and tips (through our Instagram page FitChefAmit  and offline activities). Any tips or ideas on how we can reach more parents and make a larger impact are welcome.
https://www.instagram.com/fitchefamit","2025-01-31T12:01:26.441Z","No","urn:li:comment:(activity:7290235387468267520,7291063024495300608)","43c44d90d139505f1854860a9adbc5f666cf21389e008464421938472c905c49","0","No","No","urn:li:activity:7290235387468267520","773bcec1487fc853a0c38a9adb5e0057b07b45aa44aa98914d79421e5da7db53"
"Sports","For All (SFA)","Sports For All (SFA)","","25,770 followers","comment","Sports can no longer be looked at as just co-curricular activities. They’re essential to a child’s growth and parents have the power to extend their child’s lifespan by making sports a daily habit. 

At Sports For All (SFA), we’re creating ecosystems where athletes are at the centre and they can embrace sports as a way of life, not just an activity.

#AbJeetegaIndia","2025-01-31T06:07:03.777Z","No","urn:li:comment:(activity:7290235387468267520,7290973842418601984)","85c3698cd2aa9f7f0afaecdd6e7fc4ef29cabb51eaad050acbe4e6ca533b7b6f","0","No","No","urn:li:activity:7290235387468267520","773bcec1487fc853a0c38a9adb5e0057b07b45aa44aa98914d79421e5da7db53"
"Rashmi","Sharma","Rashmi Sharma","https://www.linkedin.com/in/rashmisharmaofficial","Catalyzing top team effectiveness through leadership experiences | Former Coca-Cola, Unilever, Aon | TEDx Speaker | Favikon Top 50 Creators Thailand","comment","Kids do not do what you tell them to do, they do what you do. If the household conversation is around healthy habits, media consumption is around health influencers like Revant Himatsingka (Food Pharmer) and they see you deliberately making healthy choices, eventually they get the strength to fight peer pressure and say no to junk. Have seen this play out first hand with my son. 

A much needed post Dilip Kumar ","2025-01-31T02:00:18.675Z","No","urn:li:comment:(activity:7290235387468267520,7290911745315848193)","40d0418a5b231da37bb720613d4a5834644d942ae0b6c6b853dc6a600867d7af","0","No","No","urn:li:activity:7290235387468267520","773bcec1487fc853a0c38a9adb5e0057b07b45aa44aa98914d79421e5da7db53"
"Aditya","Kedia","Aditya Kedia","https://www.linkedin.com/in/aditya-kedia-15a1a623","Founder at FitBuds, funded by I-Venture@ISB, incubated with IIM-Lucknow EIC | Building TGIFC- Gurgaon's biggest Kids Fitness Carnival","comment","FitBuds has been solving this problem for 100s of parents in Gurgaon, making kids fall in the habit of exercising daily, conducting workshops on healthy habits (in schools and clubs) and also doing a variety of assessments and consultations. Currently running 15+ centres in Gurgaon and planning to double the number in 1 year!","2025-01-30T03:46:01.140Z","No","urn:li:comment:(activity:7290235387468267520,7290575959680835584)","a105abf1e013a6231c486626265650b1f813b1c225e0f8246640006b4a1814b8","0","No","No","urn:li:activity:7290235387468267520","773bcec1487fc853a0c38a9adb5e0057b07b45aa44aa98914d79421e5da7db53"
"Ashwini","Kumar Sharma","Ashwini Kumar Sharma","https://www.linkedin.com/in/ashwini-sharma-maadhyam-law","Skeptikal Vakil","comment","Great, with all the advantage of learning from other's mistakes that we had in pursuing our development, we still ended up repeating everything as it played out. What did Einstein note as a commonality between the universe and humans.","2025-01-30T02:31:12.477Z","No","urn:li:comment:(activity:7290235387468267520,7290557132863680513)","51764b6889b788bd9a1cd77c66257c16d7733c4eb1ac9cb2c26cacf563860555","0","No","No","urn:li:activity:7290235387468267520","773bcec1487fc853a0c38a9adb5e0057b07b45aa44aa98914d79421e5da7db53"
"Sivakumar","VP","Sivakumar VP","https://www.linkedin.com/in/sivakumar-vp-879b1414","Corporate Wellness Strategist | Founder @ Well O Sip® | Holistic Health & Herbal Tisanes for Employee Well-being","comment","💯 Waiting for motivation is a trap. Kids don’t need constant inspiration to eat well or be active—they need structure.

✅ No junk food at home.
✅ Real food stocked in the kitchen.
✅ Clear rules that the whole family follows.

When parents set the standard, kids adapt. It’s not about restricting them—it’s about teaching them. Small, consistent habits shape lifelong health.

It starts at home. 🏡🍎","2025-01-30T02:08:18.412Z","No","urn:li:comment:(activity:7290235387468267520,7290551369617358848)","a68d5a43bdffb32f57ec3659b20c96644b3f38afd5160810306292c2e66e4359","0","No","No","urn:li:activity:7290235387468267520","773bcec1487fc853a0c38a9adb5e0057b07b45aa44aa98914d79421e5da7db53"
"Balaji","Sharma, PhD","Balaji Sharma, PhD","https://www.linkedin.com/in/balajirsharma","Senior Data Scientist - Machine Learning - Predictive ETA - R, SQL, Python, MATLAB - Transit Nerd","comment","Insightful. Where is the data from, if I may ask?","2025-01-29T21:02:36.789Z","No","urn:li:comment:(activity:7290235387468267520,7290474439274561538)","4b474f596d2750d7adee2268b587a54ffd4eb23bb9d8a35f87dacd1c7eb3d601","0","No","No","urn:li:activity:7290235387468267520","773bcec1487fc853a0c38a9adb5e0057b07b45aa44aa98914d79421e5da7db53"
"Shubham","Parashar","Shubham Parashar","https://www.linkedin.com/in/shubhamprashr","IIMA(LEAP) | ex-Mindtree","comment","This is alarming.","2025-01-29T17:17:41.570Z","No","urn:li:comment:(activity:7290235387468267520,7290417836227760130)","f64986bd2ac62ef773744de26f4810ae332a075157efa04f14477437dc734dba","0","No","No","urn:li:activity:7290235387468267520","773bcec1487fc853a0c38a9adb5e0057b07b45aa44aa98914d79421e5da7db53"
"Masthanaiah","Cheekavolu","Masthanaiah Cheekavolu","https://www.linkedin.com/in/masthanch","Experienced IT & AI Leader | Digital Transformation | Cloud & DevOps Evangelist | Tech Advisor","comment","I call this as Covid effect/hit. Starting 2020 is when we moved to online classes + food and binge/ott watching etc. Outdoor activities came to standstill for nearly 2+ years and most kids never got back to pre-covid life style. I'm not surprised by these stats.

If you pull stats on things like eyesight or number of teenagers wearing spectacles during this time period, the results will be much worse.

I agree with the comments....most kids stopped listening to parents. One way (slowly) is to influence them is leading by example, prioritise health (active life style) over grades & ivy leagues.","2025-01-29T16:40:48.278Z","No","urn:li:comment:(activity:7290235387468267520,7290408553004052480)","f1bfaf28b5a63ec4e97b19034839f82a4a9dbb39af3801c84b60f85139aafecd","0","No","No","urn:li:activity:7290235387468267520","773bcec1487fc853a0c38a9adb5e0057b07b45aa44aa98914d79421e5da7db53"
"Ranjeet","Menon, MBA","Ranjeet Menon, MBA","https://www.linkedin.com/in/menonranjeet","Consultant | Mentor | Teacher | Writer | Wildlife Photographer","comment","According to ancient Indian texts at the peak of Kali Yuga average human lifespan will reduce to 20 years and looks like we are right on track. I used to think it would be because of wars, famines, epidemics, etc but it is abundantly becoming clear why.","2025-01-29T12:55:48.843Z","No","urn:li:comment:(activity:7290235387468267520,7290351932269899776)","8fff958e3e9359342bd106d89e97d239252ae003efc33c0311e723c1e12fdd77","0","No","No","urn:li:activity:7290235387468267520","773bcec1487fc853a0c38a9adb5e0057b07b45aa44aa98914d79421e5da7db53"
"Pranay","Kumar","Pranay Kumar","https://www.linkedin.com/in/kumarpranay","Circular EconomyI Sustainability| Packaging|Solar|Batteries & EV| W2W","comment","Scary in just 6 years a jump of 9% !! Meaning millions of Indian children. This in addition to increase in #malnutrition even amongst kids of economic  upper class","2025-01-29T12:52:14.672Z","Yes","urn:li:comment:(activity:7290235387468267520,7290351033971617792)","f23d80cc6ea9e93a743a864940a81f0cafc10cdbcdba7c24c0e1ebb47f5557da","0","No","No","urn:li:activity:7290235387468267520","773bcec1487fc853a0c38a9adb5e0057b07b45aa44aa98914d79421e5da7db53"
"Nikhil","Parmar","Nikhil Parmar","https://www.linkedin.com/in/nikhilrparmar","Building @ Instapitch.io || $1 Bn || Founder @ Impactful Pitch || TEDx Speaker || Fundraising Strategy || Global Impact Strategist || Angel Investor || Mentor || Top Voices AI || IIM Udaipur","comment","Spot on! The food industry is exploiting kids with all the sugar-filled junk. Parents need to step in and teach healthy habits from the start. It’s our job to make healthy choices the easy choices for them.","2025-01-29T12:40:52.177Z","No","urn:li:comment:(activity:7290235387468267520,7290348171380035584)","f1523073706357f9c4723e2a7e0a1d8a3ac0e2c1444e85606be5ebef88d800c8","0","No","No","urn:li:activity:7290235387468267520","773bcec1487fc853a0c38a9adb5e0057b07b45aa44aa98914d79421e5da7db53"
"Sports","For All (SFA)","Sports For All (SFA)","","25,770 followers","comment","At SFA, we’re passionate about making sport a natural part of every child’s life. 💪","2025-01-29T10:16:27.931Z","No","urn:li:comment:(activity:7290235387468267520,7290311830898409473)","15d8f64ceb6bf31ef9bb8329df49191e23b6eba25efa487b37109c47a6d8f656","0","No","No","urn:li:activity:7290235387468267520","773bcec1487fc853a0c38a9adb5e0057b07b45aa44aa98914d79421e5da7db53"
"Rishi","Bhojnagarwala","Rishi Bhojnagarwala","https://www.linkedin.com/in/rishibhojnagarwala","Health & Wellness Venture Builder | Product Strategist | D2C Growth Leader","comment","The solutions available (or new ones coming) that try to address this or similar chronic issues for children and adults are catering to top 2-3 % of the population. And even they have low success rate in reversing or managing this via lifestyle interventions. Even if we consider an aggressive 50% success rate and assume they cater to 5% of the population data, at best we can expect a 2.5 % improvement. 

The unhealthy snack alternatives cost 5-10 X and have limited distribution. 

The diabetes monitoring, trackers, lifestyle solutions cost over 30K per year (metformin and statins costs around 3-5K per year) 

When one buys a ""so called"" unhealthy snack they are not buying food, they are buying convenience (in fact convenience was the marketing positioning of this in the 60s and 70s when packaged industry started along with women liberation) ... But the so called healthy snacks now are also not selling food - they are also selling convenience. Why does one need to spend 150 Rs on a protein bar or shake when one can get that much protein from milk, eggs, paneer at 1/5th of the cost - because the bar is convenient. 

IMHO - the one and only thing that can create a lasting and wide impact is awareness and education. ","2025-01-29T10:13:50.881Z","No","urn:li:comment:(activity:7290235387468267520,7290311172183003136)","6ea24f24241573d3429bea8adfcbb627d6089a92bdd3e1b236bdf244db9658e9","0","No","No","urn:li:activity:7290235387468267520","773bcec1487fc853a0c38a9adb5e0057b07b45aa44aa98914d79421e5da7db53"
"Ankita","Sinha","Ankita Sinha","https://www.linkedin.com/in/ankita-sinha-33391086","Mother | L&D Professional | Human Skills & Business Skills Trainer | Trained Kathak Dancer | Singer by Hobby","comment","Abhishek Sinha","2025-01-29T09:38:00.713Z","No","urn:li:comment:(activity:7290235387468267520,7290302153728880640)","5bdb5a64426d2eb482d0e92422523024ee105931f37d5f7110581d1ef15c5197","0","No","No","urn:li:activity:7290235387468267520","773bcec1487fc853a0c38a9adb5e0057b07b45aa44aa98914d79421e5da7db53"
"Akhil","Kishore","Akhil Kishore","https://www.linkedin.com/in/akhilkishore","Helping Purpose Driven Founders Build Financially Healthy Initiatives","comment","Ravi Teja Putrevu and Revant Himatsingka (Food Pharmer) are also doing some great work in the area","2025-01-29T08:53:41.786Z","No","urn:li:comment:(activity:7290235387468267520,7290291001380720640)","0268f568226d2ae1a2613aa2f7e1061fca21385d8ebf9253e10866d4bf886938","0","No","No","urn:li:activity:7290235387468267520","773bcec1487fc853a0c38a9adb5e0057b07b45aa44aa98914d79421e5da7db53"
"Pragati","Jain, Ph.D","Pragati Jain, Ph.D","https://www.linkedin.com/in/jprags","Data & Analytics Leader || Entrepreneur || Women Mentorship || ADA Alumni || Computational Neuroscientist || CSIR Senior Research Fellowship","comment","Dilip, could the growing mental pressure on kids also be contributing to obesity? With high expectations from elders, children are pushed to excel not just in academics but in multiple activities like robotics, tennis, and swimming—all at once. This stress, along with a lack of free play and relaxation, might lead to emotional eating and a sedentary lifestyle, increasing obesity risks.","2025-01-29T08:39:12.331Z","No","urn:li:comment:(activity:7290235387468267520,7290287354617962498)","c66ea923c9f957d3d159389d7b509e5b50fa2c83ce6482ebac5583ac027da992","0","No","No","urn:li:activity:7290235387468267520","773bcec1487fc853a0c38a9adb5e0057b07b45aa44aa98914d79421e5da7db53"
"Punit","Gupta","Punit Gupta","https://www.linkedin.com/in/punitg7","Co-Pilot at Clixi | First invest in yourself, and then invest in businesses of other people! | Rippling Alumni.","comment","It coincides with Modi-led BJP's rise to power.","2025-01-29T07:59:06.858Z","No","urn:li:comment:(activity:7290235387468267520,7290277265333010432)","788c635e3f5049b14c73277291d7997a4db12c0cff2277b4f75fe0b72f6baa71","0","No","No","urn:li:activity:7290235387468267520","773bcec1487fc853a0c38a9adb5e0057b07b45aa44aa98914d79421e5da7db53"
"Ankur","Bhatia","Ankur Bhatia","https://www.linkedin.com/in/ankurbhatiawellnessentrepreneur","Helping Leaders Build Health Through Data, Science & Systems | Expert in chronic conditions: Cardiac, diabetes, and hypertension | Preventive Cardiac Healing Expert | Founder @ The Pivot Health","comment","I think in age of technology and plenty of options kids these days have pushed physical activity on a very low priority. They are able to spend hours on Instagram but do not want to spend minutes on exercise or sport. In India we should consider law like Australia has done recently of banning social media for children below 16. Sweden is now investing €104 million to bring back printed textbooks. Although these initiatives may not be intended to increase physical activity but this will definitely play role in increasing physical activity. Also certain developments like bone density , growth can happen till certain age and poor health habits in children means one will pay for next 70-80 years ","2025-01-29T07:47:43.592Z","No","urn:li:comment:(activity:7290235387468267520,7290274399511818240)","9d9e942fa4984d9ef5c55893aca7ff73e243f832ae81cfcb58039bd3edef63e9","0","No","No","urn:li:activity:7290235387468267520","773bcec1487fc853a0c38a9adb5e0057b07b45aa44aa98914d79421e5da7db53"
"Saumya","Sharma","Saumya Sharma","https://www.linkedin.com/in/saumyasharma2","Public Health Advocate I Publisher I Ex-McKinsey I Tuck Dartmouth MBA","comment","Wow thats one steep graph","2025-01-29T07:25:21.578Z","No","urn:li:comment:(activity:7290235387468267520,7290268770692972545)","a7cf6e2d0f5d78ee5c6782704a43d1a57c03dc3fc965adc644d32881c5e9470c","0","No","No","urn:li:activity:7290235387468267520","773bcec1487fc853a0c38a9adb5e0057b07b45aa44aa98914d79421e5da7db53"
"Anshuman","Vora","Anshuman Vora","https://www.linkedin.com/in/anshumanvora","Marketing & Sales Consultant + Implementer for SMEs' Continuous Profitable Growth & All-India Business Development ✓","comment","Pls share the official definition of Obesity and the source of data for this graph.","2025-01-29T06:55:28.547Z","No","urn:li:comment:(activity:7290235387468267520,7290261250175913985)","0c32201b3e447c7515fe033526bb80b08e50889cd7481cc36ee4a3c8d4cae24d","0","No","No","urn:li:activity:7290235387468267520","773bcec1487fc853a0c38a9adb5e0057b07b45aa44aa98914d79421e5da7db53"
"Sonali","Saraogi Singh","Sonali Saraogi Singh","https://www.linkedin.com/in/sonalisaraogisingh","Building Feed Smart | IMB NSRCEL | Imperial College London | Warwick University | The Shri Ram School","comment","Relentlessly solving for this. Day in and day out ✨️🙌","2025-01-29T06:55:21.795Z","No","urn:li:comment:(activity:7290235387468267520,7290261221855965185)","30a7c40a0d2e918168f9ee555363e88a3ff63380b831d529d964d113a3f6025e","0","No","No","urn:li:activity:7290235387468267520","773bcec1487fc853a0c38a9adb5e0057b07b45aa44aa98914d79421e5da7db53"
"Anshul","Garg","Anshul Garg","https://www.linkedin.com/in/anshul-garg-81bba542","Finance and Healthy food Enthusiast, Angel Investor, Ex-Vedanta, Ex-KPTL","comment","I am a father child of 3 years old. From the start we are giving our child healthy stuff. Very limited package food. Healthy homemade food. Inclusion of millets in diet and fruits of every kind according to season. Encourage my child to do physical stuff more and he loves doing it. Children's habits start from a very young age. If you teach them bad stuff they will adopt bad stuff and if you teach them good stuff they will adopt good stuff. Starting years are building blocks of habits of children. Nobody should ignore it.","2025-01-29T06:41:51.887Z","No","urn:li:comment:(activity:7290235387468267520,7290257824855511041)","c89725bbf4472dd67f5754574b5671d15bc530091d63a30e715560c388615b5f","0","No","No","urn:li:activity:7290235387468267520","773bcec1487fc853a0c38a9adb5e0057b07b45aa44aa98914d79421e5da7db53"
"Sumithra","B","Sumithra B","https://www.linkedin.com/in/sumithra-b-36133ab","Passionate Business professional with 15 years of experience in Sprituality |Food | Nutrition | Wellness | Fitness| Environment | Brain health","comment","Not only Food Industry one more industry which is affecting Children is The great Gaming industry which is messing their mental health.","2025-01-29T06:24:07.525Z","No","urn:li:comment:(activity:7290235387468267520,7290253360597766144)","df3204057c13d08a15080f6836f55226fdafb574670e064e6f85509eba927216","0","No","No","urn:li:activity:7290235387468267520","773bcec1487fc853a0c38a9adb5e0057b07b45aa44aa98914d79421e5da7db53"
"Dr","Ruma Bhargava","Dr Ruma Bhargava","https://www.linkedin.com/in/drrumabhargava","Global Health, WEF | Forbes Award for Health Innovation I Policy & Partnerships","comment","Dilip Kumar it would be interesting to see the economic strata these children come from.
We live in two extremes of malnutrition in our country. What you quote is one extreme and the other extreme is we have 32% children underweight below the age of 5.","2025-01-29T06:16:25.843Z","No","urn:li:comment:(activity:7290235387468267520,7290251424163106816)","ca453ad8ce64e054c6c0e1e6cef7fc66bc90390e988fd4f041ac1e5dd19637d2","0","No","No","urn:li:activity:7290235387468267520","773bcec1487fc853a0c38a9adb5e0057b07b45aa44aa98914d79421e5da7db53"
"Asheesh","Grewal","Asheesh Grewal","https://www.linkedin.com/in/asheesh-grewal-b463415","Founder & CEO || MyHealthBuddy, Omama","comment","Absolutely on point! 💯 Just adding one more thought… don’t just tell them what to do, show them. 

Be the example they look up to. We can’t expect our kids to develop healthy habits if we’re staying up late binge-watching Netflix, skipping exercise, and living a sedentary lifestyle. 

Kids don’t follow instructions, they imitate actions! Let’s lead by example.","2025-01-29T06:14:31.298Z","No","urn:li:comment:(activity:7290235387468267520,7290250943726555136)","ed79398ca7cd411e9e4e579a456b22d46a6269f01516002f34bf6b0fb232aa38","0","No","No","urn:li:activity:7290235387468267520","773bcec1487fc853a0c38a9adb5e0057b07b45aa44aa98914d79421e5da7db53"
"Lubaina","Koti","Lubaina Koti","https://www.linkedin.com/in/lubaina-koti-155a32158","A Science Communicator, a Writer, an Editor, a Reader, and an Explorer.","comment","What's the source of this graph? ","2025-01-29T06:11:52.902Z","No","urn:li:comment:(activity:7290235387468267520,7290250279365545984)","6fd8d9f57db5e9d21d792818adcce570d69fbb9c9171460ff613ecbc9ec413fe","0","No","No","urn:li:activity:7290235387468267520","773bcec1487fc853a0c38a9adb5e0057b07b45aa44aa98914d79421e5da7db53"
"Rohan","Thakar","Rohan Thakar","https://www.linkedin.com/in/rohanthakar","Creating Incredible Audio IPs at Ep.Log | Triathlon Enthusiast (🏊 🚵 🏃‍♂️) | Building Sports Community with Hit The Road","comment","One thing I have observed and also gone through to a certain extent during my teen years is the back-to-back schedule from morning tuition followed by a full day school followed by evening tuition and the kid comes exhausted at night - 
This is very much the schedule for an average teen (14-18yo) pursuing science

Right outside these classes are stalls of Frankie, Chaat and Wadas (not to forget packaged chips)
Kids with pocket money consume energy drinks as if they are drinking water
Vaping among teens also!

The entire classes ecosystem is making our future generation a physically unfit generation","2025-01-29T06:11:33.859Z","Yes","urn:li:comment:(activity:7290235387468267520,7290250199493406720)","57568e25f243d61ee83a1e0c6f17f9a600500c9e8594276cdbe803db937f5984","0","No","No","urn:li:activity:7290235387468267520","773bcec1487fc853a0c38a9adb5e0057b07b45aa44aa98914d79421e5da7db53"
"Kirthish","Jain","Kirthish Jain","https://www.linkedin.com/in/kirthisjain","I simplify clothing for people, brands, retailers. We show them the real picture on ground with honesty, impact, & accountability. Into Organic & Natural Dyed clothing with principles of Ahimsa Economy & Simple living.","comment","Not many people know that every 9 minutes a child in india gets cancer. It's WHO statement and they have said it clearly that it's because of processed food.","2025-01-29T06:01:49.084Z","No","urn:li:comment:(activity:7290235387468267520,7290247746769326081)","5f8c7834e2f0a11c5bc85c3f577ffc6ab6a961a886950d80c9fcfa4bea924843","0","No","No","urn:li:activity:7290235387468267520","773bcec1487fc853a0c38a9adb5e0057b07b45aa44aa98914d79421e5da7db53"
"Amit","Mongia","Amit Mongia","https://www.linkedin.com/in/amit-mongia-962b7a2","Grow with Sport","comment","Ads and corps are making junk food desirable. Let’s make sport desirable for kids. FLOW Sports Life is on a mission to turn 1 million kids into ‘Athletes for Life’. 
Help them realise their potential.
You are doing your part Dilip Kumar
So are we
Let’s refer to kids as athletes and not consumers.","2025-01-29T05:58:05.353Z","No","urn:li:comment:(activity:7290235387468267520,7290246808377737216)","1d3414a8d75f59399088151a3fc6e0aa9aa458d904f5933c03856b474c739b78","0","No","No","urn:li:activity:7290235387468267520","773bcec1487fc853a0c38a9adb5e0057b07b45aa44aa98914d79421e5da7db53"
"Kshitij","Sathe","Kshitij Sathe","https://www.linkedin.com/in/kshitij-sathe","Execution and Delivery Head | Finance Technology | Education","comment","I do not agree to all the posts that Dilip Kumar shares. But this is a post that I can get behind.
1. Don’t outsource their health to the system: No app/ ring/ band/ gym course is going to get you moving more consciously and consistently than your brain.
2. Play & sports is nature’s way of making kids fit: There is no right or wrong way to play a sport that makes the child happy. Parents who want to make professional sportsperson from their kids miss the point.
3. Parents think kids should ‘want’ to exercise or eat well:  Specification by example works best. As a parent you set wrong example every time you order 10 minute food delivery for your cravings and skip your workout for a binge watch of Netflix
4. The mainstream food industry is a trap: It includes all protein fortified, antioxidant, vitamin enriched food that gets advertised and shared. They are in to business for making money not making people healthy!
It is always individuals choice And it is always hard to choose right.","2025-01-29T05:55:28.320Z","No","urn:li:comment:(activity:7290235387468267520,7290246149729316864)","9889d183c94c981df0e28a39ffe7436cbd7703b45fb5f11266c19709067ed041","2","No","No","urn:li:activity:7290235387468267520","773bcec1487fc853a0c38a9adb5e0057b07b45aa44aa98914d79421e5da7db53"
"Ramesh","M","Ramesh M","https://www.linkedin.com/in/ramesh-m-0205","Total Rewards - Global","comment","This is alarming! Dilip Kumar Sir, would be great to know the source of this graph. Thanks","2025-01-29T05:39:49.086Z","No","urn:li:comment:(activity:7290235387468267520,7290242210300628992)","6b48964e47467a49e35b91a016f4e20c7e61550be1b3c1a320d5509135e80907","0","No","No","urn:li:activity:7290235387468267520","773bcec1487fc853a0c38a9adb5e0057b07b45aa44aa98914d79421e5da7db53"
"Rishu","Malhotra","Rishu Malhotra","https://www.linkedin.com/in/rishu-malhotra","Only What’s Needed|Ex Entrepreneur|Ex OYO","comment","Data source?","2025-01-29T05:39:42.528Z","No","urn:li:comment:(activity:7290235387468267520,7290242182794383360)","3b3a9b4dedfd571cb81f2d05599a8f19059a59f63b75dde217505c575c8421ae","1","No","Yes","urn:li:activity:7290235387468267520","773bcec1487fc853a0c38a9adb5e0057b07b45aa44aa98914d79421e5da7db53"
"Binod","Shankar","Binod Shankar","https://www.linkedin.com/in/bshankar","Keynote speaker| Coach to finance leaders | Author | CNBC/Bloomberg guest | Sold my biz to a multinational| Cyclist| Mountaineer| Kayaker","comment","Dilip Kumar I’m not at all surprised given the current lifestyles of adults in India who the kids copy. Obesity, heart disease, stroke and cancer are all on the rise in India, the side effects of growing affluence & aping the western work and lifestyles.","2025-01-29T05:39:19.809Z","No","urn:li:comment:(activity:7290235387468267520,7290242087499771906)","5e17489a7acfc38c8d1aecd84f871c8c02faae50c08196d099e5cd96545a0c92","0","No","No","urn:li:activity:7290235387468267520","773bcec1487fc853a0c38a9adb5e0057b07b45aa44aa98914d79421e5da7db53"
"Mangesh","Baxi","Mangesh Baxi","https://www.linkedin.com/in/mangesh-baxi-34a43711b","Chief Operating Officer at Necessary Devil","comment","Kids even very young ones don't listen to their parents anymore. The single child of working parents knows that he has to throw just one tantrum and everyone will be at his feet. 
Secondly huge amount of research goes into design, packaging and taste of processed food so that they are attractive to the kids. Home cooked food's battle with them is grossly one-sided. 
No wonder we see such results. Apart from wringing our hands we can do little else. ","2025-01-29T05:36:50.878Z","Yes","urn:li:comment:(activity:7290235387468267520,7290241462842089472)","8af6529fe668b483e94891d70b4ec91e33a750b5d7dc8278258b7e81a2b3e68a","0","No","No","urn:li:activity:7290235387468267520","773bcec1487fc853a0c38a9adb5e0057b07b45aa44aa98914d79421e5da7db53"
"Rajith","Rathiyappan","Rajith Rathiyappan","https://www.linkedin.com/in/rajith-rathiyappan-6507307","PHD Sports Research Scholar | Founder & Managing Partner/Bikefitter at Upgrade Cyclery - Premium Bicycle Retailer","comment","Fitness should start from home !! Parents should get into fitness first and be a role model for kids !! India obesity among kids are growing at double digit year on year !!","2025-01-29T05:36:49.505Z","Yes","urn:li:comment:(activity:7290235387468267520,7290241457079103488)","9ad2da58c20cb3dfa4ed662d7e338392a550779164ac83c8e606c84110a1677d","0","No","No","urn:li:activity:7290235387468267520","773bcec1487fc853a0c38a9adb5e0057b07b45aa44aa98914d79421e5da7db53"
"Sumit","Pandya","Sumit Pandya","https://www.linkedin.com/in/sumit-pandya-b4011865","Manager- Mechanical Construction | Structural & Equipments Erection| Resource planning and management| Safety in heavy structure/erection| MARATHONER | OUTDOOR ATHLETE | Sports Enthusiast | Treks & Adventures","comment","Insightful,.","2025-01-29T05:34:31.610Z","No","urn:li:comment:(activity:7290235387468267520,7290240878705623041)","ef5c03f69f68ba8c5ae83ef1eda009b795ca1db21273e416d3eec3cba1126d26","0","No","No","urn:li:activity:7290235387468267520","773bcec1487fc853a0c38a9adb5e0057b07b45aa44aa98914d79421e5da7db53"
"Jinesh","Shah","Jinesh Shah","https://www.linkedin.com/in/jinesh-shah-4ba1457","Chief Investment Officer at Magma General Insurance Ltd, Financial Management Expert","comment","Largest assisted economy/lazy economy has its invisible costs. We will also will be a huge unsegregated waste generating economy in times to come if we dont have ample recycling. ","2025-01-29T05:33:41.510Z","No","urn:li:comment:(activity:7290235387468267520,7290240668570951681)","d2370e3b4483524d491ee7a736b77ad34bfe2daa653b326859a4e069587b26ff","0","No","No","urn:li:activity:7290235387468267520","773bcec1487fc853a0c38a9adb5e0057b07b45aa44aa98914d79421e5da7db53"
"Divesh","Nathani","Divesh Nathani","https://www.linkedin.com/in/divesh-nathani","COO @ Spolto | Solving for trust in local coaching | Founder, The Coach Crew | Sports x Tech x Scale","comment","Numbers are looking worse for urban India :( 

Would love to collaborate and help make a larger impact via Spolto 

Sports are literally the BEST memories we’ve had as kids and we need more of that for this generation and beyond 🎾👟","2025-01-29T05:33:20.484Z","No","urn:li:comment:(activity:7290235387468267520,7290240580385726464)","572ba3e3b0ebd1ac51fdb6a558f7e9291821f5bc1eb425c28861ba2f4ec623c8","0","No","No","urn:li:activity:7290235387468267520","773bcec1487fc853a0c38a9adb5e0057b07b45aa44aa98914d79421e5da7db53"
"Masroor","Lodi","Masroor Lodi","https://www.linkedin.com/in/masroorlodi","Founder @ unlock.fit","comment","This is one focus area for us as you know, Dilip. We need to arrest child obesity before it gets out of control. Just look at the spike!","2025-01-29T05:32:48.082Z","No","urn:li:comment:(activity:7290235387468267520,7290240444481818624)","593834569cfb7f19c0df9fc6d9c61393eefcbdd93fe8cbc1f7ffd628906bfc93","0","No","No","urn:li:activity:7290235387468267520","773bcec1487fc853a0c38a9adb5e0057b07b45aa44aa98914d79421e5da7db53"
"Yogesh","Daga","Yogesh Daga","https://www.linkedin.com/in/yogesh-daga-76783b27","Co-founder & CEO Nirmitee.io | Empowering Digital Healthcare with AI driven Solutions | HealthTech Innovator","comment","Dilip Kumar It all starts with us—how we set an example in the early days. If we are always on the screen, our kids will naturally follow.
Shweta Singh: I know you're already doing well in promoting kids' health and sports. Raising awareness in parents about this issue is just as important.!","2025-01-29T05:31:38.149Z","No","urn:li:comment:(activity:7290235387468267520,7290240151157399552)","76932e9e06d738d69e0ad4bcb8a4a80c3b05c24bf587491ac9c0c60fba4918ac","1","No","No","urn:li:activity:7290235387468267520","773bcec1487fc853a0c38a9adb5e0057b07b45aa44aa98914d79421e5da7db53"
"Harsha","Kalidindi","Harsha Kalidindi","https://www.linkedin.com/in/hkalidin","Building in Health | Digital Biology | Consumer Health | Product Leader","comment","Kids learn  best by imitation. Rules that apply to kids must apply to parents as well - No junk food, disproportionate device time in the house for everyone . This will make changing habits easier  and sustainable","2025-01-29T05:28:03.783Z","No","urn:li:comment:(activity:7290235387468267520,7290239252041281537)","d571c5ce73b52e562a53e73e7c7dcad9095e174e81fab2aa14fe59e1c22a04e9","0","No","No","urn:li:activity:7290235387468267520","773bcec1487fc853a0c38a9adb5e0057b07b45aa44aa98914d79421e5da7db53"
"Karthikeyan","Viswanathan","Karthikeyan Viswanathan","https://www.linkedin.com/in/karthikeyan-viswanathan-a1a62316","Co-Founder & CEO, BibVault, Transforming the inconsistent & boring active lifestyle of time poor busy professionals and kids through unique rewards and gamification techniques","comment","Yes its alarming Dilip Kumar. Thanks for sharing. As we are exploring preventive ways in this space through BibVault,  our initial observation of the problem - behaviour pattern of both parents and kids from the impacted families. Happy to collaborate with businesses and experts from this domain.","2025-01-29T05:27:55.399Z","No","urn:li:comment:(activity:7290235387468267520,7290239216876240896)","b3aa1b4f9e56cd1e353d9c9398d7eea561bcfdedc8e62f97f58790c6919cb5b2","0","No","No","urn:li:activity:7290235387468267520","773bcec1487fc853a0c38a9adb5e0057b07b45aa44aa98914d79421e5da7db53"
"Ishita","Sharma","Ishita Sharma","https://www.linkedin.com/in/ishitalaw","StartUp Advisor| Keynote speaker| Blockchain| DAO| Tokenisation|Corporate Lawyer | Remote CLO|Talks about Startups, TechLaws| Compliance| Intellectual Property| Web 3 & AI","comment","Aur lao 10 min quick commerce","2025-01-29T05:26:02.154Z","No","urn:li:comment:(activity:7290235387468267520,7290238741892251648)","5a486e79def762d99eadb4b32a7ace7aa32c6c354914df648e49ec36242b7154","0","No","No","urn:li:activity:7290235387468267520","773bcec1487fc853a0c38a9adb5e0057b07b45aa44aa98914d79421e5da7db53"
"Dr.","Anuja Luniya","Dr. Anuja Luniya","https://www.linkedin.com/in/anujaluniya","Helping India Stress Less | Author of “Relax Play Thrive” 🚀 Helped 18K+ People & 70+ Orgs Regulate Stress through Play | Physiotherapist, Behavioural Health Coach & Speaker","comment","Love the dedicated accountability on the parents here, Dilip Kumar! Do you think there should be a drive to raise awareness among parents so they can make better choices? Where does this fit into the modern everyday scenario?","2025-01-29T05:20:54.294Z","No","urn:li:comment:(activity:7290235387468267520,7290237450633842688)","9846ba0862551d1c25f2fda410a2fc326e680631d58ee12e08122f198343e9ad","0","No","No","urn:li:activity:7290235387468267520","773bcec1487fc853a0c38a9adb5e0057b07b45aa44aa98914d79421e5da7db53"
"Pallob","Ghosh","Pallob Ghosh","https://www.linkedin.com/in/pallob-ghosh-a9a555183","Driving Organic Sales for E-Commerce with SEO | Helping Startups Boosting Their Revenue | Turning Websites and eCommerce stores into Sales Machines.","comment","Hard truth! Dilip Kumar

Processed food profits shouldn’t come at the cost of our kids' health. ","2025-01-29T05:19:07.009Z","No","urn:li:comment:(activity:7290235387468267520,7290237000652046336)","65205214778a07ecb6808df14938b91301c84dda26f824192afd9f7a9dc0321e","0","No","No","urn:li:activity:7290235387468267520","773bcec1487fc853a0c38a9adb5e0057b07b45aa44aa98914d79421e5da7db53"
"Karthik","Nagarajan","Karthik Nagarajan","https://www.linkedin.com/in/coachkarthik","Making Dads Fit again | Sambhar Sadham eating Fitness Coach","comment","#5 As parents, lead by example.

Dilip Kumar","2025-01-29T05:18:09.532Z","No","urn:li:comment:(activity:7290235387468267520,7290236759571865601)","32bb6f0e13188f4f63fd23bdec9b07daac9d2602ed35c27f50050e0209e1318c","1","No","No","urn:li:activity:7290235387468267520","773bcec1487fc853a0c38a9adb5e0057b07b45aa44aa98914d79421e5da7db53"
"Raghav","Krishna","Raghav Krishna","https://www.linkedin.com/in/raghavkrishna06","Helping social impact founders escape operational chaos and focus on what actually matters | Former Operator & Chief of Staff | Multiple successful turnarounds | One startup failure","comment","rising childhood diabetes and hypertension are a couple of consequences among others.","2025-01-29T05:15:44.601Z","Yes","urn:li:comment:(activity:7290235387468267520,7290236151678808065)","fdf00d66467c097f7dbe95b308f9efddab557b4a25bb2dcb37a54c78adefd39d","0","No","No","urn:li:activity:7290235387468267520","773bcec1487fc853a0c38a9adb5e0057b07b45aa44aa98914d79421e5da7db53"