First Name,Last Name,Full Name,Profile URL,Headline,Type,Comment,Timestamp,Is Edited,Comment URN,Comment Hash,Replies Count,Is Post Author,Has Reply From Post Author,Post URN,Post Hash
"Kapil","Arora","Kapil Arora","https://www.linkedin.com/in/kapilarorapro","IP Holder @Mumbai10kChallenge@Patnitoparathon@MumbaiUltraWalkathon| Gold TMM2023|Limca Book National Record Holder | TedX Speaker | IRONMAN 140.6 Triathlete| 4xComrades|Author 4 Books","comment","Some journeys leave you speechless. Nisha’s is one of them.

From discipline to dedication, her path in the world of swimming is nothing short of remarkable. 

The energy she brings, the lives she inspires, and the boundaries she breaks—it's all mind-blowing. 🙌

Truly grateful to witness such determination.
So much to learn from her story. So much to be inspired by. 🙏
🙏","2025-07-05T12:47:34.585Z","No","urn:li:comment:(ugcPost:7103281575559106560,7347244754100719616)","0c448d8f54f594a6e9d62448427f3e439a0cdbbaaeeb6d2d402a84089757acc5","0","No","No","urn:li:ugcPost:7103281575559106560","36745ef3cf1c828a48cfdc01fc4aa6b87692d71ef1224fd8cd9aab35152f71da"
"Anurag","Bagalkot, PhD","Anurag Bagalkot, PhD","https://www.linkedin.com/in/anuragbagalkot","PhD in Mechanical Engineering| Mechanical Engineer at Windcave","comment","I still remember the day I recieved a prize from her when I was 8 years old. Amazing champion and an even amazing human being.","2023-09-10T23:11:06.207Z","No","urn:li:comment:(ugcPost:7103281575559106560,7106776127058178049)","f1a21cc53df9c6004765b9813dd1d4e51dd7b2a0d48ec7a65c0249ff3d658a9b","0","No","No","urn:li:ugcPost:7103281575559106560","36745ef3cf1c828a48cfdc01fc4aa6b87692d71ef1224fd8cd9aab35152f71da"
"Palak","Tannaa","Palak Tannaa","https://www.linkedin.com/in/palak-tannaa-influencermarketingexpert","Helping Brands Amplify Their Reach Through Strategic Influencer Marketing | Core Member at GroomYourGram 🚀","comment","It's a testament to the incredible dedication and drive that can be applied beyond sports. This story is a great example of how athletes often possess the qualities needed for success in business as well","2023-09-06T05:44:44.506Z","No","urn:li:comment:(ugcPost:7103281575559106560,7105063250056085504)","bed25fb441ac95e0e7632dd8859de6c89f31d2e7347a801b93bae132a3dbd699","0","No","No","urn:li:ugcPost:7103281575559106560","36745ef3cf1c828a48cfdc01fc4aa6b87692d71ef1224fd8cd9aab35152f71da"
"Marathe","Santosh","Marathe Santosh","https://www.linkedin.com/in/marathe-santosh-63b06b1b","Chief Manager - EHS, Siemens. BE(Mech), ADIS, GDMM, Ex MBA (IIMB) ,NEBOSH","comment","very inspiring story","2023-09-03T06:19:40.674Z","No","urn:li:comment:(ugcPost:7103281575559106560,7103984878420959233)","3064d2a4b2059489d57242f58c7b2b3eafcfba3a69cef65c26dea7efc40288c0","0","No","No","urn:li:ugcPost:7103281575559106560","36745ef3cf1c828a48cfdc01fc4aa6b87692d71ef1224fd8cd9aab35152f71da"
"AS","Kiran","AS Kiran","https://www.linkedin.com/in/as-kiran-a058aa23","|| Head of Logistics || Wellness & Nutrition || Sports || Endurance Athlete || 🏃‍♂️🏃‍♂️🏋‍♂️🚴‍♀️🤸😎","comment","Very inspiring Podcast. Thanks Dilip for sharing it here. More power to Nisha & PaceMakers 😍👏👏👏👏👏","2023-09-02T11:36:52.646Z","No","urn:li:comment:(ugcPost:7103281575559106560,7103702316431659009)","6a02b30bbc5f87628523f8eaa071c84c6bad66960da5cc7c93714d095c48ba9e","0","No","No","urn:li:ugcPost:7103281575559106560","36745ef3cf1c828a48cfdc01fc4aa6b87692d71ef1224fd8cd9aab35152f71da"
"Vatsal","Nakrani","Vatsal Nakrani","https://www.linkedin.com/in/vatsalnakrani","Money -> Wealth Generating Machine","comment","Wow, what an incredible journey, Nisha Millet! 🏊‍♀️🥇 Your transition from an Olympian to a successful entrepreneur is truly inspiring. Your insights on parenting, fitness, and overcoming challenges are invaluable. It's a testament to your resilience. ","2023-09-02T07:03:17.402Z","No","urn:li:comment:(ugcPost:7103281575559106560,7103633465912274944)","a6eea4366dd249dc32d8ef5c3f1e7990a792b837dfedfba0d04e5838b6921c8c","0","No","No","urn:li:ugcPost:7103281575559106560","36745ef3cf1c828a48cfdc01fc4aa6b87692d71ef1224fd8cd9aab35152f71da"
"Rishikesh","Kumar","Rishikesh Kumar","https://www.linkedin.com/in/xrishi","Building Xtraliving | Ex Idea, Nokia, Microsoft, Xseed | Alumni NIT Bhopal, KJ Somaiya","comment","Amazing 🙌","2023-09-02T04:20:58.876Z","No","urn:li:comment:(ugcPost:7103281575559106560,7103592619573727232)","1ba31ccaf750cae30ab61cf91b896af4b055d094c475c6ccbbbda37cac29378e","0","No","No","urn:li:ugcPost:7103281575559106560","36745ef3cf1c828a48cfdc01fc4aa6b87692d71ef1224fd8cd9aab35152f71da"
"Raghav","Bhardwaj","Raghav Bhardwaj","https://www.linkedin.com/in/raghav-bhardwaj-9209779a","Cost Management - Hiranandani | Prestige Group | Adani Realty","comment","Superb Podcast...","2023-09-02T03:30:26.172Z","Yes","urn:li:comment:(ugcPost:7103281575559106560,7103579899495428096)","b5564425b4d76c5b851dee66c0008855133141e7d3e067f60611ada5d37ef765","0","No","No","urn:li:ugcPost:7103281575559106560","36745ef3cf1c828a48cfdc01fc4aa6b87692d71ef1224fd8cd9aab35152f71da"
"Nirupa","Shankar","Nirupa Shankar","https://www.linkedin.com/in/nirupa-shankar-1309371","Jt. MD at Brigade Group","comment","Can’t wait to hear it 😊 go Nisha Millet","2023-09-01T20:16:22.401Z","No","urn:li:comment:(ugcPost:7103281575559106560,7103470663998345216)","83f631fd889f69bb8aacb0b8d77da99015cb3f1a5b3654fe2a2fdbaea5aca754","0","No","No","urn:li:ugcPost:7103281575559106560","36745ef3cf1c828a48cfdc01fc4aa6b87692d71ef1224fd8cd9aab35152f71da"
"Siddharth","Kapur (Kaps)","Siddharth Kapur (Kaps)","https://www.linkedin.com/in/siddharth-kapur-kaps-6aa2159","Co-Creating Inorganic Growth businesses with CXOs and Founders | Quantum, Danone, Unilever, Tata Motors) I SME - UpGrad, Master’s Union, IIT B’bay | Angel Investor | Airforce kid","comment","No wonder... 2023 has been declared as the year of millet(s).","2023-09-01T18:55:37.019Z","Yes","urn:li:comment:(ugcPost:7103281575559106560,7103450340993216512)","8a0d3604aae6246aa29c45de130379304e493945bfd88032aabfc481e898fb1d","0","No","No","urn:li:ugcPost:7103281575559106560","36745ef3cf1c828a48cfdc01fc4aa6b87692d71ef1224fd8cd9aab35152f71da"
"Aman","Kaushik","Aman Kaushik","https://www.linkedin.com/in/aman-kaushik-621380146","Full Stack Developer","comment","1. The editor deserves a raise.
2. This is the best podcast I have seen man, this is a gold mine. Especially the podcast setup and background.","2023-09-01T17:51:48.408Z","No","urn:li:comment:(ugcPost:7103281575559106560,7103434282638938112)","0d4f7b22b8f267b4e542f467631f148d1a40b81b26e2b944062a48310680efeb","0","No","No","urn:li:ugcPost:7103281575559106560","36745ef3cf1c828a48cfdc01fc4aa6b87692d71ef1224fd8cd9aab35152f71da"
"Amaresh","Rai","Amaresh Rai","https://www.linkedin.com/in/amareshkrai","🇮🇳 Election Success Coach | Campaign Architect | Founder – I-POL Helping aspiring MLAs & MPs win elections ethically and strategically, even without big party backing.","comment","Not just Olympians, any field. The same set of attributes are required for any hero in any other arena.","2023-09-01T11:42:44.014Z","No","urn:li:comment:(ugcPost:7103281575559106560,7103341402314485760)","7fba0b0d6f67110b7250699558d2907e8570c3cb5bbf35c8b05cad63511ad215","0","No","No","urn:li:ugcPost:7103281575559106560","36745ef3cf1c828a48cfdc01fc4aa6b87692d71ef1224fd8cd9aab35152f71da"
"Patrick","P.","Patrick P.","https://www.linkedin.com/in/patrickpitchappa","CISO at the Equiti Group | Child of God | Servant Leader (WIP) | Mentor | ENFJ-A","comment","Way to go, Nisha! ","2023-09-01T11:12:49.173Z","No","urn:li:comment:(ugcPost:7103281575559106560,7103333874201485313)","99390b886d9a6b87ee2f047659d8259b90024ff29e488ba7cc9f0ee679ae4e8b","0","No","No","urn:li:ugcPost:7103281575559106560","36745ef3cf1c828a48cfdc01fc4aa6b87692d71ef1224fd8cd9aab35152f71da"
"Dilip","Kumar","Dilip Kumar","https://www.linkedin.com/in/dilipevs","Entrepreneur| Investments at Rainmatter | Endurance athlete","comment","Links to the full podcast

Youtube : https://www.youtube.com/watch?v=Y5F-TVtGksc&t=228s

Spotify: https://open.spotify.com/episode/5rGFNO46UdS9E5oRY2iavn?si=JYrKYV3eQt-SMbsCPvRb3A

Apple podcast : https://podcasts.apple.com/in/podcast/nisha-millet-won-600-gold-medals-training-for-olympics/id1659991514?i=1000626350431","2023-09-01T10:15:06.668Z","Yes","urn:li:comment:(ugcPost:7103281575559106560,7103319351407116288)","f88a540dec4e20d4b2d2057f62f5a9c4a36044b8e51744d98a67bdf208621080","0","Yes","No","urn:li:ugcPost:7103281575559106560","36745ef3cf1c828a48cfdc01fc4aa6b87692d71ef1224fd8cd9aab35152f71da"
"Nishant","Bhardwaj","Nishant Bhardwaj","https://www.linkedin.com/in/nishantbhardwaj11","Helping brands to sell inside LLMs with PingAura.ai I 3x Founder, Podcaster, Keynote & 2x Tedx Speaker I iRun Marathons in Suits l Ironman","comment","She is a good friend, happy to see her on your podcast Dilip Kumar 😇","2023-09-01T10:14:54.235Z","No","urn:li:comment:(ugcPost:7103281575559106560,7103319299259269120)","49b06584c2656b8d50a4dd13b86b496fadce4cba5013cc091468991ebab57d96","0","No","No","urn:li:ugcPost:7103281575559106560","36745ef3cf1c828a48cfdc01fc4aa6b87692d71ef1224fd8cd9aab35152f71da"
"Jayanti","Bhattacharya","Jayanti Bhattacharya","https://www.linkedin.com/in/jayantibhattacharya","Entrepreneur | Rainmatter + Zerodha | TEDx Speaker | Making Money Work for Women | Sustainability and Health Advocate","comment","Nisha Millet!! so good to see my ol' school girls on this podcast! Nirupa Shankar also killing it with her latest Iron Man 🏃‍♀️ ","2023-09-01T10:12:31.689Z","No","urn:li:comment:(ugcPost:7103281575559106560,7103318701378043904)","7ec74e84d4bfbc89b375a046f228d122d0182241b6b8d9c614e4f30ddddb7355","0","No","No","urn:li:ugcPost:7103281575559106560","36745ef3cf1c828a48cfdc01fc4aa6b87692d71ef1224fd8cd9aab35152f71da"