First Name,Last Name,Full Name,Profile URL,Headline,Type,Comment,Timestamp,Is Edited,Comment URN,Comment Hash,Replies Count,Is Post Author,Has Reply From Post Author,Post URN,Post Hash
"Santhosh","B.","Santhosh B.","https://www.linkedin.com/in/shadowetail","Top 15 Amazon Seller (India) | CEO & Founder of Shadow Etail (Brand Valued @ 125 Cr+) | 335K on IG | 200 MLN views and 140K subscribers on Youtube | Sustainable Life Utility Products | E-Commerce | Motivational Speaker","comment","You're spreading great awareness Dilip Kumar","2024-03-31T07:02:15.900Z","No","urn:li:comment:(ugcPost:7176472734330228737,7180097047595810816)","f9db178631220ffb3261c402e6eb90e695116a00b1559db280987df7aaf6de12","0","No","No","urn:li:ugcPost:7176472734330228737","19e2243d15b10e7b0de0876a6df2f922d0ee6f2fd8c8b095f6b933b9ae53aafe"
"Dr","Umesh Wadhavani","Dr Umesh Wadhavani","https://www.linkedin.com/in/drumeshwadhavani","A Corporate Wellness Coach making health fun and practical 🏥| Corporate Speaker 🎤 | IG-173k ⭐️| Sindhi IG- 59K 🌟 | YouTube - 184k ✅","comment","Seems like an interesting and informative podcast!","2024-03-21T18:32:34.408Z","No","urn:li:comment:(ugcPost:7176472734330228737,7176646890753585152)","e5f081e5ba8fffd87e9979221986953c572ad86c579d545a633b64c745ce9326","0","No","No","urn:li:ugcPost:7176472734330228737","19e2243d15b10e7b0de0876a6df2f922d0ee6f2fd8c8b095f6b933b9ae53aafe"
"Jashid","Hameed","Jashid Hameed","https://www.linkedin.com/in/jashid-hameed-10a47754","Co-Founder at Nuvedo","comment","Just listened to this episode and loved it, lots of thought provoking content! I really liked how candid Jitendra Chouksey was about his fitness journey and also his experience running FITTR. Very inspirational. We need more honest conversations like this out there. Keep up the great work!","2024-03-21T09:19:19.478Z","No","urn:li:comment:(ugcPost:7176472734330228737,7176507661125910529)","21c502f39813f4ddd68e0bfbc8b7e1ad4a6ee46ef869121be68eab7b01e11e83","1","No","Yes","urn:li:ugcPost:7176472734330228737","19e2243d15b10e7b0de0876a6df2f922d0ee6f2fd8c8b095f6b933b9ae53aafe"
"Abhinav","Ravi","Abhinav Ravi","https://www.linkedin.com/in/abhinav-ravi-027480150","Associate Director - Strategy @ Practo | ISB | Sports enthusiast","comment","Looking forward to this episode, great person to learn from on this topic!","2024-03-21T09:00:19.191Z","No","urn:li:comment:(ugcPost:7176472734330228737,7176502878415572993)","0a279ec3afd86d7b67390ceb49be5fa9213a99e61fb49b84b21ddd67a1dc1fe2","0","No","No","urn:li:ugcPost:7176472734330228737","19e2243d15b10e7b0de0876a6df2f922d0ee6f2fd8c8b095f6b933b9ae53aafe"
"Rohit","Ramesh","Rohit Ramesh","https://www.linkedin.com/in/rohit-ramesh","Helping businesses grow organically through SEO, Social Media & Content Marketing | WordPress Website Creator | 7+ yrs driving visibility & engagement that converts","comment","This podcast sounds incredibly insightful! Looking forward to tuning in and learning from Jitendra Chouksey's expertise in health, fitness, and entrepreneurship.","2024-03-21T08:44:05.769Z","No","urn:li:comment:(ugcPost:7176472734330228737,7176498795587809280)","a4b38caf303ccea0009c2c3f6c532def98e1dd95c1fc617a7989b6438b6f10ff","0","No","No","urn:li:ugcPost:7176472734330228737","19e2243d15b10e7b0de0876a6df2f922d0ee6f2fd8c8b095f6b933b9ae53aafe"
"Dr.","(Major) Sunil Kumar Yadav","Dr. (Major) Sunil Kumar Yadav","https://www.linkedin.com/in/dr-major-sunil-kumar-yadav-907b9530","Brutally honest as Mirror. Healthiest and Happiest. Head Medical Services, Navi Mumbai International Airport.","comment","Yes anyone can make a person FIT as it is measured in terms of physical capacity, however health is in domain of doctors.","2024-03-21T08:42:10.495Z","No","urn:li:comment:(ugcPost:7176472734330228737,7176498312097722368)","0b7cb939e3b2357722a0288e382f7529c547f308647fbf3df356e3c7359d3e00","2","No","No","urn:li:ugcPost:7176472734330228737","19e2243d15b10e7b0de0876a6df2f922d0ee6f2fd8c8b095f6b933b9ae53aafe"
"Deepak","Gupta","Deepak Gupta","https://www.linkedin.com/in/purpledeepak","Founder & CEO, PurpleDocs | Digitising Healthcare in India","comment","Appreciate you talking about these overlooked aspects affecting our health Dilip! Founder's depression is a major reason why building a community is crucial. A sense of belonging and support are needed to survive the uncertainty that comes along.","2024-03-21T08:03:56.249Z","No","urn:li:comment:(ugcPost:7176472734330228737,7176488689332576256)","1cfcd8959121c07446b287cdd2bb8282095ad924646040848c921979f6053182","0","No","No","urn:li:ugcPost:7176472734330228737","19e2243d15b10e7b0de0876a6df2f922d0ee6f2fd8c8b095f6b933b9ae53aafe"
"Divyanshu","Singh","Divyanshu Singh","https://www.linkedin.com/in/divyanshu-singh-39b3a2262","--","comment","Palash Tiwari","2024-03-21T07:50:31.126Z","No","urn:li:comment:(ugcPost:7176472734330228737,7176485312397791232)","bfb29ca16c4bc7edd5a57a680a9e45c620d80b3a74642ddfcd77f0a4a9a8bdb4","0","No","No","urn:li:ugcPost:7176472734330228737","19e2243d15b10e7b0de0876a6df2f922d0ee6f2fd8c8b095f6b933b9ae53aafe"
"Jitendra","Chouksey","Jitendra Chouksey","https://www.linkedin.com/in/jitendrachouksey","CEO at FITTR | Building preventive healthcare ecosystem","comment","Thank you Dilip Kumar! It was one the best podcast I’ve done this year. Happy that we didn’t just restrict to health","2024-03-21T07:25:20.237Z","No","urn:li:comment:(ugcPost:7176472734330228737,7176478975270006784)","839d014237625d54cee699bd8cc615662f31b4252e7c1eb589bdc0fddf21f1c0","0","No","No","urn:li:ugcPost:7176472734330228737","19e2243d15b10e7b0de0876a6df2f922d0ee6f2fd8c8b095f6b933b9ae53aafe"
"Dilip","Kumar","Dilip Kumar","https://www.linkedin.com/in/dilipevs","Entrepreneur| Investments at Rainmatter | Endurance athlete","comment","Links to the full podcast 👇

YouTube: https://lnkd.in/gfpaCriv

Spotify: https://lnkd.in/gfGWfHg5

Apple: https://lnkd.in/gQ_m-8V3","2024-03-21T07:08:34.438Z","No","urn:li:comment:(ugcPost:7176472734330228737,7176474756643246081)","819ccc5c3f4c52a88919bc4a2a8608e8f3c51e6f84c91e1d2bb69cae6eb03c40","0","Yes","No","urn:li:ugcPost:7176472734330228737","19e2243d15b10e7b0de0876a6df2f922d0ee6f2fd8c8b095f6b933b9ae53aafe"