First Name,Last Name,Full Name,Profile URL,Headline,Type,Comment,Timestamp,Is Edited,Comment URN,Comment Hash,Replies Count,Is Post Author,Has Reply From Post Author,Post URN,Post Hash
"Priyanka","Gupta","Priyanka Gupta","https://www.linkedin.com/in/priyankaiitk","Executive Fitness Mindset Coach | Health/Fitness Startup Growth Advisor | Entrepreneur | IIT Kanpur","comment","Being realistic in goal setting is a skill, you learn it only when you measure yourself well. Good luck for the year ahead 🤞 ","2024-01-02T07:05:44.217Z","No","urn:li:comment:(activity:7147467005774684162,7147845401306411008)","75a711680cb610082eb85497b5bee347901ef6587fb1630b960a03453270975a","0","No","No","urn:li:activity:7147467005774684162","3867ca13a7f04f6f4a515530dd4c5250467de5c8524145a68ee83d6d7fffc0bb"
"Rahul","Pabreja","Rahul Pabreja","https://www.linkedin.com/in/rahul-pabreja","Building Organic Retail - The Farmers’ Store, Greenheart; in Mumbai and Dubai respectively. Also part of Coral Telecom Limited; India’s leading Make-in-India manufacturer of communication networks and 5G.","comment","Here's to a fresh start and a year filled with opportunities. Happy New Year! ","2024-01-02T04:51:22.193Z","No","urn:li:comment:(activity:7147467005774684162,7147811586722770946)","de2f0d3ffd060a984ba062154100a95d46c1429b51833057e9a79bc43b8534ed","0","No","No","urn:li:activity:7147467005774684162","3867ca13a7f04f6f4a515530dd4c5250467de5c8524145a68ee83d6d7fffc0bb"
"Dr","Mayank Daral","Dr Mayank Daral","https://www.linkedin.com/in/dr-mayank-daral","India’s leading knee & sports injury surgeon | 50K+ Insta","comment","Setting realistic goals and expectations is key to a successful year ahead. It's important to aim high but also be practical in what we can achieve. ","2024-01-01T10:45:22.789Z","No","urn:li:comment:(activity:7147467005774684162,7147538288378077184)","cdc6439b659343e09081cf8f0bb41019c254d8190b881c5909509c5f0bbfae9e","0","No","No","urn:li:activity:7147467005774684162","3867ca13a7f04f6f4a515530dd4c5250467de5c8524145a68ee83d6d7fffc0bb"
"Sagar","Kathrani","Sagar Kathrani","https://www.linkedin.com/in/sagar-kathrani-540302115","Product & Design","comment","Wishing for a Brighter🌞 and Healthier💪🏻 2024
Happy New Year 🎊🎉","2024-01-01T06:41:29.019Z","No","urn:li:comment:(activity:7147467005774684162,7147476909898063872)","e25f65e2cec343a20bfc80bb81fbdb6c8ad85d46ffead6a2d9bd117d1da676da","0","No","No","urn:li:activity:7147467005774684162","3867ca13a7f04f6f4a515530dd4c5250467de5c8524145a68ee83d6d7fffc0bb"
"Madhur","Sharma","Madhur Sharma","https://www.linkedin.com/in/madhur-sharma-35753113a","⭐Business Consultant specializing in driving customer awareness and managing CX for growth-oriented businesses ⭐ Call Centre Consultant ⭐ Corporate Trainer ⭐VA & SMM⭐ Voice coach ⭐Travel Consultant.","comment","True 😂😂","2024-01-01T06:33:59.878Z","No","urn:li:comment:(activity:7147467005774684162,7147475026064166912)","7cb5ef3af4dd7796b77c14942c0d3509a54b814578044a7727447f981c05ea44","0","No","No","urn:li:activity:7147467005774684162","3867ca13a7f04f6f4a515530dd4c5250467de5c8524145a68ee83d6d7fffc0bb"
"Karan","Kukreja","Karan Kukreja","https://www.linkedin.com/in/karan-kukreja-36708929","Senior Manager - Database Services , Gartner","comment","Hahaha..","2024-01-01T06:32:56.281Z","No","urn:li:comment:(activity:7147467005774684162,7147474759314718720)","5a5e3dd1d3458416e4b73465591a65dd29ba1a6a86fcf350d7198d1f49917ba4","0","No","No","urn:li:activity:7147467005774684162","3867ca13a7f04f6f4a515530dd4c5250467de5c8524145a68ee83d6d7fffc0bb"
"Riyanshi","Agrawal","Riyanshi Agrawal","https://www.linkedin.com/in/riyanshiagrwl","Life & Business Coach | Coaching professionals to build successful life coaching businesses | Coaching professionals to develop deep confidence and conviction in all areas of life | DM “Coaching” if you need help","comment","I am gonna send this picture to everyone","2024-01-01T06:19:15.411Z","No","urn:li:comment:(activity:7147467005774684162,7147471316336488448)","96d47c3fd8f8539b07e0df63ab2db92ddaa0e706b328c1ab31f1c2a0fbcfd632","0","No","No","urn:li:activity:7147467005774684162","3867ca13a7f04f6f4a515530dd4c5250467de5c8524145a68ee83d6d7fffc0bb"
"Dr.","Janani Manoharan M.D (OG), MRCOG, D.MAS, F.MAS, FICRS, F.ART","Dr. Janani Manoharan M.D (OG), MRCOG, D.MAS, F.MAS, FICRS, F.ART","https://www.linkedin.com/in/jananimanoharan","Obstetrician, Gynaecologist, Laparoscopic and Robotic Surgeon, Infertility Specialist","comment","Lol... Good one! Happy new year! ","2024-01-01T06:09:34.147Z","No","urn:li:comment:(activity:7147467005774684162,7147468878338506753)","65084fbd8451775ebf083bafa2f32d932892e76b98f2100648c4109ed9f1bcd3","0","No","No","urn:li:activity:7147467005774684162","3867ca13a7f04f6f4a515530dd4c5250467de5c8524145a68ee83d6d7fffc0bb"
"Paulie","D","Paulie D","https://www.linkedin.com/in/paulied","#Admissions and Outreach","comment","Oh Bhaisaab ye kya hai! ","2024-01-01T06:06:52.640Z","No","urn:li:comment:(activity:7147467005774684162,7147468200929120256)","c270e36fc1fba3f55f70926938d906595b52a162882ef66235e8707a0da67ed3","0","No","No","urn:li:activity:7147467005774684162","3867ca13a7f04f6f4a515530dd4c5250467de5c8524145a68ee83d6d7fffc0bb"