Full Name,Profile URL,Headline,Comment,Timestamp,Comment URN,Comment Hash,Post URN,Post Hash,post_urn_id,processed_comment,sentiment_negative,sentiment_neutral,sentiment_positive,sentiment_compound,sentiment_label
Deepak Bansal,https://www.linkedin.com/in/deepak-bansal-gogig,Co-Founder @ gOGig.in | Driving Marketing Transparency, The surge of emotions and excitement from live concerts can definitely create a demand for mental wellness tools to help balance it all.,2024-10-01T04:20:15.565Z,"urn:li:comment:(activity:7243842175506006016,7246735644826198016)",a8bdf3e2f02f3ae992161a8cb684d786b7610504a91218573258934a9a8d9c05,urn:li:activity:7243842175506006016,eea93252f243878a4a6e8cc64de95a699d62e65be71a8dc01caa3e53321fed3c,7243842175506006016,the surge of emotions and excitement from live concerts can definitely create a demand for mental wellness tools to help balance it all,0.048,0.514,0.437,0.9022,Positive
Abhyant Sahu,https://www.linkedin.com/in/abhyantsahu,Co-Founder Vaha Flow | Incubated at IIM Nagpur,"I believe now we know what people are willing to pay for the experiences that makes them cry, smile, laugh and feel truly alive. It's clear that people value moments that evoke deep emotions and create lasting memories.

These are the experiences that resonate on a personal level, beyond material goods, and they’re willing to invest in them because they enrich their lives in a meaningful way.",2024-09-23T13:00:06.081Z,"urn:li:comment:(activity:7243842175506006016,7243967364407455744)",bc7a60793d9a861a749359390bd74e1914cdd6dbd5eb2585e5650c9582f88434,urn:li:activity:7243842175506006016,eea93252f243878a4a6e8cc64de95a699d62e65be71a8dc01caa3e53321fed3c,7243842175506006016,i believe now we know what people are willing to pay for the experiences that makes them cry smile laugh and feel truly alive its clear that people value moments that evoke deep emotions and create lasting memories these are the experiences that resonate on a personal level beyond material goods and theyre willing to invest in them because they enrich their lives in a meaningful way,0.057,0.679,0.264,0.9382,Positive
Raghav Negi,https://www.linkedin.com/in/raghav-negi,Software Product Designer | Media and Human-Centered Computing @TU Wien,Yoshita Rustagi,2024-09-23T10:26:47.500Z,"urn:li:comment:(activity:7243842175506006016,7243928782766497792)",8824ad08c41646a4e726399f273b22f125f62e3bc19bb0cc12807908e85da014,urn:li:activity:7243842175506006016,eea93252f243878a4a6e8cc64de95a699d62e65be71a8dc01caa3e53321fed3c,7243842175506006016,yoshita rustagi,0.0,1.0,0.0,0.0,Neutral
Level SuperMind,,"39,452 followers","We don't do concerts, but we do have self-composed music for mental well being on Level SuperMind, designed to melt away anxiety. 
No tickets needed—just hit play Dilip Kumar😌🎶",2024-09-23T08:19:34.288Z,"urn:li:comment:(activity:7243842175506006016,7243896766750724097)",f8441b3c37900f3038340074d499fe71c0fcb064d4373db746bf6ea1b2836473,urn:li:activity:7243842175506006016,eea93252f243878a4a6e8cc64de95a699d62e65be71a8dc01caa3e53321fed3c,7243842175506006016,we dont do concerts but we do have selfcomposed music for mental well being on level supermind designed to melt away anxiety no tickets neededjust hit play dilip kumar,0.136,0.702,0.162,0.2263,Positive
Rohan Arora,https://www.linkedin.com/in/rohan-arora5,Founder of Evolve - AI to augment therapy,Product integration attempt: download Evolve!,2024-09-23T07:50:42.585Z,"urn:li:comment:(activity:7243842175506006016,7243889503461933059)",492dd51561c29ed18867281b24cd7c1b7581bf5f8a26df55781655accd120af6,urn:li:activity:7243842175506006016,eea93252f243878a4a6e8cc64de95a699d62e65be71a8dc01caa3e53321fed3c,7243842175506006016,product integration attempt download evolve,0.0,1.0,0.0,0.0,Neutral
Omkar Lachyane,https://www.linkedin.com/in/omkar-lachyane-4a4431212,"Revenue-Generating Copywriter | I Help SaaS/E-commerce Scale Through High-Converting Copy (emails, websites, campaigns)","Never thought of the connection between music bands and meditation apps, but it makes sense—both are about creating emotional experiences.

As someone who's worked with startups, it's always eye-opening to see how cultural trends can open up new growth avenues. Appreciate the insight Dilip Kumar",2024-09-23T07:33:33.035Z,"urn:li:comment:(activity:7243842175506006016,7243885185216200704)",af29226920e25f1ebd7a11a3c1d1e7959d11c475852b2fa819d726bae55eb616,urn:li:activity:7243842175506006016,eea93252f243878a4a6e8cc64de95a699d62e65be71a8dc01caa3e53321fed3c,7243842175506006016,never thought of the connection between music bands and meditation apps but it makes senseboth are about creating emotional experiences as someone whos worked with startups its always eyeopening to see how cultural trends can open up new growth avenues appreciate the insight dilip kumar,0.0,0.779,0.221,0.8922,Positive
Bhawna Sethi,https://www.linkedin.com/in/bhawnasethi,Founder @LetsInfluence | I help D2C & funded startups 3x ROI using Influencer + UGC systems | 200+ brands scaled | Regional & Performance-led campaigns,blame it on concert FOMO!,2024-09-23T06:14:22.975Z,"urn:li:comment:(activity:7243842175506006016,7243865262020558848)",e20d9e26be9ee868997eee0395e1a4ee8829f3596598c6c2a38843afe9a8eff8,urn:li:activity:7243842175506006016,eea93252f243878a4a6e8cc64de95a699d62e65be71a8dc01caa3e53321fed3c,7243842175506006016,blame it on concert fomo,0.375,0.625,0.0,-0.34,Negative
Meenal Damani,https://www.linkedin.com/in/meenal-damani-58816b1b,Master’s Admissions Consultant | MIT Sloan Alum | Ivy League Specialist,Next on the list should be Taylor Swift! I believe only these two artists have the ability to bring the entire nation to a standstill.,2024-09-23T05:49:13.144Z,"urn:li:comment:(activity:7243842175506006016,7243858929330311168)",35a5e626353179a10225e99c7f40967acf8e012c874575a1f7226435a242500a,urn:li:activity:7243842175506006016,eea93252f243878a4a6e8cc64de95a699d62e65be71a8dc01caa3e53321fed3c,7243842175506006016,next on the list should be taylor swift i believe only these two artists have the ability to bring the entire nation to a standstill,0.0,0.837,0.163,0.4767,Positive
Dilip Kumar,https://www.linkedin.com/in/dilipevs,Entrepreneur| Investments at Rainmatter | Endurance athlete,It was a joke folks. Pls stop sending me DM’s with pitch decks 😑,2024-09-23T05:47:18.343Z,"urn:li:comment:(activity:7243842175506006016,7243858447820054530)",48cf638e3a8e08f92cf998a74e7a9925f23780bac07d3dd3cfa60b4f2a411720,urn:li:activity:7243842175506006016,eea93252f243878a4a6e8cc64de95a699d62e65be71a8dc01caa3e53321fed3c,7243842175506006016,it was a joke folks pls stop sending me dms with pitch decks,0.15,0.612,0.238,0.0772,Positive
Devranjan Dash,https://www.linkedin.com/in/devranjandash,"Digital Marketing & Data Science | Customer Journey Design | MarTech, AdTech, AI, ML | Growth & ROI Optimization","My Thoughts:-
Truly and  certainly we are have taken-off on the western way of finding Nirvana by following Cult/Occult.

Is it Nirvana or is it that state of so called high reached mired in Abyss of substance abuse and materialistic pursuit?",2024-09-23T05:45:22.589Z,"urn:li:comment:(activity:7243842175506006016,7243857962316795904)",2f6e8c2b9e8aa571fcc526704b370563fd3a952510e2e5096e1158279f944bc2,urn:li:activity:7243842175506006016,eea93252f243878a4a6e8cc64de95a699d62e65be71a8dc01caa3e53321fed3c,7243842175506006016,my thoughts truly and certainly we are have takenoff on the western way of finding nirvana by following cultoccult is it nirvana or is it that state of so called high reached mired in abyss of substance abuse and materialistic pursuit,0.087,0.768,0.145,0.1935,Positive
Shruti S.,https://www.linkedin.com/in/shruti-b,AI & Tech Content | Career Tips | Product Content Creator | 8+ YOE |Product Owner|SDET | B2C/B2B | E-Commerce | Retail | Supply Chain & Logistics | Insurance,Interesting perspective Dilip Kumar It’s all about leveraging trends to create value.,2024-09-23T05:41:49.041Z,"urn:li:comment:(activity:7243842175506006016,7243857066627375104)",430cfddb004263791d7fc280e44b8357c2e00e0498e9559363f5b5d328d05c91,urn:li:activity:7243842175506006016,eea93252f243878a4a6e8cc64de95a699d62e65be71a8dc01caa3e53321fed3c,7243842175506006016,interesting perspective dilip kumar its all about leveraging trends to create value,0.0,0.556,0.444,0.7351,Positive
Ankita Sarangi,https://www.linkedin.com/in/ankita-sarangi-31b24b18,"Freelance Marketing Strategist | Ex-Head of Marketing @ Uni Cards & PowerUp | Growth, PMM & Brand",Absolutely,2024-09-23T05:15:45.174Z,"urn:li:comment:(activity:7243842175506006016,7243850507293749249)",48b383a4cef18e036923d4a0c574f299d3beb62d723bfc5912dfe0f3178dd4b9,urn:li:activity:7243842175506006016,eea93252f243878a4a6e8cc64de95a699d62e65be71a8dc01caa3e53321fed3c,7243842175506006016,absolutely,0.0,1.0,0.0,0.0,Neutral
Anand Lakshman,https://www.linkedin.com/in/anand-lakshman-b8b0a31b,"Public Health Entrepreneur. Interested in Health Systems, Child Health and Primary Healthcare","My response to that would be cold.... play on words. If only single days, events or websites had the great power to create health care opportunities and waves.
",2024-09-23T05:01:17.277Z,"urn:li:comment:(activity:7243842175506006016,7243846867069927424)",7c034f1eff69c0e8b93d0eac2ff14036ec85b4e207dc233919f1149361469f58,urn:li:activity:7243842175506006016,eea93252f243878a4a6e8cc64de95a699d62e65be71a8dc01caa3e53321fed3c,7243842175506006016,my response to that would be cold play on words if only single days events or websites had the great power to create health care opportunities and waves,0.0,0.615,0.385,0.9246,Positive
Shyam Tallamraju,https://www.linkedin.com/in/shyamtallamraju,"Vice President, Sports @JioHotstar",Coldplay tickets sales are down to Instagram... They have been around for 25 years and their last successful album was 10 years back but every image of their concert is made for IG... That drove FOMO and hype amongst an entire new generation unlike Bryan Adams and U2 which catered to their loyal fan base. ,2024-09-23T04:54:02.882Z,"urn:li:comment:(activity:7243842175506006016,7243845045089427456)",ecdd71bc0580776d436c3b91c56aed9313d3367c0272da6eb2bfd7a574c9be4e,urn:li:activity:7243842175506006016,eea93252f243878a4a6e8cc64de95a699d62e65be71a8dc01caa3e53321fed3c,7243842175506006016,coldplay tickets sales are down to instagram they have been around for years and their last successful album was years back but every image of their concert is made for ig that drove fomo and hype amongst an entire new generation unlike bryan adams and u which catered to their loyal fan base,0.0,0.838,0.162,0.8591,Positive
Abhishek Thakur,https://www.linkedin.com/in/abhishek-thakur-628b00a7,"Interested in Healthcare accessibility, delivery and equity",And for Spotify premium. Thanks to Coldplay 🤣,2024-09-23T04:49:20.249Z,"urn:li:comment:(activity:7243842175506006016,7243843859636502529)",679809c3f71fedaf056a9e849a7890802a2a08f7a83f21018d07f260792d465b,urn:li:activity:7243842175506006016,eea93252f243878a4a6e8cc64de95a699d62e65be71a8dc01caa3e53321fed3c,7243842175506006016,and for spotify premium thanks to coldplay,0.0,0.674,0.326,0.4404,Positive
