Full Name,Profile URL,Headline,Comment,Timestamp,Comment URN,Comment Hash,Post URN,Post Hash,post_urn_id,processed_comment,sentiment_negative,sentiment_neutral,sentiment_positive,sentiment_compound,sentiment_label
Vikas Bagaria,https://www.linkedin.com/in/vikkivik,Founder-Pee Safe | Enabling better hygiene for you since 2013,👏👏,2023-08-23T13:36:10.600Z,"urn:li:comment:(ugcPost:7100026469761896449,7100108460419117056)",a9b6283ad7ab2dad348a21ddc8f9465ff12bdf21bf02f8497fa1a266b812095a,urn:li:ugcPost:7100026469761896449,e0c1007be66257cae6aaaddba63b43d60478620d323efaade3ddd3881c0803ad,7100026469761896449,,0.0,0.0,0.0,0.0,Neutral
Anjali Thakur,https://www.linkedin.com/in/anjali-thakur-1a17886a,"Entrepreneur | B2B and B2C Sales | Business Development in Finance, F&B and Healthcare Sectors",Truly insightful. Love it 😍,2023-08-23T10:35:53.145Z,"urn:li:comment:(ugcPost:7100026469761896449,7100063088720158720)",336d2e6e83518fbe15d899f1e357a67237e10e7573006288bfa11d63601f1816,urn:li:ugcPost:7100026469761896449,e0c1007be66257cae6aaaddba63b43d60478620d323efaade3ddd3881c0803ad,7100026469761896449,truly insightful love it,0.0,0.22,0.78,0.7964,Positive
Dilip Kumar,https://www.linkedin.com/in/dilipevs,Entrepreneur| Investments at Rainmatter | Endurance athlete,"Listen to the full episode on

Youtube: https://lnkd.in/gSuMSs3b
Spotify: https://lnkd.in/gNxwDYGu
Apple podcast: https://lnkd.in/gFnHQVSB

AMA (Ask me Anything) with the founders here https://discuss.rainmatter.com/t/ask-me-anything-about-fitness-at-50-the-devils-circuit/543",2023-08-23T09:59:43.202Z,"urn:li:comment:(ugcPost:7100026469761896449,7100053987323740160)",7f827f139c1f12dc3dd6d8dd409bb586ca903145838629fb0a478b894fb8b262,urn:li:ugcPost:7100026469761896449,e0c1007be66257cae6aaaddba63b43d60478620d323efaade3ddd3881c0803ad,7100026469761896449,listen to the full episode on youtube spotify apple podcast ama ask me anything with the founders here,0.0,1.0,0.0,0.0,Neutral
