Full Name,Profile URL,Headline,Comment,Timestamp,Comment URN,Comment Hash,Post URN,Post Hash,post_urn_id,processed_comment,sentiment_negative,sentiment_neutral,sentiment_positive,sentiment_compound,sentiment_label
Abanita Dutta,https://www.linkedin.com/in/abanita-dutta,"BI & Analytics | Ex-BCG, McKinsey, Barclays | PMP","Nitish Pandey An ex Navy guy, an avid runner and our CTO. As a 50-years old, his health is surely inspiring.",2023-05-14T01:48:38.104Z,"urn:li:comment:(activity:7059097875628097537,7063329227319762944)",5dad705dc846f98f5f9dd0284c13c00879908c3f3af32f94d016a725a4a7a1f0,urn:li:activity:7059097875628097537,6db49823102c647883edf4a035341b24589b93b855bbd57c07f3481c0904018b,7059097875628097537,nitish pandey an ex navy guy an avid runner and our cto as a years old his health is surely inspiring,0.0,0.683,0.317,0.7845,Positive
Varun Sheth,https://www.linkedin.com/in/varunsheth23,"Ketto- India's Largest Crowdfunding Platform, Hiring!! CEO @Ketto | Forbes 30 under 30, 2017 | Fortune 40 under 40, 2018 | Economic Times 40 under 40, 2019","Couldn't agree more. As an entrepreneur, you need to be in good physical and mental health to handle the demands of your business.",2023-05-04T12:15:07.835Z,"urn:li:comment:(activity:7059097875628097537,7059863011422855169)",5da94c9e3120a1668d6379f47daaa73a658bf8015a5401700fd9d731a817ae52,urn:li:activity:7059097875628097537,6db49823102c647883edf4a035341b24589b93b855bbd57c07f3481c0904018b,7059097875628097537,couldnt agree more as an entrepreneur you need to be in good physical and mental health to handle the demands of your business,0.081,0.807,0.111,0.1999,Positive
Romel Dutta,https://www.linkedin.com/in/romel-dutta-9601b74,Solution Consulting at Edgeverve | Banking And Technology enthusiast,"How about Chairman of Tata Sons, Mr N. Chandrasekaran. The organization sponsers many major running events

https://www.linkedin.com/in/n-chandrasekaran ",2023-05-04T01:26:32.838Z,"urn:li:comment:(activity:7059097875628097537,7059699790091075584)",7cb8ab3556f44c95b5e7cd064c619c80bbf9bf8e3c45ad38ad4694df82837967,urn:li:activity:7059097875628097537,6db49823102c647883edf4a035341b24589b93b855bbd57c07f3481c0904018b,7059097875628097537,how about chairman of tata sons mr n chandrasekaran the organization sponsers many major running events,0.0,1.0,0.0,0.0,Neutral
Anoj Viswanathan,https://www.linkedin.com/in/anojviswanathan,"0-to-1, GetCopayHelp | Co-founder, Milaap | Forbes 30u30 | Making Healthcare Affordable Everywhere","That would be my cofounder Mayukh C. - a champion swimmer, surfer and triathlete and running Milaap for over 12+ years now. Endurance in sports and entrepreneurship :) ",2023-05-03T10:49:55.486Z,"urn:li:comment:(activity:7059097875628097537,7059479180807188481)",c1f51a14ab9daca55621922d88e84a31a703cc725640dbb7b2f012943e987073,urn:li:activity:7059097875628097537,6db49823102c647883edf4a035341b24589b93b855bbd57c07f3481c0904018b,7059097875628097537,that would be my cofounder mayukh c a champion swimmer surfer and triathlete and running milaap for over years now endurance in sports and entrepreneurship,0.0,0.849,0.151,0.5994,Positive
Sethuraman Murugesan,https://www.linkedin.com/in/setraa,"Venture Builder & Startup Architect | Helping Founders Validate, Structure & Scale Ideas | Product, SaaS, Innovation | Marathon Runner","I totally agree, focusing on health and wellness is important for entrepreneurs! I'm curious to learn more about the mental and physical routines of successful founders. I'll check out your podcast and suggest some founders who might be a great fit.",2023-05-03T06:01:01.329Z,"urn:li:comment:(activity:7059097875628097537,7059406476087349248)",254a0730e51dc3c43f320eba6f2ef7513b18573c294e98fe2322fc09d2d96a6e,urn:li:activity:7059097875628097537,6db49823102c647883edf4a035341b24589b93b855bbd57c07f3481c0904018b,7059097875628097537,i totally agree focusing on health and wellness is important for entrepreneurs im curious to learn more about the mental and physical routines of successful founders ill check out your podcast and suggest some founders who might be a great fit,0.052,0.574,0.374,0.9468,Positive
Tarun Kumar  タルン クマール Bansal バンサル,https://www.linkedin.com/in/tkbansal,"Times40under40, BW40under40, Contributor@Entrepreneur.com, CNBC YoungTurk, IAM300 Ranked IP/Patent Strategist, Traveller",Great initiative Dilip,2023-05-03T05:57:32.654Z,"urn:li:comment:(activity:7059097875628097537,7059405600832536576)",817fbe8b19538e5cb05b44fa6b1218c57e61f6a6ce2e16584da4c41ee6c5d776,urn:li:activity:7059097875628097537,6db49823102c647883edf4a035341b24589b93b855bbd57c07f3481c0904018b,7059097875628097537,great initiative dilip,0.0,0.328,0.672,0.6249,Positive
Sarthak Tiwary,https://www.linkedin.com/in/sarthak-tiwary-74034921a,CEO of Vastu Vihar Co-founder of Technoculture Research Co-founder of SentientX,I would love to be on a podcast with you 😉 Dilip Kumar ,2023-05-03T04:58:28.328Z,"urn:li:comment:(activity:7059097875628097537,7059390734856011777)",5c480d0be705f689e25a600922c24eebbbe9a8465744c9e40193d830a3e268c2,urn:li:activity:7059097875628097537,6db49823102c647883edf4a035341b24589b93b855bbd57c07f3481c0904018b,7059097875628097537,i would love to be on a podcast with you dilip kumar,0.0,0.682,0.318,0.6369,Positive
Varun Gadde,https://www.linkedin.com/in/varun-gadde-9a136417b,Software Engineer @JoshSoftware | ROR | WebDev | SPPU-PCCOE '21 | B.E Computer,"Recommending Gautam Rege and  Sethupathi Asokan from Josh Software, Inc.  🙌",2023-05-02T15:29:24.363Z,"urn:li:comment:(activity:7059097875628097537,7059187126713647105)",99a2a9c7f895d679773f9891e40610e2f48367bc2808a7305d8786256fb32dc4,urn:li:activity:7059097875628097537,6db49823102c647883edf4a035341b24589b93b855bbd57c07f3481c0904018b,7059097875628097537,recommending gautam rege and sethupathi asokan from josh software inc,0.0,1.0,0.0,0.0,Neutral
Ryan Hamilton,https://www.linkedin.com/in/westwardeast,Creative Director | Brand Marketer | Avid Hobbist,Jason Whitson we gotta get you in on this conversation!,2023-05-02T15:07:10.651Z,"urn:li:comment:(activity:7059097875628097537,7059181532715909120)",95599ecd3c3d9e187b78102188d68162aeb9a0194c99ad2a97566519858785bd,urn:li:activity:7059097875628097537,6db49823102c647883edf4a035341b24589b93b855bbd57c07f3481c0904018b,7059097875628097537,jason whitson we gotta get you in on this conversation,0.0,1.0,0.0,0.0,Neutral
Kshitij Garg (KG),https://www.linkedin.com/in/kshitij-garg21,Healthtech Founder | Scaled $20 Million e-Health Business | Forbes 30 Under 30 Healthcare | Perplexity AI Business Fellow,"Mahesh Jakhotia also walks the talk 

He is a super fit entrepreneur",2023-05-02T13:35:13.026Z,"urn:li:comment:(activity:7059097875628097537,7059158390115065858)",91661ccc49b098ab831e42eaba60f72491d021458e659156886511b8575cc976,urn:li:activity:7059097875628097537,6db49823102c647883edf4a035341b24589b93b855bbd57c07f3481c0904018b,7059097875628097537,mahesh jakhotia also walks the talk he is a super fit entrepreneur,0.0,0.584,0.416,0.7506,Positive
Devipriya Selvaraj,https://www.linkedin.com/in/devipriya-selvaraj-84053667,"Co-founder, BibVault | Business Analyst, Westpac | Infosys",I would like to recommend Karthikeyan Viswanathan from BibVault !!,2023-05-02T10:10:06.598Z,"urn:li:comment:(activity:7059097875628097537,7059106773210705920)",b79ed5dba039ece5a2feacb66e0bc8e82f0de06f07ba79461f31f3306483aefe,urn:li:activity:7059097875628097537,6db49823102c647883edf4a035341b24589b93b855bbd57c07f3481c0904018b,7059097875628097537,i would like to recommend karthikeyan viswanathan from bibvault,0.0,0.545,0.455,0.6124,Positive
Jayanti Bhattacharya,https://www.linkedin.com/in/jayantibhattacharya,Entrepreneur | Rainmatter + Zerodha | TEDx Speaker | Making Money Work for Women | Sustainability and Health Advocate,"Thank you Dilip Kumar!
",2023-05-02T09:43:10.798Z,"urn:li:comment:(activity:7059097875628097537,7059099996066836480)",9bf65c4fa5ceee3df67819ae1d000fb7ba2c3d4505c8df2de5885bbdcf8ca724,urn:li:activity:7059097875628097537,6db49823102c647883edf4a035341b24589b93b855bbd57c07f3481c0904018b,7059097875628097537,thank you dilip kumar,0.0,0.545,0.455,0.3612,Positive
Divyansh Raj,https://www.linkedin.com/in/divyanshraj,"Enterprise Sales & AI Consulting | Helping Businesses Scale with AI & LinkedIn Personal Branding | LinkedIn Top Voice '24 | LinkedIn CAP 22' | Ex- LinkedIn, HCL",That's an amazing list for my own podcast!,2023-05-02T09:36:12.774Z,"urn:li:comment:(activity:7059097875628097537,7059098242738720768)",1d1c907a9c3035233ec0b1766746ce38afa7bd3cfe770cd103f15f10f0d23eb0,urn:li:activity:7059097875628097537,6db49823102c647883edf4a035341b24589b93b855bbd57c07f3481c0904018b,7059097875628097537,thats an amazing list for my own podcast,0.0,0.648,0.352,0.5859,Positive
