Full Name,Profile URL,Headline,Comment,Timestamp,Comment URN,Comment Hash,Post URN,Post Hash,post_urn_id,processed_comment,sentiment_negative,sentiment_neutral,sentiment_positive,sentiment_compound,sentiment_label
Rupesh Mehta,https://www.linkedin.com/in/rupesh-mehta-58bb911b7,SaladTime.in ( India) | EastWest Trade (USA) | 🇮🇳 🇺🇸,"So govt have data and they know it , but shift responsibilities to consumer and don’t want to take any burden . I don’t know what they are good for , if they really wish good for people and be honest about it , no one would dare to adulterer the food",2025-07-21T16:43:21.965Z,"urn:li:comment:(activity:7346040644156432386,7353102298367115264)",832a03aff1e864506abddc1e677d4b9625637755d549e1e3535bc85dc918ff06,urn:li:activity:7346040644156432386,21030c1547da2a64e38922fa30b536757bd10b9423dc5718495b060e486e52f1,7346040644156432386,so govt have data and they know it but shift responsibilities to consumer and dont want to take any burden i dont know what they are good for if they really wish good for people and be honest about it no one would dare to adulterer the food,0.124,0.624,0.252,0.8795,Positive
Haasine Chandrasekar,https://www.linkedin.com/in/haasine-chandrasekar-0573b820,"Sr Program Manager, Bosch | EGMP,IIMB | Strategy | People | Innovation | Transformation","Tony Francis Harsha Madhava this just reminded me of the NBT days,  2018 to now ...still remains a valid problem to be solved",2025-07-18T03:42:22.415Z,"urn:li:comment:(activity:7346040644156432386,7351818591568134144)",e88edc689c7c6ead3c18bec81f2f6539f6f7d1a49a081397ef52c5d12ddca6a9,urn:li:activity:7346040644156432386,21030c1547da2a64e38922fa30b536757bd10b9423dc5718495b060e486e52f1,7346040644156432386,tony francis harsha madhava this just reminded me of the nbt days to now still remains a valid problem to be solved,0.113,0.798,0.088,-0.1531,Negative
Kuldeep Jain,https://www.linkedin.com/in/cakuldeepjain,Founder & CEO- Build Capital;RANK Group || Real Estate Finance || Alternative Investment || Structured Debt || Building Businesses |,Dilip Kumar  I agree and i know one solution which is created by my close friend and approved solution by DRDO however we dont know how to market it properly . Need ur input for educating people and marketing too …,2025-07-16T12:03:23.705Z,"urn:li:comment:(activity:7346040644156432386,7351219902025711616)",ef23f03c48abfe24519e6e2a5ed66932a9280c0aa41f221e6be94d7838536c5b,urn:li:activity:7346040644156432386,21030c1547da2a64e38922fa30b536757bd10b9423dc5718495b060e486e52f1,7346040644156432386,dilip kumar i agree and i know one solution which is created by my close friend and approved solution by drdo however we dont know how to market it properly need ur input for educating people and marketing too,0.0,0.672,0.328,0.9201,Positive
Subrahmanyam Kondaveeti,https://www.linkedin.com/in/subrahmanyam-kondaveeti-4a75109b,Retired IITian,Adulterated with what kind of materials?,2025-07-06T14:39:43.998Z,"urn:li:comment:(activity:7346040644156432386,7347635367170244608)",5225256d09ed899cc6672355b49130a6f512153358380cf40afc9c9cb21567c4,urn:li:activity:7346040644156432386,21030c1547da2a64e38922fa30b536757bd10b9423dc5718495b060e486e52f1,7346040644156432386,adulterated with what kind of materials,0.0,1.0,0.0,0.0,Neutral
Mannu Jee,https://www.linkedin.com/in/mannujee,Founder @ Milkvilla,"Have a look at Milkvilla, and how it has built an adulteration free, plastic free hyper local milk supply chain using cold supply chain, mobility innovation, IoT monitoring and software platform.",2025-07-05T14:10:32.281Z,"urn:li:comment:(activity:7346040644156432386,7347265632075243520)",8dde36b3c980ffdd543dcfad9420c82d3aff02af45e75094d2cb55df792b7fc4,urn:li:activity:7346040644156432386,21030c1547da2a64e38922fa30b536757bd10b9423dc5718495b060e486e52f1,7346040644156432386,have a look at milkvilla and how it has built an adulteration free plastic free hyper local milk supply chain using cold supply chain mobility innovation iot monitoring and software platform,0.0,0.746,0.254,0.8481,Positive
Vishrut V.,https://www.linkedin.com/in/vishrut-v-a81769b1,"Student at Goverment Engineering College, Bharuch","It's not just milk, but many edible items such as oil, ghee etc are adulterated.",2025-07-05T07:07:55.487Z,"urn:li:comment:(activity:7346040644156432386,7347159277968449537)",92893d5b099fd76546c0a8b29b03582832e3a6b9926e657b29aeaf553660661a,urn:li:activity:7346040644156432386,21030c1547da2a64e38922fa30b536757bd10b9423dc5718495b060e486e52f1,7346040644156432386,its not just milk but many edible items such as oil ghee etc are adulterated,0.0,1.0,0.0,0.0,Neutral
Suhridh Sundaram,https://www.linkedin.com/in/suhridh-sundaram,Assay Automation | Life Sciences Tech | IIT Madras,"Avisek Barla has been building this since 2016, he has a lot of stories to share",2025-07-05T03:57:13.640Z,"urn:li:comment:(activity:7346040644156432386,7347111287388065792)",b831eb34cc8b3e24539fdf916579217c16a7895190431b6e98f5c0fc06bf30f2,urn:li:activity:7346040644156432386,21030c1547da2a64e38922fa30b536757bd10b9423dc5718495b060e486e52f1,7346040644156432386,avisek barla has been building this since he has a lot of stories to share,0.0,0.855,0.145,0.296,Positive
Shalini Sah,https://www.linkedin.com/in/shalini-sah-0042b427,"Sabbatical | Ex-Meta (Staff Eng), Google, Amazon | Exploring AI, Privacy & Human Systems | Writing to make sense of it all","I don’t think it’s sustainable to expect the public to constantly test, read labels, and investigate food adulteration — it only creates anxiety and erodes trust. Instead, we need stricter food laws for packaged products so consumers can have confidence in what they’re buying. I do appreciate the intention behind encouraging awareness.",2025-07-04T18:42:41.931Z,"urn:li:comment:(activity:7346040644156432386,7346971735721656321)",f479b6d79e7d91e78ceb4583ec14e8811c6fa9e358269eb825f8dee4958f9e9a,urn:li:activity:7346040644156432386,21030c1547da2a64e38922fa30b536757bd10b9423dc5718495b060e486e52f1,7346040644156432386,i dont think its sustainable to expect the public to constantly test read labels and investigate food adulteration it only creates anxiety and erodes trust instead we need stricter food laws for packaged products so consumers can have confidence in what theyre buying i do appreciate the intention behind encouraging awareness,0.029,0.723,0.249,0.9201,Positive
Abhishek Mehta,https://www.linkedin.com/in/abhishek-mehta-248942194,"Customised Software Development, Currently working on ANIMO - Cattle Management Platform","Dilip, I agree and I am with you. I am not sure about the %age and Mixology. 

This is not going to help unless the unorganised sector gets converted to at least Semi Organised and avoid the Lala technic of working.

Mandate Testing should happen at the processing level and one should upload data batch wise. A proper monitoring application is required by Department of Animal Husbandry/ ICAR. 

A fusion of on field care and data driven tech shall help fill this gap at an economic cost. #madeinindia :) #Animo #Dairytech

It is a never ending topic but always 1 step at a time shall help achieve the targets to less adulteration.",2025-07-04T14:46:55.556Z,"urn:li:comment:(activity:7346040644156432386,7346912401524424704)",42e46227a5e781f7f02353559f731d2e0c4980aeb62bf862b66c8d029a0acbb8,urn:li:activity:7346040644156432386,21030c1547da2a64e38922fa30b536757bd10b9423dc5718495b060e486e52f1,7346040644156432386,dilip i agree and i am with you i am not sure about the age and mixology this is not going to help unless the unorganised sector gets converted to at least semi organised and avoid the lala technic of working mandate testing should happen at the processing level and one should upload data batch wise a proper monitoring application is required by department of animal husbandry icar a fusion of on field care and data driven tech shall help fill this gap at an economic cost madeinindia animo dairytech it is a never ending topic but always step at a time shall help achieve the targets to less adulteration,0.084,0.863,0.054,-0.3239,Negative
Siddharth Batra,https://www.linkedin.com/in/siddharth-batra-7b97856,"General Manager @ Glanbia | Ex-Founder, The Healthspan Co. | Ex Amazon & Unilever",Country Delight,2025-07-04T02:36:44.849Z,"urn:li:comment:(activity:7346040644156432386,7346728646105096192)",1c8ada543df3cef9114af9ca183f98279dfd01cfb2d78409aef1d2d50bde3b12,urn:li:activity:7346040644156432386,21030c1547da2a64e38922fa30b536757bd10b9423dc5718495b060e486e52f1,7346040644156432386,country delight,0.0,0.204,0.796,0.5994,Positive
Kabir Singh Kochhar,https://www.linkedin.com/in/kabir-singh-kochhar,On a sabbatical,"Forget the kit, there needs to be basic hygiene levels and quality in the products we consume. Brands are solving for this, it will happen. Aware consumers are moving to trusted brands and willing to pay a premium",2025-07-03T17:08:30.241Z,"urn:li:comment:(activity:7346040644156432386,7346585642950107138)",ed4f53268c917b8846d781542ca49d0de01365cc6d1b6fd9554dbdea679372ec,urn:li:activity:7346040644156432386,21030c1547da2a64e38922fa30b536757bd10b9423dc5718495b060e486e52f1,7346040644156432386,forget the kit there needs to be basic hygiene levels and quality in the products we consume brands are solving for this it will happen aware consumers are moving to trusted brands and willing to pay a premium,0.079,0.789,0.132,0.4939,Positive
Writick Ghosh,https://www.linkedin.com/in/writick-ghosh-69392974,"Deputy Manager @Exide Industries Limited | Ex Greenply Industries LTD , India & Gabon ( Libreville, West Africa)",Just read a post and got an instant message from Country Delight! AI is revolutionizing customer experience!,2025-07-03T14:35:36.361Z,"urn:li:comment:(activity:7346040644156432386,7346547164908503042)",0db4d1e7d28b49462318d9e5745e4f76195500642d5c4606a97ffe2bc07b7f30,urn:li:activity:7346040644156432386,21030c1547da2a64e38922fa30b536757bd10b9423dc5718495b060e486e52f1,7346040644156432386,just read a post and got an instant message from country delight ai is revolutionizing customer experience,0.0,0.794,0.206,0.5994,Positive
Rahul Aswal,https://www.linkedin.com/in/rahulaswal11,I turn brands into badass market leaders,"Dilip Kumar when the most basic staple isn’t safe, trust breaks at the core. A low-cost, reliable home test kit would be a game changer. Sometimes innovation isn’t flashy tech, it’s giving families simple tools to protect what they feed their kids every day. 

Still shocked at the stats ""Approx 68% of milk sold in India is adulterated."" 
Absolutely, crazzyy!",2025-07-03T13:45:23.011Z,"urn:li:comment:(activity:7346040644156432386,7346534526002544641)",a1cfd246f7414f72d12424e162f596e9e6f4310e80d3ba382653afdbbe19cfac,urn:li:activity:7346040644156432386,21030c1547da2a64e38922fa30b536757bd10b9423dc5718495b060e486e52f1,7346040644156432386,dilip kumar when the most basic staple isnt safe trust breaks at the core a lowcost reliable home test kit would be a game changer sometimes innovation isnt flashy tech its giving families simple tools to protect what they feed their kids every day still shocked at the stats approx of milk sold in india is adulterated absolutely crazzyy,0.112,0.773,0.115,0.0495,Neutral
Anshuman Vora,https://www.linkedin.com/in/anshumanvora,Marketing & Sales Consultant + Implementer for SMEs' Continuous Profitable Growth & All-India Business Development ✓,"1. Source of the 68% alarm?
2. Testing with the kit would only alert us, increase the concern, confirm the suspicion...
3. Hunt for and rush to buy from the balance 32% sources!
4. Upgrade to black tea-black coffee-green tea. Stylish life.
",2025-07-03T11:47:00.839Z,"urn:li:comment:(activity:7346040644156432386,7346504737334165508)",e58fcce6fa3caff2ad7541a28188f5950b99b3ac4744704ae766580eb8adf235,urn:li:activity:7346040644156432386,21030c1547da2a64e38922fa30b536757bd10b9423dc5718495b060e486e52f1,7346040644156432386,source of the alarm testing with the kit would only alert us increase the concern confirm the suspicion hunt for and rush to buy from the balance sources upgrade to black teablack coffeegreen tea stylish life,0.12,0.771,0.108,-0.128,Negative
Saikat Guha,https://www.linkedin.com/in/sktguha,"Senior UI @ Stealth startup | React & Open-Source Contributor (React, Redux, Jest) | Ex-Microsoft, Salesforce, Directi","Maybe to start with how we can create testing kit from simple ingredients like paneer test , some instructions can be circulated",2025-07-03T11:45:40.870Z,"urn:li:comment:(activity:7346040644156432386,7346504401919909888)",29370983e26fd4a814010b8faed765a73d887f7ad262f7229135bacf0fc9c7f3,urn:li:activity:7346040644156432386,21030c1547da2a64e38922fa30b536757bd10b9423dc5718495b060e486e52f1,7346040644156432386,maybe to start with how we can create testing kit from simple ingredients like paneer test some instructions can be circulated,0.0,0.805,0.195,0.5574,Positive
Dr.Kanwarpreet Kaur,https://www.linkedin.com/in/dr-kanwarpreet-kaur-8a38157,"Senior Healthcare Management professional having 16 years extensive experience in Hospital/Diagnostics/Start ups- Operations strategy,Quality,Operations Excellence,Business Development verticals.",I agree 💯,2025-07-03T11:30:25.197Z,"urn:li:comment:(activity:7346040644156432386,7346500561308946432)",10142c6741d2c6178bfcf26450713e64a21cf158fdb9ad57b916f35e0ce0c8fa,urn:li:activity:7346040644156432386,21030c1547da2a64e38922fa30b536757bd10b9423dc5718495b060e486e52f1,7346040644156432386,i agree,0.0,0.0,1.0,0.3612,Positive
Jaydeep Parmar,https://www.linkedin.com/in/jaydeeptparmar,"Linkedin Top Voice| Wrote 100+ articles| Chief Manager- Strategic Initiatives at MCPI| Train The Trainer certified| Ex-Exide,HPCL,IOCL| IIM Calcutta,ICT Mumbai","Thanks for sharing, Dilip. Even I am looking for concrete and low cost solutions. Read some comments here denying the fact that milk can not be Adulterated in packaged form. 
Reality is it is highly adulterated and done by even organized players. FSSAI is not going to check each and every batch for practical and other reasons.",2025-07-03T10:57:22.892Z,"urn:li:comment:(activity:7346040644156432386,7346492246923386880)",e8403c7d95da7959b4e11a9f917a4079ee71cec1af3853513b6647f3c3312367,urn:li:activity:7346040644156432386,21030c1547da2a64e38922fa30b536757bd10b9423dc5718495b060e486e52f1,7346040644156432386,thanks for sharing dilip even i am looking for concrete and low cost solutions read some comments here denying the fact that milk can not be adulterated in packaged form reality is it is highly adulterated and done by even organized players fssai is not going to check each and every batch for practical and other reasons,0.072,0.811,0.118,0.4404,Positive
Anuj Shanker Shrestha,https://www.linkedin.com/in/anujvan,"🟢 And so it is. The plan is to create enough value in 1000 days to add USD $10m to my personal net worth. Check out ‘The Bucket List’ post on ‘Featured’. Target Date: March 12, 2028.",Shouldn’t the government be pushing this product? Also seems like the big guns have missed an opportunity,2025-07-03T04:49:51.224Z,"urn:li:comment:(activity:7346040644156432386,7346399755524087808)",82aefe3482bf005cc58c7de56c9905da13b92707e3a1e53881ceb6cf89dcefb7,urn:li:activity:7346040644156432386,21030c1547da2a64e38922fa30b536757bd10b9423dc5718495b060e486e52f1,7346040644156432386,shouldnt the government be pushing this product also seems like the big guns have missed an opportunity,0.102,0.651,0.247,0.4767,Positive
Venkatraman Pichumani,https://www.linkedin.com/in/venkatp,"Four decades of self made Entrepreneurship CA, Investment Banker, International BPO, Domestic BPO. All bootstrapped, no external funding. Scaled from laptop to 3000 team members","Or go Vegan....the human species is the only one that drinks the milk of another specie, long after its weaning off period",2025-07-03T03:20:06.635Z,"urn:li:comment:(activity:7346040644156432386,7346377170916671488)",f712cdde17ac0280f60fabd396c29a4f88aba1dd7fe6f1ff142a5c087613d3b2,urn:li:activity:7346040644156432386,21030c1547da2a64e38922fa30b536757bd10b9423dc5718495b060e486e52f1,7346040644156432386,or go veganthe human species is the only one that drinks the milk of another specie long after its weaning off period,0.0,1.0,0.0,0.0,Neutral
Alok Dikhit,https://www.linkedin.com/in/alok-dikhit-a7583818a,Learner | Communication | Media | Generalist | Curious,Well said Dilip,2025-07-03T03:17:18.613Z,"urn:li:comment:(activity:7346040644156432386,7346376466185474048)",2de9a6f6d7635aa9b251747f8fc9ba28792fba3673b7447d86565c6afc97886c,urn:li:activity:7346040644156432386,21030c1547da2a64e38922fa30b536757bd10b9423dc5718495b060e486e52f1,7346040644156432386,well said dilip,0.0,0.488,0.512,0.2732,Positive
Nagarajan Chandrasekaran,https://www.linkedin.com/in/nagarajanchandru,Video Production Head I Personal Branding Video Specialist | Content first video agency | Founder - Sarang Media | One of top 3 Video Agencies in Chennai,"Beyond testing kits, maybe there could be a push for more transparency in the supply chain.

If we knew where our milk was coming from and how it's processed, it might help us make safer choices Dilip Kumar",2025-07-03T03:01:42.532Z,"urn:li:comment:(activity:7346040644156432386,7346372539977297920)",8f00544b53bcc95830fca98a40f1b0e2a0b480baba507b0e68f902693287d2a3,urn:li:activity:7346040644156432386,21030c1547da2a64e38922fa30b536757bd10b9423dc5718495b060e486e52f1,7346040644156432386,beyond testing kits maybe there could be a push for more transparency in the supply chain if we knew where our milk was coming from and how its processed it might help us make safer choices dilip kumar,0.0,0.864,0.136,0.6705,Positive
Nikhil Arora,https://www.linkedin.com/in/nikhilarora12,#Financialadvisor #Creditcard enthusiast #Investmentmanager #Fintech #Management,We need a trusted Milkman. Period,2025-07-03T02:34:13.547Z,"urn:li:comment:(activity:7346040644156432386,7346365623628697602)",8db831fb30a6332ef5b90b23b12bea33615e4995133adce3d229f5dbba4d703a,urn:li:activity:7346040644156432386,21030c1547da2a64e38922fa30b536757bd10b9423dc5718495b060e486e52f1,7346040644156432386,we need a trusted milkman period,0.0,0.563,0.437,0.4767,Positive
Saurabh Mahajan,https://www.linkedin.com/in/saurabh-mahajan-b6583315,Biologist | Educator | Biotech founder,"Hey, not insinuating anything, it's actually generated a healthy discussion. But I think you should declare a conflict of interest due to Rainmatter's investment in Akshaykalpa? Also, just a link to the source would have been great.",2025-07-03T02:30:13.438Z,"urn:li:comment:(activity:7346040644156432386,7346364616538537985)",e59dc0c6b9bbfcfee798507c06acc7bffe3820cade33d1249c7e0f41d368226a,urn:li:activity:7346040644156432386,21030c1547da2a64e38922fa30b536757bd10b9423dc5718495b060e486e52f1,7346040644156432386,hey not insinuating anything its actually generated a healthy discussion but i think you should declare a conflict of interest due to rainmatters investment in akshaykalpa also just a link to the source would have been great,0.068,0.667,0.265,0.8608,Positive
Nikita Agrawal,https://www.linkedin.com/in/nikitaagrawal18,Co Founder I Helping Companies Hire Qualified Talent Faster I Building Teams I GCC I AI/ML I DE&I Champion,It’s scary how something so basic isn’t safe,2025-07-02T19:24:27.357Z,"urn:li:comment:(activity:7346040644156432386,7346257468512968704)",3c2467b12bd3046b5dcec156bbb0c078ee024b9a9db3455ecb783d558e656f94,urn:li:activity:7346040644156432386,21030c1547da2a64e38922fa30b536757bd10b9423dc5718495b060e486e52f1,7346040644156432386,its scary how something so basic isnt safe,0.495,0.505,0.0,-0.7068,Negative
Dr. Deependr singh shekhawat,https://www.linkedin.com/in/dr-deependr-singh-shekhawat-1429bb137,Head-Operations at Harit Pradesh Milk Producer Organisation,"This is indeed a very important issue you're raising Dilip Kumar. However, I would appreciate it if you could share the specific source or government report that mentions the '68% milk adulteration' statistic. It would help validate the gravity of the problem and also be useful for those working in the dairy sector to take informed action. Thanks!",2025-07-02T17:31:56.140Z,"urn:li:comment:(activity:7346040644156432386,7346229151856545792)",8fe558e5c0cbb591b39d496f9284033884b972cb4e9ba1a91100ba2afba90ef9,urn:li:activity:7346040644156432386,21030c1547da2a64e38922fa30b536757bd10b9423dc5718495b060e486e52f1,7346040644156432386,this is indeed a very important issue youre raising dilip kumar however i would appreciate it if you could share the specific source or government report that mentions the milk adulteration statistic it would help validate the gravity of the problem and also be useful for those working in the dairy sector to take informed action thanks,0.04,0.694,0.266,0.923,Positive
Selvamani Perumal,https://www.linkedin.com/in/selvamani-perumal-47a58320,Lead Optical System Engineer at Forus Health,"Insightful, thank you Dilip.",2025-07-02T17:29:39.105Z,"urn:li:comment:(activity:7346040644156432386,7346228577085943809)",13a929f478a9a9e68b697a34327f5f9ee65108ea4abf49120e05ecf85d470929,urn:li:activity:7346040644156432386,21030c1547da2a64e38922fa30b536757bd10b9423dc5718495b060e486e52f1,7346040644156432386,insightful thank you dilip,0.0,0.545,0.455,0.3612,Positive
Prasshant K Singh,https://www.linkedin.com/in/prasshant-k-singh-1183a39,Business Head l Strategic Sales l Product Management,Delmos Research by Babbar Singh has created the right solution for this consumer need! Check it out,2025-07-02T16:48:50.587Z,"urn:li:comment:(activity:7346040644156432386,7346218307261255680)",bd5c21b47e385763de5894975f34aa7c4b03dd896b36a2c5841468e9631afb1e,urn:li:activity:7346040644156432386,21030c1547da2a64e38922fa30b536757bd10b9423dc5718495b060e486e52f1,7346040644156432386,delmos research by babbar singh has created the right solution for this consumer need check it out,0.0,0.777,0.223,0.5106,Positive
Nitesh D.,https://www.linkedin.com/in/nitesh-d-0914781b,"Supply Chain Management | Strategic Sourcing, Contract Negotiation, SAP | Ex-Doehler, Ola, The Good Stuff, Kerry, McCain, KPMG","Bro out here, throwing revolutionary ideas around like they're nothing. ",2025-07-02T16:31:15.386Z,"urn:li:comment:(activity:7346040644156432386,7346213881423224833)",8bf3c373011f21de20ad54a2ab9de7f3f7c0f86c936e8699fb61e2fcc30f59e1,urn:li:activity:7346040644156432386,21030c1547da2a64e38922fa30b536757bd10b9423dc5718495b060e486e52f1,7346040644156432386,bro out here throwing revolutionary ideas around like theyre nothing,0.0,0.783,0.217,0.3612,Positive
Rahul Tendulkar,https://www.linkedin.com/in/the-rahul-tendulkar,"Building Profitable Cloud Kitchens | F&B Automation Expert | Building and nurturing F&B ecosystem| Co-founder @ profitable brands like Sugoi Ramen, Hot dog Harbour, Fruut.in, Greensalad.in | Let’s Transform cloud Kitchen",Just Adopt Cats. They don't drink adulterated milk,2025-07-02T16:29:46.685Z,"urn:li:comment:(activity:7346040644156432386,7346213509388500992)",9fb578b0470c7bd1c949e9a40a5ee1f8421c0580eb6243403e2e20eb557634de,urn:li:activity:7346040644156432386,21030c1547da2a64e38922fa30b536757bd10b9423dc5718495b060e486e52f1,7346040644156432386,just adopt cats they dont drink adulterated milk,0.0,0.805,0.195,0.1779,Positive
Gautam Balijepalli,https://www.linkedin.com/in/balli,Co-Founder & CEO at Kouzina Food Tech Pvt Ltd,Avisek Barla,2025-07-02T16:29:20.555Z,"urn:li:comment:(activity:7346040644156432386,7346213399791398912)",b1d7b0b38f69bd1e497618f586cdd48a824480f556e4a8ecb25fff9d0ff923d8,urn:li:activity:7346040644156432386,21030c1547da2a64e38922fa30b536757bd10b9423dc5718495b060e486e52f1,7346040644156432386,avisek barla,0.0,1.0,0.0,0.0,Neutral
ANKITA DUTTA,https://www.linkedin.com/in/ankita-dutta-32202b29,Team Member-Creative Head at HerTales,"Dilip Kumar Sir, Delmos Research is already offering Delstrips. You can check adulteration in milk at home NOW! #AdulterationfreeIndia",2025-07-02T15:49:34.699Z,"urn:li:comment:(activity:7346040644156432386,7346203392781840385)",21c2d7d5e3d72714e6ad48d661ae4e3aac11684604de0b32d43aa953e76e6b31,urn:li:activity:7346040644156432386,21030c1547da2a64e38922fa30b536757bd10b9423dc5718495b060e486e52f1,7346040644156432386,dilip kumar sir delmos research is already offering delstrips you can check adulteration in milk at home now adulterationfreeindia,0.0,1.0,0.0,0.0,Neutral
Abhishek Sharma,https://www.linkedin.com/in/abhishek1991,Technology Expert | Data Analyst | Customer Insights,Milk should not be sold. Cows are not commodities.,2025-07-02T14:46:01.949Z,"urn:li:comment:(activity:7346040644156432386,7346187400949207040)",062c5a6610a7df9607e857bb92e4cb3950f3e7d5a7847067a1d61f18a5c79309,urn:li:activity:7346040644156432386,21030c1547da2a64e38922fa30b536757bd10b9423dc5718495b060e486e52f1,7346040644156432386,milk should not be sold cows are not commodities,0.0,1.0,0.0,0.0,Neutral
Dr. Jyoti Bansal,https://www.linkedin.com/in/dr-jyoti-bansal-470b4847,Founder @ iLiOS Health| Dedicated to a Transparent & Accessible Healthcare for All,"This is absolutely horrifyin!!

 My immediate thought is about the devastating long-term health consequences. This isn't just a quality control issue, it's a silent public health crisis.",2025-07-02T14:24:12.831Z,"urn:li:comment:(activity:7346040644156432386,7346181910114504704)",fb618d0b4d95e0ca75561297fc4565094a04bc1ae4a50c3d71b0e39557230a41,urn:li:activity:7346040644156432386,21030c1547da2a64e38922fa30b536757bd10b9423dc5718495b060e486e52f1,7346040644156432386,this is absolutely horrifyin my immediate thought is about the devastating longterm health consequences this isnt just a quality control issue its a silent public health crisis,0.268,0.732,0.0,-0.8555,Negative
Vishal Chandnani,https://www.linkedin.com/in/vishal-chandnani-3a9776188,"CFIO | Efficiency ↑ = Overheads ↓ | Optimize, Save, Expand @ Drc systems",Lactocrime. this is state-sanctioned poisoning. And nobody’s screaming,2025-07-02T14:23:58.283Z,"urn:li:comment:(activity:7346040644156432386,7346181849095798784)",2fbcc4442e8c2a5bbfff53d4b9d909a8262a9c0ea2801deeb929a521dfd0dcf4,urn:li:activity:7346040644156432386,21030c1547da2a64e38922fa30b536757bd10b9423dc5718495b060e486e52f1,7346040644156432386,lactocrime this is statesanctioned poisoning and nobodys screaming,0.516,0.484,0.0,-0.7506,Negative
Pratik Agrawal,https://www.linkedin.com/in/pratikempowers,B2B x Growth x AI • IIT Bombay,"I remember receiving a card from Country Delight that could be used to test for adulteration.

That's a pretty good solution if they decide to sell it commercially.

Just curious, how many people would check consistently and trust the results of such a card  though",2025-07-02T13:14:44.607Z,"urn:li:comment:(activity:7346040644156432386,7346164427311747073)",e6bef6334e0f0396f72812ed2b71768d80621c89a82d0987581540fad6226ace,urn:li:activity:7346040644156432386,21030c1547da2a64e38922fa30b536757bd10b9423dc5718495b060e486e52f1,7346040644156432386,i remember receiving a card from country delight that could be used to test for adulteration thats a pretty good solution if they decide to sell it commercially just curious how many people would check consistently and trust the results of such a card though,0.0,0.662,0.338,0.9509,Positive
Arpan Mishra,https://www.linkedin.com/in/arpan1311,Senior Software Engineer at Google,"Home test and then what? Reject the brand, choose a different one, and repeat the test? Isn’t it better to create a food label and ensure food products go through adequate testing.

I’m thinking rather than increasing adoption of people using home made test kits, there should a standard food label and awareness about unadulterated products being charged higher.",2025-07-02T12:42:04.340Z,"urn:li:comment:(activity:7346040644156432386,7346156205356027907)",8145e6224c49185e7a3391e3ddf0fa08ea543d9d85baa0a231e66f7ea84152cc,urn:li:activity:7346040644156432386,21030c1547da2a64e38922fa30b536757bd10b9423dc5718495b060e486e52f1,7346040644156432386,home test and then what reject the brand choose a different one and repeat the test isnt it better to create a food label and ensure food products go through adequate testing im thinking rather than increasing adoption of people using home made test kits there should a standard food label and awareness about unadulterated products being charged higher,0.109,0.787,0.104,-0.0788,Negative
Bombay Founders' Club,,"7,378 followers","The technology to detect adulterants exists - it's just not packaged right for consumers. 

Feels like there's a massive opportunity here for someone who can bridge that gap between lab testing and kitchen counter testing. Dilip Kumar",2025-07-02T12:37:49.646Z,"urn:li:comment:(activity:7346040644156432386,7346155137096122369)",db00ee92f2c7aba38b67ccb3153386ae6e4c106d7b8d8c232b09c21cff629798,urn:li:activity:7346040644156432386,21030c1547da2a64e38922fa30b536757bd10b9423dc5718495b060e486e52f1,7346040644156432386,the technology to detect adulterants exists its just not packaged right for consumers feels like theres a massive opportunity here for someone who can bridge that gap between lab testing and kitchen counter testing dilip kumar,0.0,0.862,0.138,0.6486,Positive
Anand Agarwal,https://www.linkedin.com/in/anandagarwalceo,CEO at FirstWire Apps | E-Commerce | AI | 22 Years in Consulting & IT Services,People get habitual to fake milk and they will get sick now if you feed them real milk 🤐,2025-07-02T12:26:48.872Z,"urn:li:comment:(activity:7346040644156432386,7346152365609111552)",55dd7ac34d563044d1ed645356090e5834e973f94ac1f9d48cba8ed3eccf418a,urn:li:activity:7346040644156432386,21030c1547da2a64e38922fa30b536757bd10b9423dc5718495b060e486e52f1,7346040644156432386,people get habitual to fake milk and they will get sick now if you feed them real milk,0.286,0.714,0.0,-0.7506,Negative
Himanshu Tiwari,https://www.linkedin.com/in/himanshu-tiwari-biz-data-tech,SDM @ Material | Business Analytics * Decision Intelligence | Data Tech Delivery Solution * Change Management,"The issue of adulterated milk is concerning, but a more significant concern is the rising prevalence of lactose intolerance. Lactose is a naturally occurring sugar found in milk and other dairy products. When individuals are lactose intolerant, their bodies are unable to digest this sugar due to a deficiency of the enzyme lactase, leading to uncomfortable symptoms.

Given the existing high rates of lactose intolerance in India, estimated to be over 60% according to various studies, it's likely that many will seek dairy alternatives. The growing awareness of lactose intolerance is expected to drive interest in plant-based milk options, providing a potential solution for those looking to manage their dietary needs.

References : 

https://worldpopulationreview.com/country-rankings/lactose-intolerance-by-country

https://www.fastandup.in/nutrition-world/lactose-intolerance-in-india/",2025-07-02T12:25:44.536Z,"urn:li:comment:(activity:7346040644156432386,7346152095760166913)",7c8b5d5e049028f1960094a600562f3b3632d0229d04ce11458b679dc3dc1b74,urn:li:activity:7346040644156432386,21030c1547da2a64e38922fa30b536757bd10b9423dc5718495b060e486e52f1,7346040644156432386,the issue of adulterated milk is concerning but a more significant concern is the rising prevalence of lactose intolerance lactose is a naturally occurring sugar found in milk and other dairy products when individuals are lactose intolerant their bodies are unable to digest this sugar due to a deficiency of the enzyme lactase leading to uncomfortable symptoms given the existing high rates of lactose intolerance in india estimated to be over according to various studies its likely that many will seek dairy alternatives the growing awareness of lactose intolerance is expected to drive interest in plantbased milk options providing a potential solution for those looking to manage their dietary needs references,0.029,0.872,0.099,0.8042,Positive
"Preeti Dwivedi, Chartered FCIPD",https://www.linkedin.com/in/preeti-dwivedi-connect,"AI for Non-Tech | Turning AI into Results in Sales, Ops, HR & Strategy in FMCG & GCCs | TISS | NCI","Dilip, appreciate how your posts focus on issues that matter for social good!",2025-07-02T11:21:04.715Z,"urn:li:comment:(activity:7346040644156432386,7346135822611427328)",95385eafef807585d3df7f6cc9d5c29cf64943e3096537d033d752ef3557cc1e,urn:li:activity:7346040644156432386,21030c1547da2a64e38922fa30b536757bd10b9423dc5718495b060e486e52f1,7346040644156432386,dilip appreciate how your posts focus on issues that matter for social good,0.0,0.599,0.401,0.6908,Positive
Pranshu Jain,https://www.linkedin.com/in/pranshu-jain,"Helping Founders Build Digital Products, Streamline Workflows & Drive Growth with Tech & AI Solutions (Websites | Web & Mobile Apps | CRM - Go High Level, Salesforce | Automations)","This screams opportunity for a scrappy founder to build something that matters.
A simple, affordable home testing kit could save lives and create a massive market. While big corporations debate regulations, someone could ship a solution tomorrow.
The best businesses solve problems we face daily.",2025-07-02T11:10:41.584Z,"urn:li:comment:(activity:7346040644156432386,7346133209014857728)",e10c2d7cf64222f79cb41f7d11fd8662bf37f5ba87cfcb73adc0454b8520049f,urn:li:activity:7346040644156432386,21030c1547da2a64e38922fa30b536757bd10b9423dc5718495b060e486e52f1,7346040644156432386,this screams opportunity for a scrappy founder to build something that matters a simple affordable home testing kit could save lives and create a massive market while big corporations debate regulations someone could ship a solution tomorrow the best businesses solve problems we face daily,0.09,0.588,0.322,0.891,Positive
Kameswara Rao Pulavarty,https://www.linkedin.com/in/pulavarty,Gomathi Vidya Agri Biotech Research Project Private Limited,I agree 💯,2025-07-02T11:06:13.509Z,"urn:li:comment:(activity:7346040644156432386,7346132084622598145)",297d20ad59e21be693a187e99e37ac78230793dbe7f1dfa8628a6b73e3d9c294,urn:li:activity:7346040644156432386,21030c1547da2a64e38922fa30b536757bd10b9423dc5718495b060e486e52f1,7346040644156432386,i agree,0.0,0.0,1.0,0.3612,Positive
Naseerulla Mohammad,https://www.linkedin.com/in/naseerulla-mohammad,Talent Management | Talent Acquisition Expert | HR Tech for Startups | Gen AI for Talent | Recruitment Mentor | Global Mobility Specialist | Digital Transformation | CSM Certified,Dilip Kumar - Thanks for the insightful post on the issue.,2025-07-02T10:42:50.724Z,"urn:li:comment:(activity:7346040644156432386,7346126200915861505)",384b9d8190d4fd6493f2f8d572709b600c6440e7b52845dbeadf16bca898c98f,urn:li:activity:7346040644156432386,21030c1547da2a64e38922fa30b536757bd10b9423dc5718495b060e486e52f1,7346040644156432386,dilip kumar thanks for the insightful post on the issue,0.0,0.756,0.244,0.4404,Positive
Ankush Anand,https://www.linkedin.com/in/anandankush0908,"Vice President, Morgan Stanley",Dilip Kumar can you share the link pls?,2025-07-02T10:40:37.916Z,"urn:li:comment:(activity:7346040644156432386,7346125643878699009)",692d9c41ddd861b51135d49407d1dd0e9661b5fd81e89ec5420f122c3f314a3a,urn:li:activity:7346040644156432386,21030c1547da2a64e38922fa30b536757bd10b9423dc5718495b060e486e52f1,7346040644156432386,dilip kumar can you share the link pls,0.0,0.632,0.368,0.3612,Positive
Punitha S R,https://www.linkedin.com/in/punitha-s-r-5620b4163,Founder at MyTreya | Entrepreneur | Development Professional | Lifestyle Alteration | Growth & Inner Well-being | Psycho-Socio Therapy | Founder & CEO of MyTreya,Reduction in milk product consumption is actually good for us Indians with overall health and those poor cattle who are waiting to get slaughtered after the milking years along with male calves.. Milk is liquid beef,2025-07-02T10:23:28.199Z,"urn:li:comment:(activity:7346040644156432386,7346121324936790016)",42c1ee4f665162a8db43d83fc266c3c46b04866996c1b005cdc6ddf111fdfc2b,urn:li:activity:7346040644156432386,21030c1547da2a64e38922fa30b536757bd10b9423dc5718495b060e486e52f1,7346040644156432386,reduction in milk product consumption is actually good for us indians with overall health and those poor cattle who are waiting to get slaughtered after the milking years along with male calves milk is liquid beef,0.077,0.85,0.072,-0.0516,Negative
Abhilaksh Sharma,https://www.linkedin.com/in/abhilaksh-sharma-39821696,nox.today (sign up!) | ex-McKinsey,We don't need a testing kit. We need an FDA-equivalent for India which makes food and pharmacos piss themselves at the thought of the slightest deviation from quality standards. ,2025-07-02T09:47:10.529Z,"urn:li:comment:(activity:7346040644156432386,7346112191122575360)",313f0c8cf691e549ac53e9270575742f513869d05eaf8cd1094d3a057dbd3dbe,urn:li:activity:7346040644156432386,21030c1547da2a64e38922fa30b536757bd10b9423dc5718495b060e486e52f1,7346040644156432386,we dont need a testing kit we need an fdaequivalent for india which makes food and pharmacos piss themselves at the thought of the slightest deviation from quality standards,0.091,0.909,0.0,-0.4019,Negative
Lavindra Sherman de Silva 🌱ⓥ,https://www.linkedin.com/in/lavidesilva,Restorative Foods Evangelist | Chief Business Officer | Host @ Pandemic Punditry | Wildlife Photographer |,"A better solution would be to stop consuming milk and dairy products altogether! Who needs the oxytocin, growth hormones, pus, antibiotics and steroids in dairy products anyway. With 75% of Indians deemed to be  lactose intolerant and clear evidence that dairy consumption increase inflammation in the human body, no health conscious Indian should be consuming this adulterated junk anyway!! Companies like Sonal WhiteCub provides great alternatives at a very reasonable price and there is simply no reason for enlightened consumers to continue consuming dairy products.",2025-07-02T09:34:25.713Z,"urn:li:comment:(activity:7346040644156432386,7346108983251767298)",ad5b430dedb259ce7188ba8e048aa3247a15eab329986830342c4aeed4edf5d0,urn:li:activity:7346040644156432386,21030c1547da2a64e38922fa30b536757bd10b9423dc5718495b060e486e52f1,7346040644156432386,a better solution would be to stop consuming milk and dairy products altogether who needs the oxytocin growth hormones pus antibiotics and steroids in dairy products anyway with of indians deemed to be lactose intolerant and clear evidence that dairy consumption increase inflammation in the human body no health conscious indian should be consuming this adulterated junk anyway companies like sonal whitecub provides great alternatives at a very reasonable price and there is simply no reason for enlightened consumers to continue consuming dairy products,0.066,0.709,0.225,0.9423,Positive
Amit Sharma,https://www.linkedin.com/in/amits-lnkdin,"Founder ContractKen (sidekick for lawyers, inside Microsoft Word)",Approx 68% of LinkedIn posts are laced with dodgy statistics.,2025-07-02T09:23:51.458Z,"urn:li:comment:(activity:7346040644156432386,7346106322993483777)",654b4e7daedec89f22aa97f34d79e7558c51f42db87428977d6997114884c81a,urn:li:activity:7346040644156432386,21030c1547da2a64e38922fa30b536757bd10b9423dc5718495b060e486e52f1,7346040644156432386,approx of linkedin posts are laced with dodgy statistics,0.192,0.808,0.0,-0.2263,Negative
Sonal WhiteCub,https://www.linkedin.com/in/sonal-whitecub-9364387,CEO WhiteCub Vegan Foods | Vegprenuer of the Year Award 2025 by PBFIA | Revolutionising Plant based | Among Top 20 Trailblazers Women by UK based ProVeg | Among Top 5 Vegan Changemakers by Humane World for Animals India,"Dilip Kumar Thank you for your regular insightful posts. How do you find my tweak of your last line-
‘Many lives can be improved by skipping milk altogether’🤓?",2025-07-02T09:20:42.343Z,"urn:li:comment:(activity:7346040644156432386,7346105529791860736)",36ce30242093856b76e55336d6d35dfb249dafc89acdc2208bf9d91d3fedad88,urn:li:activity:7346040644156432386,21030c1547da2a64e38922fa30b536757bd10b9423dc5718495b060e486e52f1,7346040644156432386,dilip kumar thank you for your regular insightful posts how do you find my tweak of your last line many lives can be improved by skipping milk altogether,0.0,0.823,0.177,0.6808,Positive
Vinay Jalla,https://www.linkedin.com/in/vinayjalla,Head of Marketing | Product Success | Artist | Journalist |,This is blasphemous!!!,2025-07-02T08:58:04.308Z,"urn:li:comment:(activity:7346040644156432386,7346099833776091136)",9463e3c6f507560b2b6405195470025de4127eb61b366eac417908fa9bc6e684,urn:li:activity:7346040644156432386,21030c1547da2a64e38922fa30b536757bd10b9423dc5718495b060e486e52f1,7346040644156432386,this is blasphemous,0.0,1.0,0.0,0.0,Neutral
Hari Nair,https://www.linkedin.com/in/hnair10,"PhD/D(ABCC)/MBA I Co-Founder Rhythm Medical I CEO Nyla Laboratories (Acquired) I Advising startup clinical laboratories I Building socially and financially meaningful products, services and companies.","I wonder if a combination of specific gravity, density, osmolarity and ph might differentiate some contaminants in milk at home setting using inexpensive detector. Because there is no dearth of possible contaninants, and the offenders will likely modify their game, a region level random testing using core labs (relatively more expensive instrumentation such as those used in airport screening but validated for milk) may be a more accurate and cost effective solution. Any consumer can choose to test their sample  occasionally for a cost (cheaper than buying and managing a home device). This can change the behavior of the offenders by making contamination harder to keep up with and more tranparent within society. Spread awareness of the importance of random testing and make testing labs available regionally. This can also be expanded to other food products that may fall in this category of risk. This kind of private testing might be an antidote to lack of centralized regulatory efforts by the government to address these issues.",2025-07-02T08:53:24.342Z,"urn:li:comment:(activity:7346040644156432386,7346098659517775872)",bd2aa70ffc00000054a692707e220cc227eb85609fd9a5aaeec0ac00475ab10a,urn:li:activity:7346040644156432386,21030c1547da2a64e38922fa30b536757bd10b9423dc5718495b060e486e52f1,7346040644156432386,i wonder if a combination of specific gravity density osmolarity and ph might differentiate some contaminants in milk at home setting using inexpensive detector because there is no dearth of possible contaninants and the offenders will likely modify their game a region level random testing using core labs relatively more expensive instrumentation such as those used in airport screening but validated for milk may be a more accurate and cost effective solution any consumer can choose to test their sample occasionally for a cost cheaper than buying and managing a home device this can change the behavior of the offenders by making contamination harder to keep up with and more tranparent within society spread awareness of the importance of random testing and make testing labs available regionally this can also be expanded to other food products that may fall in this category of risk this kind of private testing might be an antidote to lack of centralized regulatory efforts by the government to address these issues,0.081,0.847,0.072,0.09,Positive
Ankit Taneja,https://www.linkedin.com/in/ankit-taneja-aca,Senior Finance Manager at IQVIA,This is a common knowledge in households yet accepted by majority as status quo. Thanks for sharing.,2025-07-02T08:49:50.661Z,"urn:li:comment:(activity:7346040644156432386,7346097763270410241)",c2dec8915f367ad766b8b51713c97353b1ef1ed377a4917d9c1963a4da383567,urn:li:activity:7346040644156432386,21030c1547da2a64e38922fa30b536757bd10b9423dc5718495b060e486e52f1,7346040644156432386,this is a common knowledge in households yet accepted by majority as status quo thanks for sharing,0.0,0.625,0.375,0.7783,Positive
Anup Chavan,https://www.linkedin.com/in/anupchavan77,Architect | Planner | Design Strategist | Coordination and Design Management | Delivering Excellence from Concept to Completion,"Dilip Kumar high time to plug the loopholes in the system with some serious laws put in place. 

Addressing the root cause and taking action at basic level is called for. 

Is it so difficult for the law enforcers to discipline the people (who r into this since decades) , on such a serious matter concerning health and well being?",2025-07-02T08:39:41.184Z,"urn:li:comment:(activity:7346040644156432386,7346095206938607617)",7d187b516b5322b005aba77489c1309e41f0658c4a47834d1709b71a84614de7,urn:li:activity:7346040644156432386,21030c1547da2a64e38922fa30b536757bd10b9423dc5718495b060e486e52f1,7346040644156432386,dilip kumar high time to plug the loopholes in the system with some serious laws put in place addressing the root cause and taking action at basic level is called for is it so difficult for the law enforcers to discipline the people who r into this since decades on such a serious matter concerning health and well being,0.096,0.852,0.052,-0.3902,Negative
Hejaz Ahmed Mohamed,https://www.linkedin.com/in/hejaz-ahmed-mohamed-61616219,Automotive Features| Functional Safety |BOM Management| PLM| Data Science genin,"https://amzn.in/d/b0Ymqsz
Just did a check on Amazon. Many options for testing kit available",2025-07-02T08:22:07.963Z,"urn:li:comment:(activity:7346040644156432386,7346090789413732352)",d5af4d64c34ca69f75983bbe100faeba7b41ae68c68acdf1efdee3c67066f709,urn:li:activity:7346040644156432386,21030c1547da2a64e38922fa30b536757bd10b9423dc5718495b060e486e52f1,7346040644156432386,just did a check on amazon many options for testing kit available,0.0,0.855,0.145,0.1779,Positive
Ranadheer V.,https://www.linkedin.com/in/ranadheerv,"VP Engineering (AdTech, Retail, E‑commerce, Data) | Scaled Platforms & GCCs (250+ Engineers) | Cloud-Native Transformation | Data, AI & Product Innovation | High-Growth Team Builder | SVP | CTO Track","Tried hard to get source of the info. Could not find one. Some fssai quote seems 0.5 samples only having serious adulteration.

BTW, I quit milk as of an year back.. 😊",2025-07-02T08:19:39.596Z,"urn:li:comment:(activity:7346040644156432386,7346090167113326592)",620a51c62421fb09e925e7db81c22da139ece49823135ca25a2253b458dd8227,urn:li:activity:7346040644156432386,21030c1547da2a64e38922fa30b536757bd10b9423dc5718495b060e486e52f1,7346040644156432386,tried hard to get source of the info could not find one some fssai quote seems samples only having serious adulteration btw i quit milk as of an year back,0.091,0.909,0.0,-0.1779,Negative
Satyendra Gupta,https://www.linkedin.com/in/satyendra-gupta-389415172,Founder at Neoperk Technologies | Building sustainable Agri-Tech solutions,Vaibhav Sai,2025-07-02T08:17:08.196Z,"urn:li:comment:(activity:7346040644156432386,7346089532099854337)",173693fcd1fe344ba4987dfae23f809eb23afce03c45d132d4002b0ff7604109,urn:li:activity:7346040644156432386,21030c1547da2a64e38922fa30b536757bd10b9423dc5718495b060e486e52f1,7346040644156432386,vaibhav sai,0.0,1.0,0.0,0.0,Neutral
Krishnan Kethandapattiveeraraghavan,https://www.linkedin.com/in/krishnan-kethandapattiveeraraghavan-06231a314,Freelance astrologer and vedanti at Ramanujasiksha,"Insightful, thank you Dilip",2025-07-02T08:16:21.923Z,"urn:li:comment:(activity:7346040644156432386,7346089338012606464)",6da887cb6d90d26c5383dd9a4cd6d46c970c4fc835ab13d28ffbaa7ef4218a54,urn:li:activity:7346040644156432386,21030c1547da2a64e38922fa30b536757bd10b9423dc5718495b060e486e52f1,7346040644156432386,insightful thank you dilip,0.0,0.545,0.455,0.3612,Positive
Sunish Jauhari,https://www.linkedin.com/in/sunishjauhari,Social Impact | Collaborative Systems Change | Health Equity | India President @ Arogya World,"The magnitude of 'food corruption' in India is shocking! 
By the way, Country Delight sends a kit when you order milk for the first time. Didn't use it though... So it exists. As long as it works!",2025-07-02T08:14:39.712Z,"urn:li:comment:(activity:7346040644156432386,7346088909312794625)",600ba6ced764bf87a17cd380cb9751183e23fec30d816b7d1e623dfd91954b17,urn:li:activity:7346040644156432386,21030c1547da2a64e38922fa30b536757bd10b9423dc5718495b060e486e52f1,7346040644156432386,the magnitude of food corruption in india is shocking by the way country delight sends a kit when you order milk for the first time didnt use it though so it exists as long as it works,0.067,0.837,0.096,0.296,Positive
Ameet Rege,https://www.linkedin.com/in/ameetrege,Co-Founder & COO - Atlas AI * ET Now & World BFSI 50 Most Influential Payments Professionals,"Dilip Kumar or we just stop drinking it & keep the milk for the baby calves ❤️

Watch Cowspiracy: The Sustainability Secret https://g.co/kgs/Mr3nbhh",2025-07-02T08:02:00.868Z,"urn:li:comment:(activity:7346040644156432386,7346085726490390528)",c444db4e5e746c1c28ef9fea530cabd487a007bcffe74adb36f44da5bc163011,urn:li:activity:7346040644156432386,21030c1547da2a64e38922fa30b536757bd10b9423dc5718495b060e486e52f1,7346040644156432386,dilip kumar or we just stop drinking it keep the milk for the baby calves watch cowspiracy the sustainability secret,0.104,0.896,0.0,-0.296,Negative
Santosh Kumar,https://www.linkedin.com/in/santosh-kumar-b815a5139,Helping rural dairy farmers earn INR 1L/month.,"NDRI Karnal has developed many milk adulterations testing kits. In my point of view if you want to ensure people have pure dairy products, we need to focus on building hyperlocal d2c dairy supply chain to ensure fresh dairy products flows directly from rural to urban consumers without going through large scale centralised milk processing centres. At https://deshimoo.com/ we are moving in that direction one farmer at a time.",2025-07-02T07:59:21.242Z,"urn:li:comment:(activity:7346040644156432386,7346085056966287360)",6a3a6133a674145c726d6d8106cab1d0fd13696fd0ecdec494e611ad59a0a6c1,urn:li:activity:7346040644156432386,21030c1547da2a64e38922fa30b536757bd10b9423dc5718495b060e486e52f1,7346040644156432386,ndri karnal has developed many milk adulterations testing kits in my point of view if you want to ensure people have pure dairy products we need to focus on building hyperlocal dc dairy supply chain to ensure fresh dairy products flows directly from rural to urban consumers without going through large scale centralised milk processing centres at we are moving in that direction one farmer at a time,0.0,0.877,0.123,0.7783,Positive
Ankur Oberai,https://www.linkedin.com/in/ankur-oberai-a44678276,Transforming Teams Through Emotional Intelligence & Critical Thinking | Corporate Trainer | Keynote Speaker | Author,"Milk testing kits are available on various online platforms. I've personally used one of them to test multiple brands. Ultimately, our family settled on Verka milk. It was the only unadulterated option. DMS milk was also okay but it's not available anymore.",2025-07-02T07:52:37.695Z,"urn:li:comment:(activity:7346040644156432386,7346083364371632129)",362e4f9c487dadc5436b82b103607f3387a6fe578beb88f7ebb2e8a6b549c0b6,urn:li:activity:7346040644156432386,21030c1547da2a64e38922fa30b536757bd10b9423dc5718495b060e486e52f1,7346040644156432386,milk testing kits are available on various online platforms ive personally used one of them to test multiple brands ultimately our family settled on verka milk it was the only unadulterated option dms milk was also okay but its not available anymore,0.0,0.966,0.034,0.1154,Positive
Parvin Baishkiyar,https://www.linkedin.com/in/srest100,"Human/World Architect - Trillion Trees Project - live young & healthy till 100s - better Food, Air, Water, World","True... 99% of store foods are wrong/contaminated with pollutants, pesticides, preservatives.. only way out is getting ur food from top AGFE engg (from USC, MIT, IIT etc).. But we charge crore/year. Poor should create their own air, water, food, entertainment.. we are selling land in our village now for 200Rs/ft.",2025-07-02T07:42:18.297Z,"urn:li:comment:(activity:7346040644156432386,7346080766423957505)",25644643a8dfd35fcc46bcf6dd990c7a122c45aed1cebfb55b01c27519b3d18a,urn:li:activity:7346040644156432386,21030c1547da2a64e38922fa30b536757bd10b9423dc5718495b060e486e52f1,7346040644156432386,true of store foods are wrongcontaminated with pollutants pesticides preservatives only way out is getting ur food from top agfe engg from usc mit iit etc but we charge croreyear poor should create their own air water food entertainment we are selling land in our village now for rsft,0.072,0.761,0.167,0.5423,Positive
Maheshwaran Narayanan,https://www.linkedin.com/in/maheshwaran-narayanan,Engineer at CPCL | Mech CEG'24,"I'm pretty sure a litre of paint or formalin is more expensive than a litre of milk, why would they be adulterated with something that's more expensive than the actual product??

I'm guessing it's done to achieve some properties, but would be better to confirm",2025-07-02T07:41:39.220Z,"urn:li:comment:(activity:7346040644156432386,7346080602527289344)",4f02a383267196183281c7e30111ab4b377ec83e2861c314c90e59b60cf0bd89,urn:li:activity:7346040644156432386,21030c1547da2a64e38922fa30b536757bd10b9423dc5718495b060e486e52f1,7346040644156432386,im pretty sure a litre of paint or formalin is more expensive than a litre of milk why would they be adulterated with something thats more expensive than the actual product im guessing its done to achieve some properties but would be better to confirm,0.0,0.84,0.16,0.765,Positive
Sridhar Pabbisetty,https://www.linkedin.com/in/psridhar,Enabling Inclusive Governance and Regenerative Economy,Veena Setty,2025-07-02T07:30:39.613Z,"urn:li:comment:(activity:7346040644156432386,7346077835930783745)",fba55356080c1f194f474dc3471fc5672361f526090d3569ae28ab9488594c6b,urn:li:activity:7346040644156432386,21030c1547da2a64e38922fa30b536757bd10b9423dc5718495b060e486e52f1,7346040644156432386,veena setty,0.0,1.0,0.0,0.0,Neutral
Shashi Kumar,https://www.linkedin.com/in/shashi-kumar-ak,Founder & CEO @ Akshayakalpa | Organic Farming & Dairy,"Milk industry is industry of hyprocrasy. Abuse of Antibiotics is very high, no does does anything on this becuase of cost reason, AMR threat is real. It not the testing kit, it the marketing companies who label the milk not willing to put that money to ensure safe milk reaches every consumer.  

Other than antibiotics & and aflatoxins which are a farming and production problems, rest of the problems are created lack of controls by procurement companies. Adulteration is not done at farm level, no farmer will adultrate (max water addition), , adulteration happnes further down the supply chain. 

Marketing slogans never match the required actions at backend, that is the problem. 

By the way FSSAI has withdrawn the report which told 68% of the milk is adulterated. It was a matter of discussions at parliament and court orders, but the report itself has disappeared.",2025-07-02T07:26:00.106Z,"urn:li:comment:(activity:7346040644156432386,7346076663597699073)",929398c0741d83da86328284d95732cb83012f929a18f17804ea5cdd3fac2822,urn:li:activity:7346040644156432386,21030c1547da2a64e38922fa30b536757bd10b9423dc5718495b060e486e52f1,7346040644156432386,milk industry is industry of hyprocrasy abuse of antibiotics is very high no does does anything on this becuase of cost reason amr threat is real it not the testing kit it the marketing companies who label the milk not willing to put that money to ensure safe milk reaches every consumer other than antibiotics and aflatoxins which are a farming and production problems rest of the problems are created lack of controls by procurement companies adulteration is not done at farm level no farmer will adultrate max water addition adulteration happnes further down the supply chain marketing slogans never match the required actions at backend that is the problem by the way fssai has withdrawn the report which told of the milk is adulterated it was a matter of discussions at parliament and court orders but the report itself has disappeared,0.118,0.833,0.049,-0.8566,Negative
Keyur Oke,https://www.linkedin.com/in/keyur-oke-03330013a,"Strategy, Innovation and Design at Bain & Company | Ex- HFI","Neha A., you built it 7 years ago, please bring it back! ",2025-07-02T07:25:01.993Z,"urn:li:comment:(activity:7346040644156432386,7346076419849924608)",f0dd68177b2b5e3f0b72be71d3d996b67d2351fe8472ad123b88dfd0a4ec45ce,urn:li:activity:7346040644156432386,21030c1547da2a64e38922fa30b536757bd10b9423dc5718495b060e486e52f1,7346040644156432386,neha a you built it years ago please bring it back,0.0,0.796,0.204,0.3182,Positive
Priyanshi Verma,https://www.linkedin.com/in/priyanshiverma,Product @ Microsoft | IIMB (MBA) | Ex-AMD | BITS Pilani (Work Ex: 6 Years),Dilip can we get link to the official adulteration data release by the Government?,2025-07-02T07:22:39.682Z,"urn:li:comment:(activity:7346040644156432386,7346075822954332161)",e6cc908bcca4480d1b3ceeceb81290b47b16fbdf9d4e56847e4aa52058b711d8,urn:li:activity:7346040644156432386,21030c1547da2a64e38922fa30b536757bd10b9423dc5718495b060e486e52f1,7346040644156432386,dilip can we get link to the official adulteration data release by the government,0.0,1.0,0.0,0.0,Neutral
Vishnu Das,https://www.linkedin.com/in/vishnu-das-77609512,Principal at Celesta Capital,"Stellapps Technologies Private Limited QCs hundreds of thousands of litres of milk/day for precisely this, obviating the need for consumers to take on the burden of testing for quality and traceability. Consumer brands trust us to source quality, traceable milk so they can focus on distribution, marketing and building brands.",2025-07-02T07:22:09.785Z,"urn:li:comment:(activity:7346040644156432386,7346075697557184512)",0bd27e6d10a00834ec6f25bb35332b17b24a6f1d544ace3a62c782498cb671fb,urn:li:activity:7346040644156432386,21030c1547da2a64e38922fa30b536757bd10b9423dc5718495b060e486e52f1,7346040644156432386,stellapps technologies private limited qcs hundreds of thousands of litres of milkday for precisely this obviating the need for consumers to take on the burden of testing for quality and traceability consumer brands trust us to source quality traceable milk so they can focus on distribution marketing and building brands,0.087,0.853,0.06,-0.128,Negative
Shubham Rathore,https://www.linkedin.com/in/shubham-rathore-3512a1a5,Building India's 1st Dairy Deep-tech Company,Well the ground stats are not as grave though definitely alarming. Sugar tops the adulteration list as it gives a spike in the snf readings of the analyzers used to price the milk. Lets connect Dilip!,2025-07-02T07:16:40.471Z,"urn:li:comment:(activity:7346040644156432386,7346074316318396416)",f4f017346e3011981111fd20a357da82093853db1034f10ac512fd4da7f98422,urn:li:activity:7346040644156432386,21030c1547da2a64e38922fa30b536757bd10b9423dc5718495b060e486e52f1,7346040644156432386,well the ground stats are not as grave though definitely alarming sugar tops the adulteration list as it gives a spike in the snf readings of the analyzers used to price the milk lets connect dilip,0.036,0.718,0.246,0.8309,Positive
Md Azam Siddique,https://www.linkedin.com/in/md-azam-siddique-b01441165,"Regulatory Affairs ,Clinical Research, Pharmacovigillence, Competitive intelligence,","Dilip sir , I agree with your POV,
What about Dahi/Curd ?",2025-07-02T07:02:11.817Z,"urn:li:comment:(activity:7346040644156432386,7346070672915230721)",8b2ddcbe4054c6d9d8e27cb1cb98b683758b050ad1c8b76dc0773627e8637789,urn:li:activity:7346040644156432386,21030c1547da2a64e38922fa30b536757bd10b9423dc5718495b060e486e52f1,7346040644156432386,dilip sir i agree with your pov what about dahicurd,0.0,0.762,0.238,0.3612,Positive
Aditya Agarwal,https://www.linkedin.com/in/adioof,Founding Engineer | BITS Pilani | Ex-Founder at x3ntech |,"Got a testing kit from Country Delight once, I think they're very well placed to solve this problem",2025-07-02T07:01:58.500Z,"urn:li:comment:(activity:7346040644156432386,7346070617059704832)",9c1f302d713571a8ce966d34a7a139e911067f56d4cd39accda4b2fee15a532b,urn:li:activity:7346040644156432386,21030c1547da2a64e38922fa30b536757bd10b9423dc5718495b060e486e52f1,7346040644156432386,got a testing kit from country delight once i think theyre very well placed to solve this problem,0.135,0.517,0.349,0.6083,Positive
Maria Francis,https://www.linkedin.com/in/maria-francis-india,Technical Leader/LPO /Innovation leader at Nokia,"What happened to the nail test done by MTR? Put a drop of milk on your thumb nail, it should hold its shape. Otherwise it's adulterated",2025-07-02T06:58:42.507Z,"urn:li:comment:(activity:7346040644156432386,7346069795009646592)",7e8b7918696ce81808f04b86768e47aac7f96e11668976ecf6ec28e9051066b9,urn:li:activity:7346040644156432386,21030c1547da2a64e38922fa30b536757bd10b9423dc5718495b060e486e52f1,7346040644156432386,what happened to the nail test done by mtr put a drop of milk on your thumb nail it should hold its shape otherwise its adulterated,0.08,0.92,0.0,-0.2732,Negative
Biju K Nair,https://www.linkedin.com/in/biju-k-nair,Founding Partner Legalitech | OpenChain India Workgroup Chair | OpenChain Ambassador | Open Invention Network | LOT Network | Mentor German Accelerator | Technology Lawyer | Independent Director,I know one startup based in Bangalore working to solve this problem.,2025-07-02T06:43:42.571Z,"urn:li:comment:(activity:7346040644156432386,7346066020404482048)",da9e642fadd73d12be64c92c543f30de4e3f27039397085ed81078bb01d11866,urn:li:activity:7346040644156432386,21030c1547da2a64e38922fa30b536757bd10b9423dc5718495b060e486e52f1,7346040644156432386,i know one startup based in bangalore working to solve this problem,0.224,0.646,0.129,-0.3237,Negative
Yatin Shriwardhankar,https://www.linkedin.com/in/yshriwardhankar,Founder at Spocademy | Babson MBA,What a crazy statistic!! And yet no serious actions being taken by any stakeholders. No wonder I turned lactose intolerant 2 years ago! ,2025-07-02T06:35:58.362Z,"urn:li:comment:(activity:7346040644156432386,7346064073366691840)",a4ccb984cbc371ef801defff0d117a26d77993e0aa36040cda761fedddd4b1d1,urn:li:activity:7346040644156432386,21030c1547da2a64e38922fa30b536757bd10b9423dc5718495b060e486e52f1,7346040644156432386,what a crazy statistic and yet no serious actions being taken by any stakeholders no wonder i turned lactose intolerant years ago,0.336,0.664,0.0,-0.7269,Negative
Arun Ram Raghavan,https://www.linkedin.com/in/arun-ram-raghavan-51276246,Something meaty || Ex some important role in some big company || Something personal,"Water is the most common, no side effect adulteration. 

Tried the slant test for milk adulteration, it gave no clear results.

The flow speed and white trail were inconclusive. Since adulteration is a matter of percentage, we need a more accurate, preferably fuzzy output that can quantify it, not a digital one.

For eg, density is a good test. 
A 500ml of milk packet should weigh xx gms",2025-07-02T06:35:03.798Z,"urn:li:comment:(activity:7346040644156432386,7346063844512829440)",eabc3d4ad1e2665369b925c0c06a97e6d966369ede3e1ebfe33695946a9abf8c,urn:li:activity:7346040644156432386,21030c1547da2a64e38922fa30b536757bd10b9423dc5718495b060e486e52f1,7346040644156432386,water is the most common no side effect adulteration tried the slant test for milk adulteration it gave no clear results the flow speed and white trail were inconclusive since adulteration is a matter of percentage we need a more accurate preferably fuzzy output that can quantify it not a digital one for eg density is a good test a ml of milk packet should weigh xx gms,0.071,0.834,0.095,0.1639,Positive
Krishna K,https://www.linkedin.com/in/krishnaconnects24,Associate Recruiting @JPMorganChase,"We are focused on beer, whiskey and brandy, the q line we see to buy milk vs beer tells the story, same with fruits.. sometimes the Qline to grab a beer bottle creates traffic issues on road..in Bangalore I see many wine shops even close to family areas..I think no one has any real interest in milk or fruits, if beer quality is not good then we catch it easily,  when it comes to milk..I doubt really who want to know how it got manufactured and what mixed in it..milk is surely polluted, as you said at least to protect our kids we need such investigations..",2025-07-02T06:27:58.254Z,"urn:li:comment:(activity:7346040644156432386,7346062059651944448)",6810ef1cffc47de24d7bedd8b8ac10fb40349cf02fda549437e121cfbccbe5e3,urn:li:activity:7346040644156432386,21030c1547da2a64e38922fa30b536757bd10b9423dc5718495b060e486e52f1,7346040644156432386,we are focused on beer whiskey and brandy the q line we see to buy milk vs beer tells the story same with fruits sometimes the qline to grab a beer bottle creates traffic issues on roadin bangalore i see many wine shops even close to family areasi think no one has any real interest in milk or fruits if beer quality is not good then we catch it easily when it comes to milki doubt really who want to know how it got manufactured and what mixed in itmilk is surely polluted as you said at least to protect our kids we need such investigations,0.085,0.771,0.144,0.7246,Positive
Akash Jadhav,https://www.linkedin.com/in/akashjadhavif,"Co-founder & CEO, Indian Farmer | 12M+ Farmers | 5B+ Views | Building a Movement for Respected, Profitable, Sustainable Farming & Clean Food","Not just milk or dairy, the entire food industry is deeply broken because the foundation itself isn’t right. Whether it’s dairy, poultry, or farming, all of it needs a major reset. And that reset needs effort from both sides, the producers (farmers) and the consumers.

Milk is just the surface. The real problems are far deeper.
I can’t verify the stats shared, but it’s definitely a thought worth reflecting on.",2025-07-02T06:21:19.045Z,"urn:li:comment:(activity:7346040644156432386,7346060385247973377)",cca7c25f44bfae62e7827d5400e8d270b1dafe9764f8a70620a361b35efcd555,urn:li:activity:7346040644156432386,21030c1547da2a64e38922fa30b536757bd10b9423dc5718495b060e486e52f1,7346040644156432386,not just milk or dairy the entire food industry is deeply broken because the foundation itself isnt right whether its dairy poultry or farming all of it needs a major reset and that reset needs effort from both sides the producers farmers and the consumers milk is just the surface the real problems are far deeper i cant verify the stats shared but its definitely a thought worth reflecting on,0.055,0.842,0.103,0.5504,Positive
akashlal bathe,https://www.linkedin.com/in/akashlal,Engineering - iOS,"Dilip Kumar  for your awareness, countrydelight already does this - https://countrydelight.in/milk-test-kit

The milk I tested (nandini) checked positive for detergent but the kit was really old, lying since a year.",2025-07-02T06:16:43.350Z,"urn:li:comment:(activity:7346040644156432386,7346059228895158273)",4a58f509a9cf93bf1a13b274017f7f76883b9bf6908949664f1da427fd4460cf,urn:li:activity:7346040644156432386,21030c1547da2a64e38922fa30b536757bd10b9423dc5718495b060e486e52f1,7346040644156432386,dilip kumar for your awareness countrydelight already does this the milk i tested nandini checked positive for detergent but the kit was really old lying since a year,0.16,0.766,0.073,-0.5744,Negative
Arvind Badrinarayanan,https://www.linkedin.com/in/drarvindbadri,"CEO & Co-founder, Muse Diagnostics | TAAL - AI digital stethoscope for heart & lung screening | Primary care × Senior care | #MedTech #AIinHealthcare","Testing kits for consumers is a great marketing gimmick but does absolutely nothing to solve the problem. The problem is highly complex and includes the poor traceability of unorganised sector milk, poor point of collection testing kit availability (not the actual tech or product availability which is plentiful and reasonable - but the actual deployment of solutions at the collection point) and most importantly the absolutely horrendous pricing offered to dairy farmers by all players, particularly milk unions which then sets the standard for private players to compete against for the consumers money.",2025-07-02T06:13:12.250Z,"urn:li:comment:(activity:7346040644156432386,7346058343477624832)",1bbf9992b9ca1382c64e00c4f0ee928b3b50a1b0e53ea6b5ed782a25437b0de7,urn:li:activity:7346040644156432386,21030c1547da2a64e38922fa30b536757bd10b9423dc5718495b060e486e52f1,7346040644156432386,testing kits for consumers is a great marketing gimmick but does absolutely nothing to solve the problem the problem is highly complex and includes the poor traceability of unorganised sector milk poor point of collection testing kit availability not the actual tech or product availability which is plentiful and reasonable but the actual deployment of solutions at the collection point and most importantly the absolutely horrendous pricing offered to dairy farmers by all players particularly milk unions which then sets the standard for private players to compete against for the consumers money,0.206,0.724,0.071,-0.9541,Negative
Souvik Sarkar,https://www.linkedin.com/in/souvik-sarkar-238851a5,What’s Tomorrow for Education?,"A kit definitely empowers the consumer, but it also puts the burden of proof on them. What happens when a consumer gets a positive result? They enter a messy, confrontational dynamic with their local milkman or store with little to no legal recourse. We need to think of a ""solution"" that includes a clear, accessible path to action after the test as well.",2025-07-02T06:06:11.162Z,"urn:li:comment:(activity:7346040644156432386,7346056577306587136)",100e6fe16fbdfa165ea5c58746f845a3182e75a89ac1d3bbb27a32683eee2365,urn:li:activity:7346040644156432386,21030c1547da2a64e38922fa30b536757bd10b9423dc5718495b060e486e52f1,7346040644156432386,a kit definitely empowers the consumer but it also puts the burden of proof on them what happens when a consumer gets a positive result they enter a messy confrontational dynamic with their local milkman or store with little to no legal recourse we need to think of a solution that includes a clear accessible path to action after the test as well,0.162,0.579,0.258,0.7665,Positive
"Vikash Kumar - PMP®, CSM",https://www.linkedin.com/in/vikash-kumar-pmp%C2%AE-csm-46ab1131,"Delivery Manager | Program Manager | Digital, Cloud & Agile Transformation Leader",Jitendra Chouksey Maybe you can make such device for all of us. ,2025-07-02T06:03:54.840Z,"urn:li:comment:(activity:7346040644156432386,7346056005534851072)",5c665aa1e05ccb045c8188decab4df462a0a44e4ab8a953021bcabaecba99cce,urn:li:activity:7346040644156432386,21030c1547da2a64e38922fa30b536757bd10b9423dc5718495b060e486e52f1,7346040644156432386,jitendra chouksey maybe you can make such device for all of us,0.0,1.0,0.0,0.0,Neutral
Nihar Desai,https://www.linkedin.com/in/nihar-desai-15b761197,Founder & CEO @ Nutrabox India,"Food adulteration is a serious issue in India, and it’s not limited to dairy. It’s also why we import our whey protein from Europe. Until we accept the reality of this problem and demand better, we’ll continue risking our health on a daily basis.",2025-07-02T06:03:39.921Z,"urn:li:comment:(activity:7346040644156432386,7346055942955831297)",bf7feea94316c977962d78df880f013d7c76570b4812894c5b25911c7af1d4f7,urn:li:activity:7346040644156432386,21030c1547da2a64e38922fa30b536757bd10b9423dc5718495b060e486e52f1,7346040644156432386,food adulteration is a serious issue in india and its not limited to dairy its also why we import our whey protein from europe until we accept the reality of this problem and demand better well continue risking our health on a daily basis,0.16,0.66,0.18,0.2596,Positive
Nitin Sharma,https://www.linkedin.com/in/nitin-sharma-38abb09,"GNSS Signal Processing, Image Processing, Wireless Communication & IoT. Associate Professor BITS Pilani K K Birla Goa Campus","A testing kit alone will not resolve the issue. The government is aware of these problems and has enacted laws to address them, so why not enforce these laws more rigorously? Additionally, why not treat the adulteration of food and medicine as a serious crime, comparable to genocide? This is akin to slowly poisoning the population, including those in law enforcement. ",2025-07-02T06:01:15.036Z,"urn:li:comment:(activity:7346040644156432386,7346055335264059392)",23bf045e6fe60eae984838db051b88c746f0db39a164132151e0a17a70012636,urn:li:activity:7346040644156432386,21030c1547da2a64e38922fa30b536757bd10b9423dc5718495b060e486e52f1,7346040644156432386,a testing kit alone will not resolve the issue the government is aware of these problems and has enacted laws to address them so why not enforce these laws more rigorously additionally why not treat the adulteration of food and medicine as a serious crime comparable to genocide this is akin to slowly poisoning the population including those in law enforcement,0.276,0.724,0.0,-0.9471,Negative
Ankush J.,https://www.linkedin.com/in/ankush-j-77026244,Co-founder @ Oatey (Fixing Dairy. Fighting Climate) Co-Founder @ Ultraceuticals (AI x Drug Discovery) Biohacker - Reversed age by 10 yrs | Wellness & Sustainability Ex-Infosys/PUMA/Mylan | Builder of Bold & Useful things,"IF the Govt is openly declaring the number as 68% you can imagine how much higher its actually :) 
I wouldnt Be surprised if it’s 90% plus.",2025-07-02T05:58:34.097Z,"urn:li:comment:(activity:7346040644156432386,7346054660236955648)",8816096d2eca1659e66f04c970f568fbcb50bb248c47487aba46935aa7c0ec20,urn:li:activity:7346040644156432386,21030c1547da2a64e38922fa30b536757bd10b9423dc5718495b060e486e52f1,7346040644156432386,if the govt is openly declaring the number as you can imagine how much higher its actually i wouldnt be surprised if its plus,0.07,0.876,0.054,-0.0941,Negative
"Dr Ajay Kumar Koli, PhD",https://www.linkedin.com/in/ajay-kumar-koli,Co-founder & Executive Director at the SARA Institute of Data Science,Dr. Kiran Koli what do you think?,2025-07-02T05:58:21.133Z,"urn:li:comment:(activity:7346040644156432386,7346054605861998593)",891aa0257a9b7967c39ff7d6b4ad6592d2f559abcf4fed09983df0e95ae0d2a2,urn:li:activity:7346040644156432386,21030c1547da2a64e38922fa30b536757bd10b9423dc5718495b060e486e52f1,7346040644156432386,dr kiran koli what do you think,0.0,1.0,0.0,0.0,Neutral
Prajwal Choudhary,https://www.linkedin.com/in/prajwal-choudhary-264290178,"Edupreneur- Building Chatterbox India 🇮🇳 | Printer of Times of India, Dainik Jagran, Ei Samay, Himalaya Darpan and top regional dailies in Siliguri 🗞️",Truly educating masses on products we consume blindly.,2025-07-02T05:55:21.831Z,"urn:li:comment:(activity:7346040644156432386,7346053853814865920)",430bccde2884817a706f6b30ef4e7151a0619b4069b0fe4e726db4b1992aaf9b,urn:li:activity:7346040644156432386,21030c1547da2a64e38922fa30b536757bd10b9423dc5718495b060e486e52f1,7346040644156432386,truly educating masses on products we consume blindly,0.0,0.707,0.293,0.4404,Positive
Yogender Singh,https://www.linkedin.com/in/trainwithyogen,"Entrepreneur | Coach | Mentor - NITI Aayog | Fit India Ambassador, Govt of India | Board Advisor | Corporate Wellness | Lifestyle transformation","No wonder, Nation is suffering from metabolic disease pandemic; One side we are promoting awareness about health and running nationwide initiatives, on the other side we are allowing adulteration of this order. 
Unless we fix the food supply chain, we cannot become a healthy nation",2025-07-02T05:53:33.811Z,"urn:li:comment:(activity:7346040644156432386,7346053400750432256)",237ab1b34a79a0ac466dae8f2f0174e47c740c179490cc5eb6e21032f714c5b8,urn:li:activity:7346040644156432386,21030c1547da2a64e38922fa30b536757bd10b9423dc5718495b060e486e52f1,7346040644156432386,no wonder nation is suffering from metabolic disease pandemic one side we are promoting awareness about health and running nationwide initiatives on the other side we are allowing adulteration of this order unless we fix the food supply chain we cannot become a healthy nation,0.151,0.799,0.05,-0.6197,Negative
Pragya Sachdeva,https://www.linkedin.com/in/pragya-sachdeva,Content Marketer | Assiduus | Flexiple | Scaler Academy | Unacademy,"I recently read somewhere that the paneer we consume is also mostly adulterated. I didn't proceed to check any studies but the logic was strong. 

Is anything.. anything safe?",2025-07-02T05:53:06.975Z,"urn:li:comment:(activity:7346040644156432386,7346053288187858944)",cb3c283ee64a662510113a081871241528376524ab04bfbe89be68ca8902f390,urn:li:activity:7346040644156432386,21030c1547da2a64e38922fa30b536757bd10b9423dc5718495b060e486e52f1,7346040644156432386,i recently read somewhere that the paneer we consume is also mostly adulterated i didnt proceed to check any studies but the logic was strong is anything anything safe,0.0,0.751,0.249,0.8519,Positive
Tamal Chatterjee,https://www.linkedin.com/in/tamalchatterjee,Building Sid's Farm 3.0,"With you on that one! One must also consider the fact that the modes and adulterants themselves may keep changing. Till early 2000's, it was more of traditional adulteration where people were more worried about simpler problems like ""is there water mixed in this milk?"". Of course synthetic milk existed, but wasn't as looming a menace. The following period till 2012, saw the rise of synthetic adulterants like hydrogen peroxide, formalin, and other nasties. Thereafter, with stringent crackdown by the apex body, adulteration shifted towards micro level localized infusions whereby tests had to be far more sensitive to detect the same when a small batch of adulterated milk was mixed with a larger quantity of milk. While consumer awareness is steadily on a rise, much to our delight, the makers of such kits must look at tackling 2 things continuously:
(1) Stay abreast with any never-seen-before malpractices and create tests for them
(2) Keep the users (read, consumers) continuously updated and aware of such changes",2025-07-02T05:51:21.126Z,"urn:li:comment:(activity:7346040644156432386,7346052844225011713)",db5d3e0bb6cd8b136d0a631f4abe7ad7956cbb00836fe1432b9d8700f0c0bb23,urn:li:activity:7346040644156432386,21030c1547da2a64e38922fa30b536757bd10b9423dc5718495b060e486e52f1,7346040644156432386,with you on that one one must also consider the fact that the modes and adulterants themselves may keep changing till early s it was more of traditional adulteration where people were more worried about simpler problems like is there water mixed in this milk of course synthetic milk existed but wasnt as looming a menace the following period till saw the rise of synthetic adulterants like hydrogen peroxide formalin and other nasties thereafter with stringent crackdown by the apex body adulteration shifted towards micro level localized infusions whereby tests had to be far more sensitive to detect the same when a small batch of adulterated milk was mixed with a larger quantity of milk while consumer awareness is steadily on a rise much to our delight the makers of such kits must look at tackling things continuously stay abreast with any neverseenbefore malpractices and create tests for them keep the users read consumers continuously updated and aware of such changes,0.045,0.851,0.104,0.882,Positive
Altamash Aslam,https://www.linkedin.com/in/altamashaslam,Chief Marketing Officer (CMO) | Visiting Faculty | Certified Nutrition & Fitness Coach | IIM Indore | Traveller (26/195 countries),"Country Delight had started providing kits when they launched in the market :)

Pretty easy and DIY.",2025-07-02T05:48:37.617Z,"urn:li:comment:(activity:7346040644156432386,7346052158418554881)",10724294651a65e2ef85921f06cd3e9bccb6630f33bba976fdaa9a630e5868dc,urn:li:activity:7346040644156432386,21030c1547da2a64e38922fa30b536757bd10b9423dc5718495b060e486e52f1,7346040644156432386,country delight had started providing kits when they launched in the market pretty easy and diy,0.0,0.511,0.489,0.8885,Positive
Mayank B Nagori,https://www.linkedin.com/in/mayank-b-nagori-52084491,"Developing the future of food | Committed to a future with zero food waste & hunger | Founder, Food Tech Consultant & Science Enthusiast | 4 Shark Deal on Shark Tank India",There are many such kits available online. Country Delight's launch plan sent a testing kit with every first order. I still remember Nandini & amul milk failing all tests!,2025-07-02T05:45:46.614Z,"urn:li:comment:(activity:7346040644156432386,7346051441179971586)",a6b2edcd8dcd1073e833d5f054b82f35efce5b3469ae1bbd6879203818ae052e,urn:li:activity:7346040644156432386,21030c1547da2a64e38922fa30b536757bd10b9423dc5718495b060e486e52f1,7346040644156432386,there are many such kits available online country delights launch plan sent a testing kit with every first order i still remember nandini amul milk failing all tests,0.109,0.792,0.099,-0.0772,Negative
Anshul Singh,https://www.linkedin.com/in/anshulhimself,Building customer-centric products. | 2x Founder | Ex Analytics Vidhya | Ex-BigBasket | Ex-Sprinklr,Then biggest worry is what GoI & FSSAI are doing ?,2025-07-02T05:45:19.454Z,"urn:li:comment:(activity:7346040644156432386,7346051327266910208)",374e27eee02e07100ac749ec2fdc08c3f8b90b6d0123bcbff7d0e8d957cdde15,urn:li:activity:7346040644156432386,21030c1547da2a64e38922fa30b536757bd10b9423dc5718495b060e486e52f1,7346040644156432386,then biggest worry is what goi fssai are doing,0.266,0.734,0.0,-0.4404,Negative
Ranodeep Seth,https://www.linkedin.com/in/ranodeep,"Co-Founder, Inkani Wellness | Writer · Marketer · Entrepreneur | Health & Wellness Domain Expert","The solution lies in building brands that we can trust. And third-party testing and certification systems we can trust.

You can create a testing kit for milk. But milk is just one of the many food products that suffer from this problem.",2025-07-02T05:43:03.472Z,"urn:li:comment:(activity:7346040644156432386,7346050756912844800)",4e4cd644bc4d124e3b69acea75495d580f41904a5d1e95e3004d458d7d47dce6,urn:li:activity:7346040644156432386,21030c1547da2a64e38922fa30b536757bd10b9423dc5718495b060e486e52f1,7346040644156432386,the solution lies in building brands that we can trust and thirdparty testing and certification systems we can trust you can create a testing kit for milk but milk is just one of the many food products that suffer from this problem,0.197,0.658,0.145,-0.6908,Negative
Muhammad Sufyan Shaikh,https://www.linkedin.com/in/muhammad-sufyan-shaikh-3146791b3,Assistant Manager- Customer Success | B2B SaaS | Customer Success & Product | Problem Solving,"Thanks for this Dilip, but I would partially agree on the last part. Why build a product to identify the adulteration? Why can't we fix this from root?",2025-07-02T05:40:20.015Z,"urn:li:comment:(activity:7346040644156432386,7346050071324418048)",8d2c11717e70bec3b8da9875b19e890275af675a46a04da8b2a73385c4e7706f,urn:li:activity:7346040644156432386,21030c1547da2a64e38922fa30b536757bd10b9423dc5718495b060e486e52f1,7346040644156432386,thanks for this dilip but i would partially agree on the last part why build a product to identify the adulteration why cant we fix this from root,0.0,0.822,0.178,0.6369,Positive
Chinmayee B.,https://www.linkedin.com/in/chinmayeebhamburkar,"The Color Co | ISB, BITS Pilani",Good one!,2025-07-02T05:39:38.279Z,"urn:li:comment:(activity:7346040644156432386,7346049896271003649)",f919cba0902765690940bec923b05d3790d76c70c0396dfadcfc138567f3e45f,urn:li:activity:7346040644156432386,21030c1547da2a64e38922fa30b536757bd10b9423dc5718495b060e486e52f1,7346040644156432386,good one,0.0,0.256,0.744,0.4404,Positive
ThangaVel Puhal,https://www.linkedin.com/in/thangavelpuhal,CEO @DigiNadu | Building ₹100Crores @TicketNadu.com in 2 Yrs | I help Companies Grow Digitally | #Tirunelveli2SiliconValley - to build Global Business from South India,A good problem to solve 👏,2025-07-02T05:35:27.890Z,"urn:li:comment:(activity:7346040644156432386,7346048846063378433)",b37d8226d99e81169cb7c374ed017cd780313eb0c1f076894f9d2a8d3c7a6d70,urn:li:activity:7346040644156432386,21030c1547da2a64e38922fa30b536757bd10b9423dc5718495b060e486e52f1,7346040644156432386,a good problem to solve,0.321,0.119,0.56,0.25,Positive
Dilip Kumar,https://www.linkedin.com/in/dilipevs,Entrepreneur| Investments at Rainmatter | Endurance athlete,Alternative solutions available now.,2025-07-02T05:34:13.795Z,"urn:li:comment:(activity:7346040644156432386,7346048535290630144)",9698c4ba4d179ab0e00cb7194de3ca20c6650d68b355b113a95d1b2b70a84a00,urn:li:activity:7346040644156432386,21030c1547da2a64e38922fa30b536757bd10b9423dc5718495b060e486e52f1,7346040644156432386,alternative solutions available now,0.0,0.638,0.362,0.1779,Positive
Rishi Nagar,https://www.linkedin.com/in/rishi-nagar,"Founder, SuperShyft (Formerly Fitnastic) | Entrepreneur Making Healthcare Affordable & Accessible For All Using Bio AI | Speaker | HealthTech",Ankush J.,2025-07-02T05:25:45.057Z,"urn:li:comment:(activity:7346040644156432386,7346046401484599296)",997a9ffbb23d3909aaae535c4da896188aa579a7c2ec53addf86dd23cc7f3845,urn:li:activity:7346040644156432386,21030c1547da2a64e38922fa30b536757bd10b9423dc5718495b060e486e52f1,7346040644156432386,ankush j,0.0,1.0,0.0,0.0,Neutral
Yogesh Saini,https://www.linkedin.com/in/yogeshsaini,Founder & CEO-MandiGate |Amul (GCMMF) | Chief Manager @Reliance Retail | Supply Chain Management | Entrepreneur | AIR 3 - JRF Scholarship NDRI |,"All stats are wrong Dilip Kumar, packed milk can't be adulterated",2025-07-02T05:22:26.354Z,"urn:li:comment:(activity:7346040644156432386,7346045568063836160)",c8788e3304993c0bfd785f5c06debad1f0d8447fece38ec58b105a9dc89210e3,urn:li:activity:7346040644156432386,21030c1547da2a64e38922fa30b536757bd10b9423dc5718495b060e486e52f1,7346040644156432386,all stats are wrong dilip kumar packed milk cant be adulterated,0.237,0.763,0.0,-0.4767,Negative
Vivek Kumar,https://www.linkedin.com/in/vivekumar13,"Startups, Branding, marketing, and culture. I have failed enough to help build startups the “right way”.","Dilip Kumar: Country Delight built their entire brand around this ""testing kit"" 

I don't know the efficacy of it but most certainly they did a fantastic job. 

The worst is now they have diluted the entire idea of unadulterated milk product to become Blinkit. ",2025-07-02T05:21:45.909Z,"urn:li:comment:(activity:7346040644156432386,7346045398425210881)",1f29da922643feae1ec975ef5435d7c163b2f436fb1858af3b6062b50fe1dd49,urn:li:activity:7346040644156432386,21030c1547da2a64e38922fa30b536757bd10b9423dc5718495b060e486e52f1,7346040644156432386,dilip kumar country delight built their entire brand around this testing kit i dont know the efficacy of it but most certainly they did a fantastic job the worst is now they have diluted the entire idea of unadulterated milk product to become blinkit,0.104,0.697,0.2,0.6416,Positive
