Full Name,Profile URL,Headline,Comment,Timestamp,Comment URN,Comment Hash,Post URN,Post Hash,post_urn_id,processed_comment,sentiment_negative,sentiment_neutral,sentiment_positive,sentiment_compound,sentiment_label
Arka Dutta,https://www.linkedin.com/in/dutt-arka,0-​>1| DevOps/SRE/Telco Cloud | CKA | NIT Agartala ’21,"sleep is the best thing ever, period.",2024-11-26T11:52:21.635Z,"urn:li:comment:(activity:7263417762633388032,7267143140283699200)",aedadbc11067cb816201c68c18d341941a311f5f3bb890f51d346410542eeca2,urn:li:activity:7263417762633388032,0da23a017aec32c0223ac11f267cc3c2b2da588db1f2b477ca95b284fc76f604,7263417762633388032,sleep is the best thing ever period,0.0,0.588,0.412,0.6369,Positive
Vaidehi Vinayak Vaidya,https://www.linkedin.com/in/vaidehivaidya,"Managing Director, Women in Sport India | Creating Women Leaders in Sports and Fitness",Dilip Kumar I was recently reading about circadian rhythms and how light or lack there of in the morning can play with your sleep patterns and daily routine after experiencing it myself. And the way sleep plays an important part is something we should all know a bit more about. People are sleeping later and later on today’s day and we all need to understand that lack of sleep really isn’t a good. I will share that paper with you.,2024-11-26T04:23:18.209Z,"urn:li:comment:(activity:7263417762633388032,7267030131360088066)",eb6040251ff9b2b7fb3e3736ad3c39cd300f3523f37e617c9805f38bbbd526b6,urn:li:activity:7263417762633388032,0da23a017aec32c0223ac11f267cc3c2b2da588db1f2b477ca95b284fc76f604,7263417762633388032,dilip kumar i was recently reading about circadian rhythms and how light or lack there of in the morning can play with your sleep patterns and daily routine after experiencing it myself and the way sleep plays an important part is something we should all know a bit more about people are sleeping later and later on todays day and we all need to understand that lack of sleep really isnt a good i will share that paper with you,0.109,0.818,0.073,-0.4538,Negative
Akshay A.,https://www.linkedin.com/in/akshay-a-099b07a2,Enhancing Experience of the Products/ Services,& Sleep is always underrated,2024-11-20T04:30:15.668Z,"urn:li:comment:(activity:7263417762633388032,7264857555120582656)",e3e6ac0af2081d0f593c725601d1bf579c31ce730ae6b3c057cf056ce60cc615,urn:li:activity:7263417762633388032,0da23a017aec32c0223ac11f267cc3c2b2da588db1f2b477ca95b284fc76f604,7263417762633388032,sleep is always underrated,0.0,1.0,0.0,0.0,Neutral
Pranab Roy,https://www.linkedin.com/in/pranab-roy-68b92227,"Engineering @ McKinsey & Company | AI, Healthtech, Wearables ✍️","So true Dilip Kumar . 
I love Mathew Fraser’s quote on sleep: “If sleep was not natural, it would have been prohibited.”",2024-11-16T16:12:02.419Z,"urn:li:comment:(activity:7263417762633388032,7263584612172398592)",84cf0957c6728111e460e8c2f528f4fd61f128bf3a247787b0247e2870c38b13,urn:li:activity:7263417762633388032,0da23a017aec32c0223ac11f267cc3c2b2da588db1f2b477ca95b284fc76f604,7263417762633388032,so true dilip kumar i love mathew frasers quote on sleep if sleep was not natural it would have been prohibited,0.08,0.644,0.276,0.7338,Positive
Kavita Krishnan,https://www.linkedin.com/in/kavita-krishnan-content-strategist,"Founder, Never Too Late: India-focused longevity, healthy ageing platform. Journalist & Content Strategist. Ex-Upstox, Times Network, NW18, Mid-day. Launched 2 News Channels. Scaled content at Upstox.","In fact,  Dilip Kumar sleep is the biggest flex in the workplace and at school or college. An MIT study found that students who slept an hour longer than others who slept 6.5 hours consistently scored higher.  'Snooze and you lose' is a lie. ",2024-11-16T14:27:50.528Z,"urn:li:comment:(activity:7263417762633388032,7263558389836742658)",9f5711ea7ed0847f09a70269c8f03891bdd029744c9192380950eed01429f3ed,urn:li:activity:7263417762633388032,0da23a017aec32c0223ac11f267cc3c2b2da588db1f2b477ca95b284fc76f604,7263417762633388032,in fact dilip kumar sleep is the biggest flex in the workplace and at school or college an mit study found that students who slept an hour longer than others who slept hours consistently scored higher snooze and you lose is a lie,0.062,0.938,0.0,-0.4019,Negative
Nagraj Prabhu Mudradi,https://www.linkedin.com/in/nagrajprabhu,SaaS product enthusiast | Enterprise Dental Solutions | Partner @ SVP India | ILSS - India Leaders for Social Sector | Takshashila Public Policy Alumni,So true. People envy me when I say I can get into deep sleep in less than 10 mins . Thankfully I in category 4 now,2024-11-16T12:19:09.323Z,"urn:li:comment:(activity:7263417762633388032,7263526004759887872)",643ac18f714ae7af75668c3641618d86c81635b41cbb69a9fe412fd784156c85,urn:li:activity:7263417762633388032,0da23a017aec32c0223ac11f267cc3c2b2da588db1f2b477ca95b284fc76f604,7263417762633388032,so true people envy me when i say i can get into deep sleep in less than mins thankfully i in category now,0.095,0.68,0.225,0.5049,Positive
Pranav Ratna,https://www.linkedin.com/in/pranavratna,International Product Manager | Molecular Imaging Expert | National Sales & Clinical Advisor | Capital Equipment | PET-CT | Oncology | Strategic Business Development | 20+ Years | Ex-BARC | Ex GE Healthcare,Highly underrrated,2024-11-16T09:13:04.357Z,"urn:li:comment:(activity:7263417762633388032,7263479175498346496)",0fa092dbed61d502ede2a5f04cb024e8d4a8c81339d951abd9ac06394a668a6d,urn:li:activity:7263417762633388032,0da23a017aec32c0223ac11f267cc3c2b2da588db1f2b477ca95b284fc76f604,7263417762633388032,highly underrrated,0.0,1.0,0.0,0.0,Neutral
Parth Sanghvi,https://www.linkedin.com/in/parth-sanghvi-humour-finance,"Sr. Consultant | Risk Consulting | Finance, Business Insights & Humour","True that! 

On a side note: You can also pitch these ideas to mattress companies for their marketing campaigns 😂",2024-11-16T07:04:34.098Z,"urn:li:comment:(activity:7263417762633388032,7263446836323995648)",738d806afe017568151276ff1b350edaffaa80f53454ae7c06bc87e15107b267,urn:li:activity:7263417762633388032,0da23a017aec32c0223ac11f267cc3c2b2da588db1f2b477ca95b284fc76f604,7263417762633388032,true that on a side note you can also pitch these ideas to mattress companies for their marketing campaigns,0.0,0.859,0.141,0.4215,Positive
Rajan Singh,https://www.linkedin.com/in/rajansingh96,"Founder, HabitStrong | Ex-IPS | Wharton | IITK | McKinsey | Private Equity",Dilip Kumar Don't spread woke ideas... Just kidding. 😊 ,2024-11-16T06:44:50.343Z,"urn:li:comment:(activity:7263417762633388032,7263441871299850240)",a49b4f3f106926f9099c3de1a66973e62180fab6523148c67d84ad1943f1fbdc,urn:li:activity:7263417762633388032,0da23a017aec32c0223ac11f267cc3c2b2da588db1f2b477ca95b284fc76f604,7263417762633388032,dilip kumar dont spread woke ideas just kidding,0.0,0.833,0.167,0.1027,Positive
Harshit Saini,https://www.linkedin.com/in/harshitdoesit,Professional Pivoter!,"Damn, I am a drug addict.",2024-11-16T06:17:17.727Z,"urn:li:comment:(activity:7263417762633388032,7263434939725983744)",0e32540d64df644eb8e9a9cdf9fe3924e5e9d644cb201f58eec6ec171e2c4264,urn:li:activity:7263417762633388032,0da23a017aec32c0223ac11f267cc3c2b2da588db1f2b477ca95b284fc76f604,7263417762633388032,damn i am a drug addict,0.474,0.526,0.0,-0.4019,Negative
Ayush Mongia,https://www.linkedin.com/in/ayush-mongia-288a0b165,Product Manager at InsuranceDekho (CarDekho Group) | Platform & AI/ML (Applied AI) | 10L+ Impressions | Ex - EdTech & HealthTech,In 20s fixing anything is a flex these days. Sometimes I wonder what has happened.,2024-11-16T06:03:26.307Z,"urn:li:comment:(activity:7263417762633388032,7263431452497764353)",72308ddfbe030d759b20722e6423e5795156b0a55ef6fd9899fb652c39b74ccc,urn:li:activity:7263417762633388032,0da23a017aec32c0223ac11f267cc3c2b2da588db1f2b477ca95b284fc76f604,7263417762633388032,in s fixing anything is a flex these days sometimes i wonder what has happened,0.0,1.0,0.0,0.0,Neutral
Anand Goud,https://www.linkedin.com/in/dba-anandgoud,Amazon Tech PM | 15+ exp | Led business of 50M+ in Cross border | E-commerce expert | Insights helped 20M+ savings | AI Evangelist | 400+ mentoring sessions on Topmate,"You got a problem, sleep over it.",2024-11-16T05:57:48.258Z,"urn:li:comment:(activity:7263417762633388032,7263430034617450497)",579d255e4180a2c250950702cac1dc068346a53a2f4c1cf0307bc7b899d4afe0,urn:li:activity:7263417762633388032,0da23a017aec32c0223ac11f267cc3c2b2da588db1f2b477ca95b284fc76f604,7263417762633388032,you got a problem sleep over it,0.351,0.649,0.0,-0.4019,Negative
Sarath Penumuru,https://www.linkedin.com/in/sarathpenumuru,"Founder and Head Coach @ THINQ.FIT | Helping professionals reach their ideal health through highly-customised, science-based protocols and personal attention",Sleep is the wonder drug that most are ignoring!,2024-11-16T05:55:27.484Z,"urn:li:comment:(activity:7263417762633388032,7263429444168486912)",b16b4e8baf7946263ffe62b07c13f1ece47abce263392d51101302b04dc50329,urn:li:activity:7263417762633388032,0da23a017aec32c0223ac11f267cc3c2b2da588db1f2b477ca95b284fc76f604,7263417762633388032,sleep is the wonder drug that most are ignoring,0.271,0.729,0.0,-0.4549,Negative
🧠 Sridhar Ranganathan,https://www.linkedin.com/in/sridharnathan,Go from Offline to Pipeline,"This is one thing I can do anytime, with my eyes closed.",2024-11-16T05:44:32.657Z,"urn:li:comment:(activity:7263417762633388032,7263426697624985600)",1c31362682c29b77b1b2b9cc708195e2ebc98b76ad5fbb4ea185af92f9d5ac73,urn:li:activity:7263417762633388032,0da23a017aec32c0223ac11f267cc3c2b2da588db1f2b477ca95b284fc76f604,7263417762633388032,this is one thing i can do anytime with my eyes closed,0.0,1.0,0.0,0.0,Neutral
Navneet G.,https://www.linkedin.com/in/navneetservicegtd,"Ex-NRI, peace-of-mind advisory & concierge platform for NRIs -- eldercare and lifestyle solutions in India (40+ cities) || digital nomad - 10 countries and 7 startups || ex-Microsoft/Flipkart/Careem",I have started taking 5-15 minute power naps in office whenever I feel I need to apply brake to mental processes; it's super helpful,2024-11-16T05:44:18.531Z,"urn:li:comment:(activity:7263417762633388032,7263426638376243200)",8c7fb20ca2faf8cfc885822e47903c891d950354b4b58d0bca592ff074038207,urn:li:activity:7263417762633388032,0da23a017aec32c0223ac11f267cc3c2b2da588db1f2b477ca95b284fc76f604,7263417762633388032,i have started taking minute power naps in office whenever i feel i need to apply brake to mental processes its super helpful,0.0,0.729,0.271,0.7717,Positive
Narayanan V,https://www.linkedin.com/in/narayanan-v-00b35720a,"Qualified Company Secretary, 25000 Connections, Teaching for CA,CS & CMA, CPA, CISA , Ex-EY, handled SOC 1 (Type - II) & SOC-2 (designing controls based on TSC) , COSO Internal control, Exp in Health care",in your meetings sleeping often is a flex.,2024-11-16T05:37:40.098Z,"urn:li:comment:(activity:7263417762633388032,7263424967227170816)",03def477f7e0c374099dcef7175cd7a2f55da8dda041c2f2482c1708d1e60f3e,urn:li:activity:7263417762633388032,0da23a017aec32c0223ac11f267cc3c2b2da588db1f2b477ca95b284fc76f604,7263417762633388032,in your meetings sleeping often is a flex,0.0,1.0,0.0,0.0,Neutral
Vighnesh M V,https://www.linkedin.com/in/vighnesh-m-v-1726b81b,Experienced automobile professional,Yes,2024-11-16T05:31:59.319Z,"urn:li:comment:(activity:7263417762633388032,7263423537896448002)",0c0b100e3ce36c71f29de0478b60b3c4d18e230ba39f853fc9032396ef1edd51,urn:li:activity:7263417762633388032,0da23a017aec32c0223ac11f267cc3c2b2da588db1f2b477ca95b284fc76f604,7263417762633388032,yes,0.0,0.0,1.0,0.4019,Positive
Garvita Baldua,https://www.linkedin.com/in/garvitabaldua,"Making healthcare AI safe, reliable & clinic-ready | Health & Fitness Enthusiast | Passionate surfer 🏄‍♀️ | Social worker (NGO associated: Mahila Sanrakshan Samiti)","Not just fix outerworld problem, sleep is the only thing that can repair and rejevunate us. The best medicine to get healed inside out!",2024-11-16T05:29:15.472Z,"urn:li:comment:(activity:7263417762633388032,7263422850676461568)",5c690fcf5686bc1748ebbf9c50620de7547deef0cf4f3efdfeebe724152371fe,urn:li:activity:7263417762633388032,0da23a017aec32c0223ac11f267cc3c2b2da588db1f2b477ca95b284fc76f604,7263417762633388032,not just fix outerworld problem sleep is the only thing that can repair and rejevunate us the best medicine to get healed inside out,0.093,0.761,0.145,0.3612,Positive
Sujith P,https://www.linkedin.com/in/sujithp09,ZS | NITK | ex- Ultrahuman,"Sleep comes naturally, but mastering it? That’s Ultrahuman",2024-11-16T05:27:38.574Z,"urn:li:comment:(activity:7263417762633388032,7263422444252602368)",0f936cf59146faec77ef1e19cc03ee41817740e762b9249edd9418fd51bdf8d5,urn:li:activity:7263417762633388032,0da23a017aec32c0223ac11f267cc3c2b2da588db1f2b477ca95b284fc76f604,7263417762633388032,sleep comes naturally but mastering it thats ultrahuman,0.0,1.0,0.0,0.0,Neutral
"Zakhil Suresh, CMT",https://www.linkedin.com/in/zakhilsuresh,Founder & CEO at BitSave | Crypto Asset Manager | We Help You Invest Safely in Crypto Assets,Shiv Pande ,2024-11-16T05:24:45.313Z,"urn:li:comment:(activity:7263417762633388032,7263421717547528193)",21c58d37592c8e3770f81f19f537e0484a69ff6f694db9ce83d4290789936c15,urn:li:activity:7263417762633388032,0da23a017aec32c0223ac11f267cc3c2b2da588db1f2b477ca95b284fc76f604,7263417762633388032,shiv pande,0.0,1.0,0.0,0.0,Neutral
Vidhi Chandel,https://www.linkedin.com/in/vidhi-chandel-1a08aa1b5,Wireless Network Professional | Specializing in Wi-Fi & UBR PTMP Solutions and Optimization,That's to the point,2024-11-16T05:20:55.849Z,"urn:li:comment:(activity:7263417762633388032,7263420755105775617)",dfd7358d839b035c98db2d322bcc58bd79e7d52a929740b4ff3657ea43c8f670,urn:li:activity:7263417762633388032,0da23a017aec32c0223ac11f267cc3c2b2da588db1f2b477ca95b284fc76f604,7263417762633388032,thats to the point,0.0,1.0,0.0,0.0,Neutral
Charan Singh,https://www.linkedin.com/in/charan3,Product/UX Design + Analytics + PMF Strategy | SaaS & Climate Design | Pursuing Olympics Ambitions,"In mindfulness classes, Knowing how to get sleep is a flex. 😅 ",2024-11-16T05:16:00.731Z,"urn:li:comment:(activity:7263417762633388032,7263419517286912000)",054aed337d45f0f28d7251376680d7240bb82b9325802245feb45680dfb0a2e6,urn:li:activity:7263417762633388032,0da23a017aec32c0223ac11f267cc3c2b2da588db1f2b477ca95b284fc76f604,7263417762633388032,in mindfulness classes knowing how to get sleep is a flex,0.0,1.0,0.0,0.0,Neutral
