Full Name,Profile URL,Headline,Comment,Timestamp,Comment URN,Comment Hash,Post URN,Post Hash,post_urn_id,processed_comment,sentiment_negative,sentiment_neutral,sentiment_positive,sentiment_compound,sentiment_label
vinod kumar ®,https://www.linkedin.com/in/vinodkumar-inc,"Entrepreneur at Nutrioinc - Starting with a challenge, Building with purpose, Growing with passion.","Timeless wisdom value lies not just in the asset, but in the price you pay. Investing with patience and perspective transforms uncertainty into strategy. Missing a few is part of the journey, but discipline ensures the long run wins.",2025-12-01T14:27:28.903Z,"urn:li:comment:(activity:7389586926720344066,7401265688067309568)",a3bbc8dba1e6c3846be0364074a206c83491b3996c2c08576d9ba87b5f6f2a55,urn:li:activity:7389586926720344066,e04f8b7e1f8cb478ce13a1abc5776c0287dd5d229b07c17fde5437f844ae93d7,7389586926720344066,timeless wisdom value lies not just in the asset but in the price you pay investing with patience and perspective transforms uncertainty into strategy missing a few is part of the journey but discipline ensures the long run wins,0.188,0.599,0.214,0.3182,Positive
Samar Sisodia,https://www.linkedin.com/in/samar-sisodia,2X Founder | Entrepreneur | Scaled First Startup to $1M Revenue in Under 2.5 Years | 2X [0-1] | You Tube 100K+ Subscribers,"Systems work, people fail. ",2025-11-05T05:01:09.346Z,"urn:li:comment:(activity:7389586926720344066,7391701082969767936)",75b70560e31db249899b254324800583a4b7c78cd2e357229df9ffb0d3feaed8,urn:li:activity:7389586926720344066,e04f8b7e1f8cb478ce13a1abc5776c0287dd5d229b07c17fde5437f844ae93d7,7389586926720344066,systems work people fail,0.538,0.462,0.0,-0.5423,Negative
Dhrumil Sorathia,https://www.linkedin.com/in/dhrumilsorathia,"CEO and Board Member | Apollo Hospitals | GE HealthCare | J & J | Novartis | Roche | Created $1 billion business I Top 10 Healthcare Leader I Healthcare CEO I Chief Marketing Officer, CMO, Apollo Hospitals",Lenskart.com 😀,2025-11-03T02:50:26.082Z,"urn:li:comment:(activity:7389586926720344066,7390943410204938240)",2cb93a9bb03a8ecee24330e4174769c92f38cc026efe207e4b222b16cb9f8c44,urn:li:activity:7389586926720344066,e04f8b7e1f8cb478ce13a1abc5776c0287dd5d229b07c17fde5437f844ae93d7,7389586926720344066,lenskartcom,0.0,1.0,0.0,0.0,Neutral
Abhay Vyas,https://www.linkedin.com/in/abhayvyas,"E-commerce & Merchandising Leader | AI Enthusiast | Driving Growth via Data, Insights & Category Analytics | Shopify, Amazon & Noon Expert | Omnichannel Retail | |Reliance | Godrej |Landmark | Jumbo | Al-Futtaim |","First time it was being said by Mr. Warren Buffett with all due respect to Mr, Nithin Kamath.                                                                                                            https://www.youtube.com/watch?v=gmyCi2N9uBA ",2025-11-01T17:32:06.567Z,"urn:li:comment:(activity:7389586926720344066,7390440515189755904)",a667e05b1b37538ffba5dbe8259ba88bb53c13089cd8cc4675e76118b3d9b7b8,urn:li:activity:7389586926720344066,e04f8b7e1f8cb478ce13a1abc5776c0287dd5d229b07c17fde5437f844ae93d7,7389586926720344066,first time it was being said by mr warren buffett with all due respect to mr nithin kamath,0.0,0.846,0.154,0.4767,Positive
Bharath N,https://www.linkedin.com/in/bharath-n-1331a447,Automotive Professional,Insightful message by Nithin Kamath…,2025-11-01T12:36:54.681Z,"urn:li:comment:(activity:7389586926720344066,7390366226155421696)",9fe0eb640ca6e2e8404dcaebb97427ba04e4add3fef5e9d6d017e801103b2224,urn:li:activity:7389586926720344066,e04f8b7e1f8cb478ce13a1abc5776c0287dd5d229b07c17fde5437f844ae93d7,7389586926720344066,insightful message by nithin kamath,0.0,1.0,0.0,0.0,Neutral
Manish Shastri,https://www.linkedin.com/in/manish-shastri-42a3b717a,Assistant Manager - Document Control & Management at Dholera Industrial City Development Limited,Disclosure: No relevance to the current IPO season :) Dilip Kumar,2025-11-01T11:23:27.196Z,"urn:li:comment:(activity:7389586926720344066,7390347739823480832)",40a0586c195bd501209e5866b8f6b708094f702b585a71c4bff25f5e325b0453,urn:li:activity:7389586926720344066,e04f8b7e1f8cb478ce13a1abc5776c0287dd5d229b07c17fde5437f844ae93d7,7389586926720344066,disclosure no relevance to the current ipo season dilip kumar,0.196,0.804,0.0,-0.296,Negative
Manchal Kalra,https://www.linkedin.com/in/manchalkalra,"Helping mid+senior professionals & business owners elevate confidence, personal & pro relationships, overall wellbeing & achieve resilient self-leadership without years of waiting for results or trial & error self-help.","So well said Dilip Kumar 👏
Long-term thinking like this separates true investors from traders.
Patience and perspective always pay off in the end. 💡📈",2025-10-31T11:11:59.021Z,"urn:li:comment:(activity:7389586926720344066,7389982465546702848)",7c5e0fea32aaf3c6e15ad76daf17bb8f24cf3f8a34cb49df5f45a6fd35346916,urn:li:activity:7389586926720344066,e04f8b7e1f8cb478ce13a1abc5776c0287dd5d229b07c17fde5437f844ae93d7,7389586926720344066,so well said dilip kumar longterm thinking like this separates true investors from traders patience and perspective always pay off in the end,0.05,0.676,0.274,0.7425,Positive
"Ashwini-K Aggarwal, PhD, FIETE",https://www.linkedin.com/in/xlashwini,"Accomplished Government Affairs/Marketing Professional | Professor - Manav Rachna International | Chair Semiconductor Skills Committee, ESSCI | Career Coach | Consultant | Blogger - Runner - Memory Athlete","That's a powerful message, Dilip Kumar Framing it is a great way to keep those principles top of mind and reinforce a positive work environment. 👍",2025-10-31T09:05:26.980Z,"urn:li:comment:(activity:7389586926720344066,7389950622214778880)",2fd512a0f884db3652549e8bf97fa3e244b75458d3e7d5eeaa40cf8fe09730b7,urn:li:activity:7389586926720344066,e04f8b7e1f8cb478ce13a1abc5776c0287dd5d229b07c17fde5437f844ae93d7,7389586926720344066,thats a powerful message dilip kumar framing it is a great way to keep those principles top of mind and reinforce a positive work environment,0.0,0.594,0.406,0.9062,Positive
Ameet Patra,https://www.linkedin.com/in/ameet-patra,|ServiceNow+AI| Product Manager | ESG | GRC | EHS | ITSM | CRM | Business Analyst | Product Owner | Presales | Customer Success | ENFJ | Strong believer in the potential of “I do not Know” | (Views are Personal),"And then I see a private company called as Zoho, with a less popular but very effective boss.",2025-10-30T19:51:35.037Z,"urn:li:comment:(activity:7389586926720344066,7389750839369883648)",5416c7ce355a66dea841a0a1bc7f74c4bdd1f0716c5b5d5e815e8803512c0758,urn:li:activity:7389586926720344066,e04f8b7e1f8cb478ce13a1abc5776c0287dd5d229b07c17fde5437f844ae93d7,7389586926720344066,and then i see a private company called as zoho with a less popular but very effective boss,0.0,0.672,0.328,0.7463,Positive
gurucharan rani,https://www.linkedin.com/in/gurucharan-rani-099065b5,Financial Services Professional,"I need your support to find me investors for my innovative solution Fog Friendly Framework which can be used to prevent Fog (Flight, Car) Accidents using AI which works even in the Complete Darkness also and has several other applications as mentioned in the comments section of my youtube video with title FOG FRIENDLY FRAMEWORK. Revenue Model for my Fog Friendly Framework solution:  we can get user subscription per year revenue ( say 100 USD) , charging for sending Stop messages to the drivers dashboard or phone., Digital flexible advertising which changes for every Ten seconds on the hardware or assets used or deployed on the road., broadcasting Advertisements in the website used for yearly subscription... We can hit the gold mine. https://youtu.be/7CyuBkBTeAg?si=y-CsGvJxv_GPcXcp",2025-10-30T15:49:46.795Z,"urn:li:comment:(activity:7389586926720344066,7389689987388067840)",25897cb628c7b01f175001efd8c4af297531433e0d634d84ad3f2ccf9e17fc41,urn:li:activity:7389586926720344066,e04f8b7e1f8cb478ce13a1abc5776c0287dd5d229b07c17fde5437f844ae93d7,7389586926720344066,i need your support to find me investors for my innovative solution fog friendly framework which can be used to prevent fog flight car accidents using ai which works even in the complete darkness also and has several other applications as mentioned in the comments section of my youtube video with title fog friendly framework revenue model for my fog friendly framework solution we can get user subscription per year revenue say usd charging for sending stop messages to the drivers dashboard or phone digital flexible advertising which changes for every ten seconds on the hardware or assets used or deployed on the road broadcasting advertisements in the website used for yearly subscription we can hit the gold mine,0.048,0.772,0.18,0.9432,Positive
Akhil Ranade,https://www.linkedin.com/in/akhil-ranade-4985bb1,"Self Employed at Sports Boutique, Author",What I learned about investing from Darwin. Lovely book by Pulak Prasad,2025-10-30T15:45:08.752Z,"urn:li:comment:(activity:7389586926720344066,7389688821195509760)",b951b63a0fc30f5b6f785171865b308f73cb8d8e68b271a6384351a76da254ca,urn:li:activity:7389586926720344066,e04f8b7e1f8cb478ce13a1abc5776c0287dd5d229b07c17fde5437f844ae93d7,7389586926720344066,what i learned about investing from darwin lovely book by pulak prasad,0.0,0.725,0.275,0.5859,Positive
G Varun Ram,https://www.linkedin.com/in/g-varun-ram-031451177,Strategy & Execution | Digital Products & Manufacturing Services | L&T TS,"Dilip Kumar, hope he isn't talking about Lenskart :). Fine days ahead.",2025-10-30T13:57:35.232Z,"urn:li:comment:(activity:7389586926720344066,7389661753166581760)",8fb221878d3816650dca57f513d6df33210d99e42683ec1b57e5976ad5bd0e83,urn:li:activity:7389586926720344066,e04f8b7e1f8cb478ce13a1abc5776c0287dd5d229b07c17fde5437f844ae93d7,7389586926720344066,dilip kumar hope he isnt talking about lenskart fine days ahead,0.0,0.657,0.343,0.5719,Positive
Hitesh Bhatia,https://www.linkedin.com/in/hbhatia,Founder at JoiningHands | Family Constellation & Regression Therapist | Building a supportive community for healing & self-discovery,"Maybe there could be some intuition to data when investing? 

Data always has science and intuition needs science. If you master both then you have a winning combo",2025-10-30T11:01:16.906Z,"urn:li:comment:(activity:7389586926720344066,7389617384455700480)",8de0294661fcff01d20691ad59b15a6cb28823c760af97bc43e0731f7357b3ad,urn:li:activity:7389586926720344066,e04f8b7e1f8cb478ce13a1abc5776c0287dd5d229b07c17fde5437f844ae93d7,7389586926720344066,maybe there could be some intuition to data when investing data always has science and intuition needs science if you master both then you have a winning combo,0.0,0.884,0.116,0.5267,Positive
Prerna T.,https://www.linkedin.com/in/prernatalreja,"| EX- (Arcesium, BNP Paribas, JPMC, Statestreet) | Strategic | Results-Driven | Client-Centric | Empowering",True — sometimes the price you pay decides whether it’s an investment or an expense.,2025-10-30T10:23:43.636Z,"urn:li:comment:(activity:7389586926720344066,7389607933552021504)",03ad4bf926fac7d2d539cabf6ea31cd2108eff12faa152049ef6509dba8f9ce1,urn:li:activity:7389586926720344066,e04f8b7e1f8cb478ce13a1abc5776c0287dd5d229b07c17fde5437f844ae93d7,7389586926720344066,true sometimes the price you pay decides whether its an investment or an expense,0.086,0.741,0.173,0.34,Positive
Chirag Upadhyay,https://www.linkedin.com/in/chirag-upadhyay-292b94219,Chief Differentiator,"Long term bets need long term people scaling strategies. What protocols does Zerodha Rainmatter have in place for this?

I'm asking as this is a problem I'm currently building a solution for. Would love to know what your views on this are?",2025-10-30T09:13:57.933Z,"urn:li:comment:(activity:7389586926720344066,7389590377441439744)",b07f3b160806d0389a11e8863eaf1d5ba1bd7300605356da65232e383f638a17,urn:li:activity:7389586926720344066,e04f8b7e1f8cb478ce13a1abc5776c0287dd5d229b07c17fde5437f844ae93d7,7389586926720344066,long term bets need long term people scaling strategies what protocols does zerodha rainmatter have in place for this im asking as this is a problem im currently building a solution for would love to know what your views on this are,0.058,0.801,0.141,0.5859,Positive
Saket Sharma,https://www.linkedin.com/in/saketss,"Strategy, Growth, Experience at Decathlon | Ex - Entrepreneur, Flipkart, Urban Company | N8N, Lovable, Replit, Make","fills my heart with hope to see big-cash taking bets from a long term POV - should keep us saved for long, i strongly look forward to seeing global companies come out of Rainmatter by Zerodha's fund-house. ",2025-10-30T09:06:08.881Z,"urn:li:comment:(activity:7389586926720344066,7389588410094706688)",1e3d7e4c3ee13d326c6ba237e46c7561f2bfc93e82ab6bc2ffac43614e0b164c,urn:li:activity:7389586926720344066,e04f8b7e1f8cb478ce13a1abc5776c0287dd5d229b07c17fde5437f844ae93d7,7389586926720344066,fills my heart with hope to see bigcash taking bets from a long term pov should keep us saved for long i strongly look forward to seeing global companies come out of rainmatter by zerodhas fundhouse,0.0,0.799,0.201,0.7783,Positive
