Full Name,Profile URL,Headline,Comment,Timestamp,Comment URN,Comment Hash,Post URN,Post Hash,post_urn_id,processed_comment,sentiment_negative,sentiment_neutral,sentiment_positive,sentiment_compound,sentiment_label
Santhosh B.,https://www.linkedin.com/in/shadowetail,Top 15 Amazon Seller (India) | CEO & Founder of Shadow Etail (Brand Valued @ 125 Cr+) | 335K on IG | 200 MLN views and 140K subscribers on Youtube | Sustainable Life Utility Products | E-Commerce | Motivational Speaker,You're spreading great awareness Dilip Kumar,2024-03-31T07:02:15.900Z,"urn:li:comment:(ugcPost:7176472734330228737,7180097047595810816)",f9db178631220ffb3261c402e6eb90e695116a00b1559db280987df7aaf6de12,urn:li:ugcPost:7176472734330228737,19e2243d15b10e7b0de0876a6df2f922d0ee6f2fd8c8b095f6b933b9ae53aafe,7176472734330228737,youre spreading great awareness dilip kumar,0.0,0.549,0.451,0.6249,Positive
Dr Umesh Wadhavani,https://www.linkedin.com/in/drumeshwadhavani,A Corporate Wellness Coach making health fun and practical 🏥| Corporate Speaker 🎤 | IG-173k ⭐️| Sindhi IG- 59K 🌟 | YouTube - 184k ✅,Seems like an interesting and informative podcast!,2024-03-21T18:32:34.408Z,"urn:li:comment:(ugcPost:7176472734330228737,7176646890753585152)",e5f081e5ba8fffd87e9979221986953c572ad86c579d545a633b64c745ce9326,urn:li:ugcPost:7176472734330228737,19e2243d15b10e7b0de0876a6df2f922d0ee6f2fd8c8b095f6b933b9ae53aafe,7176472734330228737,seems like an interesting and informative podcast,0.0,0.49,0.51,0.6369,Positive
Jashid Hameed,https://www.linkedin.com/in/jashid-hameed-10a47754,Co-Founder at Nuvedo,"Just listened to this episode and loved it, lots of thought provoking content! I really liked how candid Jitendra Chouksey was about his fitness journey and also his experience running FITTR. Very inspirational. We need more honest conversations like this out there. Keep up the great work!",2024-03-21T09:19:19.478Z,"urn:li:comment:(ugcPost:7176472734330228737,7176507661125910529)",21c502f39813f4ddd68e0bfbc8b7e1ad4a6ee46ef869121be68eab7b01e11e83,urn:li:ugcPost:7176472734330228737,19e2243d15b10e7b0de0876a6df2f922d0ee6f2fd8c8b095f6b933b9ae53aafe,7176472734330228737,just listened to this episode and loved it lots of thought provoking content i really liked how candid jitendra chouksey was about his fitness journey and also his experience running fittr very inspirational we need more honest conversations like this out there keep up the great work,0.029,0.604,0.368,0.9696,Positive
Abhinav Ravi,https://www.linkedin.com/in/abhinav-ravi-027480150,Associate Director - Strategy @ Practo | ISB | Sports enthusiast,"Looking forward to this episode, great person to learn from on this topic!",2024-03-21T09:00:19.191Z,"urn:li:comment:(ugcPost:7176472734330228737,7176502878415572993)",0a279ec3afd86d7b67390ceb49be5fa9213a99e61fb49b84b21ddd67a1dc1fe2,urn:li:ugcPost:7176472734330228737,19e2243d15b10e7b0de0876a6df2f922d0ee6f2fd8c8b095f6b933b9ae53aafe,7176472734330228737,looking forward to this episode great person to learn from on this topic,0.0,0.745,0.255,0.6249,Positive
Rohit Ramesh,https://www.linkedin.com/in/rohit-ramesh,"Helping businesses grow organically through SEO, Social Media & Content Marketing | WordPress Website Creator | 7+ yrs driving visibility & engagement that converts","This podcast sounds incredibly insightful! Looking forward to tuning in and learning from Jitendra Chouksey's expertise in health, fitness, and entrepreneurship.",2024-03-21T08:44:05.769Z,"urn:li:comment:(ugcPost:7176472734330228737,7176498795587809280)",a4b38caf303ccea0009c2c3f6c532def98e1dd95c1fc617a7989b6438b6f10ff,urn:li:ugcPost:7176472734330228737,19e2243d15b10e7b0de0876a6df2f922d0ee6f2fd8c8b095f6b933b9ae53aafe,7176472734330228737,this podcast sounds incredibly insightful looking forward to tuning in and learning from jitendra choukseys expertise in health fitness and entrepreneurship,0.0,0.905,0.095,0.2732,Positive
Dr. (Major) Sunil Kumar Yadav,https://www.linkedin.com/in/dr-major-sunil-kumar-yadav-907b9530,"Brutally honest as Mirror. Healthiest and Happiest. Head Medical Services, Navi Mumbai International Airport.","Yes anyone can make a person FIT as it is measured in terms of physical capacity, however health is in domain of doctors.",2024-03-21T08:42:10.495Z,"urn:li:comment:(ugcPost:7176472734330228737,7176498312097722368)",0b7cb939e3b2357722a0288e382f7529c547f308647fbf3df356e3c7359d3e00,urn:li:ugcPost:7176472734330228737,19e2243d15b10e7b0de0876a6df2f922d0ee6f2fd8c8b095f6b933b9ae53aafe,7176472734330228737,yes anyone can make a person fit as it is measured in terms of physical capacity however health is in domain of doctors,0.0,0.794,0.206,0.6369,Positive
Deepak Gupta,https://www.linkedin.com/in/purpledeepak,"Founder & CEO, PurpleDocs | Digitising Healthcare in India",Appreciate you talking about these overlooked aspects affecting our health Dilip! Founder's depression is a major reason why building a community is crucial. A sense of belonging and support are needed to survive the uncertainty that comes along.,2024-03-21T08:03:56.249Z,"urn:li:comment:(ugcPost:7176472734330228737,7176488689332576256)",1cfcd8959121c07446b287cdd2bb8282095ad924646040848c921979f6053182,urn:li:ugcPost:7176472734330228737,19e2243d15b10e7b0de0876a6df2f922d0ee6f2fd8c8b095f6b933b9ae53aafe,7176472734330228737,appreciate you talking about these overlooked aspects affecting our health dilip founders depression is a major reason why building a community is crucial a sense of belonging and support are needed to survive the uncertainty that comes along,0.169,0.704,0.127,-0.2023,Negative
Divyanshu Singh,https://www.linkedin.com/in/divyanshu-singh-39b3a2262,--,Palash Tiwari,2024-03-21T07:50:31.126Z,"urn:li:comment:(ugcPost:7176472734330228737,7176485312397791232)",bfb29ca16c4bc7edd5a57a680a9e45c620d80b3a74642ddfcd77f0a4a9a8bdb4,urn:li:ugcPost:7176472734330228737,19e2243d15b10e7b0de0876a6df2f922d0ee6f2fd8c8b095f6b933b9ae53aafe,7176472734330228737,palash tiwari,0.0,1.0,0.0,0.0,Neutral
Jitendra Chouksey,https://www.linkedin.com/in/jitendrachouksey,CEO at FITTR | Building preventive healthcare ecosystem,Thank you Dilip Kumar! It was one the best podcast I’ve done this year. Happy that we didn’t just restrict to health,2024-03-21T07:25:20.237Z,"urn:li:comment:(ugcPost:7176472734330228737,7176478975270006784)",839d014237625d54cee699bd8cc615662f31b4252e7c1eb589bdc0fddf21f1c0,urn:li:ugcPost:7176472734330228737,19e2243d15b10e7b0de0876a6df2f922d0ee6f2fd8c8b095f6b933b9ae53aafe,7176472734330228737,thank you dilip kumar it was one the best podcast ive done this year happy that we didnt just restrict to health,0.0,0.589,0.411,0.9115,Positive
Dilip Kumar,https://www.linkedin.com/in/dilipevs,Entrepreneur| Investments at Rainmatter | Endurance athlete,"Links to the full podcast 👇

YouTube: https://lnkd.in/gfpaCriv

Spotify: https://lnkd.in/gfGWfHg5

Apple: https://lnkd.in/gQ_m-8V3",2024-03-21T07:08:34.438Z,"urn:li:comment:(ugcPost:7176472734330228737,7176474756643246081)",819ccc5c3f4c52a88919bc4a2a8608e8f3c51e6f84c91e1d2bb69cae6eb03c40,urn:li:ugcPost:7176472734330228737,19e2243d15b10e7b0de0876a6df2f922d0ee6f2fd8c8b095f6b933b9ae53aafe,7176472734330228737,links to the full podcast youtube spotify apple,0.0,1.0,0.0,0.0,Neutral
