Full Name,Profile URL,Headline,Comment,Timestamp,Comment URN,Comment Hash,Post URN,Post Hash,post_urn_id,processed_comment,sentiment_negative,sentiment_neutral,sentiment_positive,sentiment_compound,sentiment_label
Mihir Mehta,https://www.linkedin.com/in/mihirmehta777,Co-Founder & COO @ Nummi / Building the conscious layer of personal AI,Would like to connect with you and reach out to share what I'm doing in the healthtech space! Please do accept my connection request.,2024-11-27T07:11:51.591Z,"urn:li:comment:(activity:7249647329790590976,7267434937828421632)",7c001a231560af764e1d9c2cd9001d20ff6a5607e5b259580d3902c6dee6c784,urn:li:activity:7249647329790590976,db506b81e24b1b6d22586497d3bb55a3d10b538bdbed2774fab92b02cfb86b74,7249647329790590976,would like to connect with you and reach out to share what im doing in the healthtech space please do accept my connection request,0.0,0.64,0.36,0.8271,Positive
Abhishek Tote,https://www.linkedin.com/in/abhishek-tote-8073a466,Business Growth Manager at Dream Catalyzer,You have not mentioned Yoga and Ayurveda anywhere over hear which is thousands of year old sience for health and well-being,2024-11-26T16:00:47.979Z,"urn:li:comment:(activity:7249647329790590976,7267205662017810432)",91c39a21e9f4ac7b1a3be18a9030d9b806f02d2ca76cff552dd8e75e5210dfda,urn:li:activity:7249647329790590976,db506b81e24b1b6d22586497d3bb55a3d10b538bdbed2774fab92b02cfb86b74,7249647329790590976,you have not mentioned yoga and ayurveda anywhere over hear which is thousands of year old sience for health and wellbeing,0.0,1.0,0.0,0.0,Neutral
Khan Leebah,https://www.linkedin.com/in/khan-leebah-2018ba1b0,Customer Success & Business Development Professional | Client Relationship Management | Retention & Strategic Growth | Service Excellence,"Completely resonate with your point on corporate wellness. Despite all the buzz, it's been tough to see true adoption and impact. Perhaps the next wave will be more focused on mental health support for employees?",2024-11-18T11:49:16.460Z,"urn:li:comment:(activity:7249647329790590976,7264243260678701058)",6bf83d1d73e2f8f1ad6ba3f9e9ee79638191a728dccc60d62527eddb0df6f18c,urn:li:activity:7249647329790590976,db506b81e24b1b6d22586497d3bb55a3d10b538bdbed2774fab92b02cfb86b74,7249647329790590976,completely resonate with your point on corporate wellness despite all the buzz its been tough to see true adoption and impact perhaps the next wave will be more focused on mental health support for employees,0.035,0.701,0.264,0.8687,Positive
Nageshwar Adhikarla,https://www.linkedin.com/in/nageshwaradhikarla,Building Aambrella(aka nektrr.com),Thank you for sharing. Quite helpful.,2024-11-05T06:05:02.485Z,"urn:li:comment:(activity:7249647329790590976,7259445589380120576)",38551ee6c0b861910bcc0914159bd8672afa547e5f9c86605dbeef10ca8aabb1,urn:li:activity:7249647329790590976,db506b81e24b1b6d22586497d3bb55a3d10b538bdbed2774fab92b02cfb86b74,7249647329790590976,thank you for sharing quite helpful,0.0,0.263,0.737,0.8122,Positive
Parag Agrawal,https://www.linkedin.com/in/paragag,DrRing - Emergency? Just Press | Microsoft for Startups | Startup India | xMicrosoft,"Regarding point 4 and in general from the healthcare providers standpoint, my honest opinion is, the majority of organizations are still on Systems of record and have not made a shift to Systems of engagement and then Innovation due to several reasons.",2024-10-25T04:08:24.653Z,"urn:li:comment:(activity:7249647329790590976,7255429971823714305)",b4334f5820132189c72fc733b894056bf91d488bc4038881f62f41d738844a10,urn:li:activity:7249647329790590976,db506b81e24b1b6d22586497d3bb55a3d10b538bdbed2774fab92b02cfb86b74,7249647329790590976,regarding point and in general from the healthcare providers standpoint my honest opinion is the majority of organizations are still on systems of record and have not made a shift to systems of engagement and then innovation due to several reasons,0.0,0.806,0.194,0.836,Positive
Dr. Sumedha Gupta,https://www.linkedin.com/in/dr-sumedha-gupta,Ayurvedic Research and communications @Forest Essentials.,Insightful,2024-10-22T13:33:51.586Z,"urn:li:comment:(activity:7249647329790590976,7254485108093509632)",b329e1e71b88bffd369eb076dfcfd8bf8a657623b2f5fcbf69231e42ffa320a0,urn:li:activity:7249647329790590976,db506b81e24b1b6d22586497d3bb55a3d10b538bdbed2774fab92b02cfb86b74,7249647329790590976,insightful,0.0,1.0,0.0,0.0,Neutral
Harika Sachdev,https://www.linkedin.com/in/harikasachdev,I compassionately coach people to harness their inner strength | People Development | Business Consulting | Grief & Caregiver Coaching | Digital Marketing Consulting,Some great observations here Dilip Kumar. I hope that the evidence part of all 'new age health' solutions is also taken seriously. We need thorough testing and reviews that will bring the best quality products/solutions to forefront.,2024-10-21T15:03:15.507Z,"urn:li:comment:(activity:7249647329790590976,7254145218143272960)",7b9c50038e683990d64a8f99a8b209fcc1a89233a4ce6b065fd862768b186602,urn:li:activity:7249647329790590976,db506b81e24b1b6d22586497d3bb55a3d10b538bdbed2774fab92b02cfb86b74,7249647329790590976,some great observations here dilip kumar i hope that the evidence part of all new age health solutions is also taken seriously we need thorough testing and reviews that will bring the best quality productssolutions to forefront,0.037,0.68,0.283,0.9042,Positive
Malathidevi T,https://www.linkedin.com/in/malathidevi-t-a6187726a,Business Development Manager at Presentation Monk | Expert in Customized Presentation Design |company profiles | pitch decks,Insightful observations! The maturity of health tech is indeed critical.,2024-10-19T10:43:32.670Z,"urn:li:comment:(activity:7249647329790590976,7253355083260665857)",c8444c2bcfa7e1bff11a8fff8c75a5af578f46a559be151704192a614044462e,urn:li:activity:7249647329790590976,db506b81e24b1b6d22586497d3bb55a3d10b538bdbed2774fab92b02cfb86b74,7249647329790590976,insightful observations the maturity of health tech is indeed critical,0.204,0.796,0.0,-0.3182,Negative
Dr Sandip Banerjee,https://www.linkedin.com/in/dr-sandip-banerjee-32440418,Surgeon | Docpreneur | Founder Pelvinic,Single speciality Center’s or mid size hospitals backed with tech support should also be considered as having huge potential for future.,2024-10-18T13:08:04.029Z,"urn:li:comment:(activity:7249647329790590976,7253029065706594304)",7a64dfc323f771d3416a1a8a9286fefbb0975a3921602783d241f1904912c501,urn:li:activity:7249647329790590976,db506b81e24b1b6d22586497d3bb55a3d10b538bdbed2774fab92b02cfb86b74,7249647329790590976,single speciality centers or mid size hospitals backed with tech support should also be considered as having huge potential for future,0.0,0.747,0.253,0.6249,Positive
Ramesh Juneja Dr. (Phd),https://www.linkedin.com/in/ramesh-juneja-dr-phd-47814814,"Founder | Angel investor | Health & Hygiene | Strategy, Sales & Marketing Leadership | Ex Relaince, Ex Sun pharma, Ex Cipla, Arlyn life, Nanz Medscience , BJWhealth",Very informative,2024-10-16T16:58:03.698Z,"urn:li:comment:(activity:7249647329790590976,7252362169982283776)",01fb94f42fc5b434a2364f6a65dfc9b4f11734a7f56560bbe574d4b7242ca47b,urn:li:activity:7249647329790590976,db506b81e24b1b6d22586497d3bb55a3d10b538bdbed2774fab92b02cfb86b74,7249647329790590976,very informative,0.0,1.0,0.0,0.0,Neutral
Siddhant Jain,https://www.linkedin.com/in/siddhant-jain-881942147,"AI Product @ BlueMachines.ai | Conversational AI Solutions for CX, Sales and Operations",Tanvi Ahuja,2024-10-15T14:37:26.753Z,"urn:li:comment:(activity:7249647329790590976,7251964395004534785)",4e5c3f63790f6e5cdea707d88eea78e9e3a881a4c5c94ef8c068a8fdadaa1cf7,urn:li:activity:7249647329790590976,db506b81e24b1b6d22586497d3bb55a3d10b538bdbed2774fab92b02cfb86b74,7249647329790590976,tanvi ahuja,0.0,1.0,0.0,0.0,Neutral
Yash Shah,https://www.linkedin.com/in/yash-shah-venture-capital-and-startups,Founder’s Office @Enrich | IIM Bangalore NSRCEL | 100X.VC | Félix Pickleball and House of Pickle India | Startups | Venture Capital | Culture,Mihir Mehta Bhavesh Shah,2024-10-15T04:54:04.341Z,"urn:li:comment:(activity:7249647329790590976,7251817584247939074)",f3f58d25e3f9870909700e3882e5d8ff27201b26bc46baf1d839737044360dd2,urn:li:activity:7249647329790590976,db506b81e24b1b6d22586497d3bb55a3d10b538bdbed2774fab92b02cfb86b74,7249647329790590976,mihir mehta bhavesh shah,0.0,1.0,0.0,0.0,Neutral
Prashant Bohra,https://www.linkedin.com/in/prashbohra,CEO and Co-Founder,Insightful,2024-10-15T02:27:42.610Z,"urn:li:comment:(activity:7249647329790590976,7251780750998454272)",818e4db4db36e9823644b8b1d9f999a51e9d02e01e30f11193e3d9dc887b6ba1,urn:li:activity:7249647329790590976,db506b81e24b1b6d22586497d3bb55a3d10b538bdbed2774fab92b02cfb86b74,7249647329790590976,insightful,0.0,1.0,0.0,0.0,Neutral
Mithoon Padmanabhn M,https://www.linkedin.com/in/mithoon,"Founder, Eat Svasth",Very informative,2024-10-14T02:15:36.616Z,"urn:li:comment:(activity:7249647329790590976,7251415318093340672)",d415cbf6894395eb29564801482da56a1f60f9384378a38780dd727fde65077e,urn:li:activity:7249647329790590976,db506b81e24b1b6d22586497d3bb55a3d10b538bdbed2774fab92b02cfb86b74,7249647329790590976,very informative,0.0,1.0,0.0,0.0,Neutral
Leena Goyal,https://www.linkedin.com/in/leena-goyal,MoHFW | NHSRC | Public Health | Climate Change | Policy & Planning | Health System Strengthening | Strategy & Partnerships | Learner,Very insightful,2024-10-13T17:52:31.018Z,"urn:li:comment:(activity:7249647329790590976,7251288710518882304)",de27740d15aaf8abeedabe4b980376b93c50a57edac5c9d57cb2c2c956b4634c,urn:li:activity:7249647329790590976,db506b81e24b1b6d22586497d3bb55a3d10b538bdbed2774fab92b02cfb86b74,7249647329790590976,very insightful,0.0,1.0,0.0,0.0,Neutral
R. P. Yadav,https://www.linkedin.com/in/r-p-yadav-sr4ipr,"Patent & Trade Mark Attorney | Managing Partner at sr4ipr Partners | 38+ Yrs Expertise in IP Protection, Patent Filing & Brand Strategy | Helping Innovators, Startups & Corporates Secure Their IP Worldwide.",Very informative,2024-10-13T16:36:50.580Z,"urn:li:comment:(activity:7249647329790590976,7251269666541576193)",2dac2fec33b3edf21d10e81aeff69d7681648567b1de571f266b9554f93ae7cd,urn:li:activity:7249647329790590976,db506b81e24b1b6d22586497d3bb55a3d10b538bdbed2774fab92b02cfb86b74,7249647329790590976,very informative,0.0,1.0,0.0,0.0,Neutral
Phalguni Mestry,https://www.linkedin.com/in/phalguni-mestry,Founder of JUNE | Innovator in Emergency Healthcare Solutions,"As a healthtech founder building an emergency app, I agree with your point that preventive health is growing, but I wonder from which perspective. While our emergency app idea has been validated, we’re facing challenges securing funding, as many VCs and investors don’t see it as an attractive opportunity. I understand there’s a perceived risk, but not addressing the critical gap in emergency care feels even riskier. I’d love to hear your thoughts on how we can frame the importance of investing in this space, given the potential impact on lives and health outcomes.",2024-10-13T12:45:08.798Z,"urn:li:comment:(activity:7249647329790590976,7251211358241755137)",d18907b7694a55b59fb607c979a4f372bfee1a2c73e0c028f65c86089be7bbe5,urn:li:activity:7249647329790590976,db506b81e24b1b6d22586497d3bb55a3d10b538bdbed2774fab92b02cfb86b74,7249647329790590976,as a healthtech founder building an emergency app i agree with your point that preventive health is growing but i wonder from which perspective while our emergency app idea has been validated were facing challenges securing funding as many vcs and investors dont see it as an attractive opportunity i understand theres a perceived risk but not addressing the critical gap in emergency care feels even riskier id love to hear your thoughts on how we can frame the importance of investing in this space given the potential impact on lives and health outcomes,0.119,0.606,0.275,0.9574,Positive
Arsh Bansal,https://www.linkedin.com/in/arsh-bansal-b0082135,Building Soulful stays and experiences across India through The Almanac.,Ameya Patel Sanya Shah,2024-10-13T12:09:13.035Z,"urn:li:comment:(activity:7249647329790590976,7251202316320612352)",713da6bb2dd43e4bfd56f436f6b36eb2baef243777ad815f6096ac5e314f7b6c,urn:li:activity:7249647329790590976,db506b81e24b1b6d22586497d3bb55a3d10b538bdbed2774fab92b02cfb86b74,7249647329790590976,ameya patel sanya shah,0.0,1.0,0.0,0.0,Neutral
Yogesh R.,https://www.linkedin.com/in/yogesh-r-8947382,Innovator and Solutions Designer,Useful tips Dilip Kumar ..,2024-10-13T04:13:49.436Z,"urn:li:comment:(activity:7249647329790590976,7251082679671046145)",ee8bd75f19a60ac50efbd3477ec0487b525dac3fd976dfab188fda416d9fc34e,urn:li:activity:7249647329790590976,db506b81e24b1b6d22586497d3bb55a3d10b538bdbed2774fab92b02cfb86b74,7249647329790590976,useful tips dilip kumar,0.0,0.508,0.492,0.4404,Positive
Dr.Sheikh Mukhtar,https://www.linkedin.com/in/brunei,Founder/Chairman at HT Corporation CO-Founder at DigiClinics #AI&CyberSecurity #HealthTech #EduTech #SolarTech #AgriTech #Waste Management Solutions #FDI Services #Corporate Financial Advisory BRUNEI-ASEAN-GCC-CHINA,Informative and thanks for sharing Dilip Kumar ,2024-10-11T11:56:10.595Z,"urn:li:comment:(activity:7249647329790590976,7250474258793947136)",219c492ce8a49026c56b3d0902359001f307afe7fb38074c248412472a49577f,urn:li:activity:7249647329790590976,db506b81e24b1b6d22586497d3bb55a3d10b538bdbed2774fab92b02cfb86b74,7249647329790590976,informative and thanks for sharing dilip kumar,0.0,0.467,0.533,0.6908,Positive
Satya Yennamani,https://www.linkedin.com/in/satya-yennamani,ERP & Enterprise Software Sales | Helping Businesses Solve Operational Challenges with Smart Tech | Absolin,Insightful,2024-10-11T04:29:16.925Z,"urn:li:comment:(activity:7249647329790590976,7250361794110668800)",64dcc1b181eaafcf3a4aa8b923b4d27d72eaea6ff869b16ff4f1aaff27018195,urn:li:activity:7249647329790590976,db506b81e24b1b6d22586497d3bb55a3d10b538bdbed2774fab92b02cfb86b74,7249647329790590976,insightful,0.0,1.0,0.0,0.0,Neutral
Navneet Kumar,https://www.linkedin.com/in/navneet-kumar-92247412,"38 Years Experience l 2,000+ Healthcare Employers l 33,000+ Verified Candidates l 7 Days Hiring Closure Service l 8508+ Retail Pharmacies Network l TalentMD.in l Pharmaplus.Network",Nice,2024-10-10T19:58:57.217Z,"urn:li:comment:(activity:7249647329790590976,7250233365746876416)",e4bfea719c1bb6c91092b994de82b23a5e136e06733b5b49faab6646702f80eb,urn:li:activity:7249647329790590976,db506b81e24b1b6d22586497d3bb55a3d10b538bdbed2774fab92b02cfb86b74,7249647329790590976,nice,0.0,0.0,1.0,0.4215,Positive
Sameera Bandari🍄,https://www.linkedin.com/in/sameerabandari,"Founder,Soultripp | Certified 🍄 coach guiding hustlers break free from burnout & rat-race with level-up getaways | NSRCEL IIMB, ex-KPMG",Dilip what can we do better to increase adoption for corporate wellness? I imagine measuring outcomes would help.,2024-10-10T13:12:12.926Z,"urn:li:comment:(activity:7249647329790590976,7250131006735671297)",b5ae2cb005d41eb2c2742fabfbcf777fa6fcc3ea8f079e238359a5d6e593dc79,urn:li:activity:7249647329790590976,db506b81e24b1b6d22586497d3bb55a3d10b538bdbed2774fab92b02cfb86b74,7249647329790590976,dilip what can we do better to increase adoption for corporate wellness i imagine measuring outcomes would help,0.0,0.546,0.454,0.8689,Positive
Trupti Bagde,https://www.linkedin.com/in/truptibagdesocial,"Building the 'go-to' parenting & children wellness platform & hustling to make it relevant & scalable! Also an aspiring writer, fitness enthusiast & a happy soul!",insightful as always! Thank you.,2024-10-10T06:48:47.289Z,"urn:li:comment:(activity:7249647329790590976,7250034514096234497)",3cdb746e00c393684af0a662d94d3325e01abc783ac7fd92baa173dbb7285c61,urn:li:activity:7249647329790590976,db506b81e24b1b6d22586497d3bb55a3d10b538bdbed2774fab92b02cfb86b74,7249647329790590976,insightful as always thank you,0.0,0.615,0.385,0.3612,Positive
Sameer A,https://www.linkedin.com/in/sleeprocks,I bring top sleep. Catch me live on YouTube.,"Wonderful insights. Thank you. 

There's this thing called Sleep - that's been grossly misunderstood. I wrote the book so a non medical person can appreciate what exactly is going on between the ears. Insights from my research are on ig/thesleepfactor

Have you had a chance to experience how sleep changes us ? As kids we didn't realize. But as adults we have somewhat accepted that snoozing means losing. That's so contrary to the reality. 

Love to chat more on this. ",2024-10-10T03:38:47.398Z,"urn:li:comment:(activity:7249647329790590976,7249986699492020224)",e7524d90c0f53d33ccdd820990d3845136e0e9aa6d2bfcf971dce45a1733d44a,urn:li:activity:7249647329790590976,db506b81e24b1b6d22586497d3bb55a3d10b538bdbed2774fab92b02cfb86b74,7249647329790590976,wonderful insights thank you theres this thing called sleep thats been grossly misunderstood i wrote the book so a non medical person can appreciate what exactly is going on between the ears insights from my research are on igthesleepfactor have you had a chance to experience how sleep changes us as kids we didnt realize but as adults we have somewhat accepted that snoozing means losing thats so contrary to the reality love to chat more on this,0.074,0.75,0.176,0.8364,Positive
Sunit Ambadi,https://www.linkedin.com/in/sunit-ambadi-415b1516,Director and COO at Healthnovo Digilife,Very well summarized Dilip. Hoping to get an opportunity to connect next time,2024-10-10T01:26:41.583Z,"urn:li:comment:(activity:7249647329790590976,7249953456210251778)",71eee6e4c629561c19facf2fe68cbba86df4bb984b575500c9b1ed323c1b035e,urn:li:activity:7249647329790590976,db506b81e24b1b6d22586497d3bb55a3d10b538bdbed2774fab92b02cfb86b74,7249647329790590976,very well summarized dilip hoping to get an opportunity to connect next time,0.0,0.556,0.444,0.7902,Positive
Nikkhil Jadhav (L.I.O.N),https://www.linkedin.com/in/nikkhil-jadhav-l-i-o-n-505a6a15,"Marketing | Strategy I Training I Hospitals I Diagnostics I SAAS I Mentor - Wadhwani Foundation, IIT Bombay, India Accelarator.AISEA - IIT Hyderbad. Healthians.Healthy Labs. 1mg.Apni Sawary","Very insightful. Point 11 and 23 (it’s in extended part over Twitter) are something which every healthcare service provider needs to look at. It’s fundamental. You can’t have product or services without people and best way to reach out and stay out there is via community. It’s been happening for ages. Community had been best channel for success of any product as there is peer endorsements and group commitment over the usage as well as utility of the product. Correction and pivoting is easier and the marketing efforts are as good as explaining it to bunch of people and once they are convinced they carry the information just like bees spreading the pollen grain which then grows where ever it drops. Unfortunately even the leaders driving community marketing aren’t able to stay focused till the other end of tunnel. It’s a hercualian task to drive through the lane of community marketing where you deal with real people and real reaction. Building a relatable product, adaptable and understandable content is key because something which cannot be communicated cannot be consumed. Likewise corporate marketing is also driven by what we have rather than what they want. Product are built in isolation & expected to be adapted in crowd. Cheers",2024-10-10T01:04:29.272Z,"urn:li:comment:(activity:7249647329790590976,7249947868092923904)",8c1357305c23ce425e79a04d421b30c04cf184effd43873cd3b344731e5a6709,urn:li:activity:7249647329790590976,db506b81e24b1b6d22586497d3bb55a3d10b538bdbed2774fab92b02cfb86b74,7249647329790590976,very insightful point and its in extended part over twitter are something which every healthcare service provider needs to look at its fundamental you cant have product or services without people and best way to reach out and stay out there is via community its been happening for ages community had been best channel for success of any product as there is peer endorsements and group commitment over the usage as well as utility of the product correction and pivoting is easier and the marketing efforts are as good as explaining it to bunch of people and once they are convinced they carry the information just like bees spreading the pollen grain which then grows where ever it drops unfortunately even the leaders driving community marketing arent able to stay focused till the other end of tunnel its a hercualian task to drive through the lane of community marketing where you deal with real people and real reaction building a relatable product adaptable and understandable content is key because something which cannot be communicated cannot be consumed likewise corporate marketing is also driven by what we have rather than what they want product are built in isolation expected to be adapted in crowd cheers,0.052,0.827,0.121,0.9112,Positive
Sagar Bergi,https://www.linkedin.com/in/sagarbergi,Looking for next moonshot Team,"I think we need more deeptech in biomedical healtcare space, also some patented reasearch will have strong moat. Robotics +AI in healthcare will be the future. Some intresting examples 

1) MRI +CT scan or any laboratory technologist robots
2) Disease detection models
3) Cancer prediction models
4) Robotics Surgery technology",2024-10-09T19:58:27.415Z,"urn:li:comment:(activity:7249647329790590976,7249870852886781952)",7237a92aeb83d87d1ac3a42befccfcdbebbddf2c23bce303a0d186250518f757,urn:li:activity:7249647329790590976,db506b81e24b1b6d22586497d3bb55a3d10b538bdbed2774fab92b02cfb86b74,7249647329790590976,i think we need more deeptech in biomedical healtcare space also some patented reasearch will have strong moat robotics ai in healthcare will be the future some intresting examples mri ct scan or any laboratory technologist robots disease detection models cancer prediction models robotics surgery technology,0.087,0.848,0.065,-0.2732,Negative
Amar Haksar,https://www.linkedin.com/in/amarhaksar,"Master Mindset & Performance Coach/Motivational Speaker/Fitness+Life+Executive Coach/Endurance Enthusiast. 1st Indian to cycle 5,700kms sole/unsupported across USA & 1,500+ consecutive day triathlon activity streak.","The biggest problem is that people think a product, device or measurement is going to (somehow) result in, or lead to, good health.

How many wearables are sold in those Blue Zones??

I suppose, it can be a starting point on that journey.

But, in my experience, it is far more of an ""internal"" journey.

There are 2 key requirements - Mindset Change and Physical Activity.

Without these, its all just noise!

Granted that some devices can be indirect motivators via gamification and stuff...but, without the mindset shift/development, that novelty wears off when that initial motivation fades.

Consistency is the key...and that requires a strong mindset.

Consistency doesn't need a wearable...it needs discipline! 😀 ",2024-10-09T17:37:14.936Z,"urn:li:comment:(activity:7249647329790590976,7249835316730101761)",5e051bc75f6752b6e200155a5051e9f0277f3aa6327b38d8fc689e3715d1e993,urn:li:activity:7249647329790590976,db506b81e24b1b6d22586497d3bb55a3d10b538bdbed2774fab92b02cfb86b74,7249647329790590976,the biggest problem is that people think a product device or measurement is going to somehow result in or lead to good health how many wearables are sold in those blue zones i suppose it can be a starting point on that journey but in my experience it is far more of an internal journey there are key requirements mindset change and physical activity without these its all just noise granted that some devices can be indirect motivators via gamification and stuffbut without the mindset shiftdevelopment that novelty wears off when that initial motivation fades consistency is the keyand that requires a strong mindset consistency doesnt need a wearableit needs discipline,0.016,0.879,0.104,0.8793,Positive
"Dr.Raj Subramanian, PhD, PMP",https://www.linkedin.com/in/sraja2911,Co-founder #AI #imagingdiagnostics #digitalpathology #breastcancer #healthtech #womenshealth #Cybersecurity,"Insightful... Current clinical advancements are mere tech/AI advancements due to tech growth, and that too in Clinical admin/procedural workflows automation. 
Real patient-care AI is needed in screening/diag/treatment efficiency, which requires deep-domain understanding (by tech) & adoption (by medical).

An inter-disciplinary mindset is the need. Its time for tech/medical academia to reform themselves for better future and co-existence",2024-10-09T16:43:55.793Z,"urn:li:comment:(activity:7249647329790590976,7249821898551799808)",dd5a7da8d527929d49941a48d9d9f27af7bbfd8c5c294eca497f7d99886cb59e,urn:li:activity:7249647329790590976,db506b81e24b1b6d22586497d3bb55a3d10b538bdbed2774fab92b02cfb86b74,7249647329790590976,insightful current clinical advancements are mere techai advancements due to tech growth and that too in clinical adminprocedural workflows automation real patientcare ai is needed in screeningdiagtreatment efficiency which requires deepdomain understanding by tech adoption by medical an interdisciplinary mindset is the need its time for techmedical academia to reform themselves for better future and coexistence,0.0,0.869,0.131,0.7906,Positive
Prabodh Kumar PATTNAIK,https://www.linkedin.com/in/prabodh-kumar-pattnaik-7b3479142,"Bachelor of Technology - BTech at Gandhi Institute of Engineering and Technology (GIET), Gunupur",Love this,2024-10-09T14:47:47.862Z,"urn:li:comment:(activity:7249647329790590976,7249792672930938882)",3544ab902e1d5b769f068c4f0590c1836197ac887dc8f00b4b0479f7fd5e30fe,urn:li:activity:7249647329790590976,db506b81e24b1b6d22586497d3bb55a3d10b538bdbed2774fab92b02cfb86b74,7249647329790590976,love this,0.0,0.192,0.808,0.6369,Positive
Syed Nasar Hasan Rizvi,https://www.linkedin.com/in/syed-nasar-hasan-rizvi,Building Daneen Biotherapeutics,Insightful !Dilip Kumar ,2024-10-09T14:08:49.878Z,"urn:li:comment:(activity:7249647329790590976,7249782866715262976)",a8211acf47472b7f85ae8d831a3c75662da9464241afe6dafaff8879fe7ffe63,urn:li:activity:7249647329790590976,db506b81e24b1b6d22586497d3bb55a3d10b538bdbed2774fab92b02cfb86b74,7249647329790590976,insightful dilip kumar,0.0,1.0,0.0,0.0,Neutral
Karan Sancheti,https://www.linkedin.com/in/karan-sancheti-4b858215a,Building Saaya,"Very informative Dilip Kumar 

what segment of population (child, eldercare middle aged men and women) have you seen most traction towards w.r.t D2C healthcare startups? And which consumer segment  is the most ignored? - is this approach even valid(building specifically for a demographic segment)?

Also difficulties in clinical adoption of newer technologies stem in large part due to doctors being uncomfortable with anything but the age old pen and pad system. In light of that, does medical education and training have potential too such that we are able to create a generation of clinicians that are aware and equipped to embrace further automation amongst other changes in the medical landscape?",2024-10-09T13:55:18.093Z,"urn:li:comment:(activity:7249647329790590976,7249779461842235394)",d93aa9dbea400fe2c47c2a52e695c9fdd8ce5a9da12c1cf58a239e376e7b7608,urn:li:activity:7249647329790590976,db506b81e24b1b6d22586497d3bb55a3d10b538bdbed2774fab92b02cfb86b74,7249647329790590976,very informative dilip kumar what segment of population child eldercare middle aged men and women have you seen most traction towards wrt dc healthcare startups and which consumer segment is the most ignored is this approach even validbuilding specifically for a demographic segment also difficulties in clinical adoption of newer technologies stem in large part due to doctors being uncomfortable with anything but the age old pen and pad system in light of that does medical education and training have potential too such that we are able to create a generation of clinicians that are aware and equipped to embrace further automation amongst other changes in the medical landscape,0.046,0.904,0.05,0.3407,Positive
Dr.Abhishek J Benur,https://www.linkedin.com/in/abhishek-j-benur,Co-founder&CEO at Parabox|Co-founder and host at Medhustlrs||Healthcare|Innovation|MD Respiratory Medicine(AIIMS Rishikesh),"Hi dileep ,about point 9,the entire exercise of AI into health should be slow because we are dealing with lives here,slow will ensure more accuracy",2024-10-09T13:43:28.516Z,"urn:li:comment:(activity:7249647329790590976,7249776485660557312)",0caee0bd5956d8bd14f6b6677b371fbddcf56cc0fdfe063827aac2e3627784c0,urn:li:activity:7249647329790590976,db506b81e24b1b6d22586497d3bb55a3d10b538bdbed2774fab92b02cfb86b74,7249647329790590976,hi dileep about point the entire exercise of ai into health should be slow because we are dealing with lives hereslow will ensure more accuracy,0.0,0.902,0.098,0.3818,Positive
Satyam Vivek,https://www.linkedin.com/in/satyam-vivek-6abb04329,Attended Magadh University,Very informative,2024-10-09T13:42:31.194Z,"urn:li:comment:(activity:7249647329790590976,7249776245234634752)",f351c44e200fdd6ea45260bd85e71ae7aabd1b4da10af04db7928a600d6e2614,urn:li:activity:7249647329790590976,db506b81e24b1b6d22586497d3bb55a3d10b538bdbed2774fab92b02cfb86b74,7249647329790590976,very informative,0.0,1.0,0.0,0.0,Neutral
Dr. Atish Laddad,https://www.linkedin.com/in/dr-atish-laddad-049a9117,"Pediatrician and Founder, Docterz","Nice one, I think the hierarchy of points is also well set.",2024-10-09T13:19:23.899Z,"urn:li:comment:(activity:7249647329790590976,7249770426497699840)",0e2be18a1bbee587c92651884304a002f38dbac2ef3beadf8da8e8f6f1f9e93c,urn:li:activity:7249647329790590976,db506b81e24b1b6d22586497d3bb55a3d10b538bdbed2774fab92b02cfb86b74,7249647329790590976,nice one i think the hierarchy of points is also well set,0.0,0.647,0.353,0.5994,Positive
Jayant Ghosh,https://www.linkedin.com/in/jayantghosh,"From Scaling Businesses to Leading Transformation | Sales, Growth, GTM & P&L Leadership | SaaS, AI/ML, IoT | CXO Partnerships | Building Future-Ready Businesses"," These observations on the healthcare startup sector are incredibly insightful Dilip Kumar. Nithin Kondapuram, Siri Srinivas Prattusha Chatterjee, I think we are in the right space.  ",2024-10-09T13:03:58.213Z,"urn:li:comment:(activity:7249647329790590976,7249766543889227777)",c37dbd0dda0e77780d5f563012bddd3d30d29c44c5deb0ad2d20f17d2ca83c3c,urn:li:activity:7249647329790590976,db506b81e24b1b6d22586497d3bb55a3d10b538bdbed2774fab92b02cfb86b74,7249647329790590976,these observations on the healthcare startup sector are incredibly insightful dilip kumar nithin kondapuram siri srinivas prattusha chatterjee i think we are in the right space,0.0,1.0,0.0,0.0,Neutral
Sakib Muhammad Anwar,https://www.linkedin.com/in/sakibmuhammadanwar,Procurement & Supply Chain Professional | Helping People & Business for Success,"Hi dilip, such an interesting insight from the industry. Would love more of this",2024-10-09T13:02:54.770Z,"urn:li:comment:(activity:7249647329790590976,7249766277789982722)",527f69555d26dd49cf0d69670262e580f7d19db39e2348b3d13018508c2bfe09,urn:li:activity:7249647329790590976,db506b81e24b1b6d22586497d3bb55a3d10b538bdbed2774fab92b02cfb86b74,7249647329790590976,hi dilip such an interesting insight from the industry would love more of this,0.0,0.635,0.365,0.7845,Positive
Utkarsh Luthra,https://www.linkedin.com/in/utkarshluthra,"CEO, Medoc Health; Streamlining Healthcare Operations, Increasing Accessibility, and Improving Patient Outcomes | Author (Chakr)",The entirety of the link is extremely on point. Really validates a lot!,2024-10-09T12:49:29.062Z,"urn:li:comment:(activity:7249647329790590976,7249762898405679105)",92b9379600e5878efab047b730a132ffc49d4950fb156edc5474e7665ba1e7c9,urn:li:activity:7249647329790590976,db506b81e24b1b6d22586497d3bb55a3d10b538bdbed2774fab92b02cfb86b74,7249647329790590976,the entirety of the link is extremely on point really validates a lot,0.0,0.803,0.197,0.4005,Positive
Dr. Kamal Kapur,https://www.linkedin.com/in/dr-kamal-kapur-6b94021b,"""Founder & Director at Medifinder | Health Insurance Expert | Specialist in Hospital Network Management, Audit, and Claims | 15 Years of Experience in Health Insurance and Hospital Administration""",Mental health and utilisation of the available resources is the key for the health care sector.,2024-10-09T12:36:29.518Z,"urn:li:comment:(activity:7249647329790590976,7249759628761169920)",c26b255164be1a50026dd6cc10a2908fe1d2cfb4bc0a6ce180fc6bee4713aaa3,urn:li:activity:7249647329790590976,db506b81e24b1b6d22586497d3bb55a3d10b538bdbed2774fab92b02cfb86b74,7249647329790590976,mental health and utilisation of the available resources is the key for the health care sector,0.0,0.824,0.176,0.4939,Positive
Akshita Sharma,https://www.linkedin.com/in/akshita-sharma,"Advancing Social Impact | MEL for Nonprofits, Govt, CSR, Funders | Systems Change in Health, Education, Gender | Trust-Based Philanthropy",Dilip Kumar Thanks for sharing - super interesting! It’d be grateful if you could point me to startups in preventive healthcare :),2024-10-09T12:25:57.699Z,"urn:li:comment:(activity:7249647329790590976,7249756978720194562)",687329ae0792d5e8fdbd2dc2f9ef07f24f70f83bb3b8aea005d189d13b52adb3,urn:li:activity:7249647329790590976,db506b81e24b1b6d22586497d3bb55a3d10b538bdbed2774fab92b02cfb86b74,7249647329790590976,dilip kumar thanks for sharing super interesting itd be grateful if you could point me to startups in preventive healthcare,0.0,0.495,0.505,0.936,Positive
Aseem Mishra,https://www.linkedin.com/in/aseem-mishra-88a872b8,"Founder & CEO, Inventing Sensing Technologies for Universal Health Coverage","Interesting. One point that could be added...The industry has 3 legs... Diagnostics, Med Dev and Health/care tech... interesting the way the world operates in each of the three legs is very different from the other and hence many assumptions would fail (if intrinsic domain knowledge is not properly accounted for)...and that is hellish difficult to understand as well make someone else understand.",2024-10-09T12:00:16.961Z,"urn:li:comment:(activity:7249647329790590976,7249750516400824320)",4d12ca3287cd66a7a4abdf8f92cefb88d6266bc10f63dee934f5c243c922aa51,urn:li:activity:7249647329790590976,db506b81e24b1b6d22586497d3bb55a3d10b538bdbed2774fab92b02cfb86b74,7249647329790590976,interesting one point that could be addedthe industry has legs diagnostics med dev and healthcare tech interesting the way the world operates in each of the three legs is very different from the other and hence many assumptions would fail if intrinsic domain knowledge is not properly accounted forand that is hellish difficult to understand as well make someone else understand,0.14,0.757,0.103,-0.5719,Negative
Yash Chaudhary,https://www.linkedin.com/in/yash-chaudhary-285726223,Founder | Healthtech | IIT Roorkee,"Hi Dilip, 
For point 4, I believe that the adoption of ABDM is slow because the Indian healthcare system primarily relies on server-based software, which limits the interoperability of medical data. 

This, in turn, hinders technological advancements in practice. While we live in an era where AI can predict conditions like lung cancer, India is still transitioning from server-based systems to cloud computing.

My thesis is that SaaS companies in healthcare have significant growth potential, as we now possess cutting-edge technology to create products for a market that is about 10 years behind in terms of technology adoption.",2024-10-09T11:20:11.776Z,"urn:li:comment:(activity:7249647329790590976,7249740428319563776)",167dff2dcb6e7a309f76c6799cf37bc60c2038c0044c58ab8a460ccb273b9b71,urn:li:activity:7249647329790590976,db506b81e24b1b6d22586497d3bb55a3d10b538bdbed2774fab92b02cfb86b74,7249647329790590976,hi dilip for point i believe that the adoption of abdm is slow because the indian healthcare system primarily relies on serverbased software which limits the interoperability of medical data this in turn hinders technological advancements in practice while we live in an era where ai can predict conditions like lung cancer india is still transitioning from serverbased systems to cloud computing my thesis is that saas companies in healthcare have significant growth potential as we now possess cuttingedge technology to create products for a market that is about years behind in terms of technology adoption,0.043,0.869,0.088,0.3818,Positive
Ishu Singh,https://www.linkedin.com/in/ishusinghh,"making exercise & good food a lifestyle @fitin | B.Sc. P.E, Health & Sports Sciences","Good feedback.
Very insightful",2024-10-09T10:48:42.731Z,"urn:li:comment:(activity:7249647329790590976,7249732505090588672)",2c0599340083379424508d3bb987fb0171887bc44b0151c586a622070a1bb980,urn:li:activity:7249647329790590976,db506b81e24b1b6d22586497d3bb55a3d10b538bdbed2774fab92b02cfb86b74,7249647329790590976,good feedback very insightful,0.0,0.508,0.492,0.4404,Positive
Kaushik Ghosh,https://www.linkedin.com/in/kaushik-ghosh-chandra,"Strategic GTM Leader. Business Growth Catalyst.18+years of proven expertise in health care in revenue acceleration,market expansion and building high impact teams.Known for driving start up growth .",Very helpful,2024-10-09T10:25:12.433Z,"urn:li:comment:(activity:7249647329790590976,7249726589872062465)",9a1a138df45c3abfcaf0a1a97075f5da3c91219aae3837f988d62fd4958bcb45,urn:li:activity:7249647329790590976,db506b81e24b1b6d22586497d3bb55a3d10b538bdbed2774fab92b02cfb86b74,7249647329790590976,very helpful,0.0,0.244,0.756,0.4754,Positive
Sanjeev Shriya,https://www.linkedin.com/in/sanjeev-shriya,Founder - Smart Chip Limited,"Dilip, this is really helpful not only to understand the trends and issues - but also for new founders, trying to build Health solutions ! ",2024-10-09T10:21:41.995Z,"urn:li:comment:(activity:7249647329790590976,7249725707231059968)",1c42786d0edb17db22b5171d402d2bd6733c6cae9cdb5a8f99b07d0435f277ba,urn:li:activity:7249647329790590976,db506b81e24b1b6d22586497d3bb55a3d10b538bdbed2774fab92b02cfb86b74,7249647329790590976,dilip this is really helpful not only to understand the trends and issues but also for new founders trying to build health solutions,0.0,0.837,0.163,0.476,Positive
Kamal Maheshwari MD MPH FASA,https://www.linkedin.com/in/kamal-maheshwari-md-mph-fasa-1a202938,"Anesthesiologist, Kaiser South Sacramento","Agree with the overall assessment of Indian healthcare startup where the real impactful
Innovations are lacking.  

What next? As a doctor after going through differential diagnosis we confirm our diagnosis and build a management plan. 

One way forward is personalized healthcare solutions which require streamlined, longitudinal digital health information, contrast with current paper based information. This is hard and no good revenue model. But has to happen.",2024-10-09T10:06:43.936Z,"urn:li:comment:(activity:7249647329790590976,7249721940498620416)",be7a6599c24bec951ff6074a0f5de19e9e9b743f3e5e0eaf9be072aeda6eca99,urn:li:activity:7249647329790590976,db506b81e24b1b6d22586497d3bb55a3d10b538bdbed2774fab92b02cfb86b74,7249647329790590976,agree with the overall assessment of indian healthcare startup where the real impactful innovations are lacking what next as a doctor after going through differential diagnosis we confirm our diagnosis and build a management plan one way forward is personalized healthcare solutions which require streamlined longitudinal digital health information contrast with current paper based information this is hard and no good revenue model but has to happen,0.041,0.884,0.074,0.3071,Positive
Ashok Benial,https://www.linkedin.com/in/ashokbenial,"CEO, Founder, Investor, Partner, AI HealthTech Entreprenure, Owner of Medical Scribe, Billing Coding , RPO, KPO, BPO Company. ( Book your remote professional ), Cyber Security Expert and Service Provider, SOC,"," These observations are incredibly insightful, !Dilip Kumar. Your in-depth analysis of the healthcare startup sector in 2024 provides valuable perspective for both investors and entrepreneurs. It's clear that the landscape is evolving rapidly, and your keen insights will undoubtedly guide the industry forward.  ",2024-10-09T09:58:17.646Z,"urn:li:comment:(activity:7249647329790590976,7249719816964431872)",242fcc9c344a30995e14a4909d49b647fa0cf6cf9c4d4c694c15ddcdd412f207,urn:li:activity:7249647329790590976,db506b81e24b1b6d22586497d3bb55a3d10b538bdbed2774fab92b02cfb86b74,7249647329790590976,these observations are incredibly insightful dilip kumar your indepth analysis of the healthcare startup sector in provides valuable perspective for both investors and entrepreneurs its clear that the landscape is evolving rapidly and your keen insights will undoubtedly guide the industry forward,0.0,0.826,0.174,0.802,Positive
Rajat Somani,https://www.linkedin.com/in/rajasoma,Credit Card at RBL Bank,Thanks.. helpful summary,2024-10-09T09:21:09.682Z,"urn:li:comment:(activity:7249647329790590976,7249710472206168064)",b9a4f6f7d888b939bd311a2a55bacd26b6fb377bf698fddd8afa9ecea1f951f6,urn:li:activity:7249647329790590976,db506b81e24b1b6d22586497d3bb55a3d10b538bdbed2774fab92b02cfb86b74,7249647329790590976,thanks helpful summary,0.0,0.149,0.851,0.6908,Positive
Saurabh Soni,https://www.linkedin.com/in/saurabh-soni-826b343,Founder & CEO at DigiSparsh,"600+ startups in a short span is an excellent number but am surprised that you haven't come across or considered the startups that are fintechs focused in the healthcare sector. The combo of fintech & healthtech is impactful & allows a formidable blend of offerings. Here fintech doesn't mean lending only . Claim processing, payments & lending together, when offered to the healthcare sector, turns out to be an unmissable proposition #startups #fintech #healthtech #VC #investment",2024-10-09T09:13:47.611Z,"urn:li:comment:(activity:7249647329790590976,7249708618025996289)",e4e156afd8dff95809a425451a4edba71d3682030e44e42b23f4ff9d8cc2beea,urn:li:activity:7249647329790590976,db506b81e24b1b6d22586497d3bb55a3d10b538bdbed2774fab92b02cfb86b74,7249647329790590976,startups in a short span is an excellent number but am surprised that you havent come across or considered the startups that are fintechs focused in the healthcare sector the combo of fintech healthtech is impactful allows a formidable blend of offerings here fintech doesnt mean lending only claim processing payments lending together when offered to the healthcare sector turns out to be an unmissable proposition startups fintech healthtech vc investment,0.0,0.875,0.125,0.8047,Positive
Kuber Chaurasiya,https://www.linkedin.com/in/kuberiitb,AI & Data Science | IIT Bombay,"Great points.. 
I think you missed Rising Investment in Indian healthcare system by Private Equity firms. It's really a point of concern, because soon these investors will push the hospitals to increase profit and healthcare cost will increase for all Indians.",2024-10-09T09:08:46.468Z,"urn:li:comment:(activity:7249647329790590976,7249707354944856064)",ee21567dd9eda3c91d3f0b3dc70bf6bd523b5a46555213dc59556eab8ca84afd,urn:li:activity:7249647329790590976,db506b81e24b1b6d22586497d3bb55a3d10b538bdbed2774fab92b02cfb86b74,7249647329790590976,great points i think you missed rising investment in indian healthcare system by private equity firms its really a point of concern because soon these investors will push the hospitals to increase profit and healthcare cost will increase for all indians,0.046,0.711,0.243,0.8555,Positive
Karan Kumar,https://www.linkedin.com/in/karankumar15,I quit my 9-5 to help busy professionals get fit! | IIM Calcutta | BITS Pilani,"#1 Agreed. 
We haven't moved beyond 'You burnt x calories, did y steps and your sleep score was z.'
I believe HART ring is trying to do something better here with more actionable insights Jitendra Chouksey",2024-10-09T09:07:12.545Z,"urn:li:comment:(activity:7249647329790590976,7249706961003282432)",dbbb7924b21a79cca53b82c37f89c29e360a6e4c90aaac9fbf75f5db879bb9b8,urn:li:activity:7249647329790590976,db506b81e24b1b6d22586497d3bb55a3d10b538bdbed2774fab92b02cfb86b74,7249647329790590976,agreed we havent moved beyond you burnt x calories did y steps and your sleep score was z i believe hart ring is trying to do something better here with more actionable insights jitendra chouksey,0.0,0.853,0.147,0.6124,Positive
Anup Chopra,https://www.linkedin.com/in/anup-chopra-1b4291,Software Professional looking for a role to bring purposeful investment in IT to fruition,Rosario Iannella FYI,2024-10-09T08:52:57.370Z,"urn:li:comment:(activity:7249647329790590976,7249703374135115776)",bb2d78806bea60329c05b13036078418e04fdc2680f85be189c4c068c1d779ec,urn:li:activity:7249647329790590976,db506b81e24b1b6d22586497d3bb55a3d10b538bdbed2774fab92b02cfb86b74,7249647329790590976,rosario iannella fyi,0.0,0.526,0.474,0.2023,Positive
Gaurav Gupta,https://www.linkedin.com/in/gaurav1gupta,"Co-Founder, CEO @ CarePay | Full-stack Fintech for Healthcare","My takeaway from you post on potential winners:
1. AI in healthcare with clinical validation 
2. Mental health companies with stellar products 
3. Nutrition and D2C with quality products would win. 

Although I feel that all of the above are winners in any market, if you want to build a quality product in the above 3, build for a market that has 30-40x per capita income (read US)

IMO the following would win in Indian healthcare: 
1. Solution for payers and out of pocket expenses (simplification needed) 
2. Health infra companies building single specialty (AI and tech enabled) chains  
3. Low cost patient education - powered by AI - value derived from govt and pharma 
4. AI powered diagnostic screening for masses - value derived from pharma and public health agencies.",2024-10-09T08:25:17.212Z,"urn:li:comment:(activity:7249647329790590976,7249696410927841280)",bdcb0ada96b3cd52aad50672205d5d461b8f3e7195b95fc4b0bfc473acba83a2,urn:li:activity:7249647329790590976,db506b81e24b1b6d22586497d3bb55a3d10b538bdbed2774fab92b02cfb86b74,7249647329790590976,my takeaway from you post on potential winners ai in healthcare with clinical validation mental health companies with stellar products nutrition and dc with quality products would win although i feel that all of the above are winners in any market if you want to build a quality product in the above build for a market that has x per capita income read us imo the following would win in indian healthcare solution for payers and out of pocket expenses simplification needed health infra companies building single specialty ai and tech enabled chains low cost patient education powered by ai value derived from govt and pharma ai powered diagnostic screening for masses value derived from pharma and public health agencies,0.016,0.815,0.169,0.959,Positive
Sarvesh Bhise,https://www.linkedin.com/in/sarvesh-bhise-0a65091a,"Build, Innovation, NPI to GTM I Strategy I Startup I MM$ BD & Growth I 20 +yrs. I Healthcare/ Med-Tech/ Life Sciences, Digital & MFG.I AI 4 Good.","Well summarized. Thanks for sharing. 
 Though Healthcare Mgmt presents a large market with Payer, Providers and Wellness alluding at large TAMs, in reality LTV and CAC present a contrasting picture. 
Meanwhile MedTech,  Dx, Lifesciences,  LabTech, AI in Dx, Tx, Pharma all present strong use cases with MM$ opportunities but most investors lack patience,  core competency to understand nuances and appetite for LT RoI.

Healthcare investment in India can't be a mirror of US/ Developed market Startups. It's not fintech, ecommerce equivalent for sure.",2024-10-09T08:23:11.440Z,"urn:li:comment:(activity:7249647329790590976,7249695883401781248)",eeef857cc910623c8a8ebe66c16f1a8d4b28020d604051e76dbeba480d35b593,urn:li:activity:7249647329790590976,db506b81e24b1b6d22586497d3bb55a3d10b538bdbed2774fab92b02cfb86b74,7249647329790590976,well summarized thanks for sharing though healthcare mgmt presents a large market with payer providers and wellness alluding at large tams in reality ltv and cac present a contrasting picture meanwhile medtech dx lifesciences labtech ai in dx tx pharma all present strong use cases with mm opportunities but most investors lack patience core competency to understand nuances and appetite for lt roi healthcare investment in india cant be a mirror of us developed market startups its not fintech ecommerce equivalent for sure,0.09,0.739,0.171,0.5621,Positive
Piyush Sanduja,https://www.linkedin.com/in/piyushsanduja,IIT | ISB | Agenda+Health(4K+Doctors | 20M+Imp.) | Apollo24|7,Very informative Dilip,2024-10-09T08:22:24.257Z,"urn:li:comment:(activity:7249647329790590976,7249695685506187264)",6daeea093e0b8ef908a3f9d8847575264aac86de2a7f497cf28d7603301829c5,urn:li:activity:7249647329790590976,db506b81e24b1b6d22586497d3bb55a3d10b538bdbed2774fab92b02cfb86b74,7249647329790590976,very informative dilip,0.0,1.0,0.0,0.0,Neutral
Omkar Lachyane,https://www.linkedin.com/in/omkar-lachyane-4a4431212,"Revenue-Generating Copywriter | I Help SaaS/E-commerce Scale Through High-Converting Copy (emails, websites, campaigns)","600+ healthcare startups in one year?  Dilip Kumar...? srsly ?

That's some serious endurance – I guess you're living up to your 'endurance athlete' title! 🏃‍♂️

 Also, ‘Wearables no longer being the star’… looks like even our gadgets need to level up their game to keep up with the biohacking ninjas 🧘‍♂️.
 As for UPI for health not hitting India yet, maybe it's still buffering on a slow connection! 😅",2024-10-09T07:58:43.176Z,"urn:li:comment:(activity:7249647329790590976,7249689725060452352)",f906eca7bdfde9a3da3a2b034f7860156d483f88188659b92281935dfee13bed,urn:li:activity:7249647329790590976,db506b81e24b1b6d22586497d3bb55a3d10b538bdbed2774fab92b02cfb86b74,7249647329790590976,healthcare startups in one year dilip kumar srsly thats some serious endurance i guess youre living up to your endurance athlete title also wearables no longer being the star looks like even our gadgets need to level up their game to keep up with the biohacking ninjas as for upi for health not hitting india yet maybe its still buffering on a slow connection,0.054,0.908,0.038,0.0,Neutral
DiagnoEasy Healthtech,,811 followers,"Valuable Insights! Your observation about corporate wellness is particularly interesting. It highlights the disconnect between need and adoption, especially in today’s workplace.",2024-10-09T07:58:05.351Z,"urn:li:comment:(activity:7249647329790590976,7249689566406717440)",72a2606f80126f3013d0a77a5ef1c116c9bce9cf0f62f57dbfc4e0aaf054f4de,urn:li:activity:7249647329790590976,db506b81e24b1b6d22586497d3bb55a3d10b538bdbed2774fab92b02cfb86b74,7249647329790590976,valuable insights your observation about corporate wellness is particularly interesting it highlights the disconnect between need and adoption especially in todays workplace,0.0,0.679,0.321,0.8399,Positive
SigiloTech,,"9,081 followers","Great Points! The need for personalized nutrition solutions is fascinating. As we move away from generic approaches, I’m excited to see how technology can enhance individual health.",2024-10-09T07:57:48.984Z,"urn:li:comment:(activity:7249647329790590976,7249689497758507008)",25322a311007015b052c11279a51b727f7d4198986549a6c17b7575d858472d2,urn:li:activity:7249647329790590976,db506b81e24b1b6d22586497d3bb55a3d10b538bdbed2774fab92b02cfb86b74,7249647329790590976,great points the need for personalized nutrition solutions is fascinating as we move away from generic approaches im excited to see how technology can enhance individual health,0.0,0.663,0.337,0.8934,Positive
Qudir Ansari,https://www.linkedin.com/in/qudir,Building SigiloTech | Building DiagnoEasy| Helping organizations to reduce operational cost using AI and automation | Power Apps | Automate | React | Azure | Aws | Angel Investor,Spot On! I completely agree with your take on preventive health gaining traction. It's refreshing to see startups prioritize long-term wellness over reactive solutions.,2024-10-09T07:57:32.378Z,"urn:li:comment:(activity:7249647329790590976,7249689428107878401)",ab38d667272f5dc661b4a0ed869207d9e93a399629160c4acac19724ec99a3db,urn:li:activity:7249647329790590976,db506b81e24b1b6d22586497d3bb55a3d10b538bdbed2774fab92b02cfb86b74,7249647329790590976,spot on i completely agree with your take on preventive health gaining traction its refreshing to see startups prioritize longterm wellness over reactive solutions,0.0,0.651,0.349,0.8479,Positive
Ajaay Raj Rajan,https://www.linkedin.com/in/arr001,"Explorer | COO | Strategy, Growth & People Leadership | Entrepreneur • AI-Powered Emotional Intelligence Solutions | CX | Ex-Airtel, Idea, Indofil & Terum | Telecom • Manufacturing • HealthTech • Diagnostics • Startups","Insightful and awesome list, Dilip Kumar. We are working on a fitness product and it would be wonderful to discuss it with you. Send you a connection request pl Do let me know when we can have a chat and get your valuable inputs, probably investment too!",2024-10-09T07:47:50.126Z,"urn:li:comment:(activity:7249647329790590976,7249686985966039040)",4e59b0b84e1e62d0708178821908b35328328817ea77301fd4e68724b79fe6ab,urn:li:activity:7249647329790590976,db506b81e24b1b6d22586497d3bb55a3d10b538bdbed2774fab92b02cfb86b74,7249647329790590976,insightful and awesome list dilip kumar we are working on a fitness product and it would be wonderful to discuss it with you send you a connection request pl do let me know when we can have a chat and get your valuable inputs probably investment too,0.0,0.755,0.245,0.9186,Positive
Deshna Suryanarayan,https://www.linkedin.com/in/deshna-suryanarayan-9a4747136,Building markets for Agritech and Climatech enterprises,Oshin Anna Shaji Vaishnavi Chandrasekar,2024-10-09T07:37:53.185Z,"urn:li:comment:(activity:7249647329790590976,7249684482214014978)",06095241cfde7ee818c0ea10e4f83a546a384ece5bb3f15385980f7fa2294a0a,urn:li:activity:7249647329790590976,db506b81e24b1b6d22586497d3bb55a3d10b538bdbed2774fab92b02cfb86b74,7249647329790590976,oshin anna shaji vaishnavi chandrasekar,0.0,1.0,0.0,0.0,Neutral
Tanishq Mahendru,https://www.linkedin.com/in/tanishq-mahendru,Building Courtly,"Great insights, Dilip Kumar The healthcare startup space is thriving, and sports tech is becoming a powerful tool for promoting health and fitness. At Courtly we’re aiming to be the “Zomato of sports” by helping people connect, track their stats, and stay active. Our platform promotes health through interactive data and AI-driven features, making court booking and game management seamless. It’s all about convenience and keeping players engaged and healthy. 

This tech-driven approach to fitness is where we see the future heading—combining sport, health, and seamless engagement",2024-10-09T07:24:31.011Z,"urn:li:comment:(activity:7249647329790590976,7249681117652393984)",6efb8cab57a1c517d2a3b2d160f3b8905f3dfe1305705807a1eba4cc4b49f488,urn:li:activity:7249647329790590976,db506b81e24b1b6d22586497d3bb55a3d10b538bdbed2774fab92b02cfb86b74,7249647329790590976,great insights dilip kumar the healthcare startup space is thriving and sports tech is becoming a powerful tool for promoting health and fitness at courtly were aiming to be the zomato of sports by helping people connect track their stats and stay active our platform promotes health through interactive data and aidriven features making court booking and game management seamless its all about convenience and keeping players engaged and healthy this techdriven approach to fitness is where we see the future headingcombining sport health and seamless engagement,0.0,0.719,0.281,0.9783,Positive
Rupal Sood,https://www.linkedin.com/in/rupalsood,Women’s Health & Pharma Insights Specialist | Turning Patient Stories into Strategic Action | Qual & Narrative Research,This is very insightful,2024-10-09T07:24:24.848Z,"urn:li:comment:(activity:7249647329790590976,7249681091802849280)",5e108d60d70cab5c703f5b7f2c51cc4c53b2a49a3c6435397af1f4281cc1ea99,urn:li:activity:7249647329790590976,db506b81e24b1b6d22586497d3bb55a3d10b538bdbed2774fab92b02cfb86b74,7249647329790590976,this is very insightful,0.0,1.0,0.0,0.0,Neutral
Ainara Kaur,https://www.linkedin.com/in/ainarakaur,Co-Founder,Completely agree. Very interesting insights. Find this one of the most interesting sectors but most challenging to build consumer trust especially in trust deficit market such as India. Also don’t think preventive is still that big besides tests and that could be cultural reason of us still being Kay sera sera.,2024-10-09T07:12:27.004Z,"urn:li:comment:(activity:7249647329790590976,7249678080946909184)",153e11c671c41998640e1308796edfc75328a438e767bd5ee60e2c3018d2329d,urn:li:activity:7249647329790590976,db506b81e24b1b6d22586497d3bb55a3d10b538bdbed2774fab92b02cfb86b74,7249647329790590976,completely agree very interesting insights find this one of the most interesting sectors but most challenging to build consumer trust especially in trust deficit market such as india also dont think preventive is still that big besides tests and that could be cultural reason of us still being kay sera sera,0.06,0.673,0.266,0.909,Positive
Anitha Sadanand,https://www.linkedin.com/in/anitha-sadanand,Founder | Mommy Mills Foods Private Limited | Mamma Mills | Social Entrepreneur | Farmer |,Spot on dilipji All are products are validated through food scientists and nutritionist from GOI now we have been approached by top 2 medical institutes for clinical studies .Retention is our top priority.,2024-10-09T07:02:15.440Z,"urn:li:comment:(activity:7249647329790590976,7249675515861557248)",dd0670995ce3b970633e3d8552dc2501287670f3820627fd631cfbcf7d340f1f,urn:li:activity:7249647329790590976,db506b81e24b1b6d22586497d3bb55a3d10b538bdbed2774fab92b02cfb86b74,7249647329790590976,spot on dilipji all are products are validated through food scientists and nutritionist from goi now we have been approached by top medical institutes for clinical studies retention is our top priority,0.0,0.841,0.159,0.5423,Positive
Dhrumil Sorathia,https://www.linkedin.com/in/dhrumilsorathia,"CEO and Board Member | Apollo Hospitals | GE HealthCare | J & J | Novartis | Roche | Created $1 billion business I Top 10 Healthcare Leader I Healthcare CEO I Chief Marketing Officer, CMO, Apollo Hospitals","The first and the foremost is the main important observation - Driving outcomes to the user. More than efforts of various healthcare startups, its the results which are important with strong ROI of atleast 15x to hospitals / clinics / doctors. 

Any healthcare startup should improve measurable customer experience (to increase repeat footfalls, loyalty, increased patient LTV, etc) or exponentially & sustainably grow hospital / clinic revenues (not incremental revenue growth, incremental growth even an intern can do) or drive their costs drastically down to improve their profitability
",2024-10-09T06:57:15.220Z,"urn:li:comment:(activity:7249647329790590976,7249674256647667713)",409567b69e6a895df1c06754ca0ef24491592d3c0cc95cae09d6b4a243abf497,urn:li:activity:7249647329790590976,db506b81e24b1b6d22586497d3bb55a3d10b538bdbed2774fab92b02cfb86b74,7249647329790590976,the first and the foremost is the main important observation driving outcomes to the user more than efforts of various healthcare startups its the results which are important with strong roi of atleast x to hospitals clinics doctors any healthcare startup should improve measurable customer experience to increase repeat footfalls loyalty increased patient ltv etc or exponentially sustainably grow hospital clinic revenues not incremental revenue growth incremental growth even an intern can do or drive their costs drastically down to improve their profitability,0.045,0.724,0.231,0.9463,Positive
Karthik R.,https://www.linkedin.com/in/karthik-neurostellar,Sporting at Neurostellar,Aravind G Dhanushya Sree,2024-10-09T06:48:06.919Z,"urn:li:comment:(activity:7249647329790590976,7249671956910784512)",247629faae887819ef8535f73508bf95858041a8767f1fa2042d32607d8d41d9,urn:li:activity:7249647329790590976,db506b81e24b1b6d22586497d3bb55a3d10b538bdbed2774fab92b02cfb86b74,7249647329790590976,aravind g dhanushya sree,0.0,1.0,0.0,0.0,Neutral
Prashant Kulshrestha,https://www.linkedin.com/in/drprashantkulshrestha,"Chief of Medical Services | Hospital Operations | Clinical Governance | Healthcare Strategy | Digital Health 🔹MD Forensic Medicine @AIIMS, Delhi 🔹MSc Health Services & Hospital Management @ LSBU, London",Absolutely right Dilip Kumar,2024-10-09T06:33:48.015Z,"urn:li:comment:(activity:7249647329790590976,7249668354406277120)",5fa4d29ced398fc7a96667833accb89ca3acab26c97826dbc25b377f39f1e15c,urn:li:activity:7249647329790590976,db506b81e24b1b6d22586497d3bb55a3d10b538bdbed2774fab92b02cfb86b74,7249647329790590976,absolutely right dilip kumar,0.0,1.0,0.0,0.0,Neutral
Varun Subramanian,https://www.linkedin.com/in/subramanianvarun,Strategy at Sprinto (B2B Saas & Cybersecurity) | Previously PM at Sprinto | Ex Founder of OLYK (Edtech) | 2x Chief of Staff at Clarisights & Sprinto | Global Saas (7+ countries),This was great! Thanks for sharing these insights. It's easy to understand what's working and what's not in this segment.,2024-10-09T06:27:51.062Z,"urn:li:comment:(activity:7249647329790590976,7249666857232678912)",a1e0062bc96c178887c6ee3f3ebb79a1a8a691fe29638c64d31bd6bbe7bec338,urn:li:activity:7249647329790590976,db506b81e24b1b6d22586497d3bb55a3d10b538bdbed2774fab92b02cfb86b74,7249647329790590976,this was great thanks for sharing these insights its easy to understand whats working and whats not in this segment,0.0,0.557,0.443,0.9136,Positive
Shivangi Adani,https://www.linkedin.com/in/shivangi-adani,bunchh.in | Social Impact | Lawyer,Rahil Shah,2024-10-09T06:27:07.438Z,"urn:li:comment:(activity:7249647329790590976,7249666674264596480)",9025594d811f2e200b140c05d410b862023fff4b9014c0318abdcba89fd68521,urn:li:activity:7249647329790590976,db506b81e24b1b6d22586497d3bb55a3d10b538bdbed2774fab92b02cfb86b74,7249647329790590976,rahil shah,0.0,1.0,0.0,0.0,Neutral
Santanu Konwar,https://www.linkedin.com/in/santanu-konwar-872312260,Founder & Director @ Surgiwell. We are a StartUp India Recognised Company,We are filling the gap of quality  instruments particularly imported ones are much cheaper rates compared to MNCs in NE region. Is there a probability of raising fund from Rainmatter,2024-10-09T06:21:50.862Z,"urn:li:comment:(activity:7249647329790590976,7249665346448617472)",9fc804ec245207dd9fe236122fe9e9726d4a06680e2368d2c1a7aed41bd135e4,urn:li:activity:7249647329790590976,db506b81e24b1b6d22586497d3bb55a3d10b538bdbed2774fab92b02cfb86b74,7249647329790590976,we are filling the gap of quality instruments particularly imported ones are much cheaper rates compared to mncs in ne region is there a probability of raising fund from rainmatter,0.0,1.0,0.0,0.0,Neutral
AIXchange,,35 followers,"If you’re building a AI first health tech, we would love to know !",2024-10-09T06:19:26.683Z,"urn:li:comment:(activity:7249647329790590976,7249664741713850369)",9be953d56e8d36225797544f0e0cd1a8c225de8bf3415f217e7f5a5e70df87c1,urn:li:activity:7249647329790590976,db506b81e24b1b6d22586497d3bb55a3d10b538bdbed2774fab92b02cfb86b74,7249647329790590976,if youre building a ai first health tech we would love to know,0.0,0.724,0.276,0.6369,Positive
Tanmay Nijhawan,https://www.linkedin.com/in/tanmay-nijhawan-211388b8,Get Your First Sale Online With AI,Rishi Nagar,2024-10-09T06:14:44.992Z,"urn:li:comment:(activity:7249647329790590976,7249663560216154114)",632d0f70d42e7c883d747ad1a0485433557963496f4cf1ef099bd154e5b4ef69,urn:li:activity:7249647329790590976,db506b81e24b1b6d22586497d3bb55a3d10b538bdbed2774fab92b02cfb86b74,7249647329790590976,rishi nagar,0.0,1.0,0.0,0.0,Neutral
Shiv Prakash,https://www.linkedin.com/in/shivprakashin,"AI, Agents, Data, Infra, Backend, Platforms | Supply Chain",Wow ! Profound and very insightful! :),2024-10-09T06:11:44.437Z,"urn:li:comment:(activity:7249647329790590976,7249662802913603585)",f2679f13e40df4fe1b6ba9da7d75e0de51c697496af0290522d3508167f921d4,urn:li:activity:7249647329790590976,db506b81e24b1b6d22586497d3bb55a3d10b538bdbed2774fab92b02cfb86b74,7249647329790590976,wow profound and very insightful,0.0,0.513,0.487,0.5859,Positive
Priyanka Upadhyay (Coach Pri),https://www.linkedin.com/in/coachpri,"🦸 Founder, Product-with-Pri | ICF certified PM Career Coach | Ex-Product Coach,Stanford | B2B Product Leader (ex-Salesforce, ServiceNow) | I help PMs increase their income & impact, & get to their next role faster!",Vidhatri Subramanyam Bengaluru,2024-10-09T06:09:43.812Z,"urn:li:comment:(activity:7249647329790590976,7249662296975695872)",c1be0c492e93b3621667c9d0d7cec1f45c06eea74a5873cb5b6cb7aed6062bfd,urn:li:activity:7249647329790590976,db506b81e24b1b6d22586497d3bb55a3d10b538bdbed2774fab92b02cfb86b74,7249647329790590976,vidhatri subramanyam bengaluru,0.0,1.0,0.0,0.0,Neutral
Priyanka Upadhyay (Coach Pri),https://www.linkedin.com/in/coachpri,"🦸 Founder, Product-with-Pri | ICF certified PM Career Coach | Ex-Product Coach,Stanford | B2B Product Leader (ex-Salesforce, ServiceNow) | I help PMs increase their income & impact, & get to their next role faster!","Love this in depth analysis Dilip Kumar , thanks for sharing your insights !",2024-10-09T06:09:27.337Z,"urn:li:comment:(activity:7249647329790590976,7249662227878739968)",3e848c59f68471319e1d5f6ecef32acef4942918a450a31cfe15e8d194811f6e,urn:li:activity:7249647329790590976,db506b81e24b1b6d22586497d3bb55a3d10b538bdbed2774fab92b02cfb86b74,7249647329790590976,love this in depth analysis dilip kumar thanks for sharing your insights,0.0,0.476,0.524,0.872,Positive
Dipaq ⭐️,https://www.linkedin.com/in/dipaq,Founder @ Syqi® | I Unite Business & Design Worlds | Strategy and Design for Digital Products and Brands |🎙️ Groundbreakin® Podcast,"Have you noticed a shift towards personalized wellness experiences?

Bespoke solutions to individual needs could be the next big trend!",2024-10-09T06:08:02.457Z,"urn:li:comment:(activity:7249647329790590976,7249661871861948416)",7f2a05eccb633f6f68670f06770334439070db0da8cc6b2fddbd09dc31cfad4d,urn:li:activity:7249647329790590976,db506b81e24b1b6d22586497d3bb55a3d10b538bdbed2774fab92b02cfb86b74,7249647329790590976,have you noticed a shift towards personalized wellness experiences bespoke solutions to individual needs could be the next big trend,0.0,0.787,0.213,0.5574,Positive
Rohan Vashist,https://www.linkedin.com/in/rohanvashist,Platform sizing North Expedition,"Personally working on no 11, would you be willing to double click on it and exchange more notes 🗒️ ",2024-10-09T05:55:52.651Z,"urn:li:comment:(activity:7249647329790590976,7249658810833739776)",939fda12c7bd01990281987435439ecf7e3a8e874db3179d4cb997f247d8e900,urn:li:activity:7249647329790590976,db506b81e24b1b6d22586497d3bb55a3d10b538bdbed2774fab92b02cfb86b74,7249647329790590976,personally working on no would you be willing to double click on it and exchange more notes,0.121,0.879,0.0,-0.296,Negative
Jean-Philippe DIEL,https://www.linkedin.com/in/jeanphilippediel,Vitalist | Zero to One guy | Founder at SymbionIQ Labs and The SymbionIQ Foundation | Health and Longevity | Open Source and Data Sovereignty | I used to be a Mktg Guy (opinions are mine),"Very informative feedback, appreciate you shared this Dilip Kumar. We are building in this field and from your feedback are very aligned with your thesis. I can almost take each point and tell you how we plan to counter / answer them. But maybe we can take this offline 😜.",2024-10-09T05:54:28.157Z,"urn:li:comment:(activity:7249647329790590976,7249658456440250369)",fc9da6b34db83a3b200938cbbaeda3849cae0f6896693852c16733cf06cd3af5,urn:li:activity:7249647329790590976,db506b81e24b1b6d22586497d3bb55a3d10b538bdbed2774fab92b02cfb86b74,7249647329790590976,very informative feedback appreciate you shared this dilip kumar we are building in this field and from your feedback are very aligned with your thesis i can almost take each point and tell you how we plan to counter answer them but maybe we can take this offline,0.039,0.887,0.074,0.1887,Positive
Kshitiz Anand,https://www.linkedin.com/in/kshitizanand,"Designer, Entrepreneur, Educator | Venture Builder at Happy Horizons Group | Fondésan | Organization Development Coach | Corporate Trainer","Kunal Kishore , Anubha Prasad , Manish Pathak , Divyanshu Verma .. good insights for our health investment thesis at Karekeba Ventures",2024-10-09T05:53:48.683Z,"urn:li:comment:(activity:7249647329790590976,7249658290874298368)",c9f87e49aceca5da4716c96c8b4b968e431d00b9b354aec9c3bb84f57492f647,urn:li:activity:7249647329790590976,db506b81e24b1b6d22586497d3bb55a3d10b538bdbed2774fab92b02cfb86b74,7249647329790590976,kunal kishore anubha prasad manish pathak divyanshu verma good insights for our health investment thesis at karekeba ventures,0.0,0.854,0.146,0.4404,Positive
Praveen Gowdru,https://www.linkedin.com/in/praveengarera,Driving change in Healthcare: Founder at VMEDO | Speaker | Angel Investor,Dilip Kumar very interesting perspective. I must say your observation on each segment is really useful for many entrepreneurs and could help them build or change the way they are building healthcare startups .,2024-10-09T05:52:04.920Z,"urn:li:comment:(activity:7249647329790590976,7249657855660732417)",78948b0ab037b10cd235bf3d5b2bfb88417b49575df9674586ccd13ff786047f,urn:li:activity:7249647329790590976,db506b81e24b1b6d22586497d3bb55a3d10b538bdbed2774fab92b02cfb86b74,7249647329790590976,dilip kumar very interesting perspective i must say your observation on each segment is really useful for many entrepreneurs and could help them build or change the way they are building healthcare startups,0.0,0.765,0.235,0.8354,Positive
MD Fazal Mustafa,https://www.linkedin.com/in/md-fazal-mustafa,"Founder - Heva AI | 3x Founder | 2x Exit | Passionate for Autonomous tech, LLMs, & Growth hacks.",Hi Dilip Kumar we are also building in the AI for Healthcare space for Neurosciences. Would love to get on a call with you. ,2024-10-09T05:45:58.756Z,"urn:li:comment:(activity:7249647329790590976,7249656319857639424)",60a00355c8d4dd129c023d854536226f47bc528dd170e96645c57c8d54c5f118,urn:li:activity:7249647329790590976,db506b81e24b1b6d22586497d3bb55a3d10b538bdbed2774fab92b02cfb86b74,7249647329790590976,hi dilip kumar we are also building in the ai for healthcare space for neurosciences would love to get on a call with you,0.0,0.84,0.16,0.6369,Positive
Yash Gandhi,https://www.linkedin.com/in/yash-gandhi-b8bb401a1,Investment Banking @ X-B4 Advisory | M&A | Fundraising | Healthcare & Lifesciences | Technology | Consumer | Capital Markets,Interesting,2024-10-09T05:45:28.593Z,"urn:li:comment:(activity:7249647329790590976,7249656193344774146)",2d2a4787a44b55ee13114d22b80759e1b487b103f6f4f9815c0e2f3e6d4b65f6,urn:li:activity:7249647329790590976,db506b81e24b1b6d22586497d3bb55a3d10b538bdbed2774fab92b02cfb86b74,7249647329790590976,interesting,0.0,0.0,1.0,0.4019,Positive
Varun Aggarwala,https://www.linkedin.com/in/varun-aggarwala,"Engineering Microbiome for Therapeutics, Wellness and Diagnostics. Make in India for the World. Purely Personal Opinions and Thought Experiments.","I don’t see any actionable products from healthcare startups in the Rainmatter Fund, or for that matter, in most incubation centers.

Actionable outcomes backed by clinical evidence are key.
The Indian consumer, unlike some in the West, has an aversion to overly verbose wellness screens, marketplaces, or products like vanilla sequencing tests, and worst of all nutraceuticals like probiotics (on the Indian market with 0 research or evidence) that offer no clear impact. 

Unfortunately, it is impossible for most amateurs to build serious, actionable bio/health/agri-tech products as this requires deep expertise.",2024-10-09T05:45:19.425Z,"urn:li:comment:(activity:7249647329790590976,7249656154891444224)",fa69244487f487c61cd23519906f314e143e04d579c724a207ffd53557e03900,urn:li:activity:7249647329790590976,db506b81e24b1b6d22586497d3bb55a3d10b538bdbed2774fab92b02cfb86b74,7249647329790590976,i dont see any actionable products from healthcare startups in the rainmatter fund or for that matter in most incubation centers actionable outcomes backed by clinical evidence are key the indian consumer unlike some in the west has an aversion to overly verbose wellness screens marketplaces or products like vanilla sequencing tests and worst of all nutraceuticals like probiotics on the indian market with research or evidence that offer no clear impact unfortunately it is impossible for most amateurs to build serious actionable biohealthagritech products as this requires deep expertise,0.125,0.753,0.123,-0.296,Negative
Abhishek Mohan,https://www.linkedin.com/in/mohanabhishek,"Founder | Husband to a superwoman | Proud 2x #girldad | Medical Cannabis | Phase1 clinical trial| Formulation Femme, a global pioneer in the quest to provide a clinically backed solution for Dysmenorrhea.","Dilip Kumar 1000% agree on both points regarding clinical validation. The process ( if done honestly and ethically) literally takes the life out you in terms of money, patience and energy, but it is the only way to be responsible towards patients, especially when you are trying to unseat and call out the off label use incumbent chaps.

On another note, was expecting you to write a bit on womens’ health. Havent met too many of those?",2024-10-09T05:44:01.305Z,"urn:li:comment:(activity:7249647329790590976,7249655827232399361)",2070a36529ff510ed0a3cfda9c48209acedbe356988a949f819e27c4f672e4e3,urn:li:activity:7249647329790590976,db506b81e24b1b6d22586497d3bb55a3d10b538bdbed2774fab92b02cfb86b74,7249647329790590976,dilip kumar agree on both points regarding clinical validation the process if done honestly and ethically literally takes the life out you in terms of money patience and energy but it is the only way to be responsible towards patients especially when you are trying to unseat and call out the off label use incumbent chaps on another note was expecting you to write a bit on womens health havent met too many of those,0.0,0.895,0.105,0.7391,Positive
Vivek Thiruvengadam,https://www.linkedin.com/in/vivek-thiruvengadam,"Founder, QubitFit | I help busy professionals defy obesity, lose weight & live longer through sustainable nutrition and fitness habits | Expert in chronic conditions: Diabetes, PCOS, Hypertension","Thanks for compiling the summary. Very useful for early stage founders like me. It would be great if Rainmatter organize a health and wellness conference. It would provide a networking & collaboration opportunity for all the early stage founders in health, wellness and fitness domains.",2024-10-09T05:42:40.943Z,"urn:li:comment:(activity:7249647329790590976,7249655490169708544)",afd7c898739bb189930157fb6af8685a55480cb6ae64f75e8ee59b6c8d537aa5,urn:li:activity:7249647329790590976,db506b81e24b1b6d22586497d3bb55a3d10b538bdbed2774fab92b02cfb86b74,7249647329790590976,thanks for compiling the summary very useful for early stage founders like me it would be great if rainmatter organize a health and wellness conference it would provide a networking collaboration opportunity for all the early stage founders in health wellness and fitness domains,0.0,0.592,0.408,0.9698,Positive
Nitin Pahuja,https://www.linkedin.com/in/nitinpahuja,Push Sports | Mission- Make India a Sports Superpower,Would love more insights on sports :) already taken note of the physical is here to stay and community building aspect. Thank you,2024-10-09T05:39:51.843Z,"urn:li:comment:(activity:7249647329790590976,7249654780912902144)",34c571890530c8586dc975be807c58a7fbbbea16077aa2778edf5cc85ab04ad1,urn:li:activity:7249647329790590976,db506b81e24b1b6d22586497d3bb55a3d10b538bdbed2774fab92b02cfb86b74,7249647329790590976,would love more insights on sports already taken note of the physical is here to stay and community building aspect thank you,0.0,0.749,0.251,0.7717,Positive
Sameer Malik,https://www.linkedin.com/in/innovativekeeda,"Co-Founder & COO at Vgenomics | Diagnostics and Therapeutics for Rare Genetic Disorders | Strategy, Operations & Finance | Rare Deeptech Company","Dilip Kumar - On point 9th, on AI in healthcare, even though deployment in clinical settings is slow and capital-intensive (mostly expected), do you see any of them building a moat in long-term and AI helping increasing scalability?",2024-10-09T05:36:11.972Z,"urn:li:comment:(activity:7249647329790590976,7249653858707111937)",dfc9b2f3e74cae69a7da2168523e5c20bd51e6e2dddb8017b0c5028c50b9bb08,urn:li:activity:7249647329790590976,db506b81e24b1b6d22586497d3bb55a3d10b538bdbed2774fab92b02cfb86b74,7249647329790590976,dilip kumar on point th on ai in healthcare even though deployment in clinical settings is slow and capitalintensive mostly expected do you see any of them building a moat in longterm and ai helping increasing scalability,0.0,0.941,0.059,0.296,Positive
Sankalp Mishra,https://www.linkedin.com/in/sankalp-mishra-41ba319,Building IndiaSportsHub | Co-Founder (Indian Sports beyond Men’s Cricket) | Ex Citibank | Ex Mott Mcdonald,https://www.linkedin.com/posts/sankalp-mishra-41ba319_so-where-is-your-fitness-tracker-lying-right-activity-7249278000028921856-X3zw?utm_source=share&utm_medium=member_android,2024-10-09T05:34:37.488Z,"urn:li:comment:(activity:7249647329790590976,7249653462412500992)",568514eeeb1efc210a9e6852a2a47d941fea1b422f9da26713a0eb647fec0ec5,urn:li:activity:7249647329790590976,db506b81e24b1b6d22586497d3bb55a3d10b538bdbed2774fab92b02cfb86b74,7249647329790590976,,0.0,0.0,0.0,0.0,Neutral
Navan Jaiswal,https://www.linkedin.com/in/navan11,"Co-Founder, CirclePe | Rent At Zero Deposit-Backed by OTP, Vcat, iSeed, 1947","Good read Dilip Kumar, thanks for sharing",2024-10-09T05:33:39.466Z,"urn:li:comment:(activity:7249647329790590976,7249653219050602496)",f409496575b334764e4e299fbfd4e79ae7548bf8569acef7c9ab8a04c3aedd37,urn:li:activity:7249647329790590976,db506b81e24b1b6d22586497d3bb55a3d10b538bdbed2774fab92b02cfb86b74,7249647329790590976,good read dilip kumar thanks for sharing,0.0,0.317,0.683,0.8225,Positive
Mindfulness,,456 followers,"Interesting insights on the healthcare sector in 2024, always great to see innovation and growth in preventive health solutions.",2024-10-09T05:30:16.582Z,"urn:li:comment:(activity:7249647329790590976,7249652368097558528)",d1a0c5c8d9d8d3017397bf4f924bcea2454b7d438bd166bcf29467dc95ccd676,urn:li:activity:7249647329790590976,db506b81e24b1b6d22586497d3bb55a3d10b538bdbed2774fab92b02cfb86b74,7249647329790590976,interesting insights on the healthcare sector in always great to see innovation and growth in preventive health solutions,0.0,0.487,0.513,0.9136,Positive
Rahul R,https://www.linkedin.com/in/prayersforall,Sales and Customer Success Leader,Very helpful Dilip! Let's connect sometime soon 👍,2024-10-09T05:27:13.310Z,"urn:li:comment:(activity:7249647329790590976,7249651599394938881)",e64f6a0698ff9ab4b56dff93d8d08c5c3eba6decac89af047e5006592c720fbd,urn:li:activity:7249647329790590976,db506b81e24b1b6d22586497d3bb55a3d10b538bdbed2774fab92b02cfb86b74,7249647329790590976,very helpful dilip lets connect sometime soon,0.0,0.66,0.34,0.4754,Positive
Charan Singh,https://www.linkedin.com/in/charan3,Product/UX Design + Analytics + PMF Strategy | SaaS & Climate Design | Pursuing Olympics Ambitions,No. 12 is hard for sure.,2024-10-09T05:26:28.560Z,"urn:li:comment:(activity:7249647329790590976,7249651411699785728)",f853659ea61648ee23873e42064165e2f99d329092f8e5082c719757ff3f8aef,urn:li:activity:7249647329790590976,db506b81e24b1b6d22586497d3bb55a3d10b538bdbed2774fab92b02cfb86b74,7249647329790590976,no is hard for sure,0.456,0.253,0.291,-0.0772,Negative
Raunak Singh,https://www.linkedin.com/in/raunak-singh-52906924b,Building Sikh Aid Charitable Trust | Forbes 30 Under 30 | Award Winning Humanitarian & Entrepreneur | Oxygen Man Of Odisha | TedX | Josh Talks,These insights are incredibly valuable! It’s clear the healthcare landscape is evolving rapidly. I’m particularly interested in the shift towards preventive health.,2024-10-09T05:16:16.700Z,"urn:li:comment:(activity:7249647329790590976,7249648845372997632)",3f74348d0909255e382f838d6fef417c6c6eeece409e92d93d454b0f7fdd9a69,urn:li:activity:7249647329790590976,db506b81e24b1b6d22586497d3bb55a3d10b538bdbed2774fab92b02cfb86b74,7249647329790590976,these insights are incredibly valuable its clear the healthcare landscape is evolving rapidly im particularly interested in the shift towards preventive health,0.0,0.673,0.327,0.85,Positive
Dilip Kumar,https://www.linkedin.com/in/dilipevs,Entrepreneur| Investments at Rainmatter | Endurance athlete,"Because of the word limit on Linkedin , can't post the remaining here. Read the whole list on https://lnkd.in/g-CTY4zC",2024-10-09T05:10:35.961Z,"urn:li:comment:(activity:7249647329790590976,7249647416209989633)",8f25a4ceb487f3403b6a996c9bb48877811c2df8ea56caca9912d8bb9cc58d0a,urn:li:activity:7249647329790590976,db506b81e24b1b6d22586497d3bb55a3d10b538bdbed2774fab92b02cfb86b74,7249647329790590976,because of the word limit on linkedin cant post the remaining here read the whole list on,0.0,1.0,0.0,0.0,Neutral
