Full Name,Profile URL,Headline,Comment,Timestamp,Comment URN,Comment Hash,Post URN,Post Hash,post_urn_id,processed_comment,sentiment_negative,sentiment_neutral,sentiment_positive,sentiment_compound,sentiment_label
Christilda Rosee,https://www.linkedin.com/in/christilda-rosee,Helping you to build your Brand while you busy building your Business | Personal Branding Specialist | Content Creator,"Couldn’t agree more. The narrative has flipped — staying back isn’t settling anymore, it’s leading from where it matters. India’s time is truly now.",2025-10-06T05:24:44.551Z,"urn:li:comment:(activity:7375035321044049920,7380835382806016000)",92be3aa5544aec05f51e6596118298f9fc926d599593458128d64d0126cb7a36,urn:li:activity:7375035321044049920,5125ecff49b4c19d07509646642ccc1f0c24b1fb9bf287bca8b21ae452f91b2f,7375035321044049920,couldnt agree more the narrative has flipped staying back isnt settling anymore its leading from where it matters indias time is truly now,0.081,0.766,0.153,0.224,Positive
Satya M,https://www.linkedin.com/in/satya-runner-lifter-investor,Runner | Lifter | Investor | AI Scientist,"Dilip Kumar  I feel like your post is more daydreaming than real potential.

All this can only happen if we can get rid of corruption which is deep rooted in India",2025-10-05T13:58:28.585Z,"urn:li:comment:(activity:7375035321044049920,7380602280305364993)",2647b8b4f655642046d61f94727d4efed6f81197976ee9f5a15e31b6d5e0e186,urn:li:activity:7375035321044049920,5125ecff49b4c19d07509646642ccc1f0c24b1fb9bf287bca8b21ae452f91b2f,7375035321044049920,dilip kumar i feel like your post is more daydreaming than real potential all this can only happen if we can get rid of corruption which is deep rooted in india,0.0,0.921,0.079,0.3612,Positive
Vishwanath Singh C.,https://www.linkedin.com/in/vishwanathsinghchauhan,"Founder & CEO, Brainfog Agency | CSO Nuqi Group | Learn, Build, Repeat.","You're right, Dilip Kumar India today is brimming with opportunities for engineers to innovate and solve real problems. The time to build for India, and the world, from home is now. Let's shape the future together!",2025-09-27T13:35:04.489Z,"urn:li:comment:(activity:7375035321044049920,7377697288174862336)",0d21d5671fdab43f634bf19360388603d5fb194f6ec6f40d0ab969480b54b70f,urn:li:activity:7375035321044049920,5125ecff49b4c19d07509646642ccc1f0c24b1fb9bf287bca8b21ae452f91b2f,7375035321044049920,youre right dilip kumar india today is brimming with opportunities for engineers to innovate and solve real problems the time to build for india and the world from home is now lets shape the future together,0.064,0.757,0.18,0.5994,Positive
Ali Abbas V,https://www.linkedin.com/in/ali-abbas-v,Manager - Pre Sales,"Dilip Kumar - We have lots to change to make the talent stay , lets start with 3 basic things - Good roads, Clean portable water and Electricity with 24/7 connectivity.",2025-09-22T17:37:42.026Z,"urn:li:comment:(activity:7375035321044049920,7375946407586902016)",0e1bb8d3d824c2fabc7d1c7b94e016a3cf91c7009b8cefd73b47380f1d75d65a,urn:li:activity:7375035321044049920,5125ecff49b4c19d07509646642ccc1f0c24b1fb9bf287bca8b21ae452f91b2f,7375035321044049920,dilip kumar we have lots to change to make the talent stay lets start with basic things good roads clean portable water and electricity with connectivity,0.0,0.732,0.268,0.8126,Positive
Vaani Chugh,https://www.linkedin.com/in/vaanichugh,Co-Founder & Director @D’chica Essentials | Entrepreneur | Public Speaker | Guest Faculty,Powerful perspective. It’s truly time for Indian engineers to lead from home and build solutions that impact billions globally. Dilip Kumar,2025-09-22T13:31:54.689Z,"urn:li:comment:(activity:7375035321044049920,7375884552768131072)",c774e846809c172c2c48e048fc0eea5fa20cd62fe2dfed68aa2e30dc9e94b3e5,urn:li:activity:7375035321044049920,5125ecff49b4c19d07509646642ccc1f0c24b1fb9bf287bca8b21ae452f91b2f,7375035321044049920,powerful perspective its truly time for indian engineers to lead from home and build solutions that impact billions globally dilip kumar,0.0,0.709,0.291,0.7506,Positive
Shivangi Bansal,https://www.linkedin.com/in/shivangibansal1,Building AI Voice agents to make businesses more money,"SO happy to read this! the opportunity and growth in India is here ! and great time to earn a living here capitalising on all th support you get to live life in India including world class healthcare, home run staff and ofcourse a place where you are not made to feel as outsiders",2025-09-22T11:31:29.109Z,"urn:li:comment:(activity:7375035321044049920,7375854246493278208)",0dea736e95f4b36a9d7df40c650b289448355d9e79e22739f6e1b33e0638dba1,urn:li:activity:7375035321044049920,5125ecff49b4c19d07509646642ccc1f0c24b1fb9bf287bca8b21ae452f91b2f,7375035321044049920,so happy to read this the opportunity and growth in india is here and great time to earn a living here capitalising on all th support you get to live life in india including world class healthcare home run staff and ofcourse a place where you are not made to feel as outsiders,0.0,0.74,0.26,0.945,Positive
"Vivek Dalal, CPA",https://www.linkedin.com/in/vivektdalal,Co-founder @iRecord I Multi-Asset Investment Accounting & Portfolio Tracker,Dubai will be flooded with work visa applicant's as many will look for alternatives between Canada and UAE,2025-09-22T07:56:01.189Z,"urn:li:comment:(activity:7375035321044049920,7375800022866571264)",6bbd6696e654e200426ba7ff3e80a4819df34d265291bad6b9a8bc68d934380c,urn:li:activity:7375035321044049920,5125ecff49b4c19d07509646642ccc1f0c24b1fb9bf287bca8b21ae452f91b2f,7375035321044049920,dubai will be flooded with work visa applicants as many will look for alternatives between canada and uae,0.0,1.0,0.0,0.0,Neutral
Rohit Agrawal,https://www.linkedin.com/in/rohit-agrawal-492b6b381,Founder - Sabr Media || Covering everything from Pre to Post Production for you,America taxed the Indian dream at $100k. India’s giving the same dream back for free if you’ve got the courage to build.,2025-09-22T04:47:11.586Z,"urn:li:comment:(activity:7375035321044049920,7375752503063388160)",9a81545e20fe637a84650e7dd6b0d5819e3a6b302d5ff7884826d3de0a46d4cc,urn:li:activity:7375035321044049920,5125ecff49b4c19d07509646642ccc1f0c24b1fb9bf287bca8b21ae452f91b2f,7375035321044049920,america taxed the indian dream at k indias giving the same dream back for free if youve got the courage to build,0.0,0.554,0.446,0.8979,Positive
Pratibha Singh,https://www.linkedin.com/in/pratibha28,Grassroots | Impact | Policy | Data | APU'26| NITW'17,"It will be interesting to see how FDI for America changes, as domestic American MNCs may outsource work to their global offices. The other interesting factor might be to study the impact of growing competition among Indian talents assumping in migration of talents.",2025-09-21T19:56:03.369Z,"urn:li:comment:(activity:7375035321044049920,7375618838073094144)",b931d98c2de3c53b24c3b146868319cd92fbc7585b6b4cc1220be51a9c4dcd30,urn:li:activity:7375035321044049920,5125ecff49b4c19d07509646642ccc1f0c24b1fb9bf287bca8b21ae452f91b2f,7375035321044049920,it will be interesting to see how fdi for america changes as domestic american mncs may outsource work to their global offices the other interesting factor might be to study the impact of growing competition among indian talents assumping in migration of talents,0.0,0.744,0.256,0.9022,Positive
Madhur M,https://www.linkedin.com/in/madhurmo,Global Sales Manager at Techfastic,"Couldn’t agree more Dilip Kumar. For decades, leaving was survival or ambition. Today, staying is strategy.
Yes, India still has many flaws, but those very gaps are where the next generation of builders will thrive.
I own a consultancy Techfastic & I am working with SMBs & we hire, arrange interviewers, handle salaries, tax compliance, payments so almost everything.The talent is ready in India, the market is ready. All it just needs the courage to stay and build.
This is bigger than visas. This is a moment to decide whether we keep exporting our best minds or finally build a future worth staying for.",2025-09-21T12:29:14.468Z,"urn:li:comment:(activity:7375035321044049920,7375506393392476160)",1a4d23f967fa6bffdacebf78345d2d628aa9fae3524cd93b462008dd067854a2,urn:li:activity:7375035321044049920,5125ecff49b4c19d07509646642ccc1f0c24b1fb9bf287bca8b21ae452f91b2f,7375035321044049920,couldnt agree more dilip kumar for decades leaving was survival or ambition today staying is strategy yes india still has many flaws but those very gaps are where the next generation of builders will thrive i own a consultancy techfastic i am working with smbs we hire arrange interviewers handle salaries tax compliance payments so almost everythingthe talent is ready in india the market is ready all it just needs the courage to stay and build this is bigger than visas this is a moment to decide whether we keep exporting our best minds or finally build a future worth staying for,0.014,0.774,0.213,0.9748,Positive
Balvinder Hanspal,https://www.linkedin.com/in/balvinderhanspal,20+ Years in Supply Chain & Analytics | Co-Founder @ Lexes Technologies | Fast Hiring | Industry-Led Training | Supply Chain Transformation | Building Future-Ready Businesses,Its time we build in India -- For India and the world..,2025-09-21T11:39:48.759Z,"urn:li:comment:(activity:7375035321044049920,7375493954307497984)",2b62e336c40fead0cc23b19adaf254d0dd3192426a6908735fb47985eb3d17b9,urn:li:activity:7375035321044049920,5125ecff49b4c19d07509646642ccc1f0c24b1fb9bf287bca8b21ae452f91b2f,7375035321044049920,its time we build in india for india and the world,0.0,1.0,0.0,0.0,Neutral
Kumar Mohit,https://www.linkedin.com/in/kumar-mohit-62900287,Servant Leadership | Agile Transformation | Productivity Development | Sustainable AI | CRM | CPQ | .Net | Cloud First,"Globalisation and liberalisation must be redefined for today’s realities. Since the 90s, Indians have powered global tech growth, but at what cost? Recent protests in Australia and England, along with Trump’s remarks, show rising resistance to immigration. Meanwhile, service industries in India exploit cheap labour, luring talent with “onsite” promises that often become long-term migration. Product firms avoid relocating talent abroad, instead building Global Capability Centers here while protecting local jobs. This raises a crucial question: are we truly benefiting, or just undervaluing our expertise? If other nations impose high visa costs and tariffs, why shouldn’t India enforce fair wages and reject the label of cheap labour? By ensuring better compensation locally, even for those without foreign stints, we can strengthen our position. It’s time to rethink how India engages with global corporations.",2025-09-21T11:02:52.581Z,"urn:li:comment:(activity:7375035321044049920,7375484658983133184)",c37157f914a557932cc86629e8bf0c1467862c6d5b02b45664c7f79c77443165,urn:li:activity:7375035321044049920,5125ecff49b4c19d07509646642ccc1f0c24b1fb9bf287bca8b21ae452f91b2f,7375035321044049920,globalisation and liberalisation must be redefined for todays realities since the s indians have powered global tech growth but at what cost recent protests in australia and england along with trumps remarks show rising resistance to immigration meanwhile service industries in india exploit cheap labour luring talent with onsite promises that often become longterm migration product firms avoid relocating talent abroad instead building global capability centers here while protecting local jobs this raises a crucial question are we truly benefiting or just undervaluing our expertise if other nations impose high visa costs and tariffs why shouldnt india enforce fair wages and reject the label of cheap labour by ensuring better compensation locally even for those without foreign stints we can strengthen our position its time to rethink how india engages with global corporations,0.097,0.725,0.178,0.9307,Positive
Aankit Dixit,https://www.linkedin.com/in/ankitdixit030,"AVP – Digital Transformation | Government Tech, DPI & AI | Ex- KPMG & Jio | Founder @ Mentorsphere | Driving Large-Scale Public & Enterprise Innovation | Author of Bestseller - Rebrand Yourself",The next generation of builders doesn't need to cross oceans; they just need the right mentorsphere.,2025-09-21T02:31:44.562Z,"urn:li:comment:(activity:7375035321044049920,7375356027992670208)",c482fce540d25013bd35052c20c6b5bb9df000c2a5f5d243d38782ea2efcf29c,urn:li:activity:7375035321044049920,5125ecff49b4c19d07509646642ccc1f0c24b1fb9bf287bca8b21ae452f91b2f,7375035321044049920,the next generation of builders doesnt need to cross oceans they just need the right mentorsphere,0.0,1.0,0.0,0.0,Neutral
Hemad P.,https://www.linkedin.com/in/hemadpant,"Global Delivery Operations, Insurance Software","Hope is not a strategy; without reform, ‘come home’ is just noise.",2025-09-20T23:54:00.838Z,"urn:li:comment:(activity:7375035321044049920,7375316334253023232)",fc470ebc3a79cdb17b4084b542732c1c360afe87dbf1f4260c76a54b4e9c5da3,urn:li:activity:7375035321044049920,5125ecff49b4c19d07509646642ccc1f0c24b1fb9bf287bca8b21ae452f91b2f,7375035321044049920,hope is not a strategy without reform come home is just noise,0.0,0.775,0.225,0.4404,Positive
Gaurav Srivastava,https://www.linkedin.com/in/gsriv,Entrepreneur - Helping C-Suite to deploy Technology & Change using Oracle NetSuite Platform,"Dilip Kumar well said.Engineers can build anything anywhere we just need resources and systems to get our creativity flowing. The upside of this decision is that it is a wake up call for the world professionals looking to move - and perfect opportunity to tip the powers of scale and growth for countries. Build your dreams in english speaking countries, thanks to the commonwealth countries, they all speak english,  the opportunities are endless. The VCs/ Angel investors will fund anywhere in commonwealth counties  that provide easy investment and access to capital.",2025-09-20T23:47:07.003Z,"urn:li:comment:(activity:7375035321044049920,7375314598507438080)",179e70f3585dde44ea999c189c56929a21d0bdf4c53d1e914a60b8c17793e41f,urn:li:activity:7375035321044049920,5125ecff49b4c19d07509646642ccc1f0c24b1fb9bf287bca8b21ae452f91b2f,7375035321044049920,dilip kumar well saidengineers can build anything anywhere we just need resources and systems to get our creativity flowing the upside of this decision is that it is a wake up call for the world professionals looking to move and perfect opportunity to tip the powers of scale and growth for countries build your dreams in english speaking countries thanks to the commonwealth countries they all speak english the opportunities are endless the vcs angel investors will fund anywhere in commonwealth counties that provide easy investment and access to capital,0.0,0.763,0.237,0.9716,Positive
Hrishikesh Rathod,https://www.linkedin.com/in/hrishikesh-rathod,"MS in Business Analytics ’25 @ UW Foster | Former Technical Consultant at FinIQ with Expertise in FinTech Solutions & FIX Protocol | Exploring Business Intelligence, Data Analyst & Technology Consultant Roles",this is very well written. thanks for sharing! Dilip Kumar,2025-09-20T23:23:52.644Z,"urn:li:comment:(activity:7375035321044049920,7375308750141767680)",cf6e379934f7fc8db180d952d7ff34c895c5779ffbdc08e480c7257a624c21fd,urn:li:activity:7375035321044049920,5125ecff49b4c19d07509646642ccc1f0c24b1fb9bf287bca8b21ae452f91b2f,7375035321044049920,this is very well written thanks for sharing dilip kumar,0.0,0.456,0.544,0.8104,Positive
Bosmos,,"1,356 followers","Check out bosmos.org...it’s a platform where international professionals can invoice U.S. companies as freelancers. It lets U.S. companies hire global talent legally and without visa sponsorship.
Might be useful for anyone worried about the H-1B changes. Feel free to dm me",2025-09-20T22:05:00.533Z,"urn:li:comment:(activity:7375035321044049920,7375288902229725184)",cefbf99953323c9e988440cc425fbe2565548a96c7ecf0b747090d9db7ba1aa9,urn:li:activity:7375035321044049920,5125ecff49b4c19d07509646642ccc1f0c24b1fb9bf287bca8b21ae452f91b2f,7375035321044049920,check out bosmosorgits a platform where international professionals can invoice us companies as freelancers it lets us companies hire global talent legally and without visa sponsorship might be useful for anyone worried about the hb changes feel free to dm me,0.046,0.708,0.246,0.8225,Positive
Yuvraj Badhan,https://www.linkedin.com/in/yuvraj-badhan-677abb22a,"Aspiring CPA | Public Practice Background | Bookkeeping, Tax & Compliance Services",If India provides adequate infrastructure and resources to them.,2025-09-20T22:01:19.236Z,"urn:li:comment:(activity:7375035321044049920,7375287974038523904)",0edd49c412fe26d9941b9cee8ddd71023533fd5b87e4a30099847799d5401396,urn:li:activity:7375035321044049920,5125ecff49b4c19d07509646642ccc1f0c24b1fb9bf287bca8b21ae452f91b2f,7375035321044049920,if india provides adequate infrastructure and resources to them,0.0,0.808,0.192,0.2263,Positive
Hanumanth Lal Shukla,https://www.linkedin.com/in/hanumantl,Chief Executive Officer @ Mamastops | MBA,"love every word of yours , like stateman
Many parents sell their house to get US education to get future Better ROI . I never went to USA nor i will ever go to even visit . They build their country 200 years and we can build now 
",2025-09-20T21:24:58.544Z,"urn:li:comment:(activity:7375035321044049920,7375278827553509376)",d1155f258f364f633eac1ae9bb4dcad45646e15fee4d30245e29a6017edcbf9f,urn:li:activity:7375035321044049920,5125ecff49b4c19d07509646642ccc1f0c24b1fb9bf287bca8b21ae452f91b2f,7375035321044049920,love every word of yours like stateman many parents sell their house to get us education to get future better roi i never went to usa nor i will ever go to even visit they build their country years and we can build now,0.0,0.802,0.198,0.8625,Positive
Varun Francis,https://www.linkedin.com/in/varun-francis,"co-founder, hooly","i think it’s going to be more “build for the globe, from India”

none of this changes the fundamentals of the indian consumer purchase behaviour",2025-09-20T20:35:11.487Z,"urn:li:comment:(activity:7375035321044049920,7375266298928427008)",3ade251970ffe9ccfd36774e5303f7f9182675efa3296a59f6ceaaf8b1c4bf0b,urn:li:activity:7375035321044049920,5125ecff49b4c19d07509646642ccc1f0c24b1fb9bf287bca8b21ae452f91b2f,7375035321044049920,i think its going to be more build for the globe from india none of this changes the fundamentals of the indian consumer purchase behaviour,0.0,1.0,0.0,0.0,Neutral
Vijayta Vyas,https://www.linkedin.com/in/vijayta-vyas-0b72b948,"Founder @ VEÜ (UAE Incubator) | UAE Market Entry, Structuring & Scale | M&A Advisor | Keynote Speaker| Chartered Accountant | AML","I have a mid way answer here. Come to Dubai UAE 🇦🇪 
3 hours away from any major airport in India and a global hub with trade relations with everyone in the world. Dubai actively promotes and supports fin techs and AI based services and they have  made  it an absolute breeze to setup companies - infact we at VEU FZC  can handhold H1B visa holders in their entire relocation from visa and legals to business licenses and even homes and investments  with 100 percent ownership and 0 personal income tax",2025-09-20T20:06:26.765Z,"urn:li:comment:(activity:7375035321044049920,7375259064919822336)",92db89990b4cf9a3bb9f909a3065d600ade04fe652f20bfc1af7d04304a5c81a,urn:li:activity:7375035321044049920,5125ecff49b4c19d07509646642ccc1f0c24b1fb9bf287bca8b21ae452f91b2f,7375035321044049920,i have a mid way answer here come to dubai uae hours away from any major airport in india and a global hub with trade relations with everyone in the world dubai actively promotes and supports fin techs and ai based services and they have made it an absolute breeze to setup companies infact we at veu fzc can handhold hb visa holders in their entire relocation from visa and legals to business licenses and even homes and investments with percent ownership and personal income tax,0.0,0.917,0.083,0.7351,Positive
Derick David,https://www.linkedin.com/in/derick-david-2355571b8,Odoo Technofunctional Consultant | Odoo Development & Customization | Database Migrations,"In a time where even European tech talent moves to the US.
I would say US in like the top destination",2025-09-20T19:51:29.100Z,"urn:li:comment:(activity:7375035321044049920,7375255299840081920)",bc8406237ee4972e658cffeed3dbfde68843c498fcbbe6f99dbc8523c98d5f0a,urn:li:activity:7375035321044049920,5125ecff49b4c19d07509646642ccc1f0c24b1fb9bf287bca8b21ae452f91b2f,7375035321044049920,in a time where even european tech talent moves to the us i would say us in like the top destination,0.0,0.693,0.307,0.7269,Positive
Koushik Vaidhinathan,https://www.linkedin.com/in/weidonghsu,Book your wildlife safaris in Africa - wowxplore Expeditions,With so many loopholes for companies to get exemptions.,2025-09-20T19:20:52.416Z,"urn:li:comment:(activity:7375035321044049920,7375247596228923392)",4a14125256bf98477f265ec22e0dda4e907dbfd844809bc5b95b31ce6caddce5,urn:li:activity:7375035321044049920,5125ecff49b4c19d07509646642ccc1f0c24b1fb9bf287bca8b21ae452f91b2f,7375035321044049920,with so many loopholes for companies to get exemptions,0.0,1.0,0.0,0.0,Neutral
Yash Sharma,https://www.linkedin.com/in/yash-sharma-ys22,Connect Brands with Their Audience & Amplify Founder Voices | Digital Marketing Strategist | 50+ Brands Transformed,"The ‘Indian dream’ doesn’t have to be outsourced anymore. With the scale of local problems and talent, building for India today is like building for the next billion tomorrow. The inversion is real.",2025-09-20T19:08:54.351Z,"urn:li:comment:(activity:7375035321044049920,7375244584450363392)",43509f058182496db8d52d3d5caf9533467309ed3f16916dcc09cbd2b79bc4fa,urn:li:activity:7375035321044049920,5125ecff49b4c19d07509646642ccc1f0c24b1fb9bf287bca8b21ae452f91b2f,7375035321044049920,the indian dream doesnt have to be outsourced anymore with the scale of local problems and talent building for india today is like building for the next billion tomorrow the inversion is real,0.069,0.744,0.187,0.5574,Positive
Rounak Kedia,https://www.linkedin.com/in/rounakkedia002,CFA Level III candidate | ESG Risk Analyst | Morningstar Sustainalytics | IndusInd Bank,"India lacks US like ecosystem. Granted it would advantageous and many things India is doing right but at present India still doesn't have even a fraction of US like ecosystem, so really unsure how will India tap this opportunity in short term.",2025-09-20T18:16:27.746Z,"urn:li:comment:(activity:7375035321044049920,7375231386628014080)",0a272b13d5ab6b5efa0d2b825231b1ea198a017f2379b4bc1cb6d4e2144048f4,urn:li:activity:7375035321044049920,5125ecff49b4c19d07509646642ccc1f0c24b1fb9bf287bca8b21ae452f91b2f,7375035321044049920,india lacks us like ecosystem granted it would advantageous and many things india is doing right but at present india still doesnt have even a fraction of us like ecosystem so really unsure how will india tap this opportunity in short term,0.066,0.687,0.248,0.8057,Positive
Suyash Jolly,https://www.linkedin.com/in/suyashjolly,Senior (Principal) Researcher Department of Human Geography and Regional Development University of Ostrava Czechia,"This is not going to happen as it is being claimed. See the reasons in comments here 

https://www.linkedin.com/feed/update/urn:li:activity:7375208142311378944/?commentUrn=urn%3Ali%3Acomment%3A(activity%3A7375208142311378944%2C7375212375869775872)&dashCommentUrn=urn%3Ali%3Afsd_comment%3A(7375212375869775872%2Curn%3Ali%3Aactivity%3A7375208142311378944)",2025-09-20T17:24:02.164Z,"urn:li:comment:(activity:7375035321044049920,7375218193100967936)",213809b81a0395c5e63538c5b320afa4000611febbdfb1dfd9a64aee9041376d,urn:li:activity:7375035321044049920,5125ecff49b4c19d07509646642ccc1f0c24b1fb9bf287bca8b21ae452f91b2f,7375035321044049920,this is not going to happen as it is being claimed see the reasons in comments here,0.0,1.0,0.0,0.0,Neutral
CA Shakunthala G,https://www.linkedin.com/in/shakunthalagopal,Investment Analysis | Research | Valuation,Time to Indianize and build India,2025-09-20T17:06:20.433Z,"urn:li:comment:(activity:7375035321044049920,7375213739878445056)",fd46f48a735d36ac136ed69538e2967ad7a320dcbbbc62bf385449aa78870109,urn:li:activity:7375035321044049920,5125ecff49b4c19d07509646642ccc1f0c24b1fb9bf287bca8b21ae452f91b2f,7375035321044049920,time to indianize and build india,0.0,1.0,0.0,0.0,Neutral
Nitish Kashyap,https://www.linkedin.com/in/nitishkashyap-financeguru,"Founder, CEO at Number Leader | Educator at Manartha Varsity | Virtual CFO, M&A & Investment Banking Specialist | Driving Financial Strategy & Startup Growth","While USA is doing so much to target Indians, we should stop the outflow of our marketing spend on Meta, Google, YouTube, LinkedIn, Zoom, Amazon, Flipkart and every US software product/ service. I think the government should increase the equalization levy  to 100%. This way, using these platforms will become non viable for Indian businesses. This way, money will get redirected to Indian e-commerce players like Zepto, Blinkit, BB Daily, Zomato, etc.",2025-09-20T16:49:05.669Z,"urn:li:comment:(activity:7375035321044049920,7375209399763546112)",11030ba6ef2ffd9fdfa28fd66541be9d0352fbe5e3c169ac1664501baab71f22,urn:li:activity:7375035321044049920,5125ecff49b4c19d07509646642ccc1f0c24b1fb9bf287bca8b21ae452f91b2f,7375035321044049920,while usa is doing so much to target indians we should stop the outflow of our marketing spend on meta google youtube linkedin zoom amazon flipkart and every us software product service i think the government should increase the equalization levy to this way using these platforms will become non viable for indian businesses this way money will get redirected to indian ecommerce players like zepto blinkit bb daily zomato etc,0.029,0.884,0.087,0.5106,Positive
Madhur Singhal,https://www.linkedin.com/in/madhursinghal101,"Strategy & GTM | Whatfix | Ex-Bain, Highradius | IIM Indore","Possibly a great time for other countries to attract talent (or attract back, for India). With nationalism movement increasing round the world, who will take on this opportunity",2025-09-20T16:44:17.361Z,"urn:li:comment:(activity:7375035321044049920,7375208190512173056)",396c734400c3bf7b95bdd5543e4539860f2cc892c096eec9eb72bb3161c61eb0,urn:li:activity:7375035321044049920,5125ecff49b4c19d07509646642ccc1f0c24b1fb9bf287bca8b21ae452f91b2f,7375035321044049920,possibly a great time for other countries to attract talent or attract back for india with nationalism movement increasing round the world who will take on this opportunity,0.0,0.592,0.408,0.9343,Positive
Krish Gupta,https://www.linkedin.com/in/krish-gupta-53295335a,Building @ AetherMed | Building India’s Healthcare Infrastructure,#Building for the world FROM India.!!!!!!!!!!,2025-09-20T15:02:24.078Z,"urn:li:comment:(activity:7375035321044049920,7375182549544890368)",f4f53bc3ca463f0cb6d82999206be02b441ed6ed1491437d1206df0191baec1f,urn:li:activity:7375035321044049920,5125ecff49b4c19d07509646642ccc1f0c24b1fb9bf287bca8b21ae452f91b2f,7375035321044049920,building for the world from india,0.0,1.0,0.0,0.0,Neutral
Abhisek Barahi,https://www.linkedin.com/in/abhisek-barahi-602510280,"Business Development Manager @ Mygate | MBA, Marketing Enthusiast | Passionate about Brand Strategy & Sustainable Growth",This is huge. $100K changes the game for both companies and skilled workers 👀,2025-09-20T14:22:50.778Z,"urn:li:comment:(activity:7375035321044049920,7375172595203301376)",de73814c2a1a8d59436b71ba643a01dd4d9c93df331484c2ceb3a769379a1e73,urn:li:activity:7375035321044049920,5125ecff49b4c19d07509646642ccc1f0c24b1fb9bf287bca8b21ae452f91b2f,7375035321044049920,this is huge k changes the game for both companies and skilled workers,0.0,0.827,0.173,0.3182,Positive
Saakaar Bhatnagar,https://www.linkedin.com/in/saakaar-bhatnagar-b7132a136,Physical AI @ Luminary Cloud | Stanford University,"There is a world beyond beyond SaaS startups and food delivery; some people work in deep tech ecosystems like materials science, biotech, AI, semiconductors etc. for which there is very limited infra in India… these folks will probably head elsewhere",2025-09-20T14:11:49.685Z,"urn:li:comment:(activity:7375035321044049920,7375169822382358528)",8e2c0d37f1947dda3623013ea2e34c79ad02e2bb8f269aaf38fc391faa722643,urn:li:activity:7375035321044049920,5125ecff49b4c19d07509646642ccc1f0c24b1fb9bf287bca8b21ae452f91b2f,7375035321044049920,there is a world beyond beyond saas startups and food delivery some people work in deep tech ecosystems like materials science biotech ai semiconductors etc for which there is very limited infra in india these folks will probably head elsewhere,0.053,0.887,0.06,0.079,Positive
Surbhi Sharma,https://www.linkedin.com/in/surbhisharmalinkedin,All Things Human - On a mission to make learning a human experience.,"Top talent doesn’t leave India because of a lack of patriotism; they leave because of opportunity structures. Research ecosystems, fair pay, quality of life, and career mobility drives decisions more than sentiment. Patriotism can inspire contribution, but it cannot replace the incentives and infrastructure needed to retain talent. The flaw is assuming loyalty alone keeps people back; in reality, talent follows where their skills can thrive.",2025-09-20T14:08:38.751Z,"urn:li:comment:(activity:7375035321044049920,7375169021542809600)",344e77698a0fcab4764dd4b6a9b950089c82358f7acf43e4406353db920ba14b,urn:li:activity:7375035321044049920,5125ecff49b4c19d07509646642ccc1f0c24b1fb9bf287bca8b21ae452f91b2f,7375035321044049920,top talent doesnt leave india because of a lack of patriotism they leave because of opportunity structures research ecosystems fair pay quality of life and career mobility drives decisions more than sentiment patriotism can inspire contribution but it cannot replace the incentives and infrastructure needed to retain talent the flaw is assuming loyalty alone keeps people back in reality talent follows where their skills can thrive,0.095,0.62,0.286,0.9288,Positive
Eka Experiences™,,868 followers,"love this Dilip Kumar, hope they come back home! While we would love to welcome back all with open arms but the question remains will they come especially after getting used to a certain quality of life ? If not US, they will look for opportunities in the next best alternative countries like Singapore, Australia, Europe etc. ",2025-09-20T14:02:17.141Z,"urn:li:comment:(activity:7375035321044049920,7375167420958892032)",3ea79322360bdf1e773e86083cfc5414b47c5e48e30308db10bf289a05a06ef9,urn:li:activity:7375035321044049920,5125ecff49b4c19d07509646642ccc1f0c24b1fb9bf287bca8b21ae452f91b2f,7375035321044049920,love this dilip kumar hope they come back home while we would love to welcome back all with open arms but the question remains will they come especially after getting used to a certain quality of life if not us they will look for opportunities in the next best alternative countries like singapore australia europe etc,0.0,0.66,0.34,0.9728,Positive
Nikhil Rana,https://www.linkedin.com/in/nikhil-rana-07a35714,Process Engineer | NGL Fractionation | LPG Recovery | LNG Processing | Cryogenic l Sour Natural Gas Processing l Optimization,India calling India,2025-09-20T13:53:56.876Z,"urn:li:comment:(activity:7375035321044049920,7375165322691158016)",e735ac1210d9a91b8af3ed59ed670627281d3761aad199c36ec755dee7f8a9ea,urn:li:activity:7375035321044049920,5125ecff49b4c19d07509646642ccc1f0c24b1fb9bf287bca8b21ae452f91b2f,7375035321044049920,india calling india,0.0,1.0,0.0,0.0,Neutral
Samesh Rajpal,https://www.linkedin.com/in/samesh-rajpal-25bb52151,"Building Strata Wealth | Guiding millennials & young professionals to make smarter financial decisions & build lasting financial freedom | Views are personal , Nothing here is advice.","Dilip Kumar This is the kind of perspective that makes you pause. Constraints, inefficiencies, and gaps aren’t just problems—they’re opportunity signals. The next wave of Indian engineers and entrepreneurs who see this will define not just India’s growth, but the blueprint for emerging markets globally. Timing couldn’t be more perfect.",2025-09-20T13:41:41.734Z,"urn:li:comment:(activity:7375035321044049920,7375162239286374400)",b86cca1b2d3acd98dae02bf3488de5042dbfb9abd7f3e118e2780f7dcfcbe446,urn:li:activity:7375035321044049920,5125ecff49b4c19d07509646642ccc1f0c24b1fb9bf287bca8b21ae452f91b2f,7375035321044049920,dilip kumar this is the kind of perspective that makes you pause constraints inefficiencies and gaps arent just problemstheyre opportunity signals the next wave of indian engineers and entrepreneurs who see this will define not just indias growth but the blueprint for emerging markets globally timing couldnt be more perfect,0.139,0.861,0.0,-0.7636,Negative
Muthu Ranganathan,https://www.linkedin.com/in/muthuranganathan,Intrapreneur | Product Management |Analytics | Finance | Startup Mentor | Larger mission: Supporting people in realizing their dreams to grow and be successful,"Hope so, but given the level of infra, they may be attracted to other destinations. Our cities are becoming unliveable",2025-09-20T13:32:38.752Z,"urn:li:comment:(activity:7375035321044049920,7375159961854619648)",e634e6154215134ddc43c744ef04432637415fced7182392664ce5f131ebac9e,urn:li:activity:7375035321044049920,5125ecff49b4c19d07509646642ccc1f0c24b1fb9bf287bca8b21ae452f91b2f,7375035321044049920,hope so but given the level of infra they may be attracted to other destinations our cities are becoming unliveable,0.0,0.761,0.239,0.6858,Positive
Ajay Kamath,https://www.linkedin.com/in/ajay-kamath-9206825,Chief Scale Officer | Helping businesses expand across APAC | Founder @ the GTM Guide,"Absolutely spot on! The Indian dream has flipped. 
The question is no longer “Can India build?” but “Who’s ready to lead this wave?” 🚀",2025-09-20T13:31:40.853Z,"urn:li:comment:(activity:7375035321044049920,7375159719004442625)",f28e328280f80766683b8029d1536c17fa813a1f79513887e4629b345e85251e,urn:li:activity:7375035321044049920,5125ecff49b4c19d07509646642ccc1f0c24b1fb9bf287bca8b21ae452f91b2f,7375035321044049920,absolutely spot on the indian dream has flipped the question is no longer can india build but whos ready to lead this wave,0.061,0.759,0.18,0.4854,Positive
Mayank Raj,https://www.linkedin.com/in/mayank-raj-a908b817a,CA | Stripe | EVERYTHING is EASY when you are CRAZY for it & EVERYTHING will be DIFFICULT when you are LAZY for it.,Thanks for highlighting this. I also mentioned same thought. Its to show world who is real OG ?,2025-09-20T13:19:27.153Z,"urn:li:comment:(activity:7375035321044049920,7375156641647951872)",b52cc12759cde52a9be272739bdab446a3170982b0dfd47cb3b771054c248fbd,urn:li:activity:7375035321044049920,5125ecff49b4c19d07509646642ccc1f0c24b1fb9bf287bca8b21ae452f91b2f,7375035321044049920,thanks for highlighting this i also mentioned same thought its to show world who is real og,0.0,0.838,0.162,0.4404,Positive
Shahad Moideen,https://www.linkedin.com/in/shahad-moideen,CEO & Executive Director at KENZA TMT | Recognized as Outstanding Young Entrepreneur by the Central Ministry Of India,👏🏻,2025-09-20T13:02:24.464Z,"urn:li:comment:(activity:7375035321044049920,7375152352174985216)",b4f5febae941f78eadb3abe27d957a9c342e549840fb9c2f04b452a30a24930d,urn:li:activity:7375035321044049920,5125ecff49b4c19d07509646642ccc1f0c24b1fb9bf287bca8b21ae452f91b2f,7375035321044049920,,0.0,0.0,0.0,0.0,Neutral
Rajeev Jain,https://www.linkedin.com/in/rajeevjain81,Sr. Director @ Fiserv | Scaling Bill Payment Products in North America | Leadership Through Discipline | 5:45 AM Since 2017,Aptly said . And excellence has always been a function of constraint … so the time and conditions in India is apt to build,2025-09-20T12:32:49.607Z,"urn:li:comment:(activity:7375035321044049920,7375144907885318144)",9f21825eb10c8c7dd8c4567a326e7ff21fe3cc0ece8bacfe5ea112b7c69b1d9d,urn:li:activity:7375035321044049920,5125ecff49b4c19d07509646642ccc1f0c24b1fb9bf287bca8b21ae452f91b2f,7375035321044049920,aptly said and excellence has always been a function of constraint so the time and conditions in india is apt to build,0.0,0.83,0.17,0.6249,Positive
Vaibhav Gopalka,https://www.linkedin.com/in/vaibhav-gopalka-79ba88a2,Product Manager @ Avalara | Tax Technologist (Ex- Clear) | Ex-Big 4 | Start-up Enthusiast,Hopefully it would boost Indian Economy! #meme,2025-09-20T12:21:25.919Z,"urn:li:comment:(activity:7375035321044049920,7375142040290045952)",50ecb82370bf6cfd821663e9d70c4f80d155baad20826df8bd4c54c6c47f9981,urn:li:activity:7375035321044049920,5125ecff49b4c19d07509646642ccc1f0c24b1fb9bf287bca8b21ae452f91b2f,7375035321044049920,hopefully it would boost indian economy meme,0.0,0.481,0.519,0.6597,Positive
Imran Ahmed,https://www.linkedin.com/in/imran-ahmed-a1baa78,"Strategic Leader in Education, Sustainability & Program Management | Driving ESG Initiatives, Digital Transformation & Women's Empowerment",One friendship is costing Indians a lot at home and in the US and let not any side conversation deflect your attention.,2025-09-20T12:11:50.523Z,"urn:li:comment:(activity:7375035321044049920,7375139626908286976)",d613b454c32e76ad63ceb830a89b0e633f1297207bef709829de8e57e20b7e4a,urn:li:activity:7375035321044049920,5125ecff49b4c19d07509646642ccc1f0c24b1fb9bf287bca8b21ae452f91b2f,7375035321044049920,one friendship is costing indians a lot at home and in the us and let not any side conversation deflect your attention,0.0,0.873,0.127,0.4404,Positive
Aryan Bhasin,https://www.linkedin.com/in/aryanbhasinofficial,Dropped Out to Build India’s Meme Marketing Giant | 10 Billion Views Monthly | Founder & CEO @Sociohub Media | Meme Marketing | Viral Marketing | Content Amplification | Influencer Marketing | Brand Campaigns |,Well said sometimes the biggest opportunities come when you choose to stay and solve problems where you belong.,2025-09-20T12:10:38.562Z,"urn:li:comment:(activity:7375035321044049920,7375139325077970944)",4c5efdc96e9b567a7007bd3585aa763af1e51774037734e1e3153a7118802ad3,urn:li:activity:7375035321044049920,5125ecff49b4c19d07509646642ccc1f0c24b1fb9bf287bca8b21ae452f91b2f,7375035321044049920,well said sometimes the biggest opportunities come when you choose to stay and solve problems where you belong,0.116,0.603,0.28,0.4215,Positive
Mohit Jain,https://www.linkedin.com/in/mohit-jain-84048817,Program Management | Product Management | Product Strategy,This will probably enable more jobs in India now.,2025-09-20T12:07:35.261Z,"urn:li:comment:(activity:7375035321044049920,7375138556257898496)",29850affee2b69189aeb12f0946df799a3d2eb2ce79afe034a4f692fa9f29c9f,urn:li:activity:7375035321044049920,5125ecff49b4c19d07509646642ccc1f0c24b1fb9bf287bca8b21ae452f91b2f,7375035321044049920,this will probably enable more jobs in india now,0.0,1.0,0.0,0.0,Neutral
Amareshwar Sharma,https://www.linkedin.com/in/amareshwar-sharma-digitalmarketingconsultant,Business Development * Email Marketing * Lead Generation * SaaS Sales * Growth Hacking * Digital Marketing * Copywriting * Script Writing * Event Management * Advertising Client Servicing and Account Management,"You can't realize an American dream on Indian soil. 
India is a Lala land. They know you can't go now. So paychecks will be capped at certain levels. 
Indians are master in creating nexus in the name of industry associations.",2025-09-20T11:59:51.603Z,"urn:li:comment:(activity:7375035321044049920,7375136611535106048)",512ac8bd7047b39ee45229e5f56d9537f573b7524517c7dd429d40e66517abc5,urn:li:activity:7375035321044049920,5125ecff49b4c19d07509646642ccc1f0c24b1fb9bf287bca8b21ae452f91b2f,7375035321044049920,you cant realize an american dream on indian soil india is a lala land they know you cant go now so paychecks will be capped at certain levels indians are master in creating nexus in the name of industry associations,0.0,0.851,0.149,0.6486,Positive
Nikhil Dhingra,https://www.linkedin.com/in/nikhildhingra93,"Senior Manager, COO’s Office at VFS Global | Strategy, Global Projects & Cross-Functional Execution","Sharp perspective — the USD 100k H-1B fee really does signal the ‘great inversion.’ What stands out to me is that mobility policy shifts don’t just alter individual choices; they redraw migration corridors. 
The opportunity for India is not just to retain talent, but to build frameworks that channel it into innovation, education, and global competitiveness.",2025-09-20T11:24:59.263Z,"urn:li:comment:(activity:7375035321044049920,7375127835625201664)",abc630eb1a37a7cb5f006386c2e5bbea0ce42ef240c3316247c4faca167412dd,urn:li:activity:7375035321044049920,5125ecff49b4c19d07509646642ccc1f0c24b1fb9bf287bca8b21ae452f91b2f,7375035321044049920,sharp perspective the usd k hb fee really does signal the great inversion what stands out to me is that mobility policy shifts dont just alter individual choices they redraw migration corridors the opportunity for india is not just to retain talent but to build frameworks that channel it into innovation education and global competitiveness,0.0,0.837,0.163,0.8294,Positive
BALBIR SINGH,https://www.linkedin.com/in/balbir-singh-06532682,AMFI Registered Mutual Funds Distributor,"Dilip Kumar 

Yes, India could benefit from H-1B visa fee hikes and restrictions in the long term, if:

Domestic industries absorb and leverage the retained talent.

The government and private sector invest in R&D, infrastructure, and innovation ecosystems.

India moves up the value chain in tech, not just serving as an outsourcing hub.

Otherwise, there's a risk that opportunity without access could turn into frustration, not growth.",2025-09-20T11:24:30.192Z,"urn:li:comment:(activity:7375035321044049920,7375127713692655616)",790c04cb702c2a1200224f360ccccecd6c51d5959371ed52b20e6019133588ff,urn:li:activity:7375035321044049920,5125ecff49b4c19d07509646642ccc1f0c24b1fb9bf287bca8b21ae452f91b2f,7375035321044049920,dilip kumar yes india could benefit from hb visa fee hikes and restrictions in the long term if domestic industries absorb and leverage the retained talent the government and private sector invest in rd infrastructure and innovation ecosystems india moves up the value chain in tech not just serving as an outsourcing hub otherwise theres a risk that opportunity without access could turn into frustration not growth,0.091,0.693,0.215,0.8408,Positive
Prashanth Gaddampally,https://www.linkedin.com/in/prashanthgaddampally,Corporate Leader | Hybrid Athlete I Fitness Educator & Mentor SFSA | Empowering Busy Professionals Build Sustainable Health & Fitness,"Very well mentioned,  most of student immigrations to US, UK from India,  China. after education,  learning Indians were staying back where Chinese going back to their country and we can see progress today. Agree that our democracy,  political system didn't build any eco system which need to improve",2025-09-20T10:55:45.378Z,"urn:li:comment:(activity:7375035321044049920,7375120479302586368)",3b21c9da7dcc5401a7e5c471be029d5f29e8a22854acaf2941abcb69db1dd674,urn:li:activity:7375035321044049920,5125ecff49b4c19d07509646642ccc1f0c24b1fb9bf287bca8b21ae452f91b2f,7375035321044049920,very well mentioned most of student immigrations to us uk from india china after education learning indians were staying back where chinese going back to their country and we can see progress today agree that our democracy political system didnt build any eco system which need to improve,0.0,0.806,0.194,0.8622,Positive
Debajyoti Jena,https://www.linkedin.com/in/debajyoti-jena,"Founder - The StartUp Circle | IIM-C | Startups Content Writer for Founders, VCs & Angel Investors | Personal Branding | LinkedIn Profile Optimization | Brand Collaboration | Brand Marketing | 17K+ LinkedIn Network","It will retain so many young talents within our country which will develop innovation and many more successful startups in India...

India will be setting up to dominate in the next decade Dilip Kumar 

What's your take on this ?",2025-09-20T10:49:58.553Z,"urn:li:comment:(activity:7375035321044049920,7375119024608743425)",62f52864d24b81f5229423e2b25ee689dad6275fdffb570207879b86461d78e9,urn:li:activity:7375035321044049920,5125ecff49b4c19d07509646642ccc1f0c24b1fb9bf287bca8b21ae452f91b2f,7375035321044049920,it will retain so many young talents within our country which will develop innovation and many more successful startups in india india will be setting up to dominate in the next decade dilip kumar whats your take on this,0.032,0.753,0.214,0.8576,Positive
Vigneshwar Murali,https://www.linkedin.com/in/vigneshwarmurali,"Sustainability consultant helping stakeholders, business models, operations optimize resources, leveraging through Circular Economy, ESG frameworks, Renewables",I bet people would pay more extra 10k $ on top of 100k $ to get that H-1B by taking a loan and repay it in 2 years.,2025-09-20T10:16:24.340Z,"urn:li:comment:(activity:7375035321044049920,7375110576387104769)",1d56b2ef987b084f448b2ae2fae73af34433d67fca733b5c6136f6491d65d916,urn:li:activity:7375035321044049920,5125ecff49b4c19d07509646642ccc1f0c24b1fb9bf287bca8b21ae452f91b2f,7375035321044049920,i bet people would pay more extra k on top of k to get that hb by taking a loan and repay it in years,0.062,0.846,0.092,0.1689,Positive
"Nikunj N Sinha, CTP",https://www.linkedin.com/in/nikunj-n-sinha-ctp-5aa98820,Zonal Head - Financial Mkts @IDFC First | Catalyst | Learner | Ex- Kotak | Ex- HDFC | Fintech | Bhagvad Gita Enthusiast,"US has done its bit, now India and political-Beaurocratic Will shd embrace this opportunity !!",2025-09-20T10:14:12.912Z,"urn:li:comment:(activity:7375035321044049920,7375110025142394880)",3c667ef9af59a253928913bf5012a80400838707fcdc647ee87e6ee03b2814bd,urn:li:activity:7375035321044049920,5125ecff49b4c19d07509646642ccc1f0c24b1fb9bf287bca8b21ae452f91b2f,7375035321044049920,us has done its bit now india and politicalbeaurocratic will shd embrace this opportunity,0.0,0.684,0.316,0.6757,Positive
Ankit Chaudhary,https://www.linkedin.com/in/ankch,Sr. Director Product at HighRadius,"Easier said than done. 

Put yourself in the shoes of thousands of those folks who are likely to be impacted.",2025-09-20T09:59:36.881Z,"urn:li:comment:(activity:7375035321044049920,7375106350802128896)",29ad2e47f37f6b8369d00121776b54481cc558044946052fc8f1596bd7b7b9f6,urn:li:activity:7375035321044049920,5125ecff49b4c19d07509646642ccc1f0c24b1fb9bf287bca8b21ae452f91b2f,7375035321044049920,easier said than done put yourself in the shoes of thousands of those folks who are likely to be impacted,0.0,0.872,0.128,0.4215,Positive
Hashim Ahmed,https://www.linkedin.com/in/hashim-ahmed-909a861b0,Senior Manager | Counselling @Leap,"Hey Dilip Kumar We need to build an environment in India similar to what exists in the US 

one that allows our engineers to become super engineers. 
Right now the reality is tough. Too often engineers are doing everything except engineering.

Indian engineers are a world-class asset but we lack the ecosystem to nurture, retain, and fully use their expertise. 

And this isn’t just about engineers it’s about every Indian professional.

Hard work is in our DNA. 
For us, work is worship. We give our best but what holds us back is not effort . it’s vision.

This isn’t a rant it’s the truth.",2025-09-20T09:37:22.614Z,"urn:li:comment:(activity:7375035321044049920,7375100754476503040)",65cff4a809f6f0476072ff4d7655deea5d36d314d73868d67839f5243ba272e4,urn:li:activity:7375035321044049920,5125ecff49b4c19d07509646642ccc1f0c24b1fb9bf287bca8b21ae452f91b2f,7375035321044049920,hey dilip kumar we need to build an environment in india similar to what exists in the us one that allows our engineers to become super engineers right now the reality is tough too often engineers are doing everything except engineering indian engineers are a worldclass asset but we lack the ecosystem to nurture retain and fully use their expertise and this isnt just about engineers its about every indian professional hard work is in our dna for us work is worship we give our best but what holds us back is not effort its vision this isnt a rant its the truth,0.066,0.754,0.179,0.9381,Positive
Tushar Rokade,https://www.linkedin.com/in/tusharcxurious,Building Hisvitals.com | IPO-ed Deltic EV | IIM L | IIT I,"The opportunity was always there. But good that this will be a jolt, the only bad part about this is that the 'transitioning' generation will bear the brunt and will have to sacrifice a lot, which is quite unfair (no, it is still unfair if you want me to 'look at the bigger picture')",2025-09-20T09:34:51.094Z,"urn:li:comment:(activity:7375035321044049920,7375100118955528192)",07d8cccdd93c2f18c3d5cc8aba9cb21e9953c2db0fdd51881b7d5a467e60d922,urn:li:activity:7375035321044049920,5125ecff49b4c19d07509646642ccc1f0c24b1fb9bf287bca8b21ae452f91b2f,7375035321044049920,the opportunity was always there but good that this will be a jolt the only bad part about this is that the transitioning generation will bear the brunt and will have to sacrifice a lot which is quite unfair no it is still unfair if you want me to look at the bigger picture,0.247,0.649,0.104,-0.9177,Negative
Akash Gupta⚡,https://www.linkedin.com/in/akashgupta3357,LooprAI | Ex - Codefex & Datazip,"It was never engineering. But the VC culture.. they need to invest in India's Deeptech and SaaS..
We need a YC equivalent in India..",2025-09-20T09:15:02.108Z,"urn:li:comment:(activity:7375035321044049920,7375095131990851584)",9c5fcbaf9b9500338ec2d77e19e0cb93b3a5b60db7e006d66e69e689ab33dcb5,urn:li:activity:7375035321044049920,5125ecff49b4c19d07509646642ccc1f0c24b1fb9bf287bca8b21ae452f91b2f,7375035321044049920,it was never engineering but the vc culture they need to invest in indias deeptech and saas we need a yc equivalent in india,0.0,1.0,0.0,0.0,Neutral
Kushal Kulshreshtha,https://www.linkedin.com/in/kushalkul,I build systems that learn from data | AI & Data Engineer @ TopDog Law | DM to unlock value from your data,"Totally agree. Returned from US to India 6 months ago and I think it was the best decision ever.

It is time for Indians to pursue the 'Indian dream'.",2025-09-20T09:08:24.082Z,"urn:li:comment:(activity:7375035321044049920,7375093462544818177)",897e9750e18d7ef8d4c20b4515817737bbf937c30a49acc140ba289e6d65ce85,urn:li:activity:7375035321044049920,5125ecff49b4c19d07509646642ccc1f0c24b1fb9bf287bca8b21ae452f91b2f,7375035321044049920,totally agree returned from us to india months ago and i think it was the best decision ever it is time for indians to pursue the indian dream,0.0,0.727,0.273,0.8399,Positive
Gitesh Aggarwal,https://www.linkedin.com/in/giteshaggarwal,Litmus Ink & Sewan Foods | Tech × Impact,"Love the pep talk, Dilip Kumar. But ground reality check: engineers aren’t leaving for lack of patriotism, they’re leaving for basics ; clean air, reliable power, safe streets, less bureaucracy, and dignity of work. India still bleeds talent because we glorify jugaad instead of fixing systems. You can’t guilt-trip ambition with nationalism. Until staying back pays in quality of life, not just sentiment, the 'Indian dream' is just a LinkedIn post.

And let’s be real, if Trump makes the US tighter, Indians won’t suddenly stay back. They’ll just pivot to Canada, Europe, Australia, anywhere the doors are open. Talent flows where systems work.

That said, love your efforts and the Indian spirit you’re rooting for.",2025-09-20T09:07:54.199Z,"urn:li:comment:(activity:7375035321044049920,7375093337206415360)",3eeb4e36a23b1c2ce35f1c6b6e3e32f2f41d9321f47c0ab5e5813711da1044d9,urn:li:activity:7375035321044049920,5125ecff49b4c19d07509646642ccc1f0c24b1fb9bf287bca8b21ae452f91b2f,7375035321044049920,love the pep talk dilip kumar but ground reality check engineers arent leaving for lack of patriotism theyre leaving for basics clean air reliable power safe streets less bureaucracy and dignity of work india still bleeds talent because we glorify jugaad instead of fixing systems you cant guilttrip ambition with nationalism until staying back pays in quality of life not just sentiment the indian dream is just a linkedin post and lets be real if trump makes the us tighter indians wont suddenly stay back theyll just pivot to canada europe australia anywhere the doors are open talent flows where systems work that said love your efforts and the indian spirit youre rooting for,0.0,0.727,0.273,0.9902,Positive
Anuj Kumar,https://www.linkedin.com/in/anuj-kumar-36940a1ab,Freelancer | Aircraft/UAV Design & Calculation I Opensource CAE & Optimisation | Industrial Product Designer,If somone can work hard and move abroad then why not? Does only contractor/politician's son has a right to drive a sports car?,2025-09-20T09:03:44.913Z,"urn:li:comment:(activity:7375035321044049920,7375092291629346816)",6c775a9cdf435129f2e4a5c75ac331e9cf7db6a7e5ba60a8b3e580f157790c85,urn:li:activity:7375035321044049920,5125ecff49b4c19d07509646642ccc1f0c24b1fb9bf287bca8b21ae452f91b2f,7375035321044049920,if somone can work hard and move abroad then why not does only contractorpoliticians son has a right to drive a sports car,0.065,0.935,0.0,-0.1027,Negative
Piyush Mathur,https://www.linkedin.com/in/piyush-mathur-5118a9179,"Founding Editor & Lead Contributor, THOUGHTFOX.xyz; Owner, TEXTALL.xyz","'Earlier generations left India because they didn’t have a choice.' They did have a choice--and most stayed in India; only a tiny percentage moved abroad.  Meanwhile, the conditions are not that great in India even now.  The financial infra itself is terrible for international entrepreneurs.",2025-09-20T09:03:37.336Z,"urn:li:comment:(activity:7375035321044049920,7375092259844931584)",929150b8f4027061df2b73648046569804beb493c374c50d412c1d47cbe6bc59,urn:li:activity:7375035321044049920,5125ecff49b4c19d07509646642ccc1f0c24b1fb9bf287bca8b21ae452f91b2f,7375035321044049920,earlier generations left india because they didnt have a choice they did have a choiceand most stayed in india only a tiny percentage moved abroad meanwhile the conditions are not that great in india even now the financial infra itself is terrible for international entrepreneurs,0.138,0.862,0.0,-0.7502,Negative
Suma Manjunath,https://www.linkedin.com/in/suma-manjunath-54377553,Assistant Manager - HRD & Placements | Educator | Writer | Motivational Speaker,"Very True... 👍 
Glad...the time has come...
This great inversion of our time is remarkable....
Today, the cost of leaving India may outweigh the benefits.... 
It’s our chance to create, mentor, and leave a meaningful legacy right here at home....
Jai Hind !!!",2025-09-20T08:43:05.960Z,"urn:li:comment:(activity:7375035321044049920,7375087095083630592)",760c9dde1a955cd14194d336b229e3c40e8568c01f9249cb57f80d6460944bb1,urn:li:activity:7375035321044049920,5125ecff49b4c19d07509646642ccc1f0c24b1fb9bf287bca8b21ae452f91b2f,7375035321044049920,very true gladthe time has come this great inversion of our time is remarkable today the cost of leaving india may outweigh the benefits its our chance to create mentor and leave a meaningful legacy right here at home jai hind,0.022,0.595,0.383,0.9605,Positive
Navneeth Ramprasad,https://www.linkedin.com/in/navneethar,"Founder, Praan Health | Reimagining Chronic Care | Former Netflix, Meta | Former Pro-Athlete | 500K+ Community on Instagram/FB",Build in India for India ❤️ ,2025-09-20T08:40:11.146Z,"urn:li:comment:(activity:7375035321044049920,7375086361856413696)",bffef83a3c1aea071cc9fe6387cedf46a1c61bd7d1729798bfb35cd50ca9d8e1,urn:li:activity:7375035321044049920,5125ecff49b4c19d07509646642ccc1f0c24b1fb9bf287bca8b21ae452f91b2f,7375035321044049920,build in india for india,0.0,1.0,0.0,0.0,Neutral
APURVA DANGI,https://www.linkedin.com/in/apurva-dangi-2a08a566,HealthCARE Enthusiast | Ergonomist | Accidental CA | Founder - Revergon Solutions,"I agree with every bit of this post..add to it - Sensible capital will always chase capabilites..
The only question is how many have the conviction and endurance to sweat it out.",2025-09-20T08:38:49.723Z,"urn:li:comment:(activity:7375035321044049920,7375086020347723776)",2772e8e03e49fac240adfed83657f05bb8bddfdbe08ab716a0b9b8eff53e3bf0,urn:li:activity:7375035321044049920,5125ecff49b4c19d07509646642ccc1f0c24b1fb9bf287bca8b21ae452f91b2f,7375035321044049920,i agree with every bit of this postadd to it sensible capital will always chase capabilites the only question is how many have the conviction and endurance to sweat it out,0.0,0.921,0.079,0.3612,Positive
Sandeep Balaji,https://www.linkedin.com/in/sandeepbalaji,Growth & GTM | Operator Investor | “Building in India” Podcast Host,"High time we look at sustainable development & re development. There is talent all across India 🇮🇳- we can build from any city, town or village. Capital access or knowledge access is not restricted to the main metros.",2025-09-20T08:36:34.742Z,"urn:li:comment:(activity:7375035321044049920,7375085454192390144)",8d53bfcbc5ddb6793be34da0967342be242e06a92cd5143b52ebd1ad6623a578,urn:li:activity:7375035321044049920,5125ecff49b4c19d07509646642ccc1f0c24b1fb9bf287bca8b21ae452f91b2f,7375035321044049920,high time we look at sustainable development re development there is talent all across india we can build from any city town or village capital access or knowledge access is not restricted to the main metros,0.0,0.872,0.128,0.6103,Positive
SK Fazlul Krishnan,https://www.linkedin.com/in/sk-fazlul-krishnan-4b5bab15,"Cofounder & Director, CyGenica I Stanford Leadership Program I Corporate Governance,IICA I Inventive Project Management Specialist I zealous to contribute in health care industry to bring positive impact in human life",Well explained  Dilip Kumar . Now the Trump administration is solving the problem of our brain drain where India was helpless because of its challenges.,2025-09-20T08:19:10.344Z,"urn:li:comment:(activity:7375035321044049920,7375081073669562368)",0f3d4a4ddd2a9ae1b7f6605faae937b156a80bd2b01001cd14206e740714cd9d,urn:li:activity:7375035321044049920,5125ecff49b4c19d07509646642ccc1f0c24b1fb9bf287bca8b21ae452f91b2f,7375035321044049920,well explained dilip kumar now the trump administration is solving the problem of our brain drain where india was helpless because of its challenges,0.187,0.623,0.19,-0.2263,Negative
Sanjeev Garg,https://www.linkedin.com/in/sanjeev-garg-b70918308,Managing Director at Self Employed,"Corruption, exploitation, favoritism is destroying India.",2025-09-20T08:17:22.898Z,"urn:li:comment:(activity:7375035321044049920,7375080623008362496)",d717579a295afa16c52f5bb8897dcfe17ef1fa43ff3b12ef68e856a3515fe0e0,urn:li:activity:7375035321044049920,5125ecff49b4c19d07509646642ccc1f0c24b1fb9bf287bca8b21ae452f91b2f,7375035321044049920,corruption exploitation favoritism is destroying india,0.387,0.43,0.183,-0.4404,Negative
Inderjit Makkar,https://www.linkedin.com/in/inderjit-makkar,"I make Gen AI work for you at Factacy | Investor | Mentor | 4x Entrepreneur | Ai, Data Science, AoT and IoT | Sharktank India S1 | Ex S&P Global",Powerful perspective! Indian engineers have a unique opportunity today—solving India’s challenges can create world-class solutions for emerging markets. Dilip Kumar,2025-09-20T08:08:35.014Z,"urn:li:comment:(activity:7375035321044049920,7375078408906661888)",17e5fb9ff25ddfc5190d3976daae4e72032943fb8af5b9a3e4a1bd2a00000000,urn:li:activity:7375035321044049920,5125ecff49b4c19d07509646642ccc1f0c24b1fb9bf287bca8b21ae452f91b2f,7375035321044049920,powerful perspective indian engineers have a unique opportunity todaysolving indias challenges can create worldclass solutions for emerging markets dilip kumar,0.0,0.567,0.433,0.8271,Positive
Harnoor Saluja,https://www.linkedin.com/in/harnoor-saluja-605889222,"PR & Content Strategist | Ghostwriter | LinkedIn profiling | Fluent in Brand Voice, Banter & Business Goals | Marketing & Humor in Every Comms Cocktail",The potential for Indian engineers to innovate and drive change within their own country is truly compelling.,2025-09-20T07:49:19.429Z,"urn:li:comment:(activity:7375035321044049920,7375073562031894528)",dd880b8b7efa066f0bb0e53b520c900a6e7bfa1297c85cf944a0eb8ed44a5951,urn:li:activity:7375035321044049920,5125ecff49b4c19d07509646642ccc1f0c24b1fb9bf287bca8b21ae452f91b2f,7375035321044049920,the potential for indian engineers to innovate and drive change within their own country is truly compelling,0.0,0.636,0.364,0.7906,Positive
GetMeReferred - Job search made easy,,"92,364 followers","Time to build in India 🇮🇳
Checkout GetMeReferred.com , India's first intent based networking platform for referral guidance and Hiring.Happy to assist !",2025-09-20T07:48:21.508Z,"urn:li:comment:(activity:7375035321044049920,7375073319089369088)",0db8b2d4883d070433234c5e37d720690a665922915ffb6ad28094abd5d39301,urn:li:activity:7375035321044049920,5125ecff49b4c19d07509646642ccc1f0c24b1fb9bf287bca8b21ae452f91b2f,7375035321044049920,time to build in india checkout getmereferredcom indias first intent based networking platform for referral guidance and hiringhappy to assist,0.0,1.0,0.0,0.0,Neutral
Rohit Khanna,https://www.linkedin.com/in/rohit-khanna-26a29b6,"Sony Sports, Marketing","Let’s make India great !!

right time to build India instead of building foreign economies stronger …

maybe this is a divine indication to use our talent for our country more !

#MakeIndiaGreat #VishwaguruIndia",2025-09-20T07:43:12.272Z,"urn:li:comment:(activity:7375035321044049920,7375072022063828992)",fc57eb8918ca3581e7dd70e015adbf15aa00caddffc8c62e9e921dba615dc414,urn:li:activity:7375035321044049920,5125ecff49b4c19d07509646642ccc1f0c24b1fb9bf287bca8b21ae452f91b2f,7375035321044049920,lets make india great right time to build india instead of building foreign economies stronger maybe this is a divine indication to use our talent for our country more makeindiagreat vishwaguruindia,0.0,0.665,0.335,0.9201,Positive
Avigyan Mitra,https://www.linkedin.com/in/avigyanmitraofficial,Helping families afford healthcare | 100+ families helped | Health & Term Insurance | Financial Literacy,Why did we need Trump to make us realize that?,2025-09-20T07:41:59.474Z,"urn:li:comment:(activity:7375035321044049920,7375071716726861824)",87d19795c74ab64e8fea8dc43d0959e3fe45512cbd3e8e57b6114399029269d3,urn:li:activity:7375035321044049920,5125ecff49b4c19d07509646642ccc1f0c24b1fb9bf287bca8b21ae452f91b2f,7375035321044049920,why did we need trump to make us realize that,0.0,1.0,0.0,0.0,Neutral
Ameya Ashok Naik,https://www.linkedin.com/in/kianayema,Research Fellow at ODI Global | Faculty Fellow at The Takshashila Institution,"The broader sentiment in your post would stand even without this latest step by Trump. Which is good, because I would hesitate to read too much - whether intent or continuity - into anything Trump does.",2025-09-20T07:40:21.772Z,"urn:li:comment:(activity:7375035321044049920,7375071306930671616)",ddce09df3352dd191c56c78fdcdcdc87fd1943760a42b2a46f58ac140fd419dd,urn:li:activity:7375035321044049920,5125ecff49b4c19d07509646642ccc1f0c24b1fb9bf287bca8b21ae452f91b2f,7375035321044049920,the broader sentiment in your post would stand even without this latest step by trump which is good because i would hesitate to read too much whether intent or continuity into anything trump does,0.058,0.861,0.081,0.2023,Positive
Neelabh Khandelwal,https://www.linkedin.com/in/neelabhkhandelwal,Business Transformation l Growth l Banking & Financial Services l Angel Investor & Startup Mentor I Responsible AI & Governance l,"I wish someone high in Indian govt. is also thinking like you, and put some effort to provide BASIC services like; clean & drivable road, clean air & water.......... India will flourish beyond imagination  

We should not take it for granted that people will come or stay back here only, I am sure someone in progressive countries like Dubai or Singapore would also be looking towards it as a big big opportunity so there will be tough competition",2025-09-20T07:26:35.064Z,"urn:li:comment:(activity:7375035321044049920,7375067839466102784)",7800eab764171d8730b9d49040fbcdc15f14bc97d4339bef1cefe549f0370ca1,urn:li:activity:7375035321044049920,5125ecff49b4c19d07509646642ccc1f0c24b1fb9bf287bca8b21ae452f91b2f,7375035321044049920,i wish someone high in indian govt is also thinking like you and put some effort to provide basic services like clean drivable road clean air water india will flourish beyond imagination we should not take it for granted that people will come or stay back here only i am sure someone in progressive countries like dubai or singapore would also be looking towards it as a big big opportunity so there will be tough competition,0.017,0.722,0.26,0.9595,Positive
Sourav Dasgupta,https://www.linkedin.com/in/sourav-dasgupta-59191036,"DoE @Harness | Data Leader | Ex Quince, Media.net(Directi), Amazon","The ground is ripe, but the question is - is there enough political intent to capitalise ? Can the crumbling infrastructure in Indian cities quickly change course ? For us to capitalise we need big bang reforms in urban governance - without it it's a matter of time talent will find another destination. We must remember that the ones leaving India today are not leaving for better wages in most cases - they are escaping the dilapidated infrastructure, pollution, corruption in the hope of a better quality of life. And if we can't ensure that - then people will continue to leave to newer shores if need be.",2025-09-20T07:25:01.904Z,"urn:li:comment:(activity:7375035321044049920,7375067448724819968)",dd9062770255ca3befbef75e22a16da2975ef3548f23eb37fdc5ad6833c5093e,urn:li:activity:7375035321044049920,5125ecff49b4c19d07509646642ccc1f0c24b1fb9bf287bca8b21ae452f91b2f,7375035321044049920,the ground is ripe but the question is is there enough political intent to capitalise can the crumbling infrastructure in indian cities quickly change course for us to capitalise we need big bang reforms in urban governance without it its a matter of time talent will find another destination we must remember that the ones leaving india today are not leaving for better wages in most cases they are escaping the dilapidated infrastructure pollution corruption in the hope of a better quality of life and if we cant ensure that then people will continue to leave to newer shores if need be,0.102,0.82,0.079,-0.1419,Negative
Thamelnesan Nithyanandam,https://www.linkedin.com/in/thamelnesan,Product Manager@Lowe's India | CSPOⓇ,"Really good to hear this line ""Opportunity cost of leaving India may be greater than the opportunity cost of staying""",2025-09-20T07:18:50.832Z,"urn:li:comment:(activity:7375035321044049920,7375065892336025600)",8e302f7160a11bdd7051236c7e31fcbbbb5ae827cc94f3e1c448c095452c6cd9,urn:li:activity:7375035321044049920,5125ecff49b4c19d07509646642ccc1f0c24b1fb9bf287bca8b21ae452f91b2f,7375035321044049920,really good to hear this line opportunity cost of leaving india may be greater than the opportunity cost of staying,0.0,0.586,0.414,0.8832,Positive
Dhayanandh Shanmugasundaram,https://www.linkedin.com/in/dhayanandh-shanmugasundaram-b71a43161,| Asst.Manager Mechanical Engineering- Pressmatic Engineers India Pvt Ltd | MBA Candidate |,"Its going to be a challenge for our gen z, but I'm sure it's gonna be a deep rewarding too",2025-09-20T07:09:12.844Z,"urn:li:comment:(activity:7375035321044049920,7375063468082647041)",b8736fcd08ffea92a070bc1b79074d8ae2b9e9966ee83eb105f6847e14d9c194,urn:li:activity:7375035321044049920,5125ecff49b4c19d07509646642ccc1f0c24b1fb9bf287bca8b21ae452f91b2f,7375035321044049920,its going to be a challenge for our gen z but im sure its gonna be a deep rewarding too,0.0,0.617,0.383,0.8271,Positive
Prof. Dr Ananthachar Ramprasad,https://www.linkedin.com/in/prof-dr-ananthachar-ramprasad-0661a935,"Founding Advisor, Praan | Seasoned Academic Leader | 35+ Years in Academic R&D","“The next generation has the chance to build India’s. Come back home. Time to build for India and from India”
True sir👍",2025-09-20T06:52:15.393Z,"urn:li:comment:(activity:7375035321044049920,7375059200579874816)",3da652970c86a81f1e092bb3cc0c38996cb4fe6f83977c3be66307d19c7ad7c4,urn:li:activity:7375035321044049920,5125ecff49b4c19d07509646642ccc1f0c24b1fb9bf287bca8b21ae452f91b2f,7375035321044049920,the next generation has the chance to build indias come back home time to build for india and from india true sir,0.0,0.806,0.194,0.5859,Positive
Gulshan S.,https://www.linkedin.com/in/thisisgulshan,"Founder @ Xelec | Helping ODMs/OEMs design, develop, manufacture electronics & semiconductors 10x faster, better, easier with AI | gulshan@xelec.in","Totally resonate with the feeling. We need to build in India, for India.",2025-09-20T06:46:24.896Z,"urn:li:comment:(activity:7375035321044049920,7375057730488877056)",89187a32c36a1a1d37060d6b022eb92f820b6b0f9cc43c707516332e18a145fc,urn:li:activity:7375035321044049920,5125ecff49b4c19d07509646642ccc1f0c24b1fb9bf287bca8b21ae452f91b2f,7375035321044049920,totally resonate with the feeling we need to build in india for india,0.0,0.889,0.111,0.128,Positive
Jayant Ghosh,https://www.linkedin.com/in/jayantghosh,"From Scaling Businesses to Leading Transformation | Sales, Growth, GTM & P&L Leadership | SaaS, AI/ML, IoT | CXO Partnerships | Building Future-Ready Businesses","Embracing the challenges at home can indeed drive innovation and opportunity. With India’s vibrant ecosystem maturing, staying back not only makes sense but holds exciting potential for growth and development. It's a pivotal time to leverage our unique strengths and contribute to building a robust future right here. ",2025-09-20T06:43:56.782Z,"urn:li:comment:(activity:7375035321044049920,7375057109253525504)",93e6915d6ac7dfdb411d335e2a590b6ad794c43c6ef58ffb438c2fd1601da090,urn:li:activity:7375035321044049920,5125ecff49b4c19d07509646642ccc1f0c24b1fb9bf287bca8b21ae452f91b2f,7375035321044049920,embracing the challenges at home can indeed drive innovation and opportunity with indias vibrant ecosystem maturing staying back not only makes sense but holds exciting potential for growth and development its a pivotal time to leverage our unique strengths and contribute to building a robust future right here,0.0,0.64,0.36,0.9607,Positive
Arun K.,https://www.linkedin.com/in/arun-,Climate | Infra | Finance,"Given the living conditions in Indian cities, Indians will rather move to anywhere else. And if America is shut, some other country will do",2025-09-20T06:38:32.919Z,"urn:li:comment:(activity:7375035321044049920,7375055750877933568)",3474dbb6db94ea491d73d691a9c0488e507b7fcb52471766570fae8026852ce0,urn:li:activity:7375035321044049920,5125ecff49b4c19d07509646642ccc1f0c24b1fb9bf287bca8b21ae452f91b2f,7375035321044049920,given the living conditions in indian cities indians will rather move to anywhere else and if america is shut some other country will do,0.0,1.0,0.0,0.0,Neutral
Ramneek Thukral,https://www.linkedin.com/in/ramneekthukral,"EVP, Engineering at Info Edge India Ltd",Well said. Get ready for reverse brain drain and young talent choosing to stay and build at home instead of migrating to the west.,2025-09-20T06:38:06.574Z,"urn:li:comment:(activity:7375035321044049920,7375055640374857729)",c73ba4f07997534d1c0f8c716cf1dabce71fee3a8d98ff468f5951b8fa536ab1,urn:li:activity:7375035321044049920,5125ecff49b4c19d07509646642ccc1f0c24b1fb9bf287bca8b21ae452f91b2f,7375035321044049920,well said get ready for reverse brain drain and young talent choosing to stay and build at home instead of migrating to the west,0.0,0.739,0.261,0.7506,Positive
Sooraj R. Keswani,https://www.linkedin.com/in/soorajkeswani,"Founder, Marketeer, Strategist, Digital, Martech, Customer Experience",Well said. Absolutely agree.,2025-09-20T06:30:07.855Z,"urn:li:comment:(activity:7375035321044049920,7375053632485961728)",547f186f9e1a750ae7976f99fac4dfd4e0203e65ea94a86f0b2d58cc46d2d7c9,urn:li:activity:7375035321044049920,5125ecff49b4c19d07509646642ccc1f0c24b1fb9bf287bca8b21ae452f91b2f,7375035321044049920,well said absolutely agree,0.0,0.29,0.71,0.5984,Positive
Ramasundaram S,https://www.linkedin.com/in/ramasundaram-s-34907a38,"Founder & CEO, Actionpackd | Your AI Transformation Partner","Interesting perspective, but I think this narrative skips some context.

The truth is, the “last generation of Indian engineers” didn’t just build America’s tech backbone - most of them did so as US citizens or permanent residents, not as Indians building for India. The US offered them world-class infrastructure, compensation, networks, and a chance to rise to global leadership and they took it. That opportunity transformed lives, and it’s disingenuous to gloss over it now.

Yes, India today is a much stronger place to build than the India of the 90s. Yes, inefficiencies here are real opportunities for entrepreneurs. But let’s not confuse genuine patriotism with convenient timing. The sudden call to “stay back and build for India” comes right after the US has raised the cost of immigration. It feels less like destiny and more like narrative-shaping.

People will always weigh trade-offs. For some, the US will still make sense, for others, India will. Both choices are valid. The point isn’t to guilt people into staying or leaving, but to build ecosystems in India strong enough that staying truly becomes the better option, not just the cheaper or only one.",2025-09-20T06:19:10.565Z,"urn:li:comment:(activity:7375035321044049920,7375050875611951104)",36f14431e871affdb304c8c382e500674ada557e8472d141241c053f73996963,urn:li:activity:7375035321044049920,5125ecff49b4c19d07509646642ccc1f0c24b1fb9bf287bca8b21ae452f91b2f,7375035321044049920,interesting perspective but i think this narrative skips some context the truth is the last generation of indian engineers didnt just build americas tech backbone most of them did so as us citizens or permanent residents not as indians building for india the us offered them worldclass infrastructure compensation networks and a chance to rise to global leadership and they took it that opportunity transformed lives and its disingenuous to gloss over it now yes india today is a much stronger place to build than the india of the s yes inefficiencies here are real opportunities for entrepreneurs but lets not confuse genuine patriotism with convenient timing the sudden call to stay back and build for india comes right after the us has raised the cost of immigration it feels less like destiny and more like narrativeshaping people will always weigh tradeoffs for some the us will still make sense for others india will both choices are valid the point isnt to guilt people into staying or leaving but to build ecosystems in india strong enough that staying truly becomes the better option not just the cheaper or only one,0.0,0.785,0.215,0.9927,Positive
Dr. Sadanand Rasal,https://www.linkedin.com/in/dr-sadanand-rasal,"Founder | Innovator in Holistic HealthCare | AYUSH- Tech Integrator | Building Predictive, Scalable Integrative Healthcare ,Wellness &Diagnostic","If they valued here, why would they go there.

The best don't go just for money.",2025-09-20T06:15:43.030Z,"urn:li:comment:(activity:7375035321044049920,7375050005142761472)",12f4d5f81a42bfece781243cbf9af999abf57123c0934f438e106000c7519f92,urn:li:activity:7375035321044049920,5125ecff49b4c19d07509646642ccc1f0c24b1fb9bf287bca8b21ae452f91b2f,7375035321044049920,if they valued here why would they go there the best dont go just for money,0.0,0.664,0.336,0.7964,Positive
Sindhuja Maddela,https://www.linkedin.com/in/sindhujamaddela,Founder @Plarty | 60K+ Downloads | Bootstrapped | Cultural Games Hub | Consumer Tech,"Love this perspective, Dilip Kumar. The ""great inversion"" is a powerful way to frame this shift.",2025-09-20T06:11:57.546Z,"urn:li:comment:(activity:7375035321044049920,7375049059398717440)",dcf9746460c95f44301d9de9a0d3aa94d7bb0313ddb33fa83b1b24705bf2568b,urn:li:activity:7375035321044049920,5125ecff49b4c19d07509646642ccc1f0c24b1fb9bf287bca8b21ae452f91b2f,7375035321044049920,love this perspective dilip kumar the great inversion is a powerful way to frame this shift,0.0,0.519,0.481,0.9022,Positive
Srikanth Vidapanakal,https://www.linkedin.com/in/srikanth-vidapanakal,"Founder, xSpecies AI","In 2025, it's a no-brainer, there is nothing special going to USA, we can and we must build in India!",2025-09-20T06:11:42.171Z,"urn:li:comment:(activity:7375035321044049920,7375048994911264768)",483e1f4c12b8ceeb770fbeed759f50c5fc045611bafc7c0fe0918b00b60ec142,urn:li:activity:7375035321044049920,5125ecff49b4c19d07509646642ccc1f0c24b1fb9bf287bca8b21ae452f91b2f,7375035321044049920,in its a nobrainer there is nothing special going to usa we can and we must build in india,0.117,0.883,0.0,-0.3089,Negative
Muhammad Shafak,https://www.linkedin.com/in/muhammadshafak-,Founder & CEO @ bezgoFresh,"Exactly. The last generation exported talent, this generation exports companies. The smartest thing an Indian engineer can do today isn’t chasing a visa, it’s chasing India’s inefficiencies. That’s where the real unicorns are hiding.",2025-09-20T06:08:41.099Z,"urn:li:comment:(activity:7375035321044049920,7375048235440181248)",b100a0cea26f08c5295260acf2384928e1f34d41763a72f239273ae7ebcaaa79,urn:li:activity:7375035321044049920,5125ecff49b4c19d07509646642ccc1f0c24b1fb9bf287bca8b21ae452f91b2f,7375035321044049920,exactly the last generation exported talent this generation exports companies the smartest thing an indian engineer can do today isnt chasing a visa its chasing indias inefficiencies thats where the real unicorns are hiding,0.056,0.769,0.174,0.6808,Positive
Divya Lohiya,https://www.linkedin.com/in/divya-lohiya,Mindful CEO | Sustainable Luxury | Gourmet Dry Fruits | Mental Health in Business,"Feels like the tables have turned, the real opportunity now is building from India, not leaving it. A powerful moment for the next wave of entrepreneurs.",2025-09-20T05:57:56.873Z,"urn:li:comment:(activity:7375035321044049920,7375045533356359680)",faa48e5879287a3fe817c355e59074891209b41f191fa6cac7a8b29689321433,urn:li:activity:7375035321044049920,5125ecff49b4c19d07509646642ccc1f0c24b1fb9bf287bca8b21ae452f91b2f,7375035321044049920,feels like the tables have turned the real opportunity now is building from india not leaving it a powerful moment for the next wave of entrepreneurs,0.079,0.742,0.179,0.453,Positive
Dilip Aghav,https://www.linkedin.com/in/dilipaghav,Senior ETL/BI Architect,Can't agree more. Time to build India now.,2025-09-20T05:53:41.376Z,"urn:li:comment:(activity:7375035321044049920,7375044461724102656)",c1336b328fc6c3824fd381f0eb77af8eb1bceb4f853a82a1c84239a4a6f4f04c,urn:li:activity:7375035321044049920,5125ecff49b4c19d07509646642ccc1f0c24b1fb9bf287bca8b21ae452f91b2f,7375035321044049920,cant agree more time to build india now,0.232,0.768,0.0,-0.2755,Negative
Devansh Sharma,https://www.linkedin.com/in/devansh-sharma-22496a98,"BS+MS CS @ Stanford | ML @ Thiink | Excited about tech, entrepreneurship, policy, and India-US relations","Even before Trump, it was a torture to maintain some form of visa status and be an entrepreneur/early employee of a startup. India today offers capital, talent, and abundant problems to solve which can scale to not only other global south markets as you pointed out, but also the developed world.

At the same time, I would recommend those who can afford it to go to the US for some form of education and/or work experience, as that level of training, exposure, and network is not really there in India yet. But given the reasons you have already highlighted, it makes most sense for them to move back sooner than later.",2025-09-20T05:48:21.464Z,"urn:li:comment:(activity:7375035321044049920,7375043119916126209)",511a5d3f78db064a37b59016bd0fcf4c65f3ec139523adadb1f847b369898267,urn:li:activity:7375035321044049920,5125ecff49b4c19d07509646642ccc1f0c24b1fb9bf287bca8b21ae452f91b2f,7375035321044049920,even before trump it was a torture to maintain some form of visa status and be an entrepreneurearly employee of a startup india today offers capital talent and abundant problems to solve which can scale to not only other global south markets as you pointed out but also the developed world at the same time i would recommend those who can afford it to go to the us for some form of education andor work experience as that level of training exposure and network is not really there in india yet but given the reasons you have already highlighted it makes most sense for them to move back sooner than later,0.038,0.905,0.058,0.3071,Positive
PN Reddy,https://www.linkedin.com/in/pnreddyp,Founder & Growth Partner | Helping Post-PMF Founders Break Growth Bottlenecks | 20+ Years Building Digital Ventures,"Absolutely! It's like the universe just hit the refresh button on the Indian dream! 🌟 With the US tightening its immigration belt, it’s time for Indian engineers to swap their ‘tech support’ hats for ‘tech creator’ caps! 🛠️",2025-09-20T05:44:29.869Z,"urn:li:comment:(activity:7375035321044049920,7375042148540276736)",d3b0942de78ce2612f79abb351464d92cba60dd78f9c3da5c6b7b9313ea0277a,urn:li:activity:7375035321044049920,5125ecff49b4c19d07509646642ccc1f0c24b1fb9bf287bca8b21ae452f91b2f,7375035321044049920,absolutely its like the universe just hit the refresh button on the indian dream with the us tightening its immigration belt its time for indian engineers to swap their tech support hats for tech creator caps,0.0,0.815,0.185,0.7564,Positive
Dr. Amit Sharma,https://www.linkedin.com/in/dr-amit-sharma-17714b15,"Founder Disha Health Ai (Disha AI Smart Health Pvt. Ltd). Director & Consultant Radiologist Disha Diagnostics. On a mission to make preventive health care popular, affordable, and accessible to the masses.",Well said,2025-09-20T05:38:35.970Z,"urn:li:comment:(activity:7375035321044049920,7375040664176218112)",9a6a9db42b5d3056cf2c2188d1caf039796ebb21e819eb9d7b5e9437d64f2aa9,urn:li:activity:7375035321044049920,5125ecff49b4c19d07509646642ccc1f0c24b1fb9bf287bca8b21ae452f91b2f,7375035321044049920,well said,0.0,0.323,0.677,0.2732,Positive
Nishant Bhardwaj,https://www.linkedin.com/in/nishantbhardwaj11,"Helping brands to sell inside LLMs with PingAura.ai I 3x Founder, Podcaster, Keynote & 2x Tedx Speaker I iRun Marathons in Suits l Ironman","Always been bullish on India, always will be! ",2025-09-20T05:32:30.239Z,"urn:li:comment:(activity:7375035321044049920,7375039130189197312)",4bb6685cb8b749549fa8fc50dbebab0df128c79aec08e935551f505aa1d5c047,urn:li:activity:7375035321044049920,5125ecff49b4c19d07509646642ccc1f0c24b1fb9bf287bca8b21ae452f91b2f,7375035321044049920,always been bullish on india always will be,0.0,1.0,0.0,0.0,Neutral
Jagadish Velagapudi,https://www.linkedin.com/in/jvelagapudi,"GTM | Scaling SaaS & B2B Tech, Sustainably | Positioning, Strategy & Marketing Ops Supervision | Sales & Pre-Sales Enablement","Am sure, atleast few highly talented folks will decide to considering moving back, advantage to India, in these uncertain times of immigration policies and protests across all geographies. Ghar Aaney kaa Samay Hain! ",2025-09-20T05:31:00.677Z,"urn:li:comment:(activity:7375035321044049920,7375038754539094016)",ca4cc946f8bc048c9c83ed48cf2d5a8bec49695e49b4d114d8559e79b9659028,urn:li:activity:7375035321044049920,5125ecff49b4c19d07509646642ccc1f0c24b1fb9bf287bca8b21ae452f91b2f,7375035321044049920,am sure atleast few highly talented folks will decide to considering moving back advantage to india in these uncertain times of immigration policies and protests across all geographies ghar aaney kaa samay hain,0.103,0.7,0.197,0.5849,Positive
Ahmed Sadique Barbhuiya,https://www.linkedin.com/in/ahmed-sadique-barbhuiya-49105b104,Product Owner l Surgerical Care I Alcon I Certified Professional Medical Software.I ISTQB| IREB.,I see lack of infrastructure is an huge opportunity to build something rather than seeing as disadvantage of living in India. The mass population is a another super power. That's why I moved back from Germany to India,2025-09-20T05:23:44.431Z,"urn:li:comment:(activity:7375035321044049920,7375036924794667008)",7041d63e2614f01596805d801b2a5dd908240736ce0561fe60ae808f93ccac56,urn:li:activity:7375035321044049920,5125ecff49b4c19d07509646642ccc1f0c24b1fb9bf287bca8b21ae452f91b2f,7375035321044049920,i see lack of infrastructure is an huge opportunity to build something rather than seeing as disadvantage of living in india the mass population is a another super power thats why i moved back from germany to india,0.116,0.68,0.204,0.5994,Positive
Ram Srinivasan,https://www.linkedin.com/in/ramasubramaniam-srinivasan,Senior Vice President at Ascendion with expertise in AI and agentic service delivery | Fellow Chartered Accountant | Trusted Business Advisor | Technophile | Philosopher | Dad,Fully agree Dilip. My take on this  https://www.linkedin.com/posts/ramasubramaniam-srinivasan_india-innovation-h1b-share-7375016306619658240-SroI?utm_source=share&utm_medium=member_desktop,2025-09-20T05:20:11.212Z,"urn:li:comment:(activity:7375035321044049920,7375036030489579520)",7535ce561251aa6d4e70fedbfcbc10886552dd380c4d2a85ed92e1cda1a5d4de,urn:li:activity:7375035321044049920,5125ecff49b4c19d07509646642ccc1f0c24b1fb9bf287bca8b21ae452f91b2f,7375035321044049920,fully agree dilip my take on this,0.0,0.682,0.318,0.4201,Positive
