Full Name,Profile URL,Headline,Comment,Timestamp,Comment URN,Comment Hash,Post URN,Post Hash,post_urn_id,processed_comment,sentiment_negative,sentiment_neutral,sentiment_positive,sentiment_compound,sentiment_label
Sumayya Noolkkaran Ismail,https://www.linkedin.com/in/sumayya-noolkkaran-ismail,Founder of Tail‘s Town | Passionate About Pet Care & Nutrition | Boarding • Day Care • Treats,Valid point!,2024-11-16T06:05:24.266Z,"urn:li:comment:(activity:7261965818689724416,7263431947257823232)",c48eee63b423ab8709e770dc300926ea4c39717c23428de1dd41bf4f462df349,urn:li:activity:7261965818689724416,cbe31a7493daefa12b7ae4a87abf1d0dcaa3f68aaf5d35eb795256c0c77a35d0,7261965818689724416,valid point,0.0,1.0,0.0,0.0,Neutral
Abhishek Purwar,https://www.linkedin.com/in/abhishek-purwar-820b0b13,Engineer,Totally agreed… so true!!!,2024-11-13T17:29:14.773Z,"urn:li:comment:(activity:7261965818689724416,7262516878076456961)",8bef41e9b462e4da0f495f25c5a9694c1d4866841a3e7d901de2ceebb7f21817,urn:li:activity:7261965818689724416,cbe31a7493daefa12b7ae4a87abf1d0dcaa3f68aaf5d35eb795256c0c77a35d0,7261965818689724416,totally agreed so true,0.0,0.24,0.76,0.746,Positive
R. P. Yadav,https://www.linkedin.com/in/r-p-yadav-sr4ipr,"Patent & Trade Mark Attorney | Managing Partner at sr4ipr Partners | 38+ Yrs Expertise in IP Protection, Patent Filing & Brand Strategy | Helping Innovators, Startups & Corporates Secure Their IP Worldwide.",Interesting,2024-11-13T14:31:17.929Z,"urn:li:comment:(activity:7261965818689724416,7262472096146993152)",6b8207491cf3fda1e75aec922a88e820e74161c70fb2a96a312baec959ce3fb1,urn:li:activity:7261965818689724416,cbe31a7493daefa12b7ae4a87abf1d0dcaa3f68aaf5d35eb795256c0c77a35d0,7261965818689724416,interesting,0.0,0.0,1.0,0.4019,Positive
Dr Monika Mittal,https://www.linkedin.com/in/dr-monika-mittal,Doctor - Non-invasive Cardiology - Author of the book “The Winning Mindset for IIT JEE” - Mentor and Mom - Mother of two IITians,"True Dilip Kumar 
Attention a child want should be “undivided attention” only. Sometimes giving as less as half an hour to one hour attention ,but undivided attention is sufficient to make them feel secure and loved by parents.",2024-11-13T14:24:49.260Z,"urn:li:comment:(activity:7261965818689724416,7262470465950994432)",2aac413a4918f9606c951bd9ed817d4d3b88903dec31c3dfae8de991475863f9,urn:li:activity:7261965818689724416,cbe31a7493daefa12b7ae4a87abf1d0dcaa3f68aaf5d35eb795256c0c77a35d0,7261965818689724416,true dilip kumar attention a child want should be undivided attention only sometimes giving as less as half an hour to one hour attention but undivided attention is sufficient to make them feel secure and loved by parents,0.0,0.708,0.292,0.9042,Positive
Binita Kumari,https://www.linkedin.com/in/binitas,Mother | Legal Recruitment Specialist/Headhunter | Expert in Talent Acquisition /Networking | Always Enhancing Skills for Future Success | Contact for improved digital presence and acquiring right-fit talent,Well said! We have to take care of our health; then only we can take care of our family and our responsibilities!,2024-11-13T05:21:40.293Z,"urn:li:comment:(activity:7261965818689724416,7262333777916420098)",f6d59311a948d76580f3fc1ef7c0d6b45f3b6e2ee1eef9fa797775423c92bd6d,urn:li:activity:7261965818689724416,cbe31a7493daefa12b7ae4a87abf1d0dcaa3f68aaf5d35eb795256c0c77a35d0,7261965818689724416,well said we have to take care of our health then only we can take care of our family and our responsibilities,0.0,0.691,0.309,0.8176,Positive
Rishikesh Kumar,https://www.linkedin.com/in/xrishi,"Building Xtraliving | Ex Idea, Nokia, Microsoft, Xseed | Alumni NIT Bhopal, KJ Somaiya",Well said Dilip,2024-11-12T17:23:31.916Z,"urn:li:comment:(activity:7261965818689724416,7262153052164378624)",c27d3a4f3c64d704263c3125e3b708681628ffcb4235df6683c683b3d7dfaf73,urn:li:activity:7261965818689724416,cbe31a7493daefa12b7ae4a87abf1d0dcaa3f68aaf5d35eb795256c0c77a35d0,7261965818689724416,well said dilip,0.0,0.488,0.512,0.2732,Positive
KUNAL B,https://www.linkedin.com/in/kunal-b-25a42279,LL. B|High Court of Delhi| Civil & Contracts’ Attorney|Litigator,Oh I can totally relate to this. I got a daughter who thinks the same way😂,2024-11-12T15:56:00.882Z,"urn:li:comment:(activity:7261965818689724416,7262131027731468288)",3b333fadd2a8cd382b96bc62cacfee2b7746e0c02ae44e44f60385460adf1b93,urn:li:activity:7261965818689724416,cbe31a7493daefa12b7ae4a87abf1d0dcaa3f68aaf5d35eb795256c0c77a35d0,7261965818689724416,oh i can totally relate to this i got a daughter who thinks the same way,0.0,1.0,0.0,0.0,Neutral
CA Natasha Ralkar Ghate,https://www.linkedin.com/in/rnatasha,"I share personal-professional experiences | 75,000+ IG | If you’re looking for lazy tips to earn $50,000 an hour, you’re at the wrong place!","Dilip, my appreciation for parents who are conscious of their health has grown manifold since my father passed away. Kudos to you for acknowledging your own limitations and mortality.",2024-11-12T12:01:02.763Z,"urn:li:comment:(activity:7261965818689724416,7262071895938715648)",9fb164374d318a58cb30634624a7291ff5294dbbab70534d4c9339b90f0d86ad,urn:li:activity:7261965818689724416,cbe31a7493daefa12b7ae4a87abf1d0dcaa3f68aaf5d35eb795256c0c77a35d0,7261965818689724416,dilip my appreciation for parents who are conscious of their health has grown manifold since my father passed away kudos to you for acknowledging your own limitations and mortality,0.0,0.804,0.196,0.765,Positive
Nitesh Batra,https://www.linkedin.com/in/niteshbatra,"Certified Compassion Cultivation Trainer (CCT) & Mindfulness Teacher, Host of The Mindful Initiative Podcast","Love this, Dilip Kumar. Parenting unfolds as a poignant journey through boundless love and sheer resilience, where each day is a fresh challenge that tests our limits yet enriches our lives beyond measure. ",2024-11-12T11:16:32.199Z,"urn:li:comment:(activity:7261965818689724416,7262060694781517824)",430183159263fcaf179b08f06edb2215d6a1f666bb44a1c92087c65af59815fd,urn:li:activity:7261965818689724416,cbe31a7493daefa12b7ae4a87abf1d0dcaa3f68aaf5d35eb795256c0c77a35d0,7261965818689724416,love this dilip kumar parenting unfolds as a poignant journey through boundless love and sheer resilience where each day is a fresh challenge that tests our limits yet enriches our lives beyond measure,0.0,0.692,0.308,0.9001,Positive
Karthik Nagarajan,https://www.linkedin.com/in/coachkarthik,Making Dads Fit again | Sambhar Sadham eating Fitness Coach,"The Young Dads (and Moms) who work with me aren't chasing a 6-pack. They want the ability (and energy) to play with their child without saying no.

These are the golden years.

Dilip Kumar",2024-11-12T10:57:27.642Z,"urn:li:comment:(activity:7261965818689724416,7262055894161477633)",36b66ae9e33c2d0520389ea8a1221029f27e63d3e0df4501ac0e18a23f632402,urn:li:activity:7261965818689724416,cbe31a7493daefa12b7ae4a87abf1d0dcaa3f68aaf5d35eb795256c0c77a35d0,7261965818689724416,the young dads and moms who work with me arent chasing a pack they want the ability and energy to play with their child without saying no these are the golden years dilip kumar,0.0,0.737,0.263,0.7899,Positive
Runam Mehta,https://www.linkedin.com/in/runammehta,Health Tech Growth Leader | Longevity & HealthSpan Solutions | Championing Women’s Health | Active Ageing Enthusiast | Tackling the Middle-Age Slump | BW Healthcare 40 U40,"You have articulated what was in my heart last evening - WORD for WORD! 

The reason my workouts are sacrosanct - so I can kill it in every other aspect of life! ",2024-11-12T10:43:49.227Z,"urn:li:comment:(activity:7261965818689724416,7262052461475971072)",47ffa184adf8f5eebfb91641439a3281e8d8a4ae8a6a6b49bbe116357cac6c33,urn:li:activity:7261965818689724416,cbe31a7493daefa12b7ae4a87abf1d0dcaa3f68aaf5d35eb795256c0c77a35d0,7261965818689724416,you have articulated what was in my heart last evening word for word the reason my workouts are sacrosanct so i can kill it in every other aspect of life,0.151,0.849,0.0,-0.7165,Negative
Arjun Midha,https://www.linkedin.com/in/arjunmidha,Founder @ Growthstone | Ex - Lenskart | Product Marketer | Growth Marketer,"Absolutely!  Staying healthy is the foundation that lets us show up for our loved ones, no matter what the day brings.",2024-11-12T10:12:59.621Z,"urn:li:comment:(activity:7261965818689724416,7262044703666110466)",4b85862b8db67284d4bba4be04eb62ffde3312a5296b3a143e723c5ab00f5098,urn:li:activity:7261965818689724416,cbe31a7493daefa12b7ae4a87abf1d0dcaa3f68aaf5d35eb795256c0c77a35d0,7261965818689724416,absolutely staying healthy is the foundation that lets us show up for our loved ones no matter what the day brings,0.081,0.625,0.294,0.6983,Positive
Rajesh Sanyal,https://www.linkedin.com/in/rajeshsanyal,I Help Career Professionals Land Job Offers | 22+ Years Experience | Proven 5-Step Framework | 34-Day Average Success Rate |,"staying healthy is the most ignored aspect of life.... people spend thousands on buying material but not on gym, yoga membership.  Always hire coaches if you can afford to keep you in optimal fitness level..... its important, I travel by metro to work for 1hr 30 mins one side, i see people struggliong to keep standing, they lean all over the roads/ pillars, which is directly proportional to yopur health parameters
",2024-11-12T09:40:00.660Z,"urn:li:comment:(activity:7261965818689724416,7262036403306278912)",d2eb9ec99056bad00e3ff4b768017c5df04e2aa92d58c4dc81656545175b3856,urn:li:activity:7261965818689724416,cbe31a7493daefa12b7ae4a87abf1d0dcaa3f68aaf5d35eb795256c0c77a35d0,7261965818689724416,staying healthy is the most ignored aspect of life people spend thousands on buying material but not on gym yoga membership always hire coaches if you can afford to keep you in optimal fitness level its important i travel by metro to work for hr mins one side i see people struggliong to keep standing they lean all over the roads pillars which is directly proportional to yopur health parameters,0.024,0.843,0.133,0.7994,Positive
Shahad Moideen,https://www.linkedin.com/in/shahad-moideen,CEO & Executive Director at KENZA TMT | Recognized as Outstanding Young Entrepreneur by the Central Ministry Of India,"Can't agree more! It's the kids who radiate more energy, they inspire us a lot!",2024-11-12T09:32:58.460Z,"urn:li:comment:(activity:7261965818689724416,7262034632466968577)",0805fc5c66234719d9f55f25047e9e7ca2dcbf571532b65312350e80cf2b104c,urn:li:activity:7261965818689724416,cbe31a7493daefa12b7ae4a87abf1d0dcaa3f68aaf5d35eb795256c0c77a35d0,7261965818689724416,cant agree more its the kids who radiate more energy they inspire us a lot,0.108,0.565,0.327,0.6424,Positive
Puneet Kujur,https://www.linkedin.com/in/puneet-kujur-3516662b,GTM Strategy | P&L | Consumer Electronics & FMCG | IITK | FMS Delhi,"Love this piece !
As a father of 11m old daughter, I am trying to draw inspiration to workout to be an inspiration for my kiddo in coming future !",2024-11-12T08:48:45.833Z,"urn:li:comment:(activity:7261965818689724416,7262023506542944257)",e7dd87bdbc2cb040542a6d3e68f91677a5631c7ff3ca72970e805b9a241fa818,urn:li:activity:7261965818689724416,cbe31a7493daefa12b7ae4a87abf1d0dcaa3f68aaf5d35eb795256c0c77a35d0,7261965818689724416,love this piece as a father of m old daughter i am trying to draw inspiration to workout to be an inspiration for my kiddo in coming future,0.0,0.667,0.333,0.9001,Positive
Puja Sinha,https://www.linkedin.com/in/puja-sinha-07510515,Project Lead specializing in Business Technology Solutions at DIGTINCTIVE,i think the best gift we can give our kids is the time they deserve. sometimes we tend to indulge so much in career making that we forget the fact that their childhood is never coming back and so is our time with them and our chance to re-live the childhood. Being a parent myself I have started prioritizing my health than any thing else.,2024-11-12T08:41:17.018Z,"urn:li:comment:(activity:7261965818689724416,7262021624076398593)",ee75bfc04b4fbbdff71284c3ecf7dafea0c1027b2797c989e9a918fa0e50fb9d,urn:li:activity:7261965818689724416,cbe31a7493daefa12b7ae4a87abf1d0dcaa3f68aaf5d35eb795256c0c77a35d0,7261965818689724416,i think the best gift we can give our kids is the time they deserve sometimes we tend to indulge so much in career making that we forget the fact that their childhood is never coming back and so is our time with them and our chance to relive the childhood being a parent myself i have started prioritizing my health than any thing else,0.028,0.841,0.132,0.802,Positive
SANDEEP KUMAR SINGH,https://www.linkedin.com/in/sandeep-kumar-singh-00289a17,“Dilli” Gent Solar Water Source......,"Some relationships are beyond ratings. These can heal and rejuvenate more than tax or drain. 

If I were to rewind 3 decades, a child can be the perfect panacea for a trying day, still is.",2024-11-12T08:21:23.005Z,"urn:li:comment:(activity:7261965818689724416,7262016616022847488)",23414594b0795c331f4a19d1397ff913736628c9d473f41e2e79928e20e6700e,urn:li:activity:7261965818689724416,cbe31a7493daefa12b7ae4a87abf1d0dcaa3f68aaf5d35eb795256c0c77a35d0,7261965818689724416,some relationships are beyond ratings these can heal and rejuvenate more than tax or drain if i were to rewind decades a child can be the perfect panacea for a trying day still is,0.0,0.89,0.11,0.5719,Positive
Megha Kumar,https://www.linkedin.com/in/megha-kumar-25a83421,Finance Content Ghostwriter | Turning Coaches into Thought Leaders through Newsletters & Email Courses| Public Sector Bank Manager for 10+ years |,Health and fitness are important not just for ourselves- but for being present and engaged with the family.,2024-11-12T07:55:29.670Z,"urn:li:comment:(activity:7261965818689724416,7262010100863696896)",82934e2c5cb71a915d5c52356c843067007b47bf50850c0be632a24b30b93767,urn:li:activity:7261965818689724416,cbe31a7493daefa12b7ae4a87abf1d0dcaa3f68aaf5d35eb795256c0c77a35d0,7261965818689724416,health and fitness are important not just for ourselves but for being present and engaged with the family,0.0,0.698,0.302,0.6705,Positive
Vandana Rajamani,https://www.linkedin.com/in/vandana-rajamani-99982841,Consulting User Assistance Developer at Oracle India Pvt Ltd,Cant agree more!! Good one Dilip Kumar,2024-11-12T07:53:45.526Z,"urn:li:comment:(activity:7261965818689724416,7262009664052056066)",00b17673cd86fe90edcdc5141718e04d3b9dcfe0ad416cc0132597ebb99c3c29,urn:li:activity:7261965818689724416,cbe31a7493daefa12b7ae4a87abf1d0dcaa3f68aaf5d35eb795256c0c77a35d0,7261965818689724416,cant agree more good one dilip kumar,0.486,0.514,0.0,-0.5765,Negative
Sairam Natarajan,https://www.linkedin.com/in/nsairam,Normalising preventive mental health for young people,"Just my experience; could be different for others! But on days I exercise consciously (not walk to the grocery store, etc) are also the days where I have more energy to play with my 2 year old.

Other days, lethargy creeps in. 

Just like the adage ‘money makes money’ it’s almost like ‘energy makes energy’.",2024-11-12T07:42:53.902Z,"urn:li:comment:(activity:7261965818689724416,7262006930942906369)",e398e18d1ce2527f9fad5c485f464de705c1d90b4bfe9272923f01b7106dd84d,urn:li:activity:7261965818689724416,cbe31a7493daefa12b7ae4a87abf1d0dcaa3f68aaf5d35eb795256c0c77a35d0,7261965818689724416,just my experience could be different for others but on days i exercise consciously not walk to the grocery store etc are also the days where i have more energy to play with my year old other days lethargy creeps in just like the adage money makes money its almost like energy makes energy,0.046,0.668,0.286,0.9448,Positive
Arun Laxman,https://www.linkedin.com/in/arun-laxman-73997713,"Product Leader | Driving Product Innovation (0->1, Growth, AI/ML , enterprise scale)","Agreed a 100%.  Getting fit and healthy is the only way out. 
The type of programs that need to be done by parents to stay healthy and fit is quite different from the traditional S&C, HIIT , weight loss driven programs. 

Transformation.Studio:   We're experimenting with programming for parents specifically. Focussing on foundations more than high performance. 
With dipping energy levels, parents need workouts and nutrition that improve recovery and help them get the most out of their days.   

Curious to see/learn how parents stay fit, especially the ones who are starting from a low baseline level of fitness.",2024-11-12T07:32:26.509Z,"urn:li:comment:(activity:7261965818689724416,7262004299465990146)",ecf82c14b6f4a624f6a6e0d0dac5fb5db1c6eda2ede4dce52e3f085313457bb1,urn:li:activity:7261965818689724416,cbe31a7493daefa12b7ae4a87abf1d0dcaa3f68aaf5d35eb795256c0c77a35d0,7261965818689724416,agreed a getting fit and healthy is the only way out the type of programs that need to be done by parents to stay healthy and fit is quite different from the traditional sc hiit weight loss driven programs transformationstudio were experimenting with programming for parents specifically focussing on foundations more than high performance with dipping energy levels parents need workouts and nutrition that improve recovery and help them get the most out of their days curious to seelearn how parents stay fit especially the ones who are starting from a low baseline level of fitness,0.039,0.72,0.241,0.9623,Positive
Harish Vivekanand,https://www.linkedin.com/in/drharishvivekanand,Husband | Father | Mentor | Child of God | Purpose-Driven Servant Leader,"True. Balancing career ambitions with family time is no easy feat. At 49, with two young boys (ages 6 and 4) eagerly waiting for dad time after office hours, I often feel the tug-of-war between being a committed employee and a present parent. I'm learning that, sometimes, quality beats quantity. Even a brief 15-minute story time or a short play session, with no phone or distractions, can go a long way in creating those special memories. 💙",2024-11-12T06:59:27.449Z,"urn:li:comment:(activity:7261965818689724416,7261995998690910209)",6494ebcbb9a081c93e268ac2607c3019cf6f0f98728d42aa5e39ebbde031387e,urn:li:activity:7261965818689724416,cbe31a7493daefa12b7ae4a87abf1d0dcaa3f68aaf5d35eb795256c0c77a35d0,7261965818689724416,true balancing career ambitions with family time is no easy feat at with two young boys ages and eagerly waiting for dad time after office hours i often feel the tugofwar between being a committed employee and a present parent im learning that sometimes quality beats quantity even a brief minute story time or a short play session with no phone or distractions can go a long way in creating those special memories,0.079,0.703,0.218,0.8834,Positive
Shewali Tiwari,https://www.linkedin.com/in/shewalitiwari,marketer under metamorphosis: creative. content-led. writer.,I can’t emphasize this enough—my husband and I often find ourselves in deep conversations about how we can live healthier and more mindful lives.,2024-11-12T06:53:03.394Z,"urn:li:comment:(activity:7261965818689724416,7261994387843223552)",80c255951331a8e661a11bea2e201f4519bc41f81792c00ee496a33eee0c638a,urn:li:activity:7261965818689724416,cbe31a7493daefa12b7ae4a87abf1d0dcaa3f68aaf5d35eb795256c0c77a35d0,7261965818689724416,i cant emphasize this enoughmy husband and i often find ourselves in deep conversations about how we can live healthier and more mindful lives,0.0,1.0,0.0,0.0,Neutral
Ruchi Shaikh,https://www.linkedin.com/in/ruchi-shaikh-2a27331,Sr. Leader - Productivity Enablement & AI Strategy @ Lowe's India | Driving AI and Productivity Initiatives,This is so identifiable!! Health is your true wealth and all the more important when you have to balance work with kids and family!,2024-11-12T06:35:51.084Z,"urn:li:comment:(activity:7261965818689724416,7261990058021302273)",95fe3bcd468b4e23edb5acf22b8a524688c6cab3a8d1131596a09c63a988e7fc,urn:li:activity:7261965818689724416,cbe31a7493daefa12b7ae4a87abf1d0dcaa3f68aaf5d35eb795256c0c77a35d0,7261965818689724416,this is so identifiable health is your true wealth and all the more important when you have to balance work with kids and family,0.0,0.722,0.278,0.796,Positive
Bhawna Sethi,https://www.linkedin.com/in/bhawnasethi,Founder @LetsInfluence | I help D2C & funded startups 3x ROI using Influencer + UGC systems | 200+ brands scaled | Regional & Performance-led campaigns,"Your fitness and health routines aren’t just for you, they’re so you can keep up, be present, and bring best to you family. ",2024-11-12T06:35:43.247Z,"urn:li:comment:(activity:7261965818689724416,7261990025150496768)",eb39610f780f762d2094826bf4259f8e4f3e5e64f8e4f7bba426fb3c18ba0e17,urn:li:activity:7261965818689724416,cbe31a7493daefa12b7ae4a87abf1d0dcaa3f68aaf5d35eb795256c0c77a35d0,7261965818689724416,your fitness and health routines arent just for you theyre so you can keep up be present and bring best to you family,0.0,0.769,0.231,0.743,Positive
Vaishnavi R,https://www.linkedin.com/in/vaishnavir,Ex-Founder | Brand & Category Strategy | Consumer Insight | Fractional EIR | Women × Work | Community Builder,"I agree so wholeheartedly. 6 months ago I felt this so acutely. 

When you are not fit or healthy. It has so much spillover on so many aspects of your life. 

I have literally spent the last 6 months carving a fitter self (mentally and physically) so that I am a capable parent, partner, employee, boss..

Lost 30kgs, started therapy, going regularly to the gym. Learned some lifelong skills w.r.t food, fixed sleep, started meditation. Focused on building extendable rhythms than habits.

I literally feel like a different human being and my kids can most definitely tell that I enjoy spending time with them and not doing it to check off a box.

It is 1 million % worth it.",2024-11-12T06:31:44.997Z,"urn:li:comment:(activity:7261965818689724416,7261989025857568768)",12ec1d66cb0869920cd6702ba37058cacb49a85eb508b4a1cef65ad394ddb2cd,urn:li:activity:7261965818689724416,cbe31a7493daefa12b7ae4a87abf1d0dcaa3f68aaf5d35eb795256c0c77a35d0,7261965818689724416,i agree so wholeheartedly months ago i felt this so acutely when you are not fit or healthy it has so much spillover on so many aspects of your life i have literally spent the last months carving a fitter self mentally and physically so that i am a capable parent partner employee boss lost kgs started therapy going regularly to the gym learned some lifelong skills wrt food fixed sleep started meditation focused on building extendable rhythms than habits i literally feel like a different human being and my kids can most definitely tell that i enjoy spending time with them and not doing it to check off a box it is million worth it,0.055,0.792,0.153,0.8977,Positive
Oshin Aggarwal,https://www.linkedin.com/in/oshinaggarwal,Simplifying Parenthood with Sitaara | ISB,"As a toddler parent, couldn't agree more. Apart from being fit and present, what also really makes the parenthood journey smoother is understanding your child and their development journey - something we are building for all first time parents with Sitaara.",2024-11-12T06:23:56.200Z,"urn:li:comment:(activity:7261965818689724416,7261987059580510209)",a61152cb682b13c6422fbba74bb52100aa0862143f7b27b792835b6b1703fcb1,urn:li:activity:7261965818689724416,cbe31a7493daefa12b7ae4a87abf1d0dcaa3f68aaf5d35eb795256c0c77a35d0,7261965818689724416,as a toddler parent couldnt agree more apart from being fit and present what also really makes the parenthood journey smoother is understanding your child and their development journey something we are building for all first time parents with sitaara,0.051,0.889,0.06,0.1002,Positive
Navin Hemani,https://www.linkedin.com/in/navinhemani,Early-Stage Investments | Engineer | Angel Investor | ISB | IIT (BHU),"And for staying healthy we dont need any tech/apps, health is the only area in human development that had degraded over time (barring the longevity), which means people were more healthier in earlier days. So tech cannot solve for staying fit to a large extent",2024-11-12T06:20:11.608Z,"urn:li:comment:(activity:7261965818689724416,7261986117577527296)",3e1d38cca82bd4870c9e43c6e94e762c77cf4317c978a0fa9071887c3b1cde7e,urn:li:activity:7261965818689724416,cbe31a7493daefa12b7ae4a87abf1d0dcaa3f68aaf5d35eb795256c0c77a35d0,7261965818689724416,and for staying healthy we dont need any techapps health is the only area in human development that had degraded over time barring the longevity which means people were more healthier in earlier days so tech cannot solve for staying fit to a large extent,0.093,0.802,0.104,0.1392,Positive
Nilofer Rohini D.,https://www.linkedin.com/in/niloferdsouza,Corporate Communications Director | Public Affairs | CSR | Build Narratives that Make a Difference | Ex-Walmart International,"And no matter how tired you are, that beaming grin, that hug, that smile is worth it because it keeps you focussed on the things that really matter.",2024-11-12T06:16:09.864Z,"urn:li:comment:(activity:7261965818689724416,7261985103625560065)",f1e80df2c7224d08f1ae30235537b17161aa26a1d3cd0f364525c517c018e3d2,urn:li:activity:7261965818689724416,cbe31a7493daefa12b7ae4a87abf1d0dcaa3f68aaf5d35eb795256c0c77a35d0,7261965818689724416,and no matter how tired you are that beaming grin that hug that smile is worth it because it keeps you focussed on the things that really matter,0.135,0.528,0.338,0.6908,Positive
Vaibhav Girmil,https://www.linkedin.com/in/vaibhav-girmil-a15185197,Senior Manager IBU GIFT City,Valid point . The best linkedin decision I took was to follow you. Many of the mid aged professionals face this challenge. After all it's our kids well being we are toiling so hard.,2024-11-12T05:58:39.461Z,"urn:li:comment:(activity:7261965818689724416,7261980697916030976)",caeebff5dd24d2762623e1298aa6fd3a7de0a20c13fb3ebeead9f5001240efb8,urn:li:activity:7261965818689724416,cbe31a7493daefa12b7ae4a87abf1d0dcaa3f68aaf5d35eb795256c0c77a35d0,7261965818689724416,valid point the best linkedin decision i took was to follow you many of the mid aged professionals face this challenge after all its our kids well being we are toiling so hard,0.05,0.746,0.204,0.7012,Positive
Jayant Ghosh,https://www.linkedin.com/in/jayantghosh,"From Scaling Businesses to Leading Transformation | Sales, Growth, GTM & P&L Leadership | SaaS, AI/ML, IoT | CXO Partnerships | Building Future-Ready Businesses","It’s true, parenting is like an endurance race—you're exhausted, but the finish line is worth every step. Just remember, even a champion needs to recharge!",2024-11-12T05:58:10.824Z,"urn:li:comment:(activity:7261965818689724416,7261980577803747328)",c70879ae3d4736208776eaefbc1357f77d5181c57d043e5ac571fe7e524e35ce,urn:li:activity:7261965818689724416,cbe31a7493daefa12b7ae4a87abf1d0dcaa3f68aaf5d35eb795256c0c77a35d0,7261965818689724416,its true parenting is like an endurance raceyoure exhausted but the finish line is worth every step just remember even a champion needs to recharge,0.055,0.592,0.354,0.8625,Positive
Shamil Shareef,https://www.linkedin.com/in/pmshamil,Strategy @ Ooredoo Qatar,"Totally agree, just been realizing this more and more recently. It's directly proportional.",2024-11-12T05:44:48.411Z,"urn:li:comment:(activity:7261965818689724416,7261977212239675393)",a385a55d271731a9aab3e1363b1a8dc1752ef2080edcc7333307b5e6ec52688b,urn:li:activity:7261965818689724416,cbe31a7493daefa12b7ae4a87abf1d0dcaa3f68aaf5d35eb795256c0c77a35d0,7261965818689724416,totally agree just been realizing this more and more recently its directly proportional,0.0,0.811,0.189,0.4201,Positive
Anitha Sadanand,https://www.linkedin.com/in/anitha-sadanand,Founder | Mommy Mills Foods Private Limited | Mamma Mills | Social Entrepreneur | Farmer |,Totally agree Dilipji the only way to get out of this mayhem,2024-11-12T05:37:16.064Z,"urn:li:comment:(activity:7261965818689724416,7261975314958823425)",08608c5dee38afb179c562944c220d0cecdc9aa18cbf6a8fa52f3fa4b65b1e13,urn:li:activity:7261965818689724416,cbe31a7493daefa12b7ae4a87abf1d0dcaa3f68aaf5d35eb795256c0c77a35d0,7261965818689724416,totally agree dilipji the only way to get out of this mayhem,0.0,0.798,0.202,0.4201,Positive
Pallavi Srivastava,https://www.linkedin.com/in/pallavisriva,"Founder, Our Better Planet - a curated marketplace for sustainable luxury!","Absolutely, like Mother Teresa said, if you want to make a change in the world, go back home and love your family!",2024-11-12T05:30:38.622Z,"urn:li:comment:(activity:7261965818689724416,7261973647966285825)",92f72c4c9dd8bad574972d0d7db3f898c5ac9edb06aef35e7019ae7c303d1e30,urn:li:activity:7261965818689724416,cbe31a7493daefa12b7ae4a87abf1d0dcaa3f68aaf5d35eb795256c0c77a35d0,7261965818689724416,absolutely like mother teresa said if you want to make a change in the world go back home and love your family,0.0,0.685,0.315,0.807,Positive
HETAL SONPAL,https://www.linkedin.com/in/hetalsonpal,"TEDx Speaker, IRONMAN, LISTENER, PhD Scholar, COACH, Sales & Strategy Leader, Author,","Not sure how old your child is now Dilip. 

But guess how underrated is to be a teen. Come home to a parent who has no clue how demanding the teachers are. How long the test was. How tiring the PE class was. How many periods they ahve to attend. All that the parents expect is for the smile, act jolly, cuddle up and act as if they have the perfect day at school everyday!!

You still muster your courage and try not reflect all this and when your dad asks you how was your day, you muster up the courage to say 'fine' and a half smile, keen to get on with the dinner.

😁 ",2024-11-12T05:28:37.119Z,"urn:li:comment:(activity:7261965818689724416,7261973138345795584)",3d97e0907a2365f151c0339e3f21b05626150a2c553f060e6635ad9c88711492,urn:li:activity:7261965818689724416,cbe31a7493daefa12b7ae4a87abf1d0dcaa3f68aaf5d35eb795256c0c77a35d0,7261965818689724416,not sure how old your child is now dilip but guess how underrated is to be a teen come home to a parent who has no clue how demanding the teachers are how long the test was how tiring the pe class was how many periods they ahve to attend all that the parents expect is for the smile act jolly cuddle up and act as if they have the perfect day at school everyday you still muster your courage and try not reflect all this and when your dad asks you how was your day you muster up the courage to say fine and a half smile keen to get on with the dinner,0.048,0.734,0.218,0.9786,Positive
Sumit Bagla,https://www.linkedin.com/in/sumitbagla,Business Transformation | Project Management | Product Innovation | Strategy | Partnership,I think this is the best post I have seen for motivating people towards fitness and staying healthy 😀 ,2024-11-12T05:26:58.742Z,"urn:li:comment:(activity:7261965818689724416,7261972725722701825)",c32e114431e2d3f16b292536ec970fd9958a7f14c0e62f95f123ae4ba5c4ef96,urn:li:activity:7261965818689724416,cbe31a7493daefa12b7ae4a87abf1d0dcaa3f68aaf5d35eb795256c0c77a35d0,7261965818689724416,i think this is the best post i have seen for motivating people towards fitness and staying healthy,0.0,0.496,0.504,0.9042,Positive
Omkar Lachyane,https://www.linkedin.com/in/omkar-lachyane-4a4431212,"Revenue-Generating Copywriter | I Help SaaS/E-commerce Scale Through High-Converting Copy (emails, websites, campaigns)","Yeahh Dilip Kumar  , have that incredible way of putting everything into perspective—no status updates, no deadlines, just pure presence.

       and you’re spot on about staying fit; it’s the real game-changer in being able to show up day after day for the people who matter most.

Do you have a favorite way to recharge after a long day?
 Always looking to hear what keeps high-energy people like you balanced and grounded",2024-11-12T05:26:32.122Z,"urn:li:comment:(activity:7261965818689724416,7261972614070366208)",848679f3fe8758e00ea1d8a69904d35ab9141920c972c880227e391cb0ccae27,urn:li:activity:7261965818689724416,cbe31a7493daefa12b7ae4a87abf1d0dcaa3f68aaf5d35eb795256c0c77a35d0,7261965818689724416,yeahh dilip kumar have that incredible way of putting everything into perspectiveno status updates no deadlines just pure presence and youre spot on about staying fit its the real gamechanger in being able to show up day after day for the people who matter most do you have a favorite way to recharge after a long day always looking to hear what keeps highenergy people like you balanced and grounded,0.03,0.848,0.122,0.7096,Positive
Samar Sisodia,https://www.linkedin.com/in/samar-sisodia,2X Founder | Entrepreneur | Scaled First Startup to $1M Revenue in Under 2.5 Years | 2X [0-1] | You Tube 100K+ Subscribers,"For me health = Energy. The more the energy and zest for life, the more you can give time for others. :)
",2024-11-12T05:22:34.167Z,"urn:li:comment:(activity:7261965818689724416,7261971616014757890)",873232cbe76cbc19b2dd9f17a0003fd2e4fcdd733823e98f7bc7e6923199397b,urn:li:activity:7261965818689724416,cbe31a7493daefa12b7ae4a87abf1d0dcaa3f68aaf5d35eb795256c0c77a35d0,7261965818689724416,for me health energy the more the energy and zest for life the more you can give time for others,0.0,0.811,0.189,0.4939,Positive
Rahul Kumar,https://www.linkedin.com/in/rahul-kumar-international-insurance-and-risk-professional,"Corporate Risk & Insurance Specialist, Multinational Programs, Risk Transfer Strategies","I resonate with this. 
This is also something I like to remind people when talking about the importance and the WHY for making time and effort to move and stay healthy. 
Taking good care of yourself is the best thing you can do for your loved ones. You are replaceable at work but not for your family.  ",2024-11-12T05:10:32.173Z,"urn:li:comment:(activity:7261965818689724416,7261968587752382464)",0ec08d0dc396967e2e5655e1f5c03dd379e3402b7020077778a6802cd56f3c3b,urn:li:activity:7261965818689724416,cbe31a7493daefa12b7ae4a87abf1d0dcaa3f68aaf5d35eb795256c0c77a35d0,7261965818689724416,i resonate with this this is also something i like to remind people when talking about the importance and the why for making time and effort to move and stay healthy taking good care of yourself is the best thing you can do for your loved ones you are replaceable at work but not for your family,0.0,0.769,0.231,0.8873,Positive
Janvi Tiwari,https://www.linkedin.com/in/janvitiwari,"Chief Menstruating Officer at SOQO | Incubated at IIM Ahmedabad, IIM A Ventures | Funded by Startup India | Alumna US Department of State","Literally took a screenshot of this to send on my family group, been after my parents specially my mom going through menopause and dipped estrogen to start yoga for better mental health reduced irritation and hot flashes. The only way is leading by example.",2024-11-12T05:07:26.664Z,"urn:li:comment:(activity:7261965818689724416,7261967809671270400)",2297bf0f4c1d073dfec25113fb6a694447d0dc386e26102f0d70eaf715646fc0,urn:li:activity:7261965818689724416,cbe31a7493daefa12b7ae4a87abf1d0dcaa3f68aaf5d35eb795256c0c77a35d0,7261965818689724416,literally took a screenshot of this to send on my family group been after my parents specially my mom going through menopause and dipped estrogen to start yoga for better mental health reduced irritation and hot flashes the only way is leading by example,0.07,0.869,0.061,-0.1027,Negative
Shubham Bansal,https://www.linkedin.com/in/shubhambansal,"Never missed a workout in 1800+ days | IIT Bombay | Founder @GuitarBro (Patented Guitar Learning System) | Career, Business and Life Coach","Wrote an article on this : 
https://excuselesslife.substack.com/p/8-mins-guide-for-parents-parents?r=2jd4f",2024-11-12T05:05:39.494Z,"urn:li:comment:(activity:7261965818689724416,7261967360167694338)",2a0bfdeded8040367d33260df76b45c5dcf134274c288aa70ae5b0e1a9490204,urn:li:activity:7261965818689724416,cbe31a7493daefa12b7ae4a87abf1d0dcaa3f68aaf5d35eb795256c0c77a35d0,7261965818689724416,wrote an article on this,0.0,1.0,0.0,0.0,Neutral
Parag Patel,https://www.linkedin.com/in/paragpatelthementor,Database Engineer | Mentor | Skilled Visa Strategist (Australia) | Career Coach for IT Professionals | Investor | Problem Solver | Student of Life | FABRIC Certified,After my workI play cricket with kids in #Adelaide:) yes Physical and Mental health is most important,2024-11-12T05:03:38.549Z,"urn:li:comment:(activity:7261965818689724416,7261966852887592960)",a46d508369010cf641cf06d531c4ada83e0ab82a1ade9049851ca5f65ebda868,urn:li:activity:7261965818689724416,cbe31a7493daefa12b7ae4a87abf1d0dcaa3f68aaf5d35eb795256c0c77a35d0,7261965818689724416,after my worki play cricket with kids in adelaide yes physical and mental health is most important,0.0,0.661,0.339,0.7346,Positive
