Full Name,Profile URL,Headline,Comment,Timestamp,Comment URN,Comment Hash,Post URN,Post Hash,post_urn_id,processed_comment,sentiment_negative,sentiment_neutral,sentiment_positive,sentiment_compound,sentiment_label
"Ashwini-K Aggarwal, PhD, FIETE",https://www.linkedin.com/in/xlashwini,"Accomplished Government Affairs/Marketing Professional | Professor - Manav Rachna International | Chair Semiconductor Skills Committee, ESSCI | Career Coach | Consultant | Blogger - Runner - Memory Athlete","Great to see this update, Dilip Kumar Elder care is such a critical and often overlooked area in India. Investing in companies like Praan Health that are addressing this challenge is commendable and essential. 👍",2025-12-11T04:42:31.125Z,"urn:li:comment:(activity:7402578320082796544,7404742355976658944)",9ef86ab204efdef54b92ec1b6ec4a3645c298d38358ebaaa252a0fd6bfefc2ef,urn:li:activity:7402578320082796544,bb3ee0c6436bcc4c85f7c2bb1aef1ea8ccb82996e6c1ab4f5a7f0ca0d30b921f,7402578320082796544,great to see this update dilip kumar elder care is such a critical and often overlooked area in india investing in companies like praan health that are addressing this challenge is commendable and essential,0.082,0.649,0.269,0.8305,Positive
Vivek Dahiya,https://www.linkedin.com/in/vivek-dahiya,"Innovation & IP Strategist | Expert in IP Valuation, Dispute Resolution & Commercialization | Turning IP into Strategic Business Value",CareWindow can be a great partner for Praan Health Zac Bailey,2025-12-10T01:21:40.268Z,"urn:li:comment:(activity:7402578320082796544,7404329423149117440)",f6bd659bd1b19120331dfb22d93eb089cea310e4689760743049a7f5b26a0157,urn:li:activity:7402578320082796544,bb3ee0c6436bcc4c85f7c2bb1aef1ea8ccb82996e6c1ab4f5a7f0ca0d30b921f,7402578320082796544,carewindow can be a great partner for praan health zac bailey,0.0,0.687,0.313,0.6249,Positive
Shantanu Ghorpade,https://www.linkedin.com/in/shantanu-ghorpade-1a359217b,Building Artera AI | Worlds first studio management software for the Modern Creative Professional | Ex-Tattoo Industry Insider,India needs more indigenous start-ups like these.,2025-12-08T08:48:39.823Z,"urn:li:comment:(activity:7402578320082796544,7403717136788942849)",a0524850c331588da927a609533c5c35f8775a460287bb88967fb30718d3c75a,urn:li:activity:7402578320082796544,bb3ee0c6436bcc4c85f7c2bb1aef1ea8ccb82996e6c1ab4f5a7f0ca0d30b921f,7402578320082796544,india needs more indigenous startups like these,0.0,0.685,0.315,0.4144,Positive
Manchal Kalra,https://www.linkedin.com/in/manchalkalra,"Helping mid+senior professionals & business owners elevate confidence, personal & pro relationships, overall wellbeing & achieve resilient self-leadership without years of waiting for results or trial & error self-help.","This is the kind of long-term thinking India truly needs Dilip Kumar 🌿
Solving for elder care takes patience, not hype.
Glad to see patient capital backing a deeply meaningful problem.",2025-12-08T06:11:34.430Z,"urn:li:comment:(activity:7402578320082796544,7403677603821445120)",0a0f31d9f52256f6be4879070a2892fad6b144c417f69425698bd552388cb0ab,urn:li:activity:7402578320082796544,bb3ee0c6436bcc4c85f7c2bb1aef1ea8ccb82996e6c1ab4f5a7f0ca0d30b921f,7402578320082796544,this is the kind of longterm thinking india truly needs dilip kumar solving for elder care takes patience not hype glad to see patient capital backing a deeply meaningful problem,0.138,0.555,0.308,0.6941,Positive
Yash Bhayani,https://www.linkedin.com/in/yashbhayani,Co-Founder at 2ND INNINGS | Building AGE-TECH | Chartered Accountant,Dilip Kumar - We missed the conversation around the same when you were in UAE. Let’s stay in touch!,2025-12-07T12:05:53.100Z,"urn:li:comment:(activity:7402578320082796544,7403404381280174080)",4d2ecb8109208b80d23c165c71a617c37a50d81e112437caf27950b666a53dfb,urn:li:activity:7402578320082796544,bb3ee0c6436bcc4c85f7c2bb1aef1ea8ccb82996e6c1ab4f5a7f0ca0d30b921f,7402578320082796544,dilip kumar we missed the conversation around the same when you were in uae lets stay in touch,0.115,0.885,0.0,-0.296,Negative
Prashant Sirohi,https://www.linkedin.com/in/prashantsirohi,Founder - Bizowl | India’s First Entrepreneurship Dedicated Platform for 0-1 Startup Journey. Focused on Tier-2/3 Cities. | Mentoring Startups to Give Back to the Community |,"I just saw this VP few days back. When the pain is real and solution fit quite well for that need. 

This happens, you do not need marketing and ads.",2025-12-07T01:20:19.366Z,"urn:li:comment:(activity:7402578320082796544,7403241920229203968)",7abf8eeb00487f4b94c5fbaeba9a18764222b9e4685c5873121f42026a793f60,urn:li:activity:7402578320082796544,bb3ee0c6436bcc4c85f7c2bb1aef1ea8ccb82996e6c1ab4f5a7f0ca0d30b921f,7402578320082796544,i just saw this vp few days back when the pain is real and solution fit quite well for that need this happens you do not need marketing and ads,0.093,0.704,0.203,0.4391,Positive
Ansuman Patro,https://www.linkedin.com/in/ansumanpatro,Certified Independent Director Agentic AI Generative AI | Product Management | Retail| Banking| Pharma |Cybersecurity| Innovation Management | Sustainable Operations | GCC Leadership | Fortune 1000 leadership,TOSHIKO HEALTH would like to partner with praan,2025-12-06T05:14:33.477Z,"urn:li:comment:(activity:7402578320082796544,7402938479573282816)",605ec7622786e076e8aaf04c477f6c83737ddafb67c91bb3c4d86a8a9ef599ab,urn:li:activity:7402578320082796544,bb3ee0c6436bcc4c85f7c2bb1aef1ea8ccb82996e6c1ab4f5a7f0ca0d30b921f,7402578320082796544,toshiko health would like to partner with praan,0.0,0.737,0.263,0.3612,Positive
Ankush Rustagi,https://www.linkedin.com/in/ankush-rustagi-33b68842,Cloud Engineering | DevOps | Microservices | Automation | Modern Architecture | 8x Azure Certified,Satyarath Gupta,2025-12-06T00:34:31.516Z,"urn:li:comment:(activity:7402578320082796544,7402868007045361665)",3b93abffe8b052a4b34099009f78aaf061ed676003526bad1e3cb4f6796e5229,urn:li:activity:7402578320082796544,bb3ee0c6436bcc4c85f7c2bb1aef1ea8ccb82996e6c1ab4f5a7f0ca0d30b921f,7402578320082796544,satyarath gupta,0.0,1.0,0.0,0.0,Neutral
Arun Dudee,https://www.linkedin.com/in/arundudee,Chief Technology & Product Officer,Nazeeb Ahmad ,2025-12-06T00:19:42.384Z,"urn:li:comment:(activity:7402578320082796544,7402864277755473921)",dcbf0a1b14f3dc5f616648681b4e99308ea891c5c093be48e636eace60b2faf0,urn:li:activity:7402578320082796544,bb3ee0c6436bcc4c85f7c2bb1aef1ea8ccb82996e6c1ab4f5a7f0ca0d30b921f,7402578320082796544,nazeeb ahmad,0.0,1.0,0.0,0.0,Neutral
Aditya Kedia,https://www.linkedin.com/in/aditya-kedia-15a1a623,"Founder at FitBuds, funded by I-Venture@ISB, incubated with IIM-Lucknow EIC | Building TGIFC- Gurgaon's biggest Kids Fitness Carnival",FitBuds is building in a similar solution- but for parents!,2025-12-05T23:38:31.366Z,"urn:li:comment:(activity:7402578320082796544,7402853913554518016)",a9f9150f508da270d49e8c84aa6779e85c9bff470ef64e68edb24f90a02be712,urn:li:activity:7402578320082796544,bb3ee0c6436bcc4c85f7c2bb1aef1ea8ccb82996e6c1ab4f5a7f0ca0d30b921f,7402578320082796544,fitbuds is building in a similar solution but for parents,0.0,0.829,0.171,0.1655,Positive
Rhea Tanna,https://www.linkedin.com/in/rhea-tanna-5728b213b,Accelerating GTM @ LinkedIn,Mihir Shah,2025-12-05T20:36:57.610Z,"urn:li:comment:(activity:7402578320082796544,7402808221826015232)",abc2fb649553d3fe193adcc4dfe33974370f06c987563abd561d4a287e64f8cf,urn:li:activity:7402578320082796544,bb3ee0c6436bcc4c85f7c2bb1aef1ea8ccb82996e6c1ab4f5a7f0ca0d30b921f,7402578320082796544,mihir shah,0.0,1.0,0.0,0.0,Neutral
Supriya Panchangam,https://www.linkedin.com/in/supanchangam,Helping young people make pro-planet choices.,Aneesh Murikipudi,2025-12-05T17:00:55.404Z,"urn:li:comment:(activity:7402578320082796544,7402753854393794560)",680fdf23ceeb2af404552dd79f1b2c6ad040bb25d900cf9be8566398137f131f,urn:li:activity:7402578320082796544,bb3ee0c6436bcc4c85f7c2bb1aef1ea8ccb82996e6c1ab4f5a7f0ca0d30b921f,7402578320082796544,aneesh murikipudi,0.0,1.0,0.0,0.0,Neutral
Amaye Gatalawar,https://www.linkedin.com/in/amaye-gatalawar-449a1b162,IXS Engineer at Baker Hughes (GE Oil & Gas)| NDT & Inspection.,++,2025-12-05T15:30:58.778Z,"urn:li:comment:(activity:7402578320082796544,7402731219303526400)",fd29bd6d7a132e8d11a54fc1171c82fb2ee39cc73cea48c38e3cf0aeaa042c90,urn:li:activity:7402578320082796544,bb3ee0c6436bcc4c85f7c2bb1aef1ea8ccb82996e6c1ab4f5a7f0ca0d30b921f,7402578320082796544,,0.0,0.0,0.0,0.0,Neutral
Soumobroto Ganguly,https://www.linkedin.com/in/soumobroto-ganguly-4ab3644,CXO | Advisor | Entrepreneur,Tommy Dutta Ritendra Roy,2025-12-05T15:24:00.077Z,"urn:li:comment:(activity:7402578320082796544,7402729463144230913)",415b5fec333494053a72e1c0c1ad22c234fd69c727758b906c4215cdcd40dac2,urn:li:activity:7402578320082796544,bb3ee0c6436bcc4c85f7c2bb1aef1ea8ccb82996e6c1ab4f5a7f0ca0d30b921f,7402578320082796544,tommy dutta ritendra roy,0.0,1.0,0.0,0.0,Neutral
Arjita Saha Choudhury,https://www.linkedin.com/in/arjita-saha-choudhury,Program Delivery & Transformation Leader | 17+ Years | Ex-Microsoft | Technical Program Manager | ERP/CPQ/AI | Led Enterprise Programs 200+ Teams,This is brilliant 🤩 most importantly it’s about creating a great cause irrespective of where you are. It’s is a such a great service! Kudos,2025-12-05T14:13:04.230Z,"urn:li:comment:(activity:7402578320082796544,7402711612828069889)",0858b995f217738d292e3da709e884d3bd9b00d9bde9c7b3fbe606c745144024,urn:li:activity:7402578320082796544,bb3ee0c6436bcc4c85f7c2bb1aef1ea8ccb82996e6c1ab4f5a7f0ca0d30b921f,7402578320082796544,this is brilliant most importantly its about creating a great cause irrespective of where you are its is a such a great service kudos,0.0,0.427,0.573,0.9643,Positive
Raghav Mehra,https://www.linkedin.com/in/raghav-mehra-096,Business @ Symbo | Fintech | Insurtech| Consulting,Vishnu Khanna reach out.,2025-12-05T11:28:14.970Z,"urn:li:comment:(activity:7402578320082796544,7402670134265630720)",ccae22786238277ccc0dde06d9522aba2d59dc7de81c611f9308ff6e6467cc5b,urn:li:activity:7402578320082796544,bb3ee0c6436bcc4c85f7c2bb1aef1ea8ccb82996e6c1ab4f5a7f0ca0d30b921f,7402578320082796544,vishnu khanna reach out,0.0,0.732,0.268,0.0258,Neutral
Shweta M.,https://www.linkedin.com/in/shwetamodi,"Co founder and CEO of Start up- Swastha -A helping Hand for Healthy Aging | Ex-Director Global business services | Ex Amazon | Master Black Belt, Customer experience professional , Process excellence expert, DEI leader",Love the post and can’t agree more on the opportunity in the elder care . I worked in corporate organisations for more than two decades and then finally realized its not my calling. Had personal experience myself and understood what is lacking in caregiving for elders. Thats when Swastha was born! A helping hand for healthy aging!,2025-12-05T09:15:20.171Z,"urn:li:comment:(activity:7402578320082796544,7402636685534273536)",0ba07145598def3db6b7ce3c9993cfb751b1707d68948597579af77b4bb86290,urn:li:activity:7402578320082796544,bb3ee0c6436bcc4c85f7c2bb1aef1ea8ccb82996e6c1ab4f5a7f0ca0d30b921f,7402578320082796544,love the post and cant agree more on the opportunity in the elder care i worked in corporate organisations for more than two decades and then finally realized its not my calling had personal experience myself and understood what is lacking in caregiving for elders thats when swastha was born a helping hand for healthy aging,0.031,0.695,0.274,0.9473,Positive
Jasmeet S.,https://www.linkedin.com/in/atimidaffaire,"Building simplified narratives for informal women worker collectives | Comms @ SEWA Cooperative Federation | ex-TFI, SEF, Barefoot College, TagHive",Abhishek Mohanty thought of you and Careflick. More power!,2025-12-05T08:56:05.453Z,"urn:li:comment:(activity:7402578320082796544,7402631842295898112)",4a5184451d676acc90b3d7694d6bb3b2efd4df031a9066f2b63dcb19d4ba1683,urn:li:activity:7402578320082796544,bb3ee0c6436bcc4c85f7c2bb1aef1ea8ccb82996e6c1ab4f5a7f0ca0d30b921f,7402578320082796544,abhishek mohanty thought of you and careflick more power,0.0,1.0,0.0,0.0,Neutral
vinod kumar ®,https://www.linkedin.com/in/vinodkumar-inc,"Entrepreneur at Nutrioinc - Starting with a challenge, Building with purpose, Growing with passion.",Choosing to build for our parents instead of chasing trends is rare and beautiful.,2025-12-05T08:16:50.888Z,"urn:li:comment:(activity:7402578320082796544,7402621966534516736)",4e6483a1dea7864e098e40cc90a1ece327aa2364f2e3292e48313534e7779fd7,urn:li:activity:7402578320082796544,bb3ee0c6436bcc4c85f7c2bb1aef1ea8ccb82996e6c1ab4f5a7f0ca0d30b921f,7402578320082796544,choosing to build for our parents instead of chasing trends is rare and beautiful,0.0,0.769,0.231,0.5994,Positive
Gaurav Attrii,https://www.linkedin.com/in/gaurav-attri3,I help PMs land 50 lakh+ in Product Roles 🚀,"Dilip Kumar Elder care in India being a massive opportunity that needs patient capital is exactly right because the demographic shift is inevitable but business models require long timelines to prove unit economics, which scares away most venture investors looking for quick exits.",2025-12-05T08:16:36.355Z,"urn:li:comment:(activity:7402578320082796544,7402621905578762240)",11b24597f53815db9f28d0f33816e6fca885c40e74bb22b1ec97334c838c9b24,urn:li:activity:7402578320082796544,bb3ee0c6436bcc4c85f7c2bb1aef1ea8ccb82996e6c1ab4f5a7f0ca0d30b921f,7402578320082796544,dilip kumar elder care in india being a massive opportunity that needs patient capital is exactly right because the demographic shift is inevitable but business models require long timelines to prove unit economics which scares away most venture investors looking for quick exits,0.067,0.846,0.087,-0.0258,Neutral
Chandrika Nayak,https://www.linkedin.com/in/chandrikanayak,Coach I Facilitator I Entrepreneur I Learner,This is such a needed service. Hope it's affordable ,2025-12-05T07:50:04.497Z,"urn:li:comment:(activity:7402578320082796544,7402615228846333952)",aac45fe067737eaaf83e495b56986abcaf52af24bdc7536807e3465c118a4fbd,urn:li:activity:7402578320082796544,bb3ee0c6436bcc4c85f7c2bb1aef1ea8ccb82996e6c1ab4f5a7f0ca0d30b921f,7402578320082796544,this is such a needed service hope its affordable,0.0,0.707,0.293,0.4404,Positive
Rohit Sharma,https://www.linkedin.com/in/rohitsharma92,Founder - Fitmint & Coozy | IITB,This is a very big and meaningful problem,2025-12-05T07:46:01.408Z,"urn:li:comment:(activity:7402578320082796544,7402614209257414656)",3e97a84a3806292bc1f7dbd6b28d65423fac3450c3ef7a7b385ba917ba51b62e,urn:li:activity:7402578320082796544,bb3ee0c6436bcc4c85f7c2bb1aef1ea8ccb82996e6c1ab4f5a7f0ca0d30b921f,7402578320082796544,this is a very big and meaningful problem,0.263,0.487,0.25,-0.0352,Neutral
Rohit Kelkar,https://www.linkedin.com/in/rohitkelkar,Business Consulting,"With aging population,15% of entire population over 60 by 2040, this is very pertinent problem to solve. More power to you Navneeth Ramprasad Praan Health.",2025-12-05T07:37:33.055Z,"urn:li:comment:(activity:7402578320082796544,7402612077065846784)",810521f727a0d7f1e055181bdbed5e3e0bb1a4638f7b8ba24e4ac13fac27d3f8,urn:li:activity:7402578320082796544,bb3ee0c6436bcc4c85f7c2bb1aef1ea8ccb82996e6c1ab4f5a7f0ca0d30b921f,7402578320082796544,with aging population of entire population over by this is very pertinent problem to solve more power to you navneeth ramprasad praan health,0.116,0.815,0.07,-0.2911,Negative
Akshansh Yadav,https://www.linkedin.com/in/akshanshyadav,"CEO Digital, ITV Network (NewsX, India News, Guardian) | Propelled 6 News Brands For Digital First Growth | Harvard Machine Learning Graduate + MICA MBA","Solving for seniors instead of chasing the usual “Millennial/Gen Z” play is such a smart wedge. The 60+ market in India is huge, under-served, and has very real health spend built in. This is the kind of problem-first entrepreneurship India genuinely needs more of.",2025-12-05T07:34:45.059Z,"urn:li:comment:(activity:7402578320082796544,7402611372439900160)",458c008cc07f59738f9093d9813e3a3690afecc49f8325e03191bae1eee105ca,urn:li:activity:7402578320082796544,bb3ee0c6436bcc4c85f7c2bb1aef1ea8ccb82996e6c1ab4f5a7f0ca0d30b921f,7402578320082796544,solving for seniors instead of chasing the usual millennialgen z play is such a smart wedge the market in india is huge underserved and has very real health spend built in this is the kind of problemfirst entrepreneurship india genuinely needs more of,0.0,0.791,0.209,0.8316,Positive
Yash Gawde,https://www.linkedin.com/in/yashgawde,Building Behooked: AI Agent that creates social media ready videos in minutes,This is exactly the kind of founder energy that creates real value. Solving for actual human needs with profitability baked in - that's the formula that scales.,2025-12-05T07:12:31.110Z,"urn:li:comment:(activity:7402578320082796544,7402605777451933696)",76ea9b17c3641f088db87a452c55748c465a9c9edd56f5b4a3f9501d55c95e4b,urn:li:activity:7402578320082796544,bb3ee0c6436bcc4c85f7c2bb1aef1ea8ccb82996e6c1ab4f5a7f0ca0d30b921f,7402578320082796544,this is exactly the kind of founder energy that creates real value solving for actual human needs with profitability baked in thats the formula that scales,0.0,0.654,0.346,0.8442,Positive
Saurabh Singh,https://www.linkedin.com/in/saurabhsinghpmc,Co-Founder at Pick My Car,"One more Astro talk 

Ex Netflix and ex Facebook . Their are millions working in these  Conpanies and lot of layoffs in recent times 

Came back to India . Who knows and who cares ? . Could be he was fired 

Both my parents are now dead and i visited hospitals for 5 years for their treatment  . All these claims of continuos monitoring by aggregating doctors etc does not work 

Aggregation in health care is the worst form of startup that one can think of . Pristyn health is one example",2025-12-05T06:58:57.757Z,"urn:li:comment:(activity:7402578320082796544,7402602366002536448)",f70000d91be595cd4d5a3ffb9718477b07b2fd570f9c85b69472bdca7761c42a,urn:li:activity:7402578320082796544,bb3ee0c6436bcc4c85f7c2bb1aef1ea8ccb82996e6c1ab4f5a7f0ca0d30b921f,7402578320082796544,one more astro talk ex netflix and ex facebook their are millions working in these conpanies and lot of layoffs in recent times came back to india who knows and who cares could be he was fired both my parents are now dead and i visited hospitals for years for their treatment all these claims of continuos monitoring by aggregating doctors etc does not work aggregation in health care is the worst form of startup that one can think of pristyn health is one example,0.123,0.813,0.064,-0.7783,Negative
Ashwin Natarajan,https://www.linkedin.com/in/ashwinnatarajan,Director - Strategic Accounts | EV Ecosystem Expert| Enterprise Sales & OEM Partnerships,"Good part is senior citizens who are here in cities are likely to be funded by thier children in $, Euro, Dirhams, this means great margins if a service can b structured. Great margins = Great business",2025-12-05T06:53:52.510Z,"urn:li:comment:(activity:7402578320082796544,7402601085703458816)",c60bf3652ef286f4ce0c62496510dbb3d0c1d7a99461beeb5d974c2fc0a1cd05,urn:li:activity:7402578320082796544,bb3ee0c6436bcc4c85f7c2bb1aef1ea8ccb82996e6c1ab4f5a7f0ca0d30b921f,7402578320082796544,good part is senior citizens who are here in cities are likely to be funded by thier children in euro dirhams this means great margins if a service can b structured great margins great business,0.0,0.656,0.344,0.9451,Positive
Vishwadeep Tehlan,https://www.linkedin.com/in/vishwadeeptehlan,Building CareCircle | AI Agents for mental health,Kudos!,2025-12-05T06:52:49.305Z,"urn:li:comment:(activity:7402578320082796544,7402600820606722048)",307bd0693771f0e130e7fb6bd89ef8b4c92276c599edf7c4b201812ee5202fe7,urn:li:activity:7402578320082796544,bb3ee0c6436bcc4c85f7c2bb1aef1ea8ccb82996e6c1ab4f5a7f0ca0d30b921f,7402578320082796544,kudos,0.0,0.0,1.0,0.5106,Positive
Mayank Mishra,https://www.linkedin.com/in/mayankmishra93,Building CoverSure | Startups and stuff !!,Kudos to Praan Health,2025-12-05T06:51:27.043Z,"urn:li:comment:(activity:7402578320082796544,7402600475574829056)",80da9d0cef7eb981cf732b006275bca6bac55c976223211f47ca1d5f68d2f683,urn:li:activity:7402578320082796544,bb3ee0c6436bcc4c85f7c2bb1aef1ea8ccb82996e6c1ab4f5a7f0ca0d30b921f,7402578320082796544,kudos to praan health,0.0,0.476,0.524,0.5106,Positive
Kutubooku,,132 followers,"Solving for real problems! 

We are building a resilient future for our next generations one book at a time.",2025-12-05T06:32:46.561Z,"urn:li:comment:(activity:7402578320082796544,7402595775928852480)",4c6fb820ed68c73309e9dd353cb20fd6f66f877ed2eca839eec4eec77a0e6859,urn:li:activity:7402578320082796544,bb3ee0c6436bcc4c85f7c2bb1aef1ea8ccb82996e6c1ab4f5a7f0ca0d30b921f,7402578320082796544,solving for real problems we are building a resilient future for our next generations one book at a time,0.134,0.746,0.119,-0.0772,Negative
Priyanka Gupta,https://www.linkedin.com/in/priyankaiitk,Executive Fitness Mindset Coach | Health/Fitness Startup Growth Advisor | Entrepreneur | IIT Kanpur,It's inspiring to see your commitment to addressing elder care in India. Looking forward to seeing the positive changes unfold.,2025-12-05T06:31:56.240Z,"urn:li:comment:(activity:7402578320082796544,7402595564866961409)",f0255f745b4db14f444ff757636dd0a248784f7ae329740f1a828b9065fab9dd,urn:li:activity:7402578320082796544,bb3ee0c6436bcc4c85f7c2bb1aef1ea8ccb82996e6c1ab4f5a7f0ca0d30b921f,7402578320082796544,its inspiring to see your commitment to addressing elder care in india looking forward to seeing the positive changes unfold,0.0,0.567,0.433,0.9042,Positive
Gaurav Medhi,https://www.linkedin.com/in/gaurav-medhi,"Entrepreneur & Community Builder Driving Economic Growth in North East India | Founder, Quick Ghy | Joint Secretary, IBCCI Guwahati Chapter|Simplifying International Trade","How to use the service? 
I seriously want my mother to avail this ",2025-12-05T06:13:14.402Z,"urn:li:comment:(activity:7402578320082796544,7402590859537416192)",6c3c98236577ad132fb4b7341eeea726e8ca324fb064398272c3d633d45ad070,urn:li:activity:7402578320082796544,bb3ee0c6436bcc4c85f7c2bb1aef1ea8ccb82996e6c1ab4f5a7f0ca0d30b921f,7402578320082796544,how to use the service i seriously want my mother to avail this,0.131,0.769,0.1,-0.1027,Negative
Navneeth Ramprasad,https://www.linkedin.com/in/navneethar,"Founder, Praan Health | Reimagining Chronic Care | Former Netflix, Meta | Former Pro-Athlete | 500K+ Community on Instagram/FB",Super pumped to be backed by Rainmatter by Zerodha. Dilip has been an amazing guide through and through. Having him and Nithin support us gives us all the motivation to power through for the next 20+ years. Onwards and upwards 💪 ,2025-12-05T06:10:00.280Z,"urn:li:comment:(activity:7402578320082796544,7402590045330706432)",f4fe6c9236ee6ff587ed5dcfe27e531dfa9d40829173320f4a23c7bc41076792,urn:li:activity:7402578320082796544,bb3ee0c6436bcc4c85f7c2bb1aef1ea8ccb82996e6c1ab4f5a7f0ca0d30b921f,7402578320082796544,super pumped to be backed by rainmatter by zerodha dilip has been an amazing guide through and through having him and nithin support us gives us all the motivation to power through for the next years onwards and upwards,0.0,0.71,0.29,0.9169,Positive
Suryansh Tomar,https://www.linkedin.com/in/sutoverse,"Chief of Staff, Praan Health | helping your parents live longer | prev. tech at Fynd & marketing at Stoa",🙌,2025-12-05T05:57:21.183Z,"urn:li:comment:(activity:7402578320082796544,7402586861451550720)",1b660ec416510e3897bd3de456561ec29a8aac4f783667550eed38c43bcff239,urn:li:activity:7402578320082796544,bb3ee0c6436bcc4c85f7c2bb1aef1ea8ccb82996e6c1ab4f5a7f0ca0d30b921f,7402578320082796544,,0.0,0.0,0.0,0.0,Neutral
Anuj Kothari,https://www.linkedin.com/in/edunewz,Founder @ Seekrs.ai & Tunica | Plug & play AI Search that drives revenue.,Rahul Venuraj,2025-12-05T05:55:32.361Z,"urn:li:comment:(activity:7402578320082796544,7402586405014634496)",7b38c98f3adf9a15e6f230ae9989c6fe189d9379ad49fb81350f7e866f7ba1fb,urn:li:activity:7402578320082796544,bb3ee0c6436bcc4c85f7c2bb1aef1ea8ccb82996e6c1ab4f5a7f0ca0d30b921f,7402578320082796544,rahul venuraj,0.0,1.0,0.0,0.0,Neutral
Hitesh Bhatia,https://www.linkedin.com/in/hbhatia,Founder at JoiningHands | Family Constellation & Regression Therapist | Building a supportive community for healing & self-discovery,"This is INSANE! 
I love what you guys are doing. Fabulous. Loads of Love & strength. ",2025-12-05T05:49:16.713Z,"urn:li:comment:(activity:7402578320082796544,7402584829436878848)",8a326636ab1c823da6c580c760173cbe551922353535e60ff368df85c9e114f0,urn:li:activity:7402578320082796544,bb3ee0c6436bcc4c85f7c2bb1aef1ea8ccb82996e6c1ab4f5a7f0ca0d30b921f,7402578320082796544,this is insane i love what you guys are doing fabulous loads of love strength,0.101,0.337,0.562,0.9231,Positive
Gaurav Agrawaal,https://www.linkedin.com/in/gaurav-agrawaal,"Guiding Founders to Secure Funding & Build Financial Structure | Founder, Arthasya Consulting | Ex-PB Fintech, EY | $150M+ Deal Experience",Purpose-driven entrepreneurship often scales stronger than trend chasing.,2025-12-05T05:45:00.008Z,"urn:li:comment:(activity:7402578320082796544,7402583752738074624)",b12ff9d59f9e3ea13a7fb00e71ed2b3977d0a4df338340dfd346802f3bd21027,urn:li:activity:7402578320082796544,bb3ee0c6436bcc4c85f7c2bb1aef1ea8ccb82996e6c1ab4f5a7f0ca0d30b921f,7402578320082796544,purposedriven entrepreneurship often scales stronger than trend chasing,0.0,0.729,0.271,0.3818,Positive
Anooshka Soham Bathwal,https://www.linkedin.com/in/anooshkasohambathwal,Founder & CEO @Dhanvesttor | On a mission to make women finance-confident with Dhanvesttor,Purpose-led ideas like this remind us where true opportunity actually lies in India’s future.,2025-12-05T05:36:53.556Z,"urn:li:comment:(activity:7402578320082796544,7402581712406249472)",1a2f2aa3b96c69b7e8ace4e907c2b9b8124ec0c7c1c9402b86cb4424cfdd0a41,urn:li:activity:7402578320082796544,bb3ee0c6436bcc4c85f7c2bb1aef1ea8ccb82996e6c1ab4f5a7f0ca0d30b921f,7402578320082796544,purposeled ideas like this remind us where true opportunity actually lies in indias future,0.134,0.478,0.388,0.6486,Positive
Deepthi Bavirisetty,https://www.linkedin.com/in/deepthi-bavirisetty-6b79356b,Corp lawyer ➡️ Marketer helping YOU go viral 🚀,"I love Praan Health. I’ve been sending their videos to my parents for about a year and they have finally started incorporating more protein into their diets! Thanks Navneeth Ramprasad!

Super bullish on their growth!",2025-12-05T05:33:39.195Z,"urn:li:comment:(activity:7402578320082796544,7402580897197309952)",5ee2e333636a02f434253e09d95f5f6564dcb1381ad815aa547226226704d578,urn:li:activity:7402578320082796544,bb3ee0c6436bcc4c85f7c2bb1aef1ea8ccb82996e6c1ab4f5a7f0ca0d30b921f,7402578320082796544,i love praan health ive been sending their videos to my parents for about a year and they have finally started incorporating more protein into their diets thanks navneeth ramprasad super bullish on their growth,0.0,0.681,0.319,0.9274,Positive
Seena Hamirani 🦁,https://www.linkedin.com/in/seena-hamirani,Building Communities | Health & Wellness,I've been following and sending Navneeth's videos on Instagram to my mother for the past few months. Super excited for what Praan is doing :) 🙌 ,2025-12-05T05:30:28.677Z,"urn:li:comment:(activity:7402578320082796544,7402580098110894080)",25664956b596212b21bdd3eb01d332dbc4e539d6c0e682620eb6bc0833021baa,urn:li:activity:7402578320082796544,bb3ee0c6436bcc4c85f7c2bb1aef1ea8ccb82996e6c1ab4f5a7f0ca0d30b921f,7402578320082796544,ive been following and sending navneeths videos on instagram to my mother for the past few months super excited for what praan is doing,0.0,0.777,0.223,0.743,Positive
Isha Sethia,https://www.linkedin.com/in/isha-sethia-22546b282,Social Media Manager | Viral Content Strategist | AI Tools Specialist | Building Brands Through Creativity,"Such a powerful example. No ads, no hype just solving a genuine need and creating value. This is what sustainable business looks like.",2025-12-05T05:30:10.130Z,"urn:li:comment:(activity:7402578320082796544,7402580020315222016)",e90439365742ca9416b03d1c37ed7461a2306c0e90faec430550312c291d1239,urn:li:activity:7402578320082796544,bb3ee0c6436bcc4c85f7c2bb1aef1ea8ccb82996e6c1ab4f5a7f0ca0d30b921f,7402578320082796544,such a powerful example no ads no hype just solving a genuine need and creating value this is what sustainable business looks like,0.143,0.456,0.401,0.7845,Positive
Ravi Agarwal ✅,https://www.linkedin.com/in/raviagarwall,"Business Growth Strategist 🚀 | Helping Agencies Scale with Sales Systems, Market Expansion & Strategic Ops | Brand Positioning • Founder-Led Growth • B2B Strategy",what is the company name,2025-12-05T05:26:18.465Z,"urn:li:comment:(activity:7402578320082796544,7402579048641499136)",ac789900d96355466baa0b980bf37b5ee73cd5d18df1ae1472f567ec0c332919,urn:li:activity:7402578320082796544,bb3ee0c6436bcc4c85f7c2bb1aef1ea8ccb82996e6c1ab4f5a7f0ca0d30b921f,7402578320082796544,what is the company name,0.0,1.0,0.0,0.0,Neutral
NITIN JAIN,https://www.linkedin.com/in/nitin-jain-thecogent,"Founder @ The Cogent | Marketing & Business Mentor | Trusted by 500+ clients | Transforming Businesses Across 20+ Industries | Ads, Automation, Analytics, Web & Video | Kaabil & Curious Apes", solutions built today will define the next decade of care. ,2025-12-05T05:23:46.487Z,"urn:li:comment:(activity:7402578320082796544,7402578411199901698)",4f5da6748e6ba13f2acbe5db765a3fa4c5cd1d64245bda6505f5685584a7c986,urn:li:activity:7402578320082796544,bb3ee0c6436bcc4c85f7c2bb1aef1ea8ccb82996e6c1ab4f5a7f0ca0d30b921f,7402578320082796544,solutions built today will define the next decade of care,0.0,0.62,0.38,0.5994,Positive
