Full Name,Profile URL,Headline,Comment,Timestamp,Comment URN,Comment Hash,Post URN,Post Hash,post_urn_id,processed_comment,sentiment_negative,sentiment_neutral,sentiment_positive,sentiment_compound,sentiment_label
Sonali Karhana,https://www.linkedin.com/in/sonali-karhana-475a08a4,"Project Research Scientist I, ICMR || PhD Translational & Clinical Research II Nanotechnology II Scientific Writing","Brilliantly articulated. Tech has a huge role to play, but only when it's grounded in the realities of how healthcare actually works. It’s not just about building sleek apps or throwing AI at the problem. They can support, not solve.",2025-04-11T16:56:10.166Z,"urn:li:comment:(activity:7307992167640113155,7316504346005852161)",193e178be6d6de363ded59e8d90a7af4c3b88583c3448cca48a7ed5f9937816f,urn:li:activity:7307992167640113155,a1def6fa43ef6ce3ae50d02381f784cb6a4fd81bc4dd76a337e3dda17dd5e6b7,7307992167640113155,brilliantly articulated tech has a huge role to play but only when its grounded in the realities of how healthcare actually works its not just about building sleek apps or throwing ai at the problem they can support not solve,0.114,0.69,0.196,0.4519,Positive
Vidhath Shetty,https://www.linkedin.com/in/vidhathshetty,Ex-Data Analyst Now Driving Revenue | Sales Dev @ Mitr | ICP Targeting + Outreach Systems 🔄,Humans have the insight so the AI would know and not have hallucinations.,2025-04-05T03:23:10.998Z,"urn:li:comment:(activity:7307992167640113155,7314125424152788992)",a542b4f514ef6ffdf53b51a8e3bbe657a9c7e955b02f4116e0ce81e04f8dda2f,urn:li:activity:7307992167640113155,a1def6fa43ef6ce3ae50d02381f784cb6a4fd81bc4dd76a337e3dda17dd5e6b7,7307992167640113155,humans have the insight so the ai would know and not have hallucinations,0.0,1.0,0.0,0.0,Neutral
Raghav Mittal,https://www.linkedin.com/in/raghavmittal,"Curator@ReTHINK INDIA, Nurturing the #IndicParadigm, Committed to #MIGA #MakingIndiaGreatAgain","Well Said...
Doctors do need a lot of support tech to bolster their practice..
Unfortunately the tug of war between the primacy of the tech platform ""enrolling"" doctors and a doctor deploying tech, has created a kind of a deadlock and not allowed tech to actually revolutionise healthcare delivery..",2025-03-26T15:19:56.926Z,"urn:li:comment:(activity:7307992167640113155,7310681925432578050)",b7d505213dfc2e029239305494ff798d3096d8d473246e0550da4e429fdb2991,urn:li:activity:7307992167640113155,a1def6fa43ef6ce3ae50d02381f784cb6a4fd81bc4dd76a337e3dda17dd5e6b7,7307992167640113155,well said doctors do need a lot of support tech to bolster their practice unfortunately the tug of war between the primacy of the tech platform enrolling doctors and a doctor deploying tech has created a kind of a deadlock and not allowed tech to actually revolutionise healthcare delivery,0.16,0.716,0.125,-0.4404,Negative
Kaushal Shah,https://www.linkedin.com/in/kaushalshah06,CEO & Founder at eVital/PillO,This is why we eVitalRx have been building for 4 years an infrastructure and now we launched PillO: Meds in Minutes to make medicines accessible when we need the most - aka qCommerce. Would love to speak to you about it.,2025-03-22T17:05:50.721Z,"urn:li:comment:(activity:7307992167640113155,7309259023717928960)",e8171a279e6aeb154f5b8331111a2b5b8527e0a195649bb5784ec2894fa5e63b,urn:li:activity:7307992167640113155,a1def6fa43ef6ce3ae50d02381f784cb6a4fd81bc4dd76a337e3dda17dd5e6b7,7307992167640113155,this is why we evitalrx have been building for years an infrastructure and now we launched pillo meds in minutes to make medicines accessible when we need the most aka qcommerce would love to speak to you about it,0.0,0.867,0.133,0.6908,Positive
Saumil Surendra Parikh,https://www.linkedin.com/in/saumilsparikh,Fund Manager | Co-Founder at Sattvic Wealth Bharat Fund (AIF CAT III) | Proud Indian I First generation Entrepreneur I Founder at Scale Up Financial I Co-founder at House of Alpha Wealth Management,"A sharp, much-needed reality check—tech can enhance healthcare, but only when it respects its complexity, not oversimplifies it.",2025-03-21T04:32:35.667Z,"urn:li:comment:(activity:7307992167640113155,7308707074056560641)",7948cb07d16a8bcba6443b89bd45d03e1fa26f1386a6fa1262f0f98a09519d33,urn:li:activity:7307992167640113155,a1def6fa43ef6ce3ae50d02381f784cb6a4fd81bc4dd76a337e3dda17dd5e6b7,7307992167640113155,a sharp muchneeded reality checktech can enhance healthcare but only when it respects its complexity not oversimplifies it,0.058,0.787,0.155,0.4289,Positive
SHASHANK KHARAT,https://www.linkedin.com/in/shashank-kharat,Health & Wellness | Program Manager | Product & Community Engagement,"That's a good perspective on 'Tech will fix everything' narrative, especially in healthcare where distruption does not necessarily mean putting AI between a patient & the healthcare professional but rather AI around them so that the cluttered processes, wait times, etc can be reduced. I came across few MVPs & products recently which are designing LLM's for mental health space which a patient can access to & talk to before connecting to an actual professional. ",2025-03-19T15:35:22.283Z,"urn:li:comment:(activity:7307992167640113155,7308149091601977344)",5f0278ae215448cd283798d035f88b993462545598f9d4f415f060d06d3402f5,urn:li:activity:7307992167640113155,a1def6fa43ef6ce3ae50d02381f784cb6a4fd81bc4dd76a337e3dda17dd5e6b7,7307992167640113155,thats a good perspective on tech will fix everything narrative especially in healthcare where distruption does not necessarily mean putting ai between a patient the healthcare professional but rather ai around them so that the cluttered processes wait times etc can be reduced i came across few mvps products recently which are designing llms for mental health space which a patient can access to talk to before connecting to an actual professional,0.0,0.972,0.028,0.2382,Positive
Impactful Pitch®,,"2,829 followers",Exactly. True innovation isn’t just about technology—it’s about understanding the real-world challenges and applying tech where it actually moves the needle. The best solutions don’t disrupt for the sake of it; they enhance what already works.,2025-03-19T12:55:45.691Z,"urn:li:comment:(activity:7307992167640113155,7308108924463833088)",ef38e5794ad4ab33e63c5b6a3065866029d17979375160f47ef5a944efde8b08,urn:li:activity:7307992167640113155,a1def6fa43ef6ce3ae50d02381f784cb6a4fd81bc4dd76a337e3dda17dd5e6b7,7307992167640113155,exactly true innovation isnt just about technologyits about understanding the realworld challenges and applying tech where it actually moves the needle the best solutions dont disrupt for the sake of it they enhance what already works,0.0,0.711,0.289,0.891,Positive
Palak Gupta,https://www.linkedin.com/in/palakrgupta,Founder at Craft your brand|Ex-VP Community Experience at 1% Club |Simpl |Marketer |Growth Hacker,"Tech can’t replace relationships, trust, or outcomes in healthcare. Augmentation, not disruption, is the real game-changer—piece by piece, not overnight. Spot on! Dilip Kumar",2025-03-19T12:10:25.838Z,"urn:li:comment:(activity:7307992167640113155,7308097516573483009)",4d9427af712c6263b438dd5dd9750086f4fd745740c98b25067e5913a26b63eb,urn:li:activity:7307992167640113155,a1def6fa43ef6ce3ae50d02381f784cb6a4fd81bc4dd76a337e3dda17dd5e6b7,7307992167640113155,tech cant replace relationships trust or outcomes in healthcare augmentation not disruption is the real gamechangerpiece by piece not overnight spot on dilip kumar,0.101,0.821,0.079,-0.1511,Negative
Manasa Chikkanna,https://www.linkedin.com/in/manasa-c-gowda-6ab18023,Utility Consultant | Digital Transformation|Data Analyst- Leveraging Data & AI to Drive Innovation in Utilities,"True,it must be built brick by brick, with careful consideration of the risks involved.",2025-03-19T11:42:33.938Z,"urn:li:comment:(activity:7307992167640113155,7308090504116686851)",c51a43438a0aae949f3c0542b6260318db2f74479963194b8a7bd1434c222fbc,urn:li:activity:7307992167640113155,a1def6fa43ef6ce3ae50d02381f784cb6a4fd81bc4dd76a337e3dda17dd5e6b7,7307992167640113155,trueit must be built brick by brick with careful consideration of the risks involved,0.134,0.764,0.102,-0.128,Negative
Swati Bharani,https://www.linkedin.com/in/swati-bharani-02144245,Data Storyteller | Lifelong Learner | (Budding) Youtuber,"Bharosa AI is doing exactly that - ""the focus on depth of care and outcomes part"", especially.",2025-03-19T11:22:35.276Z,"urn:li:comment:(activity:7307992167640113155,7308085476563771392)",f9e79040ebfbc1e28eca1d9f3d59282f2e6cd4c1f52f4e806373f458205ca739,urn:li:activity:7307992167640113155,a1def6fa43ef6ce3ae50d02381f784cb6a4fd81bc4dd76a337e3dda17dd5e6b7,7307992167640113155,bharosa ai is doing exactly that the focus on depth of care and outcomes part especially,0.0,0.824,0.176,0.4939,Positive
Shama Kazmi,https://www.linkedin.com/in/shama-kazmi-955b611ab,Turning great research into great business / Medtech @ Monash,On point,2025-03-19T10:45:59.894Z,"urn:li:comment:(activity:7307992167640113155,7308076268464365569)",5ce0ac952df51b57d02809cd73ec16b667ae38dcbfd201592014b3012705c0df,urn:li:activity:7307992167640113155,a1def6fa43ef6ce3ae50d02381f784cb6a4fd81bc4dd76a337e3dda17dd5e6b7,7307992167640113155,on point,0.0,1.0,0.0,0.0,Neutral
Rohit Ramesh,https://www.linkedin.com/in/rohit-ramesh,"Helping businesses grow organically through SEO, Social Media & Content Marketing | WordPress Website Creator | 7+ yrs driving visibility & engagement that converts","Dilip Kumar

This is such a solid take! 

The whole ""Uber of Healthcare"" narrative oversimplifies a deeply complex system. 

Healthcare isn't just about transactions; it's about trust, continuity, and outcomes.

Tech can absolutely help, but not in the way most startups imagine—slapping AI on everything and calling it ""disruption"" isn’t the answer. 

Instead, the real impact comes from augmenting the system: improving diagnostics, streamlining supply chains, ensuring medicine authenticity, and empowering frontline workers.

It’s refreshing to see a take that focuses on first principles rather than just chasing scale. 

The biggest wins in healthcare won’t come from the flashiest tech but from solving real, foundational problems.",2025-03-19T10:43:20.741Z,"urn:li:comment:(activity:7307992167640113155,7308075600928202753)",c8131c3f521ef9a2632d982b084c259366ab7f1e94b7f2e2b56ab682aa98c595,urn:li:activity:7307992167640113155,a1def6fa43ef6ce3ae50d02381f784cb6a4fd81bc4dd76a337e3dda17dd5e6b7,7307992167640113155,dilip kumar this is such a solid take the whole uber of healthcare narrative oversimplifies a deeply complex system healthcare isnt just about transactions its about trust continuity and outcomes tech can absolutely help but not in the way most startups imagineslapping ai on everything and calling it disruption isnt the answer instead the real impact comes from augmenting the system improving diagnostics streamlining supply chains ensuring medicine authenticity and empowering frontline workers its refreshing to see a take that focuses on first principles rather than just chasing scale the biggest wins in healthcare wont come from the flashiest tech but from solving real foundational problems,0.056,0.77,0.174,0.9041,Positive
Vishweshwer Mangalapalli,https://www.linkedin.com/in/vishweshwer-mangalapalli-8338223,Managing Partner at Global Village Consulting,""" The biggest healthcare opportunities in India are not about disruption but augmentation"" - Excellent observation. Request you to write your views on the role of Govt in healthcare when you get some time....",2025-03-19T09:42:13.499Z,"urn:li:comment:(activity:7307992167640113155,7308060219400511489)",3d6c6ac9b29ae07ed0e2307b3aaae03945b28d3b253bea7e7d6b75d0c9ebb7d9,urn:li:activity:7307992167640113155,a1def6fa43ef6ce3ae50d02381f784cb6a4fd81bc4dd76a337e3dda17dd5e6b7,7307992167640113155,the biggest healthcare opportunities in india are not about disruption but augmentation excellent observation request you to write your views on the role of govt in healthcare when you get some time,0.0,0.775,0.225,0.8129,Positive
Amar Haksar,https://www.linkedin.com/in/amarhaksar,"Master Mindset & Performance Coach/Motivational Speaker/Fitness+Life+Executive Coach/Endurance Enthusiast. 1st Indian to cycle 5,700kms sole/unsupported across USA & 1,500+ consecutive day triathlon activity streak.","Techie just a “tool” that can help in the process.

MINDSET change is the only way this can happen in a sustained way and for the long term.

And, it needs to be done with the youth in India.

Current emphasis is still on visual aesthetics vs real health…””looking” good being the primary emphasis.

Also, there’s a need to put more messaging out that shows the connection between physical exercise and mental health.",2025-03-19T09:27:43.907Z,"urn:li:comment:(activity:7307992167640113155,7308056572067287040)",fa1d0622207ac59666f0e65cb6fe5fc869a1ca620ce6f53506fd6aa16c6fbe5b,urn:li:activity:7307992167640113155,a1def6fa43ef6ce3ae50d02381f784cb6a4fd81bc4dd76a337e3dda17dd5e6b7,7307992167640113155,techie just a tool that can help in the process mindset change is the only way this can happen in a sustained way and for the long term and it needs to be done with the youth in india current emphasis is still on visual aesthetics vs real healthlooking good being the primary emphasis also theres a need to put more messaging out that shows the connection between physical exercise and mental health,0.0,0.924,0.076,0.6808,Positive
Ammaar Porbunderwala,https://www.linkedin.com/in/ammaar-porbunderwala-a28443163,Helping businesses build stronger relationships with bespoke gifting solutions | Founder @ Laser Guru,"Tech can’t fix everything, but it can amplify what works. Focus on meaningful upgrades, not overnight disruption. Slow, steady, and impactful wins the race.",2025-03-19T09:27:09.862Z,"urn:li:comment:(activity:7307992167640113155,7308056429272141826)",c191cf3437d513c5f7e5b229bf9c364c157166cc20eb5191dbb881f9dc7894cd,urn:li:activity:7307992167640113155,a1def6fa43ef6ce3ae50d02381f784cb6a4fd81bc4dd76a337e3dda17dd5e6b7,7307992167640113155,tech cant fix everything but it can amplify what works focus on meaningful upgrades not overnight disruption slow steady and impactful wins the race,0.0,0.663,0.337,0.8925,Positive
Abhishek Singhh,https://www.linkedin.com/in/abhishkschauhan,Founder at Elara BioSciences | Pioneering Next-Gen Nutraceuticals & Natural Health Innovations,Well said! Focusing on augmentation rather than disruption is the key to meaningful progress in healthcare.,2025-03-19T09:19:57.096Z,"urn:li:comment:(activity:7307992167640113155,7308054614120034306)",57497c19133e17bec14e69d472f7eab0c64ca3e23b02bc84212394387da218c7,urn:li:activity:7307992167640113155,a1def6fa43ef6ce3ae50d02381f784cb6a4fd81bc4dd76a337e3dda17dd5e6b7,7307992167640113155,well said focusing on augmentation rather than disruption is the key to meaningful progress in healthcare,0.115,0.553,0.332,0.5719,Positive
Dr. Neelam Jain,https://www.linkedin.com/in/dr-neelam-jain-ba1781109,"Doctor, Internal Medicine","Healthcare management is a multifaceted field that requires a blend of strategic decision-making, human empathy, regulatory compliance, and real-time problem-solving. It involves coordinating medical professionals, managing resources, ensuring patient safety, and navigating complex healthcare policies—all while maintaining a patient-centered approach. While AI tools can enhance efficiency by analyzing data and automating administrative tasks, they lack the nuanced judgment, ethical reasoning, and interpersonal skills necessary for effective leadership. The ability to address unforeseen challenges, mediate conflicts, and make holistic decisions based on both data and human factors ensures that healthcare management remains an indispensable human-driven profession. 
Thank you for pointing that out sir! 👍🏽😊 Dilip Kumar",2025-03-19T08:45:53.269Z,"urn:li:comment:(activity:7307992167640113155,7308046041692418048)",79ddea184b668f18657ff223922c9bdb798eb3a151e7549e7d989850f53d1512,urn:li:activity:7307992167640113155,a1def6fa43ef6ce3ae50d02381f784cb6a4fd81bc4dd76a337e3dda17dd5e6b7,7307992167640113155,healthcare management is a multifaceted field that requires a blend of strategic decisionmaking human empathy regulatory compliance and realtime problemsolving it involves coordinating medical professionals managing resources ensuring patient safety and navigating complex healthcare policiesall while maintaining a patientcentered approach while ai tools can enhance efficiency by analyzing data and automating administrative tasks they lack the nuanced judgment ethical reasoning and interpersonal skills necessary for effective leadership the ability to address unforeseen challenges mediate conflicts and make holistic decisions based on both data and human factors ensures that healthcare management remains an indispensable humandriven profession thank you for pointing that out sir dilip kumar,0.042,0.786,0.172,0.9186,Positive
Manu Agarwal,https://www.linkedin.com/in/manuagarwal28,Founder @Wyizer | Advisor to Global Founders & HNIs | Simplifying Foreign Investments into India’s Growth Story,Great advice!,2025-03-19T08:41:33.792Z,"urn:li:comment:(activity:7307992167640113155,7308044953367023616)",9a8d740ca597b50306f96ca3ec70fd2169993bfea7913f1c1585a55185595e67,urn:li:activity:7307992167640113155,a1def6fa43ef6ce3ae50d02381f784cb6a4fd81bc4dd76a337e3dda17dd5e6b7,7307992167640113155,great advice,0.0,0.196,0.804,0.6249,Positive
Jayant Ghosh,https://www.linkedin.com/in/jayantghosh,"From Scaling Businesses to Leading Transformation | Sales, Growth, GTM & P&L Leadership | SaaS, AI/ML, IoT | CXO Partnerships | Building Future-Ready Businesses","Dilip, this was an absolute reality check disguised as a masterclass in common sense! Guess we’re all guilty of thinking “If it works for pizza delivery, it must work for healthcare too.” It’s like trying to fix a broken leg with free Wi-Fi – not exactly what the doctor ordered.",2025-03-19T08:26:47.785Z,"urn:li:comment:(activity:7307992167640113155,7308041237184286720)",36326db8397c1c6b9b38937462aeae76cd9123e1821b7fd5ef0daa6429856a54,urn:li:activity:7307992167640113155,a1def6fa43ef6ce3ae50d02381f784cb6a4fd81bc4dd76a337e3dda17dd5e6b7,7307992167640113155,dilip this was an absolute reality check disguised as a masterclass in common sense guess were all guilty of thinking if it works for pizza delivery it must work for healthcare too its like trying to fix a broken leg with free wifi not exactly what the doctor ordered,0.143,0.753,0.104,-0.296,Negative
Robin Jose,https://www.linkedin.com/in/robinjose,Building Agentic AI for Enterprise │ Founder @ AIGist24 │ 2x AI Exits │ I write about AI Strategy & Execution,"Tech isn’t the cure, but it can be the catalyst.",2025-03-19T07:27:55.891Z,"urn:li:comment:(activity:7307992167640113155,7308026423347150848)",daf1ff2ced3534349d5dde220c23dd9c86ae1134eaa52c211a77ead7958bd9cc,urn:li:activity:7307992167640113155,a1def6fa43ef6ce3ae50d02381f784cb6a4fd81bc4dd76a337e3dda17dd5e6b7,7307992167640113155,tech isnt the cure but it can be the catalyst,0.0,1.0,0.0,0.0,Neutral
Harsh Jain,https://www.linkedin.com/in/harsh-jain-climateaction,Decarbonizing concrete @ CarbonStrong,"Love this note, Dilip!
We work in a different industry [concrete/ construction], but much of these principles/ learnings apply there as well!",2025-03-19T07:27:51.600Z,"urn:li:comment:(activity:7307992167640113155,7308026405349380096)",1390a1bf62f0737e164bc83e997e6fadf2e66c6e35b91f545191bc13587aedd9,urn:li:activity:7307992167640113155,a1def6fa43ef6ce3ae50d02381f784cb6a4fd81bc4dd76a337e3dda17dd5e6b7,7307992167640113155,love this note dilip we work in a different industry concrete construction but much of these principles learnings apply there as well,0.0,0.784,0.216,0.6428,Positive
Samyak Bafna,https://www.linkedin.com/in/samyak-bafna,“Why is this broken?” guy @Waterscience | Founder’s Office- Building Systems that Scale | Ex- MiraclePlus | IIT Jodhpur,THIS!,2025-03-19T07:17:00.522Z,"urn:li:comment:(activity:7307992167640113155,7308023674526175232)",e6aac17f0f891fae7fcfa350a979343480c635a8d25bf8b47eb0df0b4d1652f4,urn:li:activity:7307992167640113155,a1def6fa43ef6ce3ae50d02381f784cb6a4fd81bc4dd76a337e3dda17dd5e6b7,7307992167640113155,this,0.0,1.0,0.0,0.0,Neutral
Mrinal Tambi,https://www.linkedin.com/in/mrinal-tambi-60423216,Building your health. One habit at a time.,"100%
This post will age well and I am sure within the next 2-3 years, there will be a lot of startups validating this post.",2025-03-19T06:58:16.325Z,"urn:li:comment:(activity:7307992167640113155,7308018959302152194)",8da65c4a173e31af3a461f74903ac6219529c0263af7f8614b4fe4b764d1ae95,urn:li:activity:7307992167640113155,a1def6fa43ef6ce3ae50d02381f784cb6a4fd81bc4dd76a337e3dda17dd5e6b7,7307992167640113155,this post will age well and i am sure within the next years there will be a lot of startups validating this post,0.0,0.726,0.274,0.7003,Positive
Mukesh Jangid,https://www.linkedin.com/in/mukesh-branding-expert,I Help High-Performers Become the Person Their 2026 Life Requires | Premium 1:1 Coaching | Jump in for bigger life which is truly yours!,"Finally, a take that doesn’t fall for the “AI will save the world” fantasy.

Too many startups believe better UI + AI chatbot = healthcare revolution. But healthcare isn’t a checkout cart—it’s a life-and-death relationship.

Biggest takeaway? Tech should augment, not replace.

- AI can assist doctors, but it won’t replace experience and trust.
- A sleek app won’t fix supply chain chaos or fake medicine issues.
- Scaling care isn’t about matching patients to doctors—it’s about ensuring follow-up, outcomes, and real impact.

If you’re serious about “fixing” healthcare, stop chasing disruption hype and start solving real problems.",2025-03-19T06:52:56.486Z,"urn:li:comment:(activity:7307992167640113155,7308017617800179712)",30e7f2eaf950759c26626131064dd2cf9273324c2a383fc552aea7afab101caa,urn:li:activity:7307992167640113155,a1def6fa43ef6ce3ae50d02381f784cb6a4fd81bc4dd76a337e3dda17dd5e6b7,7307992167640113155,finally a take that doesnt fall for the ai will save the world fantasy too many startups believe better ui ai chatbot healthcare revolution but healthcare isnt a checkout cartits a lifeanddeath relationship biggest takeaway tech should augment not replace ai can assist doctors but it wont replace experience and trust a sleek app wont fix supply chain chaos or fake medicine issues scaling care isnt about matching patients to doctorsits about ensuring followup outcomes and real impact if youre serious about fixing healthcare stop chasing disruption hype and start solving real problems,0.175,0.665,0.16,-0.4019,Negative
Mayank Awasthi,https://www.linkedin.com/in/mayankawasthi0,AI Architect| Strategist | Generative AI| Agentic AI | Digital Transformation,"I get it. Every entrepreneur wants to build the ‘Uber of Healthcare.’ But unlike booking a ride, healthcare is personal, complex, and needs constant care. If you’re serious about making a difference, focus on augmenting existing systems with tech that enhances doctor-patient relationships and improves outcomes, not just on scaling for scale’s sake.",2025-03-19T06:40:44.002Z,"urn:li:comment:(activity:7307992167640113155,7308014545543839744)",42050a2cd0c6e7cbf9099de814a4befb4e532fb233f330fd6dadbcbceef18123,urn:li:activity:7307992167640113155,a1def6fa43ef6ce3ae50d02381f784cb6a4fd81bc4dd76a337e3dda17dd5e6b7,7307992167640113155,i get it every entrepreneur wants to build the uber of healthcare but unlike booking a ride healthcare is personal complex and needs constant care if youre serious about making a difference focus on augmenting existing systems with tech that enhances doctorpatient relationships and improves outcomes not just on scaling for scales sake,0.026,0.833,0.142,0.8201,Positive
Narendra Sorathiya,https://www.linkedin.com/in/narendra-sorathiya,Director at Shree Maruti Nandan | Scaling D2C fashion brands from Jaipur to the world | Ex-Johnson & Johnson | Focused on sustainable textiles & business strategy for global reach,"This is the first post I’ve seen that actually gets healthcare right. 

The biggest wins in Indian healthcare will come from fixing logistics, follow-ups, and frontline support.

Not just throwing AI at the problem",2025-03-19T06:40:27.534Z,"urn:li:comment:(activity:7307992167640113155,7308014476467871746)",3080a7ae93b641885bde6a64f1fbc5ad1fa340b2ad2f5150bf5a9ccdf072e088,urn:li:activity:7307992167640113155,a1def6fa43ef6ce3ae50d02381f784cb6a4fd81bc4dd76a337e3dda17dd5e6b7,7307992167640113155,this is the first post ive seen that actually gets healthcare right the biggest wins in indian healthcare will come from fixing logistics followups and frontline support not just throwing ai at the problem,0.067,0.773,0.16,0.5719,Positive
Prashanth Gaddampally,https://www.linkedin.com/in/prashanthgaddampally,Corporate Leader | Hybrid Athlete I Fitness Educator & Mentor SFSA | Empowering Busy Professionals Build Sustainable Health & Fitness,Very informative & agree with insights,2025-03-19T06:30:34.107Z,"urn:li:comment:(activity:7307992167640113155,7308011987454541825)",cf248f7714cecaccb2ccd04986d0b7d69b506ed050e4b7a2c84d8702b14ef3cc,urn:li:activity:7307992167640113155,a1def6fa43ef6ce3ae50d02381f784cb6a4fd81bc4dd76a337e3dda17dd5e6b7,7307992167640113155,very informative agree with insights,0.0,0.59,0.41,0.4173,Positive
Siddhant Mishra,https://www.linkedin.com/in/tosiddhant,"Bringing Transparency & Trust to Indian Consumers | Founder's Office - Unbox Health | Founding Member - Elda Health | Growth, Partnerships, Operation",Finally someone called it out.,2025-03-19T06:28:43.238Z,"urn:li:comment:(activity:7307992167640113155,7308011522436280320)",b52b503052ef594dd0d8b3e098ac6463c4449dd75c501179851a734bce27d069,urn:li:activity:7307992167640113155,a1def6fa43ef6ce3ae50d02381f784cb6a4fd81bc4dd76a337e3dda17dd5e6b7,7307992167640113155,finally someone called it out,0.0,1.0,0.0,0.0,Neutral
Bidhann Chaudary,https://www.linkedin.com/in/bidhann-chaudary-9816a510,Championing healthcare for every Indian.,"Dilip Kumar You hit the nail on the head, and I hope investors see it that way too.",2025-03-19T06:25:16.598Z,"urn:li:comment:(activity:7307992167640113155,7308010655725330434)",4b6d2a504e5c3c66adc9cb7f8fd794336aeee337c2fd64bf3c93ce038eea5fcd,urn:li:activity:7307992167640113155,a1def6fa43ef6ce3ae50d02381f784cb6a4fd81bc4dd76a337e3dda17dd5e6b7,7307992167640113155,dilip kumar you hit the nail on the head and i hope investors see it that way too,0.0,0.847,0.153,0.4404,Positive
Tekumani Naveen Kumar,https://www.linkedin.com/in/tekumani-naveen-kumar-1600925b,"🚀 Founder @ FincluS | 💵 $1M+ Revenue/Month | 🏆 NIBM-RBI 1st Prize | 💯 Top 100 Leap to Unicorns – Forbes | 🌍 G-20 & Davos Rep | 🏢 RBIH Incubated | 🤝 22 Banks, 4 State Govts | 💰 ₹16K Cr Loans | ⏱️ KCC in 3 Min","What if we invert the problem? Instead of asking how tech can fix healthcare, ask how healthcare can evolve to leverage tech. Consider second-order effects: how can we redesign healthcare systems to naturally integrate AI, blockchain, and IoT, creating a symbiotic relationship that amplifies human expertise and trust?",2025-03-19T06:19:28.498Z,"urn:li:comment:(activity:7307992167640113155,7308009195688140800)",07d914f8762cc82fdf84944196131150c58654891b91c194163b216586dd45c7,urn:li:activity:7307992167640113155,a1def6fa43ef6ce3ae50d02381f784cb6a4fd81bc4dd76a337e3dda17dd5e6b7,7307992167640113155,what if we invert the problem instead of asking how tech can fix healthcare ask how healthcare can evolve to leverage tech consider secondorder effects how can we redesign healthcare systems to naturally integrate ai blockchain and iot creating a symbiotic relationship that amplifies human expertise and trust,0.052,0.843,0.105,0.4215,Positive
Shakthi Sairam,https://www.linkedin.com/in/shakthisairamtech,Building a bionic arm for India @Symbionic,"Doctors are usually the most inefficient point in the journey from ailment to healing. 

Technology can definitely improve this inefficiency through multiple means. Removing the bottleneck, or offering alternate solutions should be a priority for anyone trying to solve for this.",2025-03-19T06:19:05.418Z,"urn:li:comment:(activity:7307992167640113155,7308009098883538945)",7fe52799eace2c91826af05f74e87a419f72431a997d3f49e331febb9163e9f3,urn:li:activity:7307992167640113155,a1def6fa43ef6ce3ae50d02381f784cb6a4fd81bc4dd76a337e3dda17dd5e6b7,7307992167640113155,doctors are usually the most inefficient point in the journey from ailment to healing technology can definitely improve this inefficiency through multiple means removing the bottleneck or offering alternate solutions should be a priority for anyone trying to solve for this,0.0,0.798,0.202,0.7964,Positive
Vaibhav V.,https://www.linkedin.com/in/vaibhavprodman,"Product @knowledgecity| Product Manager | Build Products across industries | , 3.5x Growth, 7x ROI | GTM, AI, Growth Strategy | B2B + B2C | India & US","I second your thoughts..
We don’t need to disrupt healthcare, but to transform it.
Make it accessible to everyone, make it efficient and portable (where one patient can move to another facility without carrying a big pile of records, just like EHR/FHIR in US) and most importantly help frontline workers in rapid diagnosis.
The truth is, we have the basic infrastructure required to accomplish all these things, but the people who can make it happen are not so willing to make it happen.
Example -
We already have Aadhar in place, equavelant to SSN in US, all we need to create a centralised system where every detail, every visit, every hospitalisation along with diagnoses and treatment gets updated in the real-time , making it easy to access by healthcare professionals at patient visit.
India has a very large talent pool and most of it is busy in job hunt whereas we are lagging behind in AI innovation, why not using it to become an AI powerhouse?
Which can transform healthcare, environment and whatnot!",2025-03-19T06:15:02.308Z,"urn:li:comment:(activity:7307992167640113155,7308008079206273024)",21dbce61ed4fe17fa40dedc4b0bf36873cca3a7018d13de80b57b5baa20f9bfe,urn:li:activity:7307992167640113155,a1def6fa43ef6ce3ae50d02381f784cb6a4fd81bc4dd76a337e3dda17dd5e6b7,7307992167640113155,i second your thoughts we dont need to disrupt healthcare but to transform it make it accessible to everyone make it efficient and portable where one patient can move to another facility without carrying a big pile of records just like ehrfhir in us and most importantly help frontline workers in rapid diagnosis the truth is we have the basic infrastructure required to accomplish all these things but the people who can make it happen are not so willing to make it happen example we already have aadhar in place equavelant to ssn in us all we need to create a centralised system where every detail every visit every hospitalisation along with diagnoses and treatment gets updated in the realtime making it easy to access by healthcare professionals at patient visit india has a very large talent pool and most of it is busy in job hunt whereas we are lagging behind in ai innovation why not using it to become an ai powerhouse which can transform healthcare environment and whatnot,0.014,0.806,0.181,0.9865,Positive
Rohan Chatterjee,https://www.linkedin.com/in/rohan-chatterjee-7514b1145,"Head- Strategic Partnerships @ apna | Ex-Gov of India | Ex-Uber | Strategy & BizOps, Growth","Everyone wants to build the ‘Uber of Healthcare,’ but forget that in Uber, the worst-case scenario is a delayed ride. In healthcare, it’s a misdiagnosed disease. The stakes aren’t just higher—they’re life and death.

Tech isn’t a magic pill; it’s a scalpel. Used right, it can make precision cuts to solve real bottlenecks; supply chains, diagnostics, access. Used wrong, it just adds another flashy app to an already broken system.

The real challenge? Not disruption, but integration. Not replacing doctors, but empowering them. Not chasing scale, but fixing what’s fundamentally broken. That’s where the real billion-dollar opportunities lie.

Dilip, thanks for sharing your point of view! ✨",2025-03-19T06:14:50.126Z,"urn:li:comment:(activity:7307992167640113155,7308008028111261697)",5a89e73e9b98affc2eb8d745fd6ee7e4d0797b52f7c88c96b7db32c6dca40c05,urn:li:activity:7307992167640113155,a1def6fa43ef6ce3ae50d02381f784cb6a4fd81bc4dd76a337e3dda17dd5e6b7,7307992167640113155,everyone wants to build the uber of healthcare but forget that in uber the worstcase scenario is a delayed ride in healthcare its a misdiagnosed disease the stakes arent just highertheyre life and death tech isnt a magic pill its a scalpel used right it can make precision cuts to solve real bottlenecks supply chains diagnostics access used wrong it just adds another flashy app to an already broken system the real challenge not disruption but integration not replacing doctors but empowering them not chasing scale but fixing whats fundamentally broken thats where the real billiondollar opportunities lie dilip thanks for sharing your point of view,0.192,0.676,0.131,-0.876,Negative
Vaibhav V.,https://www.linkedin.com/in/vaibhavprodman,"Product @knowledgecity| Product Manager | Build Products across industries | , 3.5x Growth, 7x ROI | GTM, AI, Growth Strategy | B2B + B2C | India & US","I second your thoughts..
We don’t need to disrupt healthcare, but to transform it.
Make it accessible to everyone, make it efficient and portable (where one patient can move to another facility without carrying a big pile of records, just like EHR/FHIR in US) and most importantly help frontline workers in rapid diagnosis.
The truth is, we have the basic infrastructure required to accomplish all these things, but the people who can make it happen are not so willing to make it happen.
Example -
We already have Aadhar in place, equavelant to SSN in US, all we need to create a centralised system where every detail, every visit, every hospitalisation along with diagnoses and treatment gets updated in the real-time , making it easy to access by healthcare professionals at patient visit.
India has a very large talent pool and most of it is busy in job hunt whereas we are lagging behind in AI innovation, why not using it to become an AI powerhouse?
Which can transform healthcare, environment and whatnot!",2025-03-19T06:14:24.312Z,"urn:li:comment:(activity:7307992167640113155,7308007919839559680)",dc691c1c7ac715a1209c674af7e8651e6985e0b54ba8b9dcad07ce85b665a476,urn:li:activity:7307992167640113155,a1def6fa43ef6ce3ae50d02381f784cb6a4fd81bc4dd76a337e3dda17dd5e6b7,7307992167640113155,i second your thoughts we dont need to disrupt healthcare but to transform it make it accessible to everyone make it efficient and portable where one patient can move to another facility without carrying a big pile of records just like ehrfhir in us and most importantly help frontline workers in rapid diagnosis the truth is we have the basic infrastructure required to accomplish all these things but the people who can make it happen are not so willing to make it happen example we already have aadhar in place equavelant to ssn in us all we need to create a centralised system where every detail every visit every hospitalisation along with diagnoses and treatment gets updated in the realtime making it easy to access by healthcare professionals at patient visit india has a very large talent pool and most of it is busy in job hunt whereas we are lagging behind in ai innovation why not using it to become an ai powerhouse which can transform healthcare environment and whatnot,0.014,0.806,0.181,0.9865,Positive
Vaibhav V.,https://www.linkedin.com/in/vaibhavprodman,"Product @knowledgecity| Product Manager | Build Products across industries | , 3.5x Growth, 7x ROI | GTM, AI, Growth Strategy | B2B + B2C | India & US","I second your thoughts..
We don’t need to disrupt healthcare, but to transform it.
Make it accessible to everyone, make it efficient and portable (where one patient can move to another facility without carrying a big pile of records, just like EHR/FHIR in US) and most importantly help frontline workers in rapid diagnosis.
The truth is, we have the basic infrastructure required to accomplish all these things, but the people who can make it happen are not so willing to make it happen.
Example -
We already have Aadhar in place, equavelant to SSN in US, all we need to create a centralised system where every detail, every visit, every hospitalisation along with diagnoses and treatment gets updated in the real-time , making it easy to access by healthcare professionals at patient visit.
India has a very large talent pool and most of it is busy in job hunt whereas we are lagging behind in AI innovation, why not using it to become an AI powerhouse?
Which can transform healthcare, environment and whatnot!",2025-03-19T06:13:54.400Z,"urn:li:comment:(activity:7307992167640113155,7308007794379567104)",0cc110756ad50cc27959e5917a729d5b5722c8ab21ff2d04e3bf6ae3f103d8cc,urn:li:activity:7307992167640113155,a1def6fa43ef6ce3ae50d02381f784cb6a4fd81bc4dd76a337e3dda17dd5e6b7,7307992167640113155,i second your thoughts we dont need to disrupt healthcare but to transform it make it accessible to everyone make it efficient and portable where one patient can move to another facility without carrying a big pile of records just like ehrfhir in us and most importantly help frontline workers in rapid diagnosis the truth is we have the basic infrastructure required to accomplish all these things but the people who can make it happen are not so willing to make it happen example we already have aadhar in place equavelant to ssn in us all we need to create a centralised system where every detail every visit every hospitalisation along with diagnoses and treatment gets updated in the realtime making it easy to access by healthcare professionals at patient visit india has a very large talent pool and most of it is busy in job hunt whereas we are lagging behind in ai innovation why not using it to become an ai powerhouse which can transform healthcare environment and whatnot,0.014,0.806,0.181,0.9865,Positive
Ashish Sharma,https://www.linkedin.com/in/i-build-healthtech,Solving Healthcare,100!,2025-03-19T06:11:50.396Z,"urn:li:comment:(activity:7307992167640113155,7308007274269073408)",1c793c01e0b25f387720d2d0a27ccb06779cb02c6b5d6c254c60a98aa91f6eaf,urn:li:activity:7307992167640113155,a1def6fa43ef6ce3ae50d02381f784cb6a4fd81bc4dd76a337e3dda17dd5e6b7,7307992167640113155,,0.0,0.0,0.0,0.0,Neutral
Honeish Batra,https://www.linkedin.com/in/honeish-batra-2b5232115,"Manager (EY India)| | Ex- Zinnov, Ericsson | Business Strategy | GCC Advisory | Project Management",Divya Soni,2025-03-19T06:03:50.008Z,"urn:li:comment:(activity:7307992167640113155,7308005259375742976)",ba082b898b695a7e0615bdcb155d6d2da0e91e5ff05d4e6f5362abeda172b758,urn:li:activity:7307992167640113155,a1def6fa43ef6ce3ae50d02381f784cb6a4fd81bc4dd76a337e3dda17dd5e6b7,7307992167640113155,divya soni,0.0,1.0,0.0,0.0,Neutral
Abhishek Soam,https://www.linkedin.com/in/abhishek-soam,Founding Principal Engineer,"This post is a crash course on building healthcare product on Fundamental level. 

Really great insights Dilip Kumar",2025-03-19T06:02:20.482Z,"urn:li:comment:(activity:7307992167640113155,7308004883876433921)",058eaaeb32aa768cbc590c14ccf97d4c163266023de096500018dc53f39f50e9,urn:li:activity:7307992167640113155,a1def6fa43ef6ce3ae50d02381f784cb6a4fd81bc4dd76a337e3dda17dd5e6b7,7307992167640113155,this post is a crash course on building healthcare product on fundamental level really great insights dilip kumar,0.122,0.679,0.199,0.4005,Positive
Syed Adil,https://www.linkedin.com/in/adil-curio-revelio,"AI Automations & VibeCoding | Startup Growth | Founder, Curio Revelio","Tech is just an enabler, startups still need to solve real human problems to add value",2025-03-19T06:01:55.542Z,"urn:li:comment:(activity:7307992167640113155,7308004779270516738)",60a7318124f241c8837caa4742b910b42840503e6a80f14145b3a174827a6a41,urn:li:activity:7307992167640113155,a1def6fa43ef6ce3ae50d02381f784cb6a4fd81bc4dd76a337e3dda17dd5e6b7,7307992167640113155,tech is just an enabler startups still need to solve real human problems to add value,0.136,0.653,0.211,0.128,Positive
Tanya Malik Chawla,https://www.linkedin.com/in/tanyamalik-biohacker,Biohacking Coach | Researcher | Functional & Clinical Nutritionist | TEDx Speaker,"I couldn’t agree more! Healthcare, especially when it comes to optimizing functional health, isn’t a one-size-fits-all problem. Even if we set aside the absolute need for empathy in wellness transactions, the simple fact that we are all bio-individuals means no two imbalances are identical.

ML &AI are not replacements for human expertise but critical tools in advancing research, enabling deeper insights from biodata. These technologies are essential for identifying patterns & forming the backbone of personalized interventions.
This is exactly where we are focused—developing biodata-driven solutions that integrate 100% clean health supplementation and precision nutrition. ",2025-03-19T05:57:46.552Z,"urn:li:comment:(activity:7307992167640113155,7308003734930788352)",f03e7f1cc1872fb99773094698d4b2f669ab78626278c27f7528258b0829d4be,urn:li:activity:7307992167640113155,a1def6fa43ef6ce3ae50d02381f784cb6a4fd81bc4dd76a337e3dda17dd5e6b7,7307992167640113155,i couldnt agree more healthcare especially when it comes to optimizing functional health isnt a onesizefitsall problem even if we set aside the absolute need for empathy in wellness transactions the simple fact that we are all bioindividuals means no two imbalances are identical ml ai are not replacements for human expertise but critical tools in advancing research enabling deeper insights from biodata these technologies are essential for identifying patterns forming the backbone of personalized interventions this is exactly where we are focuseddeveloping biodatadriven solutions that integrate clean health supplementation and precision nutrition,0.061,0.828,0.111,0.6217,Positive
Riitu Chugh,https://www.linkedin.com/in/riituchugh,"Brand Planner by Discipline, Marketer, Creator. Working with Gen AI to deliver scalable performance for brands & start-ups","on point. tech is ONLY an enabler. it's what you aim to solve, how you solve and consistently so - that's what matters.",2025-03-19T05:56:31.599Z,"urn:li:comment:(activity:7307992167640113155,7308003420559286272)",54fa13b752d50b8f5b883cb613d94ffedb4d671e22057e406617e0f811afae2a,urn:li:activity:7307992167640113155,a1def6fa43ef6ce3ae50d02381f784cb6a4fd81bc4dd76a337e3dda17dd5e6b7,7307992167640113155,on point tech is only an enabler its what you aim to solve how you solve and consistently so thats what matters,0.0,0.793,0.207,0.4522,Positive
Deepak Bansal,https://www.linkedin.com/in/deepak-bansal-gogig,Co-Founder @ gOGig.in | Driving Marketing Transparency,"AI can suggest, but it can’t decide. The real focus should always remain in doctor-patient relationship.",2025-03-19T05:55:01.120Z,"urn:li:comment:(activity:7307992167640113155,7308003041058701313)",5ff8b5bf6303381da60c6f22eacb77d6ea217d4098c4967a5b178bb237cb3b66,urn:li:activity:7307992167640113155,a1def6fa43ef6ce3ae50d02381f784cb6a4fd81bc4dd76a337e3dda17dd5e6b7,7307992167640113155,ai can suggest but it cant decide the real focus should always remain in doctorpatient relationship,0.0,1.0,0.0,0.0,Neutral
Jerry Moses,https://www.linkedin.com/in/jjerrymoses,"Tracking the emerging AI, work and skills policy | Content Strategy, Marketing and Research","Apart from just technology, with the corporatisation of healthcare services, driven by a profit motive- we really need to think about whether they have the right incentives at hand to focus on health.",2025-03-19T05:50:47.411Z,"urn:li:comment:(activity:7307992167640113155,7308001976926056450)",e4ce2e18f94474eeef72766d435a9663e616a8baa5a9cf3f1ec5f122baa01fa4,urn:li:activity:7307992167640113155,a1def6fa43ef6ce3ae50d02381f784cb6a4fd81bc4dd76a337e3dda17dd5e6b7,7307992167640113155,apart from just technology with the corporatisation of healthcare services driven by a profit motive we really need to think about whether they have the right incentives at hand to focus on health,0.0,0.775,0.225,0.8126,Positive
Yogender Singh,https://www.linkedin.com/in/trainwithyogen,"Entrepreneur | Coach | Mentor - NITI Aayog | Fit India Ambassador, Govt of India | Board Advisor | Corporate Wellness | Lifestyle transformation","If smart watch or phone could make people smarter then we wouldn't be dumb to believe that wearing a smart watch, or ring would make us healthy",2025-03-19T05:50:41.794Z,"urn:li:comment:(activity:7307992167640113155,7308001953366581248)",13a70494c82379752110c0cc56fb59bc3c9dd2a9e395b40271271b74f8b27442,urn:li:activity:7307992167640113155,a1def6fa43ef6ce3ae50d02381f784cb6a4fd81bc4dd76a337e3dda17dd5e6b7,7307992167640113155,if smart watch or phone could make people smarter then we wouldnt be dumb to believe that wearing a smart watch or ring would make us healthy,0.0,0.603,0.397,0.9153,Positive
Archana Agarwal,https://www.linkedin.com/in/agarwalarchana,Empowering rural communities through sustainable development 🌱 | Trustee at Gram Samriddhi Foundation | Ex-Corporate HR Leader,Rightly said! The notion that tech alone can 'disrupt' healthcare oversimplifies the complexity of human well-being. Real impact comes from thoughtful integration — using tech to empower doctors and frontline workers.,2025-03-19T05:48:16.999Z,"urn:li:comment:(activity:7307992167640113155,7308001346056597504)",bf66a4799bbf6384d51528c06f38d2565d05a519b7cb8c4a4db67d758b1fe6f3,urn:li:activity:7307992167640113155,a1def6fa43ef6ce3ae50d02381f784cb6a4fd81bc4dd76a337e3dda17dd5e6b7,7307992167640113155,rightly said the notion that tech alone can disrupt healthcare oversimplifies the complexity of human wellbeing real impact comes from thoughtful integration using tech to empower doctors and frontline workers,0.061,0.826,0.113,0.1779,Positive
Dr. (Major) Sunil Kumar Yadav,https://www.linkedin.com/in/dr-major-sunil-kumar-yadav-907b9530,"Brutally honest as Mirror. Healthiest and Happiest. Head Medical Services, Navi Mumbai International Airport.","Dear Dilip, refer any statistics of metabolic illnesses, the prevalence is directly proportional with availability of medical resources and information. Rich vs poor, worker vs executive, rural vs urban etc., Health is multifactorial and related to natural lifestyle. Planning health itself is a deviation. Most wealthy individuals have poor healthspan and is due to additional stress associated with wealth. 
Biggest illness of humans unlike other organisms is greed to accumulate more than required, in all terms. 
AI shall be worsening health parameters at a faster pace than before due to associated stress inputs... 
The earlier major disruptions in humans that affected health majorly were
1. Discovery of fire
2. Invention of wheel",2025-03-19T05:45:45.738Z,"urn:li:comment:(activity:7307992167640113155,7308000711613538307)",463e42d790892d36b16031389cd76acb3cc2aca1c3e21e2f892b2a2fb588367b,urn:li:activity:7307992167640113155,a1def6fa43ef6ce3ae50d02381f784cb6a4fd81bc4dd76a337e3dda17dd5e6b7,7307992167640113155,dear dilip refer any statistics of metabolic illnesses the prevalence is directly proportional with availability of medical resources and information rich vs poor worker vs executive rural vs urban etc health is multifactorial and related to natural lifestyle planning health itself is a deviation most wealthy individuals have poor healthspan and is due to additional stress associated with wealth biggest illness of humans unlike other organisms is greed to accumulate more than required in all terms ai shall be worsening health parameters at a faster pace than before due to associated stress inputs the earlier major disruptions in humans that affected health majorly were discovery of fire invention of wheel,0.218,0.674,0.108,-0.9202,Negative
Gurmukh Chauhan,https://www.linkedin.com/in/gurmukh-chauhan-4060987b,Engineering the future with AI.,"True... AI shouldn’t be everywhere, especially at the fundamental level.  AI can help reduce friction and make processes faster for both doctors and patients, but it’s not the solution for everything. 
Fixing the right problem should be the focus 👍 
Dilip Kumar Good post",2025-03-19T05:45:32.050Z,"urn:li:comment:(activity:7307992167640113155,7308000654206152704)",4119992786433f5d2efde37a7b1ad81fc6a8b90ae3d9d0bf957e9d5a5ed7e3a6,urn:li:activity:7307992167640113155,a1def6fa43ef6ce3ae50d02381f784cb6a4fd81bc4dd76a337e3dda17dd5e6b7,7307992167640113155,true ai shouldnt be everywhere especially at the fundamental level ai can help reduce friction and make processes faster for both doctors and patients but its not the solution for everything fixing the right problem should be the focus dilip kumar good post,0.116,0.737,0.147,0.1548,Positive
Ishiyetaa Sani,https://www.linkedin.com/in/ishiyetaas,Co-founder at Tequity | 0-1 Product Designer,"UI alone won’t fix the lack of infrastructure or disrupt chronic diseases. But a well-designed user experience—one that aligns with users' digital learning curve and mental model—can make health-tech advancements truly scalable, usable, and impactful.

UX in digital healthcare isn’t an afterthought; it’s the difference between adoption and abandonment. There’s a reason WhatsApp is ubiquitous—it works for people, not against them. We need healthcare solutions that do the same—solutions that adapt to users, not ones that force users to adapt. ✨",2025-03-19T05:34:21.817Z,"urn:li:comment:(activity:7307992167640113155,7307997843045150722)",e7bb6ac8d8e241aa77b05d97cd2890bceb271755099c7180807814083f504ef2,urn:li:activity:7307992167640113155,a1def6fa43ef6ce3ae50d02381f784cb6a4fd81bc4dd76a337e3dda17dd5e6b7,7307992167640113155,ui alone wont fix the lack of infrastructure or disrupt chronic diseases but a welldesigned user experienceone that aligns with users digital learning curve and mental modelcan make healthtech advancements truly scalable usable and impactful ux in digital healthcare isnt an afterthought its the difference between adoption and abandonment theres a reason whatsapp is ubiquitousit works for people not against them we need healthcare solutions that do the samesolutions that adapt to users not ones that force users to adapt,0.071,0.844,0.085,0.0724,Positive
Nimish Thaker,https://www.linkedin.com/in/nimish-thaker-402a621,Entrepreneur | Strategy to Implementation | Healthcare | Education,"I think the bigger use cases of Tech / AI in Healthcare are in the non-consumer facing side. On the consumer side, as rightly pointed out it is more about augmentation. On the other hand, Tech can bring about disruption in the areas of drug discovery, clinical trials, radically improved therapies for life threatening conditions, diagnostics etc. ",2025-03-19T05:28:49.918Z,"urn:li:comment:(activity:7307992167640113155,7307996450964054016)",6fc061b11998f1bb36da22fc836b4e6650faffaa091fe3fe870ff09b8b600c6f,urn:li:activity:7307992167640113155,a1def6fa43ef6ce3ae50d02381f784cb6a4fd81bc4dd76a337e3dda17dd5e6b7,7307992167640113155,i think the bigger use cases of tech ai in healthcare are in the nonconsumer facing side on the consumer side as rightly pointed out it is more about augmentation on the other hand tech can bring about disruption in the areas of drug discovery clinical trials radically improved therapies for life threatening conditions diagnostics etc,0.093,0.807,0.1,0.1027,Positive
Vijaya Lakshmi G M,https://www.linkedin.com/in/vijayalakshmigm,"Founder | IT Training Leader | Corporate Coach & Visiting Faculty | Speaker & Mentor | Guiding Students With Industry-Ready Tech Skills, Career Clarity, Hands-On Learning & Practical Entrepreneurship Pathways",Before building the App one should understand how the healthcare system works on the Ground. Before building atleast once visit the hospital to know how the system works.,2025-03-19T05:27:55.505Z,"urn:li:comment:(activity:7307992167640113155,7307996222735192065)",bc87aaa7c620933d0a65f0ab8027e35bef01f0376c3b5da738a0bfe118bb7b45,urn:li:activity:7307992167640113155,a1def6fa43ef6ce3ae50d02381f784cb6a4fd81bc4dd76a337e3dda17dd5e6b7,7307992167640113155,before building the app one should understand how the healthcare system works on the ground before building atleast once visit the hospital to know how the system works,0.0,1.0,0.0,0.0,Neutral
Hitesh Chopra,https://www.linkedin.com/in/hiteshchopra1,Technology Leadership – AI & Business Strategy @ Early-Stage AI Ventures | Executive MBA,"Very informative, Tech alone won’t fix Indian healthcare, where doctor shortages (1:1,511), poor rural access (600M people), and 20% counterfeit drugs persist. Unlike e-commerce, healthcare needs trust, continuity, and affordability not just AI chatbots or doctor-matching apps. The real opportunity is in augmenting care- scaling AI-assisted frontline workers, securing drug supply chains, and improving patient outcomes. Disruption won’t work, but smart, systemic upgrades will.",2025-03-19T05:26:05.189Z,"urn:li:comment:(activity:7307992167640113155,7307995760036323329)",b2a42931ddbd8bcfc472d2d6f525facbe7cd6b07aec55139f0af0e9037c54a12,urn:li:activity:7307992167640113155,a1def6fa43ef6ce3ae50d02381f784cb6a4fd81bc4dd76a337e3dda17dd5e6b7,7307992167640113155,very informative tech alone wont fix indian healthcare where doctor shortages poor rural access m people and counterfeit drugs persist unlike ecommerce healthcare needs trust continuity and affordability not just ai chatbots or doctormatching apps the real opportunity is in augmenting care scaling aiassisted frontline workers securing drug supply chains and improving patient outcomes disruption wont work but smart systemic upgrades will,0.137,0.725,0.138,0.0209,Neutral
Hitesh Bhatia,https://www.linkedin.com/in/hbhatia,Founder at JoiningHands | Family Constellation & Regression Therapist | Building a supportive community for healing & self-discovery,"I have a question: When we say fix it! We presume it’s broken. 

What if we see the world as not broken but as something that’s evolving. 

When we see it as broken we reject it! If you break a bone, see the Dr. If it breaks twice, increase calcium and get healthier. 

If it breaks thrice, then go to a Therapist to understand what you need to do in your frequency. 

It’s evolution, healthcare needs to evolve to cover all aspects of health.",2025-03-19T05:24:57.775Z,"urn:li:comment:(activity:7307992167640113155,7307995477285695488)",fecd2fed229d9760614f7be6b729ec0facfa44523148a6ff3719e10be8c450cb,urn:li:activity:7307992167640113155,a1def6fa43ef6ce3ae50d02381f784cb6a4fd81bc4dd76a337e3dda17dd5e6b7,7307992167640113155,i have a question when we say fix it we presume its broken what if we see the world as not broken but as something thats evolving when we see it as broken we reject it if you break a bone see the dr if it breaks twice increase calcium and get healthier if it breaks thrice then go to a therapist to understand what you need to do in your frequency its evolution healthcare needs to evolve to cover all aspects of health,0.131,0.836,0.033,-0.8338,Negative
Yash Dandavate,https://www.linkedin.com/in/yash-dandavate,Building Startup Ecosystem at EY India | Agentic AI/Deep-Tech | 3X Founder | Investor at Dzero.vc | IIM Calcutta | London Business School,Tech is a commodity and accessibility & simplification of AI tools will commoditize it even further!,2025-03-19T05:17:43.138Z,"urn:li:comment:(activity:7307992167640113155,7307993654281826305)",0c5b288fddaf7785dc197cd8d086181e374817b6f8f22a9bcc8f2ac43ece198f,urn:li:activity:7307992167640113155,a1def6fa43ef6ce3ae50d02381f784cb6a4fd81bc4dd76a337e3dda17dd5e6b7,7307992167640113155,tech is a commodity and accessibility simplification of ai tools will commoditize it even further,0.0,1.0,0.0,0.0,Neutral
Ankush Agrawal,https://www.linkedin.com/in/agrankush007,"EHS Professional Transitioning to Sustainability, Policy & ESG | Mechanical Engineer | EHS Strategist | Expertise in Risk Assessment and Mitigation, Safety and Environment Systems, Regulatory Compliance |","Great Line - ""Don't over focus on AI without fixing the basics"". Conceptualizes the entire discussion around AI. ",2025-03-19T05:16:18.540Z,"urn:li:comment:(activity:7307992167640113155,7307993299452092416)",c46c5cd1f43b417374d0b0019394d1d6260eaefcc9ffdd3cc5e1ba3758860db2,urn:li:activity:7307992167640113155,a1def6fa43ef6ce3ae50d02381f784cb6a4fd81bc4dd76a337e3dda17dd5e6b7,7307992167640113155,great line dont over focus on ai without fixing the basics conceptualizes the entire discussion around ai,0.0,0.796,0.204,0.6249,Positive
