Full Name,Profile URL,Headline,Comment,Timestamp,Comment URN,Comment Hash,Post URN,Post Hash,post_urn_id,processed_comment,sentiment_negative,sentiment_neutral,sentiment_positive,sentiment_compound,sentiment_label
Suhani Katariya,https://www.linkedin.com/in/suhani-katariya-6a8ab118b,CA | Finance | Education | Content Creation,"Thanks for sharing, Dilip",2025-03-31T08:19:35.365Z,"urn:li:comment:(ugcPost:7312341890484289538,7312388077866422273)",136c324f4d20276b15b9dc1b5cfd44f1b0d61e76bef053f6c039a951748cfe37,urn:li:ugcPost:7312341890484289538,7c91c4a216511a1cddc159fbd93450187078bbf79af8023b8a4eaa8910ff777c,7312341890484289538,thanks for sharing dilip,0.0,0.26,0.74,0.6908,Positive
Shikhar Singh,https://www.linkedin.com/in/shikharbsingh,Helping content IPs scale through AI-enabled storytelling | Crafting Content @ YAAS | 30M+ views generated,It's great to see Navdeep speaking so candidly. I found a lot to learn in this episode.,2025-03-31T06:26:55.989Z,"urn:li:comment:(ugcPost:7312341890484289538,7312359726988595201)",1176ebe39b75ad3479821c445544bc2185a47781ac5d946ad96d30fe985814ec,urn:li:ugcPost:7312341890484289538,7c91c4a216511a1cddc159fbd93450187078bbf79af8023b8a4eaa8910ff777c,7312341890484289538,its great to see navdeep speaking so candidly i found a lot to learn in this episode,0.0,0.773,0.227,0.6249,Positive
Hardik Sojitra,https://www.linkedin.com/in/hardiksojitra,Growth at AutoVRse | Generalist | Blood Donor,"Thanks a ton for doing this, Dilip. :)
Now that entrepreneurs are being celebrated decently, need to put-on more spotlight on non-Cricket athletes.

Don't know how and when the sports administration will be more professional (read: less corrupt), these stories should help young folks thinking about taking up sports as a career.
Nhi to every Olympics, we'll keep on repeating the same sob story w/o making changes in past 4 years.",2025-03-31T05:43:48.160Z,"urn:li:comment:(ugcPost:7312341890484289538,7312348872847028224)",87f2294b403c66e2f0b91594b192474cb77eae2babcc6d382f3c1ba1530179a2,urn:li:ugcPost:7312341890484289538,7c91c4a216511a1cddc159fbd93450187078bbf79af8023b8a4eaa8910ff777c,7312341890484289538,thanks a ton for doing this dilip now that entrepreneurs are being celebrated decently need to puton more spotlight on noncricket athletes dont know how and when the sports administration will be more professional read less corrupt these stories should help young folks thinking about taking up sports as a career nhi to every olympics well keep on repeating the same sob story wo making changes in past years,0.027,0.822,0.151,0.8555,Positive
Sanchit Madhura,https://www.linkedin.com/in/sanchitmadhura,"Chief of Staff at epigamia | Ex-GOI (GeM, QCI) | Startups | Consulting | Leave it all on the court 🏀","Size of the fight in Navdeep is super infectious and inspiring. Thanks for this podcast Dilip. 

Some super critical spaces to solve for the future of sports in India from ground up - 
- Certified Coaches (Tiered programs)
- Modern facilities (Maintained) 
- Hosting great international and national matches (optimised for viewership as well to attract audiences) : Navdeep also talks about the impact CWG had on kids, viewers and organisers alike. 
- Sports Psychologists to overall help athletes prepare mentally and also holistically recover from injuries 
- Career Support for both professionals and coaches.",2025-03-31T05:28:38.976Z,"urn:li:comment:(ugcPost:7312341890484289538,7312345059452932096)",17800c65f4dd3bec83e5f8b4a80c8498197c03b87e6370e0bf0e9416040dcdc2,urn:li:ugcPost:7312341890484289538,7c91c4a216511a1cddc159fbd93450187078bbf79af8023b8a4eaa8910ff777c,7312341890484289538,size of the fight in navdeep is super infectious and inspiring thanks for this podcast dilip some super critical spaces to solve for the future of sports in india from ground up certified coaches tiered programs modern facilities maintained hosting great international and national matches optimised for viewership as well to attract audiences navdeep also talks about the impact cwg had on kids viewers and organisers alike sports psychologists to overall help athletes prepare mentally and also holistically recover from injuries career support for both professionals and coaches,0.044,0.67,0.287,0.9781,Positive
Karan Mahale,https://www.linkedin.com/in/karanmahale,"Founder, Finolace | Helping traders and investors make money from the market | CA",Sports and finance together? Need to listen to this one ASAP!,2025-03-31T05:26:48.902Z,"urn:li:comment:(ugcPost:7312341890484289538,7312344597769129984)",ed72c30ebfcfd44d0d3e841d73d4ed58298cfcd5d8c65aeec3c0d2748ef98bdd,urn:li:ugcPost:7312341890484289538,7c91c4a216511a1cddc159fbd93450187078bbf79af8023b8a4eaa8910ff777c,7312341890484289538,sports and finance together need to listen to this one asap,0.0,1.0,0.0,0.0,Neutral
Dilip Kumar,https://www.linkedin.com/in/dilipevs,Entrepreneur| Investments at Rainmatter | Endurance athlete,Link to the full podcast https://youtu.be/CQx2qHQxjb4,2025-03-31T05:16:37.464Z,"urn:li:comment:(ugcPost:7312341890484289538,7312342033212264448)",ad81dc33b9cf0f367d379ab4f93c3c828ce352c54fc6502235ac43d8b7c82e18,urn:li:ugcPost:7312341890484289538,7c91c4a216511a1cddc159fbd93450187078bbf79af8023b8a4eaa8910ff777c,7312341890484289538,link to the full podcast,0.0,1.0,0.0,0.0,Neutral
