Full Name,Profile URL,Headline,Comment,Timestamp,Comment URN,Comment Hash,Post URN,Post Hash,post_urn_id,processed_comment,sentiment_negative,sentiment_neutral,sentiment_positive,sentiment_compound,sentiment_label
MyFitMantra,,730 followers,#whatinspiresme,2025-01-01T18:10:46.902Z,"urn:li:comment:(activity:7272967478652104704,7280284336237535232)",0166607e18462b4ad1b734325711eb658e3278566eed532c49655aba17855f29,urn:li:activity:7272967478652104704,48fccebea3bdc7360d28c2439b25ab6464a8ba17bb392d8e201d95ab9e92bed5,7272967478652104704,whatinspiresme,0.0,1.0,0.0,0.0,Neutral
Harsh Batra,https://www.linkedin.com/in/harshbatra,I build businesses with people I like | Region Head @ iDeals VDR: Building to $1B | Founder @ Happy Ratio: Bootstrapping a healthy food brand | Investor @ Marcellus: long-term equity investing to create financial freedom,"I love Chess! I woke up today to see a video of him crying after the win. Just imagine that release of emotions and how much it meant to him to conquer the world. It took him only 11 years to get to the top. He started playing when he was 7. He is 18 now. Amazing! GO INDIA!

https://www.linkedin.com/posts/harshbatra_dgukesh-worldchesschampion-chessprodigy-activity-7273093514505162752-CgTN?utm_source=share&utm_medium=member_desktop",2024-12-13T00:38:56.073Z,"urn:li:comment:(activity:7272967478652104704,7273134260788613121)",0887ac1d30475190a0421b0ca7185268ee447c292d4a5734f0e9232198c7d986,urn:li:activity:7272967478652104704,48fccebea3bdc7360d28c2439b25ab6464a8ba17bb392d8e201d95ab9e92bed5,7272967478652104704,i love chess i woke up today to see a video of him crying after the win just imagine that release of emotions and how much it meant to him to conquer the world it took him only years to get to the top he started playing when he was he is now amazing go india,0.047,0.718,0.235,0.9062,Positive
"Vansh chauhan B.Eng, (EIT)",https://www.linkedin.com/in/vansh-chauhan,Design Build I Construction Project Management |Strategy| Transit & Railway |,Kid just made 1 billion people proud today ! ,2024-12-12T16:08:24.357Z,"urn:li:comment:(activity:7272967478652104704,7273005782063845377)",ac6e6582b5d0cc07f674fdff88911211f668a9460f9caec00be43333decadd38,urn:li:activity:7272967478652104704,48fccebea3bdc7360d28c2439b25ab6464a8ba17bb392d8e201d95ab9e92bed5,7272967478652104704,kid just made billion people proud today,0.0,0.659,0.341,0.4767,Positive
Charan Singh,https://www.linkedin.com/in/charan3,Product/UX Design + Analytics + PMF Strategy | SaaS & Climate Design | Pursuing Olympics Ambitions,What a nerve wrecking moment that was 💥,2024-12-12T15:34:44.705Z,"urn:li:comment:(activity:7272967478652104704,7272997311025229825)",3e72253151294b2e20274d5dd63199fc70f1c5f06ef678ac2020858a1af50c9d,urn:li:activity:7272967478652104704,48fccebea3bdc7360d28c2439b25ab6464a8ba17bb392d8e201d95ab9e92bed5,7272967478652104704,what a nerve wrecking moment that was,0.0,1.0,0.0,0.0,Neutral
Shashank Sharma,https://www.linkedin.com/in/shashank-sharma2016,"Anti-Fragile Human, Thinker and Marketer | Bittersweet, but unabashedly myself :)",">  18 years old, Telugu boy from Chennai
> Started Chess at 7, won championship at junior levels
> Went past V Anand in the 2023 rating list as India's top ranked player in 37 years
> Becomes World's Youngest Champion 🏆 
> No drama, no PR, just performance",2024-12-12T13:38:49.146Z,"urn:li:comment:(activity:7272967478652104704,7272968137296220162)",232c721d40f854da7cd9421e92a10491cbd216b25c4d2a4ee4f786c0134a90a9,urn:li:activity:7272967478652104704,48fccebea3bdc7360d28c2439b25ab6464a8ba17bb392d8e201d95ab9e92bed5,7272967478652104704,years old telugu boy from chennai started chess at won championship at junior levels went past v anand in the rating list as indias top ranked player in years becomes worlds youngest champion no drama no pr just performance,0.09,0.657,0.253,0.836,Positive
