Full Name,Profile URL,Headline,Comment,Timestamp,Comment URN,Comment Hash,Post URN,Post Hash,post_urn_id,processed_comment,sentiment_negative,sentiment_neutral,sentiment_positive,sentiment_compound,sentiment_label
Subhankar Dhar,https://www.linkedin.com/in/subhankar-dhar-b2b03453,Exploring and figuring out what to do!,"I am in that stage now. Not for the health and fitness but to explore and acquire skills sets. 

It’s a trade off.

I am hopeful of net positive outcome.",2024-03-21T14:02:32.525Z,"urn:li:comment:(activity:7173545853926797312,7176578935130923010)",473172397b57f82a97fe875a282e0a9db541cb79ae5ffad78a50427b22d2c800,urn:li:activity:7173545853926797312,09be65f5ab772234a85f05bfa4020aa414b1df987b7e1d949aea4e80a8d9c68d,7173545853926797312,i am in that stage now not for the health and fitness but to explore and acquire skills sets its a trade off i am hopeful of net positive outcome,0.0,0.688,0.312,0.8979,Positive
Pramodh Yellapu,https://www.linkedin.com/in/ykpramodh,Openenvoy,Break is good for well being. Helps with pause and planning.  ,2024-03-20T07:03:13.141Z,"urn:li:comment:(activity:7173545853926797312,7176111021164498944)",b94d8e78be25788c06d2447dac6e65965e55708f33e0d284d6723ab4ee315863,urn:li:activity:7173545853926797312,09be65f5ab772234a85f05bfa4020aa414b1df987b7e1d949aea4e80a8d9c68d,7173545853926797312,break is good for well being helps with pause and planning,0.0,0.513,0.487,0.765,Positive
Mohit Suri,https://www.linkedin.com/in/mohitsuri,"Business Head, Propel at Lead Group","While running through the race of life, most of us have forgotten that a marathon is not a combination of multiple sprints - its a long long race, just like life and it requires lot of practice, lot of inner work, lot of rest, strength & stamina. 
“Health is & should be the priority” and the best part is, if you make it a priority, it doesnt stop you from focusing on other priorities - infact it becomes a seamless enabler.",2024-03-19T02:32:30.675Z,"urn:li:comment:(activity:7173545853926797312,7175680507454582784)",2a038d4e4cd0e9d3fbcf7468b8491991a066f58343cfdc4543b9687beb95d934,urn:li:activity:7173545853926797312,09be65f5ab772234a85f05bfa4020aa414b1df987b7e1d949aea4e80a8d9c68d,7173545853926797312,while running through the race of life most of us have forgotten that a marathon is not a combination of multiple sprints its a long long race just like life and it requires lot of practice lot of inner work lot of rest strength stamina health is should be the priority and the best part is if you make it a priority it doesnt stop you from focusing on other priorities infact it becomes a seamless enabler,0.023,0.806,0.171,0.9019,Positive
ARNAB GUHA,https://www.linkedin.com/in/arnab-guha-gluten-free,"Building Sportify, IIPLeM & 2nd Brain Foundation | Blurring the line between Food & Medicine via GFCFSF Innovations | Scientist+Entrepreneur | Autism (Early Interventions) | Leaky-Gut Care | Ex-Novozymes/Britannia/Heinz",Poor nutrition. Proinflammatory diet.,2024-03-17T07:13:02.800Z,"urn:li:comment:(activity:7173545853926797312,7175026330772647936)",657d8c2748a5dc28fbb89b99102573abe565236ec8fde267ad4d32cae9c7fbe0,urn:li:activity:7173545853926797312,09be65f5ab772234a85f05bfa4020aa414b1df987b7e1d949aea4e80a8d9c68d,7173545853926797312,poor nutrition proinflammatory diet,0.508,0.492,0.0,-0.4767,Negative
Anshuman Vora,https://www.linkedin.com/in/anshumanvora,Marketing & Sales Consultant + Implementer for SMEs' Continuous Profitable Growth & All-India Business Development ✓,"HR function and its practitioners ARE becoming progressive and pragmatic.

Meanwhile, it is ESTD (easier said than done!) for job-seekers to highlight career breaks and the reasons behind them.",2024-03-15T08:07:19.171Z,"urn:li:comment:(activity:7173545853926797312,7174315213251350529)",5f0187f58db74a8bae7a5ca09c4a9fc81c7083cc2a370d12a6515572d2546950,urn:li:activity:7173545853926797312,09be65f5ab772234a85f05bfa4020aa414b1df987b7e1d949aea4e80a8d9c68d,7173545853926797312,hr function and its practitioners are becoming progressive and pragmatic meanwhile it is estd easier said than done for jobseekers to highlight career breaks and the reasons behind them,0.0,0.839,0.161,0.6369,Positive
Rommel De los Ríos,https://www.linkedin.com/in/romdelosrios,Leading digital strategy for growth ⚡,Expectations + frustration 😔 ,2024-03-14T16:19:35.120Z,"urn:li:comment:(activity:7173545853926797312,7174076708134760449)",0eb2df5331c6425fe5706f5c563a9840b8bba376d2091671e693d20dade895b0,urn:li:activity:7173545853926797312,09be65f5ab772234a85f05bfa4020aa414b1df987b7e1d949aea4e80a8d9c68d,7173545853926797312,expectations frustration,0.756,0.244,0.0,-0.4767,Negative
Sankalp Mishra,https://www.linkedin.com/in/sankalp-mishra-41ba319,Building IndiaSportsHub | Co-Founder (Indian Sports beyond Men’s Cricket) | Ex Citibank | Ex Mott Mcdonald,"It's good to see that Companies are also supporting this. If the strained employees have a backup of going back to the job after 6-8 months, then taking this decision becomes easier. ",2024-03-14T10:30:31.788Z,"urn:li:comment:(activity:7173545853926797312,7173988865433591808)",f3e11d2696d06b8a41734b0b4eefddb70339bc27e07a2a22c259d4865186219d,urn:li:activity:7173545853926797312,09be65f5ab772234a85f05bfa4020aa414b1df987b7e1d949aea4e80a8d9c68d,7173545853926797312,its good to see that companies are also supporting this if the strained employees have a backup of going back to the job after months then taking this decision becomes easier,0.072,0.697,0.231,0.7096,Positive
Krutika Sejpal,https://www.linkedin.com/in/krutika-sejpal-5362a3a1,Certified Agile Coach || Strategic Scrum Master ||,"Even I have taken a career break and I would say that was the best decision of my life.
Instead of running in a race where you don't know the end goal, it's great to take a pause, reflect on what you really want to do and then resume. An arrow can be shot only by pulling it backward and 'holding' it for a moment.
",2024-03-14T09:23:05.094Z,"urn:li:comment:(activity:7173545853926797312,7173971892368863234)",ebbb6f00bb2cd7b1423a3fe86142c75ba6cbecbbf4a5d01b20f9114a02216e23,urn:li:activity:7173545853926797312,09be65f5ab772234a85f05bfa4020aa414b1df987b7e1d949aea4e80a8d9c68d,7173545853926797312,even i have taken a career break and i would say that was the best decision of my life instead of running in a race where you dont know the end goal its great to take a pause reflect on what you really want to do and then resume an arrow can be shot only by pulling it backward and holding it for a moment,0.0,0.85,0.15,0.8718,Positive
Karthik Nagarajan,https://www.linkedin.com/in/coachkarthik,Making Dads Fit again | Sambhar Sadham eating Fitness Coach,"9/10 people who fill out my coaching form list ""Work"" as the main stress. Lack of boundaries for work, work calls. We don't realise that email can wait.

Dilip Kumar ",2024-03-14T04:04:32.469Z,"urn:li:comment:(activity:7173545853926797312,7173891728205099008)",14dec7904c9d2f8ccbef34438e0af49efb1ef9d3918c9924cd78be0fa300c666,urn:li:activity:7173545853926797312,09be65f5ab772234a85f05bfa4020aa414b1df987b7e1d949aea4e80a8d9c68d,7173545853926797312,people who fill out my coaching form list work as the main stress lack of boundaries for work work calls we dont realise that email can wait dilip kumar,0.159,0.841,0.0,-0.6249,Negative
Samrat Jinagouda,https://www.linkedin.com/in/samratj,Product | Strategy | MBA,"COVID helped people realise that health is ineluctable. 

One's career and money can be made eventually but health once lost cannot be recovered easily. ",2024-03-13T22:02:00.441Z,"urn:li:comment:(activity:7173545853926797312,7173800493595525121)",cbe7a42363c8bb11c8aa68163d454a5502540305a46c3b5d2c904a2221edbf97,urn:li:activity:7173545853926797312,09be65f5ab772234a85f05bfa4020aa414b1df987b7e1d949aea4e80a8d9c68d,7173545853926797312,covid helped people realise that health is ineluctable ones career and money can be made eventually but health once lost cannot be recovered easily,0.2,0.8,0.0,-0.6709,Negative
Ria Rustagi,https://www.linkedin.com/in/ria-rustagi,"Co-Founder & CEO at Sychedelic (Ex-Neuphony, As seen on Shark Tank India Season 2) | UN Top 100 Women India | Forbes 30 Under 30 (Special Mention) | Women on a Mission|","Due to the ignorance, and not paying attention to it on a daily basis!",2024-03-13T13:49:04.217Z,"urn:li:comment:(activity:7173545853926797312,7173676441920847872)",da9b22cf6a228390821708af9a383de67876c5dc45a955f50de889353f801f06,urn:li:activity:7173545853926797312,09be65f5ab772234a85f05bfa4020aa414b1df987b7e1d949aea4e80a8d9c68d,7173545853926797312,due to the ignorance and not paying attention to it on a daily basis,0.172,0.828,0.0,-0.3612,Negative
Kaustubh Erande,https://www.linkedin.com/in/kaustubh-erande-744883a,Supply Chain Professional | Problem Solver | Consultant | Product Evangelist | AI/ML Strategist | Outdoor Enthusiast,Yes! I am one of them! Well I traveled and authored a book. Very rewarding experience.,2024-03-13T13:18:58.365Z,"urn:li:comment:(activity:7173545853926797312,7173668867624300544)",6a7c0703bd2606d92ca55547f56c7130467d4da02815d80a6c6b29e20c089c0b,urn:li:activity:7173545853926797312,09be65f5ab772234a85f05bfa4020aa414b1df987b7e1d949aea4e80a8d9c68d,7173545853926797312,yes i am one of them well i traveled and authored a book very rewarding experience,0.0,0.541,0.459,0.8173,Positive
Dr Umesh Wadhavani,https://www.linkedin.com/in/drumeshwadhavani,A Corporate Wellness Coach making health fun and practical 🏥| Corporate Speaker 🎤 | IG-173k ⭐️| Sindhi IG- 59K 🌟 | YouTube - 184k ✅,"You can actually not take break from work and still be ""working on your health & fitness"".

You just have to change your unhealthy lifestyle and dietary habits to healthy habits. Here are  some examples of healthy lifestyle habits-
Quality sleep.
Effective stress management.
Drinking 3-4 litres of water daily.",2024-03-13T12:15:23.141Z,"urn:li:comment:(activity:7173545853926797312,7173652865415163908)",caefb27b384c5fc04a84a0c69469057519a896f9d3ed37b830fac60ae0afff16,urn:li:activity:7173545853926797312,09be65f5ab772234a85f05bfa4020aa414b1df987b7e1d949aea4e80a8d9c68d,7173545853926797312,you can actually not take break from work and still be working on your health fitness you just have to change your unhealthy lifestyle and dietary habits to healthy habits here are some examples of healthy lifestyle habits quality sleep effective stress management drinking litres of water daily,0.105,0.714,0.18,0.5267,Positive
Vishal Patel,https://www.linkedin.com/in/vishal-patel-889978a6,"Advisory Board, Adjunct Professor, Business Advisor","And most of those working on Health, are most likely to be working on their “Mental Health”",2024-03-13T12:05:41.076Z,"urn:li:comment:(activity:7173545853926797312,7173650424057585664)",f0065b1838f9bfb476b1b94b4e3d277d8d7054d72294544978312be08ef8f387,urn:li:activity:7173545853926797312,09be65f5ab772234a85f05bfa4020aa414b1df987b7e1d949aea4e80a8d9c68d,7173545853926797312,and most of those working on health are most likely to be working on their mental health,0.0,1.0,0.0,0.0,Neutral
Aakash Ganesh,https://www.linkedin.com/in/aakash-ganesh-4120a3180,"AVP Product Manager | Consumer, Business Banking & Digital Payments | PMP Certified | Leveraging Gen AI","Amazing mangers, beautiful work culture and supportive colleagues got us here 🤫",2024-03-13T10:49:15.005Z,"urn:li:comment:(activity:7173545853926797312,7173631188681650177)",9128345618c9ec21698d737507f7b74049e7d2a77aadab6b78276b025ced5146,urn:li:activity:7173545853926797312,09be65f5ab772234a85f05bfa4020aa414b1df987b7e1d949aea4e80a8d9c68d,7173545853926797312,amazing mangers beautiful work culture and supportive colleagues got us here,0.0,0.447,0.553,0.872,Positive
Shashank Prasad,https://www.linkedin.com/in/shashank-product-manager,There is no rest for me in this world. Maybe the next.,Maybe the awareness that a gap in CV is not as terrifying as the society has conditioned us to believe and there are more important things to life apart from career (health and fitness) which require full time focus. This is assuming a lot of damage has already been done because of ignorance to health/lack of awareness.,2024-03-13T10:48:28.771Z,"urn:li:comment:(activity:7173545853926797312,7173630994762088448)",8d7c30953ded5d369db9adb0a83a4a4b8e148d23c649d8b176a0a36b556aff2f,urn:li:activity:7173545853926797312,09be65f5ab772234a85f05bfa4020aa414b1df987b7e1d949aea4e80a8d9c68d,7173545853926797312,maybe the awareness that a gap in cv is not as terrifying as the society has conditioned us to believe and there are more important things to life apart from career health and fitness which require full time focus this is assuming a lot of damage has already been done because of ignorance to healthlack of awareness,0.091,0.795,0.114,0.1258,Positive
Parth Choudhury,https://www.linkedin.com/in/choudhuryparth,Product Marketing @ Uberall,"One of the core reasons is reinventing oneself.

With AI and emerging tech (and supersmart young minds), merely upskilling is not enough. You must reinvent yourself periodically and it happens by taking a step back and asking really basic (read dumb) questions about why you do what you do and why you're the right person to do it. And, sabbaticals help a lot here I guess. 

Let me come back and comment if it really helped. Because I heard someone saying – there is a fine line between bravery and stupidity (and can only be realized by looking at the outcome 😀)",2024-03-13T10:44:57.608Z,"urn:li:comment:(activity:7173545853926797312,7173630109080391680)",277dcd1a2b3a51257d55c413ccae6d7d497e61e64624455b8369e37c20e6974e,urn:li:activity:7173545853926797312,09be65f5ab772234a85f05bfa4020aa414b1df987b7e1d949aea4e80a8d9c68d,7173545853926797312,one of the core reasons is reinventing oneself with ai and emerging tech and supersmart young minds merely upskilling is not enough you must reinvent yourself periodically and it happens by taking a step back and asking really basic read dumb questions about why you do what you do and why youre the right person to do it and sabbaticals help a lot here i guess let me come back and comment if it really helped because i heard someone saying there is a fine line between bravery and stupidity and can only be realized by looking at the outcome,0.062,0.864,0.074,0.0609,Positive
Neha Gupta,https://www.linkedin.com/in/neha-gupta-b4297814,Relationship Therapist | Self Worth Mentor | Life Coach || Ex-Corporate || From Finance to Psychology ||,The real reason is return to office.,2024-03-13T10:36:27.262Z,"urn:li:comment:(activity:7173545853926797312,7173627968533983232)",6cab1701a5f7b3fb95cfedf471a65e885a42e0233aa9db8d61d794af01d52f29,urn:li:activity:7173545853926797312,09be65f5ab772234a85f05bfa4020aa414b1df987b7e1d949aea4e80a8d9c68d,7173545853926797312,the real reason is return to office,0.0,1.0,0.0,0.0,Neutral
Priyanka Peeramsetty (she/her),https://www.linkedin.com/in/priyankapeeramsetty,Associate Director - Customer Excellence | 2x Chief of Staff,I just read Soni Shaw 's post that had a 24 year old die of a heart attack thanks to a hustle-heavy start-up. I am not surprised we reached here.,2024-03-13T10:00:02.581Z,"urn:li:comment:(activity:7173545853926797312,7173618805317857280)",f49a80f4841fc19ba328a3145e921544bb0ce5c899723a3f741b69c0d0edd945,urn:li:activity:7173545853926797312,09be65f5ab772234a85f05bfa4020aa414b1df987b7e1d949aea4e80a8d9c68d,7173545853926797312,i just read soni shaw s post that had a year old die of a heart attack thanks to a hustleheavy startup i am not surprised we reached here,0.323,0.583,0.094,-0.7237,Negative
Pooja Ojha,https://www.linkedin.com/in/poojaojhaa,Helping Enterprises Modernize with High-Performance Teams | AI in Software development | Extreme Programming | DevOps | Agile,"Earlier people with single income household were not able to do, given the family responsibilities. But that is now changing with double income households and also with more awareness on personal financial planning. 

And these planned breaks are helping to analyze own core values and purpose. And also helping to understand our priorities. 

Stepping back and looking on what progress we have made till date and which direction we want to go further is a good way to live life aligned to our true self.  ",2024-03-13T09:51:23.383Z,"urn:li:comment:(activity:7173545853926797312,7173616627643506688)",d14fec5f5017a3eda219b5f167ec103957154cdc93a440e54d2648c21534e18e,urn:li:activity:7173545853926797312,09be65f5ab772234a85f05bfa4020aa414b1df987b7e1d949aea4e80a8d9c68d,7173545853926797312,earlier people with single income household were not able to do given the family responsibilities but that is now changing with double income households and also with more awareness on personal financial planning and these planned breaks are helping to analyze own core values and purpose and also helping to understand our priorities stepping back and looking on what progress we have made till date and which direction we want to go further is a good way to live life aligned to our true self,0.0,0.779,0.221,0.9676,Positive
Aditya Malani,https://www.linkedin.com/in/adityapmalani,Building Speedy Squirrel,Rise in disposable income and lesser financial responsibilities might be the reason for the increase. ,2024-03-13T09:47:16.630Z,"urn:li:comment:(activity:7173545853926797312,7173615592686436352)",faad0ed3753d2d4c40eb65837f2d7f2b893a2a181d0e740d48bb6f741a41bd7f,urn:li:activity:7173545853926797312,09be65f5ab772234a85f05bfa4020aa414b1df987b7e1d949aea4e80a8d9c68d,7173545853926797312,rise in disposable income and lesser financial responsibilities might be the reason for the increase,0.0,0.859,0.141,0.3182,Positive
Sandeep Tuppad,https://www.linkedin.com/in/sandeep-tuppad-b4b87840,IOT | Privacy and Security practitioner | Web and Embedded Systems | QE | Trainer,"Got definition of success wrong. peer pressure, societal pressure to chase wrong metrics esp as a man. stressful travel time, food habits, lack of time to exercise. its a vicious circle.",2024-03-13T08:40:33.891Z,"urn:li:comment:(activity:7173545853926797312,7173598803982319616)",249cb6bbfc47bbff265d20158dfe4a6ce163884a92935b0b79d284e716552f8b,urn:li:activity:7173545853926797312,09be65f5ab772234a85f05bfa4020aa414b1df987b7e1d949aea4e80a8d9c68d,7173545853926797312,got definition of success wrong peer pressure societal pressure to chase wrong metrics esp as a man stressful travel time food habits lack of time to exercise its a vicious circle,0.431,0.484,0.085,-0.9186,Negative
Ajinkya Latkar,https://www.linkedin.com/in/ajinkyalatkar,"MBA Candidate @ HEC Paris | Seasoned Management Consultant, Ex-McKinsey","I decided to take a year-long career break to work on my mental and physical wellness, amongst other things. 9 months in, it has been the best decision of my professional life, and I've been feeling more mentally stimulated and energetic than ever.",2024-03-13T07:44:15.626Z,"urn:li:comment:(activity:7173545853926797312,7173584634516025344)",e73f9af43171573dc5055369e3fde096fa7a972174fa5b3ee16209b689f0ed22,urn:li:activity:7173545853926797312,09be65f5ab772234a85f05bfa4020aa414b1df987b7e1d949aea4e80a8d9c68d,7173545853926797312,i decided to take a yearlong career break to work on my mental and physical wellness amongst other things months in it has been the best decision of my professional life and ive been feeling more mentally stimulated and energetic than ever,0.0,0.719,0.281,0.9132,Positive
Prakash Kulkarni,https://www.linkedin.com/in/prakash-kulkarni-9b80488,Healthcare Sales Leader | 18+ Years | Driving Affordable Health Screening Solutions,"Better its is rather than showing fake experience..
",2024-03-13T07:27:42.117Z,"urn:li:comment:(activity:7173545853926797312,7173580467433136129)",f7f3f1c95bb4b7da70a578c5df54b608b3686bbbe6775e95abfb0da47ac78848,urn:li:activity:7173545853926797312,09be65f5ab772234a85f05bfa4020aa414b1df987b7e1d949aea4e80a8d9c68d,7173545853926797312,better its is rather than showing fake experience,0.258,0.5,0.242,-0.0516,Negative
Karen Savia Maciel,https://www.linkedin.com/in/karen-savia-maciel-86660848,Building the world’s largest mindset-led wellness company. Fitness Trainer @Granimals,I did the same too...Needed to work on my health too,2024-03-13T07:23:33.582Z,"urn:li:comment:(activity:7173545853926797312,7173579425005998080)",a7fd302cde0c31c4ab08564c875d86ec59e95257332acdc28c65d00ee6c4dc16,urn:li:activity:7173545853926797312,09be65f5ab772234a85f05bfa4020aa414b1df987b7e1d949aea4e80a8d9c68d,7173545853926797312,i did the same tooneeded to work on my health too,0.0,1.0,0.0,0.0,Neutral
Abhilash Sonwane,https://www.linkedin.com/in/abhilashvs,"Angel Investor @ Early Stage Tech | Startup Growth, Funding","And these are the people who are bold enough to put it out publicly, many would not have done it... so the actual number would be higher than this...",2024-03-13T07:17:18.879Z,"urn:li:comment:(activity:7173545853926797312,7173577853387718656)",73e678159334dfb02ffd1c88de53834757c364ad218569c1edc77982028049cd,urn:li:activity:7173545853926797312,09be65f5ab772234a85f05bfa4020aa414b1df987b7e1d949aea4e80a8d9c68d,7173545853926797312,and these are the people who are bold enough to put it out publicly many would not have done it so the actual number would be higher than this,0.0,0.866,0.134,0.4877,Positive
Deepak Gupta,https://www.linkedin.com/in/purpledeepak,"Founder & CEO, PurpleDocs | Digitising Healthcare in India","Wow! Inspiring to see how much people value life as a whole. It's no longer about promotions and titles anymore. Well-being > External validation, love it! 👏 ",2024-03-13T07:06:59.068Z,"urn:li:comment:(activity:7173545853926797312,7173575253711798272)",c4729b388129e4320adcaccefa07bb8e8a7cb2329978761c812c83d27a218ff8,urn:li:activity:7173545853926797312,09be65f5ab772234a85f05bfa4020aa414b1df987b7e1d949aea4e80a8d9c68d,7173545853926797312,wow inspiring to see how much people value life as a whole its no longer about promotions and titles anymore wellbeing external validation love it,0.064,0.552,0.384,0.9001,Positive
Mandakini Agrawal,https://www.linkedin.com/in/mandakiniagrawal,Azure Solutions Architect (Microsoft Certified Azure Solutions Architect),"I will be doing same from May for sometime, though I don’t know the duration yet",2024-03-13T06:40:37.894Z,"urn:li:comment:(activity:7173545853926797312,7173568621783322624)",25d3d8bee3569b7ee6bb0146d09f0d1e40f929a205ff5273514e80993f3c15d6,urn:li:activity:7173545853926797312,09be65f5ab772234a85f05bfa4020aa414b1df987b7e1d949aea4e80a8d9c68d,7173545853926797312,i will be doing same from may for sometime though i dont know the duration yet,0.0,1.0,0.0,0.0,Neutral
Jayant Ghosh,https://www.linkedin.com/in/jayantghosh,"From Scaling Businesses to Leading Transformation | Sales, Growth, GTM & P&L Leadership | SaaS, AI/ML, IoT | CXO Partnerships | Building Future-Ready Businesses",It's captivating to witness this change in perception.,2024-03-13T06:33:22.385Z,"urn:li:comment:(activity:7173545853926797312,7173566795126181889)",4bf808aa06648db3d561fd0227c0db6b58bf6ede6fb0b2bff982760e84b8613a,urn:li:activity:7173545853926797312,09be65f5ab772234a85f05bfa4020aa414b1df987b7e1d949aea4e80a8d9c68d,7173545853926797312,its captivating to witness this change in perception,0.0,1.0,0.0,0.0,Neutral
Nikhil Mudgal,https://www.linkedin.com/in/nikhil-mudgal-lorienfinance,"Founder @ Lorien Finance | Ex-Investment Banking @ Goldman Sachs, Jefferies | Ex-Private Equity @ Accordion",Something very serious to ponder about :),2024-03-13T06:25:14.016Z,"urn:li:comment:(activity:7173545853926797312,7173564746762235904)",d2d5b8a28ec5269bb697d21bb61fa41616eee4d20430b51da1b76eb34e9a4d97,urn:li:activity:7173545853926797312,09be65f5ab772234a85f05bfa4020aa414b1df987b7e1d949aea4e80a8d9c68d,7173545853926797312,something very serious to ponder about,0.242,0.758,0.0,-0.1513,Negative
Anuj Kothari,https://www.linkedin.com/in/edunewz,Founder @ Seekrs.ai & Tunica | Plug & play AI Search that drives revenue.,"Did you factor in the overlap XD. 
What is your intention with ""How did we get here?"". Is it a good thing or you think this is a concern? Dilip Kumar",2024-03-13T06:21:04.263Z,"urn:li:comment:(activity:7173545853926797312,7173563699217973248)",5079e6f8eef005ecffc4a03a273bfc67dfe77aef682f5bdb8de16f736a5d8a69,urn:li:activity:7173545853926797312,09be65f5ab772234a85f05bfa4020aa414b1df987b7e1d949aea4e80a8d9c68d,7173545853926797312,did you factor in the overlap xd what is your intention with how did we get here is it a good thing or you think this is a concern dilip kumar,0.0,0.801,0.199,0.7717,Positive
Sanjib Singh,https://www.linkedin.com/in/sanjib-singh,I help tech leaders build production ready AI/ML model | For Seed to Growth startups | Pilot starts at $1500 | Production ready build in 4-6 weeks,"We were already there, it's just that we have generated the courage to accept t that It's time. Breaking free from all the conditioning and manipulation all these years and trying to look within. 

PS: Enjoy your sabbatical folks, it's amazing to do absolutely nothing and yet be blissful all the time.",2024-03-13T06:15:29.429Z,"urn:li:comment:(activity:7173545853926797312,7173562294826582016)",730e8e10e51095f64eecd324b27db48a972052f3e7c352bba8b7435039c83aea,urn:li:activity:7173545853926797312,09be65f5ab772234a85f05bfa4020aa414b1df987b7e1d949aea4e80a8d9c68d,7173545853926797312,we were already there its just that we have generated the courage to accept t that its time breaking free from all the conditioning and manipulation all these years and trying to look within ps enjoy your sabbatical folks its amazing to do absolutely nothing and yet be blissful all the time,0.033,0.665,0.302,0.9571,Positive
Dr (Maj) Satish S Jeevannavar,https://www.linkedin.com/in/drsatishsjeevannavar,Founder at Ai Health Highway 🌍🌎🌏 #hiring,"Easier said than done - but trying to answer one question genuinely, honestly as early as possible ""What is the purpose of my life"" may help. Finding the right balance between Ikigai - what you love > what the world needs > what you be paid for > what you are good at... finding the right balance between these four aspects is challenging
The world order is changing, earlier it was like you studied for 10+2+3/4/5 years and chose your career where you worked for 10/20/30 years. The technology shift is so fast now that what you learnt in the past 4-5 years is no longer relevant when you enter the job market...learn > unlearn > relearn needs to happen fast.",2024-03-13T06:04:07.220Z,"urn:li:comment:(activity:7173545853926797312,7173559433430589441)",979b76e1342685d7acf2eb491f61bd75940207c6bba156f787179a547c2c8c93,urn:li:activity:7173545853926797312,09be65f5ab772234a85f05bfa4020aa414b1df987b7e1d949aea4e80a8d9c68d,7173545853926797312,easier said than done but trying to answer one question genuinely honestly as early as possible what is the purpose of my life may help finding the right balance between ikigai what you love what the world needs what you be paid for what you are good at finding the right balance between these four aspects is challenging the world order is changing earlier it was like you studied for years and chose your career where you worked for years the technology shift is so fast now that what you learnt in the past years is no longer relevant when you enter the job marketlearn unlearn relearn needs to happen fast,0.022,0.792,0.186,0.97,Positive
Arnold Mascarenhas,https://www.linkedin.com/in/arnoldmasci,Creating powerful gaming experiences for our customers everywhere,"What do you mean by ""get here"" Dilip? From ""where"" are you referring to? 

Also, are you suggesting this is a good or bad transition? ",2024-03-13T05:58:22.565Z,"urn:li:comment:(activity:7173545853926797312,7173557987842646016)",e16fa64deb6ca5441f215df61119defc1de786ed2ccad297b0d39a49f37ac751,urn:li:activity:7173545853926797312,09be65f5ab772234a85f05bfa4020aa414b1df987b7e1d949aea4e80a8d9c68d,7173545853926797312,what do you mean by get here dilip from where are you referring to also are you suggesting this is a good or bad transition,0.123,0.775,0.102,-0.1531,Negative
Kulbir Lamba,https://www.linkedin.com/in/kulbirlamba,"Professor of Practice | Deep-Tech, Incubation, Technology Commercialization","Within sometime we will see people claiming as expert in ""Career Break/ Sabbatical planing""... ",2024-03-13T05:58:08.377Z,"urn:li:comment:(activity:7173545853926797312,7173557928338161664)",bc8767e4189ea64a8b2ce7e35a940087226464f476bcc48de533072c1abe5c08,urn:li:activity:7173545853926797312,09be65f5ab772234a85f05bfa4020aa414b1df987b7e1d949aea4e80a8d9c68d,7173545853926797312,within sometime we will see people claiming as expert in career break sabbatical planing,0.0,1.0,0.0,0.0,Neutral
Ragini Sharma,https://www.linkedin.com/in/raginisharma20,New Business Development & Ops |,"I think this will start changing slowly. The last few decades have been people working tirelessly and only taking a break when mentally and physically exhausted and feeling purposeless - hence “career breaks”.

People have now started realising the importance of health and therefore managing it better WHILE working hard! So this trend of career breaks might actually be going down in years to come - though not completely eliminated, which is how it should be!",2024-03-13T05:56:53.585Z,"urn:li:comment:(activity:7173545853926797312,7173557614637699072)",a5b2657d38609948bef40712baa6206fad188348dbfe5d8cf4db2358616a7906,urn:li:activity:7173545853926797312,09be65f5ab772234a85f05bfa4020aa414b1df987b7e1d949aea4e80a8d9c68d,7173545853926797312,i think this will start changing slowly the last few decades have been people working tirelessly and only taking a break when mentally and physically exhausted and feeling purposeless hence career breaks people have now started realising the importance of health and therefore managing it better while working hard so this trend of career breaks might actually be going down in years to come though not completely eliminated which is how it should be,0.05,0.861,0.089,0.4588,Positive
Agradeep Chakraborty,https://www.linkedin.com/in/agradeepc,"Consulting and Product Leader | 15+ years of leading Digital Transformation across Retail, B2C Marketplaces, Supply Chain","The stats reveals our modern work culture
First came the hustle culture; work for 80 -90 hrs/week and then people are taking sabbaticals and career breaks to catch up on health and fitness..I am being reminded of the Hare and Tortoise story much too often..The Hare sprints and then takes rest to catch its breath while the tortoise cruises along slowly and steadily.. Seems like the modern world fantasizes the hare a lot more than the tortoise.. Age old wisdom have turned upside down! ",2024-03-13T05:48:18.595Z,"urn:li:comment:(activity:7173545853926797312,7173555454608982016)",68de8f79c984b05226fb30a4a62c7b7d794f126f451cf764784abcbbfadc3019,urn:li:activity:7173545853926797312,09be65f5ab772234a85f05bfa4020aa414b1df987b7e1d949aea4e80a8d9c68d,7173545853926797312,the stats reveals our modern work culture first came the hustle culture work for hrsweek and then people are taking sabbaticals and career breaks to catch up on health and fitnessi am being reminded of the hare and tortoise story much too oftenthe hare sprints and then takes rest to catch its breath while the tortoise cruises along slowly and steadily seems like the modern world fantasizes the hare a lot more than the tortoise age old wisdom have turned upside down,0.0,0.931,0.069,0.7096,Positive
Yamika Mehra,https://www.linkedin.com/in/yamikamehra,"Startups, Growth and Investments | Partner, Favcy Venture Builders | Equity and Debt","Can speak for myself. I took an 8 month long career break last year to legit work on my 'mental health and fitness'. It has helped, a lot and should be normalised. No need to be constantly running. Sometimes, a little pause is ok. Helps you get perspective.",2024-03-13T05:43:40.301Z,"urn:li:comment:(activity:7173545853926797312,7173554287359188992)",70a5ac02cd76d69fd1362f606ccbe0ac23d135954cf21c461acd1b009e2f39f8,urn:li:activity:7173545853926797312,09be65f5ab772234a85f05bfa4020aa414b1df987b7e1d949aea4e80a8d9c68d,7173545853926797312,can speak for myself i took an month long career break last year to legit work on my mental health and fitness it has helped a lot and should be normalised no need to be constantly running sometimes a little pause is ok helps you get perspective,0.045,0.819,0.136,0.5325,Positive
Trupti Bagde,https://www.linkedin.com/in/truptibagdesocial,"Building the 'go-to' parenting & children wellness platform & hustling to make it relevant & scalable! Also an aspiring writer, fitness enthusiast & a happy soul!",Quite a revelation! somehow the general belief is that taking care of health is time consuming which is what deters most of us to focus on it - hope it changes soon. ,2024-03-13T05:30:13.347Z,"urn:li:comment:(activity:7173545853926797312,7173550902753050624)",00041a4505ff59f77e4a62024858a6ff3e8a216f0a3429d6696b4bdc6a205730,urn:li:activity:7173545853926797312,09be65f5ab772234a85f05bfa4020aa414b1df987b7e1d949aea4e80a8d9c68d,7173545853926797312,quite a revelation somehow the general belief is that taking care of health is time consuming which is what deters most of us to focus on it hope it changes soon,0.0,0.821,0.179,0.7269,Positive
Harsh Batra,https://www.linkedin.com/in/harshbatra,I build businesses with people I like | Region Head @ iDeals VDR: Building to $1B | Founder @ Happy Ratio: Bootstrapping a healthy food brand | Investor @ Marcellus: long-term equity investing to create financial freedom,"Prioritizing work over self because the fear of falling short of money is anxiety provoking. What most fail to realize is that when they look after their self, they can work better.",2024-03-13T05:24:51.588Z,"urn:li:comment:(activity:7173545853926797312,7173549553198047232)",a8ebfbf7876e3edcd8d4d7d3294c41ed2f478d0eeac79602665adc49390a6953,urn:li:activity:7173545853926797312,09be65f5ab772234a85f05bfa4020aa414b1df987b7e1d949aea4e80a8d9c68d,7173545853926797312,prioritizing work over self because the fear of falling short of money is anxiety provoking what most fail to realize is that when they look after their self they can work better,0.295,0.634,0.071,-0.8016,Negative
Madhur Anand,https://www.linkedin.com/in/madhur-anand,Works at Moodforest.co | The Science of Reset,Thanks for uncovering this!,2024-03-13T05:21:35.007Z,"urn:li:comment:(activity:7173545853926797312,7173548728673320961)",9573620db0e467c23943e6459d3e9410d0932bbb04a4a1d2bbeccc3a0203bad5,urn:li:activity:7173545853926797312,09be65f5ab772234a85f05bfa4020aa414b1df987b7e1d949aea4e80a8d9c68d,7173545853926797312,thanks for uncovering this,0.0,0.508,0.492,0.4404,Positive
Anshul Garg,https://www.linkedin.com/in/anshul-garg-81bba542,"Finance and Healthy food Enthusiast, Angel Investor, Ex-Vedanta, Ex-KPTL",It will increase more in coming times. Stopping and analyzing what you really want to do is important rather than running with no goal. I am one of them.,2024-03-13T05:12:00.500Z,"urn:li:comment:(activity:7173545853926797312,7173546319016345600)",aa64eea06cf62eb299b448cc99449fcf896c453bc3681077ddf63ad7d259e54c,urn:li:activity:7173545853926797312,09be65f5ab772234a85f05bfa4020aa414b1df987b7e1d949aea4e80a8d9c68d,7173545853926797312,it will increase more in coming times stopping and analyzing what you really want to do is important rather than running with no goal i am one of them,0.117,0.708,0.175,0.2247,Positive
