Full Name,Profile URL,Headline,Comment,Timestamp,Comment URN,Comment Hash,Post URN,Post Hash,post_urn_id,processed_comment,sentiment_negative,sentiment_neutral,sentiment_positive,sentiment_compound,sentiment_label
Madhan Madhuraiyyan,https://www.linkedin.com/in/madhan-madhuraiyyan-0719404,Client Partner at DBiz.ai,Inspiring,2023-04-14T07:33:12.472Z,"urn:li:comment:(activity:7049963682197360640,7052544305931943936)",0465b67ebea8d4616e8603f3c68ec90c3731141f84cfd642b3cb7783e311163a,urn:li:activity:7049963682197360640,c8f540b3455f7f725222b25daf0e5d39ea27ae9d751682d836eeff379c556c94,7049963682197360640,inspiring,0.0,0.0,1.0,0.4215,Positive
Nandini Makwana,https://www.linkedin.com/in/nandini-makwana022575,Academic Director at CrackNEET Institute for Medical exams and Educational Training/ ESL Coach/ NEET mentor/AP Biology/Curriculum Developer/ School management and Leadership/Adolescent psychology .,Many many congratulations...may god bless you with good health  so that you can follow  your dreams...stay blessed..and continue to inspire us all,2023-04-13T08:31:35.929Z,"urn:li:comment:(activity:7049963682197360640,7052196612625833984)",88b139db65c9b5fcdb6516153c684a9be1bfc741269451a9b7602dc94d52f6f3,urn:li:activity:7049963682197360640,c8f540b3455f7f725222b25daf0e5d39ea27ae9d751682d836eeff379c556c94,7049963682197360640,many many congratulationsmay god bless you with good health so that you can follow your dreamsstay blessedand continue to inspire us all,0.0,0.61,0.39,0.8885,Positive
Chandrakala Aradhya Chief Life Planner,https://www.linkedin.com/in/chandrakalasaradhya,Insurance Business Entrepreneur | MDRT | Chief Life Planner at Tata AIA Life Insurance Company Ltd & Tata AIG Insurance Company Ltd,"Beautiful, Inspirational  :)",2023-04-12T14:49:18.605Z,"urn:li:comment:(activity:7049963682197360640,7051929278912856066)",44d1c7dba0a8bb80451865496968d15db890aa3967b969f4fdef436548dffff5,urn:li:activity:7049963682197360640,c8f540b3455f7f725222b25daf0e5d39ea27ae9d751682d836eeff379c556c94,7049963682197360640,beautiful inspirational,0.0,0.0,1.0,0.802,Positive
Sumeet Singh Thakur,https://www.linkedin.com/in/liveratrack,"CEO - Managing Director @ Livera Track Private Limited | GPS, GPS mapping, Traccar, Flutter, PHP, MySQL, JavaScript, MVC Architecture, jQuery, CSS, API integrations, 3D Printing, 3D designing, 3D drawings, B2C sales","How can I contact you ? Please share your email id !
Sumeet Singh Thakur",2023-04-12T13:45:40.909Z,"urn:li:comment:(activity:7049963682197360640,7051913266339430401)",4fa0591ba583bacc3eca235ece8cbac36cc41980369d1965ce5732c0de78fc72,urn:li:activity:7049963682197360640,c8f540b3455f7f725222b25daf0e5d39ea27ae9d751682d836eeff379c556c94,7049963682197360640,how can i contact you please share your email id sumeet singh thakur,0.0,0.69,0.31,0.5423,Positive
Jyoti Singh,https://www.linkedin.com/in/jyoti-singh-30317a18,Associate Director Sales & Marketing,"Wow, Hats off....",2023-04-10T04:57:52.232Z,"urn:li:comment:(activity:7049963682197360640,7051055662549671936)",abf493eff28b934f7cee2b4008ff518db774feaa4bb017e1b3653133d62590c5,urn:li:activity:7049963682197360640,c8f540b3455f7f725222b25daf0e5d39ea27ae9d751682d836eeff379c556c94,7049963682197360640,wow hats off,0.0,0.345,0.655,0.5859,Positive
Ragavendiran Murugesan,https://www.linkedin.com/in/raghavm,"Senior eCommerce Solutions Architect | Enterprise Integration (REST APIs, GraphQL, Web Services) | Salesforce | Shopify | AI in eCommerce | Cloud & SecDevOps (AWS, Azure, Kubernetes)",Very lmpressed Ma’s  confident level 👏👏🙏,2023-04-08T17:02:46.401Z,"urn:li:comment:(activity:7049963682197360640,7050513314585477120)",22c5570cf138825d1009547b00708a967d4eb8e2260d79d1b6821ff3afdbfce4,urn:li:activity:7049963682197360640,c8f540b3455f7f725222b25daf0e5d39ea27ae9d751682d836eeff379c556c94,7049963682197360640,very lmpressed mas confident level,0.0,0.536,0.464,0.5367,Positive
Tarun Mishra,https://www.linkedin.com/in/tarun-mishra-58818579,Data Center Design & Commissioning Authority | Pioneering Next-Gen Infrastructure Solutions | NFPA70E | ASHRAE BCxP,"Wow, she is an iron lady, a role model to all of us..🙌",2023-04-08T08:02:04.422Z,"urn:li:comment:(activity:7049963682197360640,7050377243067387904)",70fb94c15dbb16f6c14734e0cf3cf45831353636749a28c176e10dfd2c2eff49,urn:li:activity:7049963682197360640,c8f540b3455f7f725222b25daf0e5d39ea27ae9d751682d836eeff379c556c94,7049963682197360640,wow she is an iron lady a role model to all of us,0.0,0.743,0.257,0.5859,Positive
Kartikey Pandey,https://www.linkedin.com/in/kartikey-pandey-516063230,4th BALLB | Student at ILS Law College,"Dilip Kumar, i  would love to discuss about your journey to a fit lifestyle in detail. It would help me a lot to figure out my way to the same. ",2023-04-07T17:24:53.193Z,"urn:li:comment:(activity:7049963682197360640,7050156491688845312)",d37e1ed124764d2e71ff61dea2219166e57c0fd60bd2ab676fe4a90dca13039c,urn:li:activity:7049963682197360640,c8f540b3455f7f725222b25daf0e5d39ea27ae9d751682d836eeff379c556c94,7049963682197360640,dilip kumar i would love to discuss about your journey to a fit lifestyle in detail it would help me a lot to figure out my way to the same,0.0,0.719,0.281,0.8555,Positive
Vivek Thiruvengadam,https://www.linkedin.com/in/vivek-thiruvengadam,"Founder, QubitFit | I help busy professionals defy obesity, lose weight & live longer through sustainable nutrition and fitness habits | Expert in chronic conditions: Diabetes, PCOS, Hypertension","Wow, this is awesome! I love how Bhagwani Devi found her passion for sports at the age of 94 and went on to win gold medals in not just one but three different sports. It just goes to show that it's never too late to start pursuing your dreams. I'm a firm believer in the power of sports to keep you physically and mentally fit, and Bhagwani's story is a shining example of that. Here's to finding the athlete in all of us, no matter what our age!",2023-04-07T15:57:02.482Z,"urn:li:comment:(activity:7049963682197360640,7050134384728829952)",456d99aa953f8907ab1d8eb75eb7ad1154570ca7a58397923a4b7bae555a93dc,urn:li:activity:7049963682197360640,c8f540b3455f7f725222b25daf0e5d39ea27ae9d751682d836eeff379c556c94,7049963682197360640,wow this is awesome i love how bhagwani devi found her passion for sports at the age of and went on to win gold medals in not just one but three different sports it just goes to show that its never too late to start pursuing your dreams im a firm believer in the power of sports to keep you physically and mentally fit and bhagwanis story is a shining example of that heres to finding the athlete in all of us no matter what our age,0.029,0.768,0.204,0.9337,Positive
Nagaswetha Mudunuri,https://www.linkedin.com/in/iamswetha7,ISO 27001:2002 LA | AWS Community Builder | Building Secure digital environments as a Cloud Security Lead | Experienced in Microsoft 365 & Azure Security architecture | GRC,"Inspiring , thanks for sharing Dilip Kumar",2023-04-07T13:24:51.533Z,"urn:li:comment:(activity:7049963682197360640,7050096086748655616)",f0d38b30a93e5448038c85c0bf42c7d2fcb8eedfe5bace20d64c7d761f8e435f,urn:li:activity:7049963682197360640,c8f540b3455f7f725222b25daf0e5d39ea27ae9d751682d836eeff379c556c94,7049963682197360640,inspiring thanks for sharing dilip kumar,0.0,0.261,0.739,0.8176,Positive
Rohit Ramesh,https://www.linkedin.com/in/rohit-ramesh,"Helping businesses grow organically through SEO, Social Media & Content Marketing | WordPress Website Creator | 7+ yrs driving visibility & engagement that converts","What a wonderful and inspiring story about Bhagwani Devi! 

Her dedication, perseverance, and love for sports are truly remarkable. 

It's never too late to pursue our passions and to stay healthy through physical activity.

Playing sports has numerous benefits, including improving our physical health, boosting our mood, reducing stress, and increasing our social connections. 

Whether it's running, swimming, dancing, or any other activity, finding what we enjoy and making it a regular part of our routine can have a significant impact on our well-being.

Bhagwani Devi's story is a reminder that age is just a number, and it's never too late to start something new. 

It's inspiring to see her passion for sports and her determination to continue playing and winning. 

She is an excellent example of how we can all find joy and purpose in staying active and pursuing our interests.",2023-04-07T08:40:34.802Z,"urn:li:comment:(activity:7049963682197360640,7050024545637826560)",14ba4a0f070ed43cb548928c2361b5a565b12aa4bfd23694f6f68c0aa2c38696,urn:li:activity:7049963682197360640,c8f540b3455f7f725222b25daf0e5d39ea27ae9d751682d836eeff379c556c94,7049963682197360640,what a wonderful and inspiring story about bhagwani devi her dedication perseverance and love for sports are truly remarkable its never too late to pursue our passions and to stay healthy through physical activity playing sports has numerous benefits including improving our physical health boosting our mood reducing stress and increasing our social connections whether its running swimming dancing or any other activity finding what we enjoy and making it a regular part of our routine can have a significant impact on our wellbeing bhagwani devis story is a reminder that age is just a number and its never too late to start something new its inspiring to see her passion for sports and her determination to continue playing and winning she is an excellent example of how we can all find joy and purpose in staying active and pursuing our interests,0.015,0.625,0.359,0.9954,Positive
Sagar Bhatia,https://www.linkedin.com/in/sagarbhatia22,"Epitome Consulting | ex-SBNRI | ex- SAARA | Product Management, Business Consulting",Her name is Aparajita !!!! No one can even dare to defeat her !!!!,2023-04-07T08:00:38.597Z,"urn:li:comment:(activity:7049963682197360640,7050014495217205249)",24a0197527605d2a846d88159002a7f599e88586e14e0c7285f92e6470beb2fa,urn:li:activity:7049963682197360640,c8f540b3455f7f725222b25daf0e5d39ea27ae9d751682d836eeff379c556c94,7049963682197360640,her name is aparajita no one can even dare to defeat her,0.342,0.658,0.0,-0.6369,Negative
Jamal-Marcus Rhoden-Stevens,https://www.linkedin.com/in/jamalmarcusrhodenstevens,Elite Athlete & Automation Specialist | Wellness | Tech | Sales,"I started a “sport” at 19 and thought I was late 😂 

Perspective !",2023-04-07T07:01:44.274Z,"urn:li:comment:(activity:7049963682197360640,7049999671196315648)",a5e89bb41839e8db4bace1f0f14c5eb29158c24be3bbea594a2ea664fbc5731f,urn:li:activity:7049963682197360640,c8f540b3455f7f725222b25daf0e5d39ea27ae9d751682d836eeff379c556c94,7049963682197360640,i started a sport at and thought i was late perspective,0.0,1.0,0.0,0.0,Neutral
PANKAJ MODI,https://www.linkedin.com/in/pankajmodiaipl,"Sales & Management Consultant | ESG & Sustainability Solutions I Expert in Engineering, TMI, IOT, SAAS, ERP, Automation, & Industry 4.0 | Helping Businesses Succeed 🎯",truly great. highly difficult at her age.,2023-04-07T06:48:23.299Z,"urn:li:comment:(activity:7049963682197360640,7049996311659450368)",457c0aeb53feec753b15b24569a9783350f5af64f1c531db70eeec3c0eb432e2,urn:li:activity:7049963682197360640,c8f540b3455f7f725222b25daf0e5d39ea27ae9d751682d836eeff379c556c94,7049963682197360640,truly great highly difficult at her age,0.202,0.29,0.508,0.6378,Positive
Hemant Panchal,https://www.linkedin.com/in/thehemantpanchal,"Turning clicks into clients / AI-driven marketing automation, SEO & websites that scale / 200+ projects shipped globally",Dilip Kumar age is just a number. Great post.,2023-04-07T06:27:52.072Z,"urn:li:comment:(activity:7049963682197360640,7049991147519156226)",e45076d1c0db843f3251263b5b4ff87a58357923a4e6b338789f8ce1c457a9f8,urn:li:activity:7049963682197360640,c8f540b3455f7f725222b25daf0e5d39ea27ae9d751682d836eeff379c556c94,7049963682197360640,dilip kumar age is just a number great post,0.0,0.526,0.474,0.6597,Positive
Suman Panigrahi,https://www.linkedin.com/in/suman-panigrahi-49b85318,SQL and PLSQL Developer,"Keep on inspiring, Mam !",2023-04-07T06:16:46.022Z,"urn:li:comment:(activity:7049963682197360640,7049988353911394304)",2223fa2606062c63fdf3f988497081bc5f68ffb916ccd7d9255c8a259fc5e85f,urn:li:activity:7049963682197360640,c8f540b3455f7f725222b25daf0e5d39ea27ae9d751682d836eeff379c556c94,7049963682197360640,keep on inspiring mam,0.0,0.517,0.483,0.4215,Positive
Aroop Bhattacharjee,https://www.linkedin.com/in/aroop-bhattacharjee,"Fractional COO, helping organizations Reduce Cost with Operational Excellence I Continuous Improvement | Change Management.",Incredible .. inspiring .. influencer at 95 ..  Bhagwan Devi 👏👏👏,2023-04-07T05:16:03.953Z,"urn:li:comment:(activity:7049963682197360640,7049973077966737408)",707f871ae9b8fa69cc93856bc6abd7ebee6fef648e4b5ac68336795de5938295,urn:li:activity:7049963682197360640,c8f540b3455f7f725222b25daf0e5d39ea27ae9d751682d836eeff379c556c94,7049963682197360640,incredible inspiring influencer at bhagwan devi,0.0,0.641,0.359,0.4215,Positive
Shakul Jugran,https://www.linkedin.com/in/shakuljugran,Strategic Product Manager at SAP | Driving digital transformation | Life Sciences,What an absolute beast! 🙏,2023-04-07T05:11:36.501Z,"urn:li:comment:(activity:7049963682197360640,7049971956191748096)",d28e48bc2554e7c581e54dfc3f478c1b631aa6e6a77fa429a7364d644e7ca245,urn:li:activity:7049963682197360640,c8f540b3455f7f725222b25daf0e5d39ea27ae9d751682d836eeff379c556c94,7049963682197360640,what an absolute beast,0.0,1.0,0.0,0.0,Neutral
Anupam Mishhra,https://www.linkedin.com/in/anupammishhra,Payments | Cash Management | Digital Banking | Merchant Solutions | Govt Business | Tech Innovation,Truly inspiring 🙏,2023-04-07T05:07:48.618Z,"urn:li:comment:(activity:7049963682197360640,7049971000376987648)",4fe47228c440ae3898c5f84c60317201c413c275f62d2b372f02b4de0f82673a,urn:li:activity:7049963682197360640,c8f540b3455f7f725222b25daf0e5d39ea27ae9d751682d836eeff379c556c94,7049963682197360640,truly inspiring,0.0,0.0,1.0,0.6908,Positive
"Anna Szabo, JD, MBA",https://www.linkedin.com/in/annaszabojdmba,Prosci Certified Customer Success Manager | Golden Hoodie Award Recipient 29x Salesforce Certified | Worked at the Customer Success Group with Public Sector Federal Civilian & on the Product Team @ Salesforce | Bilingual,"How does this not have 1,000,000 shares and 1000000000 likes?!?! I’m liking 1000000 times!",2023-04-07T05:07:16.569Z,"urn:li:comment:(activity:7049963682197360640,7049970865957982208)",b43ef0809486ac83daef0579d5073c0e7a5f45fe3b054ef1ed936fe8b115022e,urn:li:activity:7049963682197360640,c8f540b3455f7f725222b25daf0e5d39ea27ae9d751682d836eeff379c556c94,7049963682197360640,how does this not have shares and likes im liking times,0.123,0.52,0.357,0.5591,Positive
Shereen Idnani,https://www.linkedin.com/in/shereenkaurrai,Product Management Leader,"Wow, she is my hero!",2023-04-07T05:05:50.680Z,"urn:li:comment:(activity:7049963682197360640,7049970505709195264)",9452d894e7d2a977bc8960fb98175e0950b5955d02b545a71c7428722d590904,urn:li:activity:7049963682197360640,c8f540b3455f7f725222b25daf0e5d39ea27ae9d751682d836eeff379c556c94,7049963682197360640,wow she is my hero,0.0,0.288,0.712,0.8126,Positive
Yogesh Dadu,https://www.linkedin.com/in/yogesh-dadu-63a880176,Military veteran,Very inspiring ,2023-04-07T04:53:16.247Z,"urn:li:comment:(activity:7049963682197360640,7049967341392076800)",545517576a91406b36965318e69699e211268aa9052acb37949916ef24c54547,urn:li:activity:7049963682197360640,c8f540b3455f7f725222b25daf0e5d39ea27ae9d751682d836eeff379c556c94,7049963682197360640,very inspiring,0.0,0.244,0.756,0.4754,Positive
"Col Prashant Mishra, Sena Medal, ( Retd) CPP",https://www.linkedin.com/in/col-prashant-mishra-sena-medal-cpp,JSW I IIM MUMBAI | CPP | LSSGB | Security & Resilience | Resource Planning & Forecasting | Loss Prevention | Stakeholder Management | Crisis Management | Process Analysis & Improvement,Hail to her Spirit 👍,2023-04-07T04:51:15.198Z,"urn:li:comment:(activity:7049963682197360640,7049966833671544833)",ee285226746cdc2f5aa5bef323a66dad81a141b745f8a7618a643b97c856f175,urn:li:activity:7049963682197360640,c8f540b3455f7f725222b25daf0e5d39ea27ae9d751682d836eeff379c556c94,7049963682197360640,hail to her spirit,0.0,0.4,0.6,0.25,Positive
Preeti Sawhney,https://www.linkedin.com/in/preetisawhneybrandrx,Deep Expertise in Brand Strategy I Founder BrandRx Strategy Advisory I Creator BrandRxQuad®️ I Ex-Lintas I Making Brands Healthier,"The body responds- any time is a good time to start. 
Love this. Suoer inspiring. Thanks Dilip Kumar .",2023-04-07T04:42:18.346Z,"urn:li:comment:(activity:7049963682197360640,7049964581955272704)",18ed53b098348fad53718b8007361f241c8218c432900cbbd8e3743d65180b98,urn:li:activity:7049963682197360640,c8f540b3455f7f725222b25daf0e5d39ea27ae9d751682d836eeff379c556c94,7049963682197360640,the body responds any time is a good time to start love this suoer inspiring thanks dilip kumar,0.0,0.504,0.496,0.9153,Positive
