Full Name,Profile URL,Headline,Comment,Timestamp,Comment URN,Comment Hash,Post URN,Post Hash,post_urn_id,processed_comment,sentiment_negative,sentiment_neutral,sentiment_positive,sentiment_compound,sentiment_label
R. P. Yadav,https://www.linkedin.com/in/r-p-yadav-sr4ipr,"Patent & Trade Mark Attorney | Managing Partner at sr4ipr Partners | 38+ Yrs Expertise in IP Protection, Patent Filing & Brand Strategy | Helping Innovators, Startups & Corporates Secure Their IP Worldwide.",Thanks for sharing,2024-11-20T13:05:33.324Z,"urn:li:comment:(activity:7260511431043788801,7264987233173016576)",0a03465cd4e4af983ca1d5998c0b08a8416651cc367b2aefc8d42339918f4e2e,urn:li:activity:7260511431043788801,c6fa228dbe6ce426b8ad6ace086fb7557d5284569cb6b0ca6667416ab84d2cc8,7260511431043788801,thanks for sharing,0.0,0.149,0.851,0.6908,Positive
Vivek Kumar,https://www.linkedin.com/in/vivekumar13,"Startups, Branding, marketing, and culture. I have failed enough to help build startups the “right way”.","One of the leaders of my last company just did that. 

Just that. Nothing else. Litterally. 

And now he has finally destroyed the entire company with his toxic behaviour. ",2024-11-13T05:33:40.847Z,"urn:li:comment:(activity:7260511431043788801,7262336800138944512)",a6b47d384b0a8e624cf8984fdf345e6326f6c5f419f51b3bd5bfe9d647669895,urn:li:activity:7260511431043788801,c6fa228dbe6ce426b8ad6ace086fb7557d5284569cb6b0ca6667416ab84d2cc8,7260511431043788801,one of the leaders of my last company just did that just that nothing else litterally and now he has finally destroyed the entire company with his toxic behaviour,0.103,0.897,0.0,-0.4939,Negative
Sravan K Appana,https://www.linkedin.com/in/sravone,Chief Executer @ iGo | Mobility technologies for the next 6 billion!,"Clear communication is often half the work!
Crisp pointed emails with action items are quite productive! ",2024-11-11T16:25:21.797Z,"urn:li:comment:(activity:7260511431043788801,7261776025678696448)",1de022e5ba98cf73dc4e6d3a0526449e0d4c89e1dff555abc7ebc5cdafdc595d,urn:li:activity:7260511431043788801,c6fa228dbe6ce426b8ad6ace086fb7557d5284569cb6b0ca6667416ab84d2cc8,7260511431043788801,clear communication is often half the work crisp pointed emails with action items are quite productive,0.0,0.852,0.148,0.3818,Positive
Guru Nadiger,https://www.linkedin.com/in/gurunadiger,CPTO & Co-founder @ Latitude Health | Start-up Advisor | AI and GenAI Consultant,"Meetings, Emails and Fancy Decks!",2024-11-08T17:07:45.942Z,"urn:li:comment:(activity:7260511431043788801,7260699532999499776)",2a62b5f4b53d6b0da0d4b0ea6c12f921c4fc824eb10658111b20e1a353074ba8,urn:li:activity:7260511431043788801,c6fa228dbe6ce426b8ad6ace086fb7557d5284569cb6b0ca6667416ab84d2cc8,7260511431043788801,meetings emails and fancy decks,0.0,1.0,0.0,0.0,Neutral
Venkatraman Pichumani,https://www.linkedin.com/in/venkatp,"Four decades of self made Entrepreneurship CA, Investment Banker, International BPO, Domestic BPO. All bootstrapped, no external funding. Scaled from laptop to 3000 team members","TELCO 

Taking it Easy but Looking Completely Occupied.

This is probably the acronym you seek to deploy!",2024-11-08T11:44:07.021Z,"urn:li:comment:(activity:7260511431043788801,7260618084141453312)",673aad047d64db9b71a7fc29e4eab7e05887513e300427c96868a9fda9763b90,urn:li:activity:7260511431043788801,c6fa228dbe6ce426b8ad6ace086fb7557d5284569cb6b0ca6667416ab84d2cc8,7260511431043788801,telco taking it easy but looking completely occupied this is probably the acronym you seek to deploy,0.0,0.891,0.109,0.2382,Positive
Sudeep Aditya,https://www.linkedin.com/in/sudeepaditya,Co-Founder & CEO | Pace Energy,Don't confuse activity for progress :),2024-11-08T08:35:17.828Z,"urn:li:comment:(activity:7260511431043788801,7260570566061875201)",ba6dcfe96bfc75f82ac89a2577324daef62723cbb98575070914b50a3351c1e4,urn:li:activity:7260511431043788801,c6fa228dbe6ce426b8ad6ace086fb7557d5284569cb6b0ca6667416ab84d2cc8,7260511431043788801,dont confuse activity for progress,0.0,0.402,0.598,0.5371,Positive
Karen Savia Maciel,https://www.linkedin.com/in/karen-savia-maciel-86660848,Building the world’s largest mindset-led wellness company. Fitness Trainer @Granimals,Hence I left that world,2024-11-08T07:38:04.937Z,"urn:li:comment:(activity:7260511431043788801,7260556167473471488)",f8162dbc66996a668f7829c2315b84a0a8a5fbeb74b95430345b80189cfdb0e4,urn:li:activity:7260511431043788801,c6fa228dbe6ce426b8ad6ace086fb7557d5284569cb6b0ca6667416ab84d2cc8,7260511431043788801,hence i left that world,0.0,1.0,0.0,0.0,Neutral
Amita Mistry,https://www.linkedin.com/in/amita-mistry-28711920,Strategic Sourcing & Vendor Partnerships | Business Development & Commercial Growth | Contracts Life-Cycle Optimisation | Negotiation & Relationship Management | Content Creator | Photographer | MBA Professional |,"Partially agree for attending meetings, where it turns in to public humiliation or someone's personal agenda. But sending email, is a professional way of communication and documenting your work and data.

Provide an alternative to these situations...can personal meeting or phone calls will solve the problems.?",2024-11-08T07:27:49.680Z,"urn:li:comment:(activity:7260511431043788801,7260553586902777856)",bf8ed4072782c97e088c102ee03e66801b8dda328f87d402fed13d12720be4da,urn:li:activity:7260511431043788801,c6fa228dbe6ce426b8ad6ace086fb7557d5284569cb6b0ca6667416ab84d2cc8,7260511431043788801,partially agree for attending meetings where it turns in to public humiliation or someones personal agenda but sending email is a professional way of communication and documenting your work and data provide an alternative to these situationscan personal meeting or phone calls will solve the problems,0.116,0.806,0.078,-0.4497,Negative
Chaitanya GK,https://www.linkedin.com/in/gkchaitanya,"VP Sales | ISB Alum | Driving SMB Growth with IT Services, AI/ML & Talent Solutions | GTM & P&L | Ex-Coke, P&G, Unilever, Disney, Vodafone | Digital Transformation & AI Growth Advocate | BD, Strategy & General Management","Dilip Kumar, thanks for sharing an interesting perspective on real work. Most of us are at different stages of evolution at workplace, so our perspective about real work differs and it differs for their own good and not so good reasons. 

So, keen to know from you how we can make this transition to more meaningful and high impact work as an entrepreneur and as a stakeholder in a Corp world? ",2024-11-08T06:36:03.480Z,"urn:li:comment:(activity:7260511431043788801,7260540558551470080)",b9035b4c13a7a206974828df71b4517e7449cb4275e8cf4ae648203fb4fa89d8,urn:li:activity:7260511431043788801,c6fa228dbe6ce426b8ad6ace086fb7557d5284569cb6b0ca6667416ab84d2cc8,7260511431043788801,dilip kumar thanks for sharing an interesting perspective on real work most of us are at different stages of evolution at workplace so our perspective about real work differs and it differs for their own good and not so good reasons so keen to know from you how we can make this transition to more meaningful and high impact work as an entrepreneur and as a stakeholder in a corp world,0.0,0.76,0.24,0.9558,Positive
Nivedan Rathi,https://www.linkedin.com/in/nivedanrathi,"Founder @Future & AI | 500k Subscribers | TEDx Speaker | IIT Bombay | AI Strategy & Training for Decision Makers in Top Companies | Building AI Agents for Sales, Marketing & Operations",What's the alternative to these?,2024-11-08T05:46:58.715Z,"urn:li:comment:(activity:7260511431043788801,7260528207311904768)",08d50b532ea7dbc7021955ded253e163147627a8cc81b339b26e4932bfab0e89,urn:li:activity:7260511431043788801,c6fa228dbe6ce426b8ad6ace086fb7557d5284569cb6b0ca6667416ab84d2cc8,7260511431043788801,whats the alternative to these,0.0,1.0,0.0,0.0,Neutral
Nasir Engineer,https://www.linkedin.com/in/nasirengineer,"Founder, Talk to Anyone",Real work includes the work you don't like doing - such as how to develop the negotiation skills to avoid unproductive meetings. ,2024-11-08T05:31:44.124Z,"urn:li:comment:(activity:7260511431043788801,7260524371239206912)",7ca020c9051e295ba686badd62b62bd74f8224c4b28ebb950bcf7f9a01c31c4a,urn:li:activity:7260511431043788801,c6fa228dbe6ce426b8ad6ace086fb7557d5284569cb6b0ca6667416ab84d2cc8,7260511431043788801,real work includes the work you dont like doing such as how to develop the negotiation skills to avoid unproductive meetings,0.185,0.815,0.0,-0.5122,Negative
Jayant Ghosh,https://www.linkedin.com/in/jayantghosh,"From Scaling Businesses to Leading Transformation | Sales, Growth, GTM & P&L Leadership | SaaS, AI/ML, IoT | CXO Partnerships | Building Future-Ready Businesses",Meetings are sometimes really not called for that can be sorted over just a call. ,2024-11-08T05:22:32.201Z,"urn:li:comment:(activity:7260511431043788801,7260522056306331649)",5d783e40e6d066d8b6c4bb5436fb7189160c48b0c40b5e9dfe96562c955cd79a,urn:li:activity:7260511431043788801,c6fa228dbe6ce426b8ad6ace086fb7557d5284569cb6b0ca6667416ab84d2cc8,7260511431043788801,meetings are sometimes really not called for that can be sorted over just a call,0.0,1.0,0.0,0.0,Neutral
Shrikant Shinde,https://www.linkedin.com/in/shrikkant,Founder @ Statwide | Building retention automation tool for B2B SaaS,On top of that most will say - we are a outcome driven company!,2024-11-08T05:09:57.268Z,"urn:li:comment:(activity:7260511431043788801,7260518889887780864)",af1a91bae922284144c41daa7c885fc80fe291afaa999284c77739db24eef6d2,urn:li:activity:7260511431043788801,c6fa228dbe6ce426b8ad6ace086fb7557d5284569cb6b0ca6667416ab84d2cc8,7260511431043788801,on top of that most will say we are a outcome driven company,0.0,0.859,0.141,0.2023,Positive
Nishtha Gehija,https://www.linkedin.com/in/nishthagehija26,"Author, Ghostwriter of books for CXOs, CA turned full-time writer, Writer on career and life stories","Human beings do not have time to cultivate self-esteem. So they put a bandage on it by calling everyone and having meetings, to ""appear"" important. ",2024-11-08T05:09:27.992Z,"urn:li:comment:(activity:7260511431043788801,7260518767095382016)",ed4212bf21392d4b13265614696f6bc75067353a4a54021fe2b476cd4f895b94,urn:li:activity:7260511431043788801,c6fa228dbe6ce426b8ad6ace086fb7557d5284569cb6b0ca6667416ab84d2cc8,7260511431043788801,human beings do not have time to cultivate selfesteem so they put a bandage on it by calling everyone and having meetings to appear important,0.0,0.927,0.073,0.2023,Positive
Kapil Parmar,https://www.linkedin.com/in/kapilkumarparmar,Designing spiritual curriculum to become Shuny and learning effective implementation of inclusive ecosystem.,"Most of meetings I have attended,

It felt like it were planned to show productivity of leaders. No outcomes, no agenda only formalities. 

If we start asking what will be impact/ outcome of meetings, most of meetings would get cancelled.",2024-11-08T05:08:06.658Z,"urn:li:comment:(activity:7260511431043788801,7260518425955844096)",7fe6218d2ad4f00a971fa6e38be6879d10cf297e954aa5dd7455da89ee2e8544,urn:li:activity:7260511431043788801,c6fa228dbe6ce426b8ad6ace086fb7557d5284569cb6b0ca6667416ab84d2cc8,7260511431043788801,most of meetings i have attended it felt like it were planned to show productivity of leaders no outcomes no agenda only formalities if we start asking what will be impact outcome of meetings most of meetings would get cancelled,0.146,0.797,0.057,-0.4404,Negative
Santhosh S,https://www.linkedin.com/in/santhosh-partnerships-xobin,Global Partnerships Manager @ Xobin | Enterprise Talent Intelligence | Performance & Succession Systems | Skill Development | Employee Experience & Feedback | AI Assessments & Psychometrics | Workforce Strategy,Great Perspective Dilip Kumar,2024-11-08T05:07:35.668Z,"urn:li:comment:(activity:7260511431043788801,7260518295974391808)",2392dd7b70524ec5130cb307edba7ddecec469130d0466fb5b377cfb962e1b1a,urn:li:activity:7260511431043788801,c6fa228dbe6ce426b8ad6ace086fb7557d5284569cb6b0ca6667416ab84d2cc8,7260511431043788801,great perspective dilip kumar,0.0,0.423,0.577,0.6249,Positive
Anisha Jhaveri,https://www.linkedin.com/in/anisha-jhaveri-94a15468,💡,What do you consider real work?,2024-11-08T05:07:17.499Z,"urn:li:comment:(activity:7260511431043788801,7260518219768090624)",5b9dbcf13adbf7f7a71c7438427ba945445dcd8cf0a2f13cda0d989ef2bd8b59,urn:li:activity:7260511431043788801,c6fa228dbe6ce426b8ad6ace086fb7557d5284569cb6b0ca6667416ab84d2cc8,7260511431043788801,what do you consider real work,0.0,1.0,0.0,0.0,Neutral
Navin Hemani,https://www.linkedin.com/in/navinhemani,Early-Stage Investments | Engineer | Angel Investor | ISB | IIT (BHU),I believe posting on Twitter and LinkedIn is real work? Dilip Kumar,2024-11-08T05:00:44.598Z,"urn:li:comment:(activity:7260511431043788801,7260516571821793280)",da26ca58147ceabcefb52b84821b55038f61ac3b7fc2ce300a7c2e47a826dc44,urn:li:activity:7260511431043788801,c6fa228dbe6ce426b8ad6ace086fb7557d5284569cb6b0ca6667416ab84d2cc8,7260511431043788801,i believe posting on twitter and linkedin is real work dilip kumar,0.0,1.0,0.0,0.0,Neutral
Himanshu Golwa,https://www.linkedin.com/in/himanshu-golwa,Data Analyst @ Target,I’ve fallen into this trap multiple times where the clutter around work becomes work and keeps you away from doing any real work,2024-11-08T04:58:08.240Z,"urn:li:comment:(activity:7260511431043788801,7260515916008824833)",77785429a5ddb2387f0f5a48944410cc4e1944f4d2b238d9ac2cdeb6aaf5b8bb,urn:li:activity:7260511431043788801,c6fa228dbe6ce426b8ad6ace086fb7557d5284569cb6b0ca6667416ab84d2cc8,7260511431043788801,ive fallen into this trap multiple times where the clutter around work becomes work and keeps you away from doing any real work,0.186,0.814,0.0,-0.5859,Negative
Avinash Deshmukh,https://www.linkedin.com/in/avya1,Co-Founder @iThrive I Enabling & witnessing the growth of the wonder named @iThrive I A Divine Soul I,I think it's the biggest success of corporate world 😄,2024-11-08T04:55:49.528Z,"urn:li:comment:(activity:7260511431043788801,7260515334208585728)",e3727ffccf00f8d80cb0a1aa3d356175596454b7649b657b731416e56f0648f5,urn:li:activity:7260511431043788801,c6fa228dbe6ce426b8ad6ace086fb7557d5284569cb6b0ca6667416ab84d2cc8,7260511431043788801,i think its the biggest success of corporate world,0.0,0.654,0.346,0.5719,Positive
Samar Sisodia,https://www.linkedin.com/in/samar-sisodia,2X Founder | Entrepreneur | Scaled First Startup to $1M Revenue in Under 2.5 Years | 2X [0-1] | You Tube 100K+ Subscribers,Enter the world of entrepreneurship and you will know what real work is !!,2024-11-08T04:45:40.649Z,"urn:li:comment:(activity:7260511431043788801,7260512780384919552)",36024eccb92e17714fc5ba4aac7a3cc2677f97ee1187e5e789f2faf9f3767ae6,urn:li:activity:7260511431043788801,c6fa228dbe6ce426b8ad6ace086fb7557d5284569cb6b0ca6667416ab84d2cc8,7260511431043788801,enter the world of entrepreneurship and you will know what real work is,0.0,1.0,0.0,0.0,Neutral
