Full Name,Profile URL,Headline,Comment,Timestamp,Comment URN,Comment Hash,Post URN,Post Hash,post_urn_id,processed_comment,sentiment_negative,sentiment_neutral,sentiment_positive,sentiment_compound,sentiment_label
Ani ta Sheikh,https://www.linkedin.com/in/ani-ta-sheikh-42897a1a9,Branch Manager at Shri Venkatesh Stock Broker Ser. (I) Pvt. Ltd.,Absolutely correct,2024-08-03T07:18:39.631Z,"urn:li:comment:(activity:7221742252937633792,7225399656862646272)",554b8608a0fc270ad5b64f02102ed7a10a4323e5c4d69d04e10a9d93cd33f938,urn:li:activity:7221742252937633792,28598b21663a7f900d6cbf1e7cfa05d02665dfb5c853af47cabb7f00c65128d4,7221742252937633792,absolutely correct,0.0,1.0,0.0,0.0,Neutral
Vikram Mahipal,https://www.linkedin.com/in/vikram-mahipal-a84042212,Entrepreneur at hismac enterprise,"Sir u have ability to change 
Why u can't work for rural India were 75 percentage population live",2024-08-01T16:29:08.653Z,"urn:li:comment:(activity:7221742252937633792,7224813414890496002)",8c844384d42f859c5dca56d3901840de02222a5504a76971019a7215a217d20a,urn:li:activity:7221742252937633792,28598b21663a7f900d6cbf1e7cfa05d02665dfb5c853af47cabb7f00c65128d4,7221742252937633792,sir u have ability to change why u cant work for rural india were percentage population live,0.0,0.859,0.141,0.3182,Positive
Anshuka Parwani,https://www.linkedin.com/in/anshukayoga,Yogapreneur I Redefining global perspective on Ayurveda & Wellness,Louder for the people at the back please :),2024-07-25T05:48:33.799Z,"urn:li:comment:(activity:7221742252937633792,7222115492369465345)",d818a8d3fc04ffa1146aa353c0c1383528eb9725b0653d8de6b2b6be43490683,urn:li:activity:7221742252937633792,28598b21663a7f900d6cbf1e7cfa05d02665dfb5c853af47cabb7f00c65128d4,7221742252937633792,louder for the people at the back please,0.0,0.753,0.247,0.3182,Positive
Jermina Menon MRICS,https://www.linkedin.com/in/jermina,Business & Marketing Strategist | Angel Investor | Mentor | 360° Retailer | Philomath,"Absolutely Dilip Kumar! 

Strength and empowerment come in many forms, and women lifting weights are redefining what it means to be strong. 

Let’s support and celebrate their journey towards strength and confidence.",2024-07-25T03:51:15.146Z,"urn:li:comment:(activity:7221742252937633792,7222085970119028737)",6ea4203ce0cad36dc6df4eb2bd5fdf28f76215982217f99ca9bb28ef221544cd,urn:li:activity:7221742252937633792,28598b21663a7f900d6cbf1e7cfa05d02665dfb5c853af47cabb7f00c65128d4,7221742252937633792,absolutely dilip kumar strength and empowerment come in many forms and women lifting weights are redefining what it means to be strong lets support and celebrate their journey towards strength and confidence,0.0,0.566,0.434,0.9634,Positive
Jayanti Bhattacharya,https://www.linkedin.com/in/jayantibhattacharya,Entrepreneur | Rainmatter + Zerodha | TEDx Speaker | Making Money Work for Women | Sustainability and Health Advocate,"Uff, what Guns! 💪 🤩 ",2024-07-24T16:28:57.985Z,"urn:li:comment:(activity:7221742252937633792,7221914267220893697)",af50745f2ef85fc44673e2e75c9f1456b56acfae60883122d1c53b4a19477de9,urn:li:activity:7221742252937633792,28598b21663a7f900d6cbf1e7cfa05d02665dfb5c853af47cabb7f00c65128d4,7221742252937633792,uff what guns,0.0,1.0,0.0,0.0,Neutral
Shubham Swami,https://www.linkedin.com/in/shubhamswami222,Founder & CEO @EdunoTech || EdTech || Most Emerging Olympiad || Strengthening Education || Nurturing Young Talent || Building Aptitude in Students by Innovative Testing :),"Kudos to these incredible Olympic and World champions, proving that weightlifting empowers women to be their strongest selves! Dilip Kumar",2024-07-24T09:30:04.647Z,"urn:li:comment:(activity:7221742252937633792,7221808850364981248)",c20f9ce5bd0a52417a5eee11453a0a873421b14805fbd33c6e5b8eac9001f8ad,urn:li:activity:7221742252937633792,28598b21663a7f900d6cbf1e7cfa05d02665dfb5c853af47cabb7f00c65128d4,7221742252937633792,kudos to these incredible olympic and world champions proving that weightlifting empowers women to be their strongest selves dilip kumar,0.0,0.639,0.361,0.8625,Positive
Shyamala Krishnan,https://www.linkedin.com/in/shyamala,"Senior Partner - Building Search Value ( Executive Search) - Technology, Digital & Global Pharma",Couldn't agree more Dilip Kumar. Deadlifts almost always makes me feel invincible. ,2024-07-24T07:58:31.549Z,"urn:li:comment:(activity:7221742252937633792,7221785810637836288)",0ef0f506a69ffb0163efe3a6c55f3f76ef37753f16470d80e8db0b4f1dd4e5a8,urn:li:activity:7221742252937633792,28598b21663a7f900d6cbf1e7cfa05d02665dfb5c853af47cabb7f00c65128d4,7221742252937633792,couldnt agree more dilip kumar deadlifts almost always makes me feel invincible,0.138,0.653,0.209,0.2709,Positive
Satvik PUTI,https://www.linkedin.com/in/satvikputi,Founder @Just Build It | Ambassador @Lovable | Athlete 🏃‍♂️,"Lifting weights will teach a lot of things. And no, it won’t make you bulky!",2024-07-24T07:29:38.088Z,"urn:li:comment:(activity:7221742252937633792,7221778539975458817)",b7c7dee87cdf4618903da6be841879434987867ed9f9661d3476fbedbe71e458,urn:li:activity:7221742252937633792,28598b21663a7f900d6cbf1e7cfa05d02665dfb5c853af47cabb7f00c65128d4,7221742252937633792,lifting weights will teach a lot of things and no it wont make you bulky,0.145,0.855,0.0,-0.296,Negative
Subham Charan,https://www.linkedin.com/in/subhamcharan,19k+ | Founder - Varistor™ | SolarClue.com® | VariEx® | Varistor Solar™ “Author - Campus CEO”,These women are truly inspiring. Their dedication and strength remind us that stereotypes can be shattered. It's important to encourage and support women in their pursuit of strength and confidence Dilip Kumar! ,2024-07-24T06:39:55.922Z,"urn:li:comment:(activity:7221742252937633792,7221766031868846080)",b292d73c9482ed105708a1d56e40c72a533bd29f88e22c3953ad01d8961610cd,urn:li:activity:7221742252937633792,28598b21663a7f900d6cbf1e7cfa05d02665dfb5c853af47cabb7f00c65128d4,7221742252937633792,these women are truly inspiring their dedication and strength remind us that stereotypes can be shattered its important to encourage and support women in their pursuit of strength and confidence dilip kumar,0.063,0.467,0.471,0.959,Positive
Krishna Veer Singh,https://www.linkedin.com/in/krishna-veer-singh,"Cofounder & CEO, Lissun | Solving Mental Health at Scale, with strong focus on Child Mental Health","It's true for a long time. At the 2000 Sydney Olympics, Kallam Malleswari won the bronze medal. She is  the first Indian weightlifter, male or female, to win an Olympic medal.. so here infact women won earlier than men :-)",2024-07-24T06:36:13.419Z,"urn:li:comment:(activity:7221742252937633792,7221765098619514882)",17c0b0c858f492d5055273c474d7b7c6f4d032dc913e8a2130510a300888f0ea,urn:li:activity:7221742252937633792,28598b21663a7f900d6cbf1e7cfa05d02665dfb5c853af47cabb7f00c65128d4,7221742252937633792,its true for a long time at the sydney olympics kallam malleswari won the bronze medal she is the first indian weightlifter male or female to win an olympic medal so here infact women won earlier than men,0.0,0.605,0.395,0.9648,Positive
Gaurav Malik,https://www.linkedin.com/in/gm96,Ultrahuman | Co-Founder at Fit Engineers | Ex-Dr Reddy's | NIT Warangal,"That's a great example! To all the women out there, do lift weights not just for the physical benefits it brings to you, but to become a stronger backbone to your family.",2024-07-24T06:22:46.886Z,"urn:li:comment:(activity:7221742252937633792,7221761715779117056)",dc32805cdbd52b0f6eb71c55a3bf7bb9a93da4fac289494b42feb5c21b1fe3d9,urn:li:activity:7221742252937633792,28598b21663a7f900d6cbf1e7cfa05d02665dfb5c853af47cabb7f00c65128d4,7221742252937633792,thats a great example to all the women out there do lift weights not just for the physical benefits it brings to you but to become a stronger backbone to your family,0.0,0.777,0.223,0.775,Positive
Soorya Parambath,https://www.linkedin.com/in/sooryaparambath,Founder of OHO Solutions-Zoho Premium Partner | Helping businesses automate their processes to increase ROI | CRM Implementation Expert,"Absolutely! Strength knows no gender. Women are now excelling in all fields, and weightlifting makes us stronger both inside and out.",2024-07-24T06:18:42.438Z,"urn:li:comment:(activity:7221742252937633792,7221760690485706753)",ff37a07e45ce9f197b2efc6128139f74bdf34fab9abe3acdfcb808e2a05c7d14,urn:li:activity:7221742252937633792,28598b21663a7f900d6cbf1e7cfa05d02665dfb5c853af47cabb7f00c65128d4,7221742252937633792,absolutely strength knows no gender women are now excelling in all fields and weightlifting makes us stronger both inside and out,0.085,0.585,0.33,0.7981,Positive
Manaspreet Sethi,https://www.linkedin.com/in/manaspreet,Pricing | Program Management | Strategy | Health & Fitness | IIM Indore,Nailed it!,2024-07-24T06:16:17.667Z,"urn:li:comment:(activity:7221742252937633792,7221760083276222464)",29081201926d2bea263f86e497550e2ec2d605074bd6b3aa43fb84d24ad8a657,urn:li:activity:7221742252937633792,28598b21663a7f900d6cbf1e7cfa05d02665dfb5c853af47cabb7f00c65128d4,7221742252937633792,nailed it,0.0,1.0,0.0,0.0,Neutral
Dr. Sanjay Arora,https://www.linkedin.com/in/drsanjayarora,Founding Partner - Shubhan Ventures | Founding Partner - The Wisdom Club | Founder - Suburban Diagnostics (exited) | TEDx Speaker | Public Speaker | Healthcare Evangelist | Investor,Women are more powerful than everyone gives them credit for. I truly believe in their innate ability to do anything they set their eyes on. A great reminder and message for those who consider women incapable of breaking the glass ceiling and doing what they want to Dilip Kumar,2024-07-24T06:13:31.774Z,"urn:li:comment:(activity:7221742252937633792,7221759387466383360)",12f6ffee7da95c5e9889ab471a20fa3c8b5732bb043fcdf0f92b0626fff10cdb,urn:li:activity:7221742252937633792,28598b21663a7f900d6cbf1e7cfa05d02665dfb5c853af47cabb7f00c65128d4,7221742252937633792,women are more powerful than everyone gives them credit for i truly believe in their innate ability to do anything they set their eyes on a great reminder and message for those who consider women incapable of breaking the glass ceiling and doing what they want to dilip kumar,0.044,0.679,0.277,0.9134,Positive
Sudhir Shenoy,https://www.linkedin.com/in/sudhir-shenoy,"I write about leadership, inclusion and philanthropy | Senior VP, Equate Petrochemicals | Fitness enthusiast l Views are personal","There is nothing that women cannot do, then why weights. Cheer for women—they will feel more confident.",2024-07-24T06:02:33.270Z,"urn:li:comment:(activity:7221742252937633792,7221756625504636928)",b7f41f4e117564159f249f4729eea4dc16b675d7b22ca77024ae967b2b2c097f,urn:li:activity:7221742252937633792,28598b21663a7f900d6cbf1e7cfa05d02665dfb5c853af47cabb7f00c65128d4,7221742252937633792,there is nothing that women cannot do then why weights cheer for womenthey will feel more confident,0.0,0.688,0.312,0.7778,Positive
Kartikay Shastri,https://www.linkedin.com/in/kartikayshastri,Realtor | Voice for Real Estate Agents' Mental Well-Being | Author of 3X Books,Totally agree! Women lifting weights are breaking barriers and redefining strength.,2024-07-24T06:02:06.549Z,"urn:li:comment:(activity:7221742252937633792,7221756513424412672)",6c95499c891875883688e11a3b09b6b9646245fcb30dbbd4a7521a695e8e51ff,urn:li:activity:7221742252937633792,28598b21663a7f900d6cbf1e7cfa05d02665dfb5c853af47cabb7f00c65128d4,7221742252937633792,totally agree women lifting weights are breaking barriers and redefining strength,0.0,0.6,0.4,0.7178,Positive
Dr. Raul Handa DBA,https://www.linkedin.com/in/raulahanda,Founder & CEO of The Forttuna Group | Special Envoy to UN | Stanford Seed Consultant | Private Advisor | Serial Entrepreneur | Author | Global Ambassador | Talk Show Host | 3xTEDx Speaker,"Absolutely, strength knows no gender; celebrating and supporting women in the gym is a step towards breaking stereotypes and empowering everyone.",2024-07-24T05:58:17.892Z,"urn:li:comment:(activity:7221742252937633792,7221755554367512576)",38199443eb3f34937fa749723bc61586775aecc770b67dd2f66bd603e9cdc55a,urn:li:activity:7221742252937633792,28598b21663a7f900d6cbf1e7cfa05d02665dfb5c853af47cabb7f00c65128d4,7221742252937633792,absolutely strength knows no gender celebrating and supporting women in the gym is a step towards breaking stereotypes and empowering everyone,0.086,0.56,0.353,0.8238,Positive
Jayant Ghosh,https://www.linkedin.com/in/jayantghosh,"From Scaling Businesses to Leading Transformation | Sales, Growth, GTM & P&L Leadership | SaaS, AI/ML, IoT | CXO Partnerships | Building Future-Ready Businesses","My wife lifts weight regularly, a part of keeping toned and healthy.",2024-07-24T05:41:54.124Z,"urn:li:comment:(activity:7221742252937633792,7221751428145369088)",9149471782aecaffdb50021307d4f7462e1df2047145f5f1dd2002de1d46933b,urn:li:activity:7221742252937633792,28598b21663a7f900d6cbf1e7cfa05d02665dfb5c853af47cabb7f00c65128d4,7221742252937633792,my wife lifts weight regularly a part of keeping toned and healthy,0.0,0.787,0.213,0.4019,Positive
APURVA DANGI,https://www.linkedin.com/in/apurva-dangi-2a08a566,HealthCARE Enthusiast | Ergonomist | Accidental CA | Founder - Revergon Solutions,"Men and women both have been lifting weights for millennials, may be of different types, for different purposes and magnitude - as a part of their daily life!
It was never one against the other!",2024-07-24T05:41:21.551Z,"urn:li:comment:(activity:7221742252937633792,7221751291524341760)",76e26e9c5a6003b8a1db2a5a4f4229febc3ed664d4f53b92a6692c6919e28c25,urn:li:activity:7221742252937633792,28598b21663a7f900d6cbf1e7cfa05d02665dfb5c853af47cabb7f00c65128d4,7221742252937633792,men and women both have been lifting weights for millennials may be of different types for different purposes and magnitude as a part of their daily life it was never one against the other,0.0,1.0,0.0,0.0,Neutral
Palak Tannaa,https://www.linkedin.com/in/palak-tannaa-influencermarketingexpert,Helping Brands Amplify Their Reach Through Strategic Influencer Marketing | Core Member at GroomYourGram 🚀,"Women lifting weights is empowering and breaking stereotypes.

Support and encourage every woman who steps into the gym—every rep and set contributes to her strength and confidence. 💪🏼 Dilip Kumar",2024-07-24T05:41:05.314Z,"urn:li:comment:(activity:7221742252937633792,7221751223425589248)",d473c525ed8b9659e11209f996b24b8148e36c151970fe9e81e1515d9bbd9458,urn:li:activity:7221742252937633792,28598b21663a7f900d6cbf1e7cfa05d02665dfb5c853af47cabb7f00c65128d4,7221742252937633792,women lifting weights is empowering and breaking stereotypes support and encourage every woman who steps into the gymevery rep and set contributes to her strength and confidence dilip kumar,0.0,0.667,0.333,0.91,Positive
Hitesh Bhatia,https://www.linkedin.com/in/hbhatia,Founder at JoiningHands | Family Constellation & Regression Therapist | Building a supportive community for healing & self-discovery,"Woman since birth have been lifting weights.... The weights of family, society and men",2024-07-24T05:29:18.785Z,"urn:li:comment:(activity:7221742252937633792,7221748260024041472)",7277c58611e6623869ebb8ebaebc8d684e244177d60fe92057bff8a2c210df7f,urn:li:activity:7221742252937633792,28598b21663a7f900d6cbf1e7cfa05d02665dfb5c853af47cabb7f00c65128d4,7221742252937633792,woman since birth have been lifting weights the weights of family society and men,0.0,1.0,0.0,0.0,Neutral
Rashmi Cherian,https://www.linkedin.com/in/rashmi-cherian-wellnessvows,"Performance Nutritionist | 18+ yrs exp | Sports Nutrition Consultant - Punjab FC , PSG, Telugu Titans, DYES (Odisha & Karnataka) | Advisory member - Indian Academy Of Sports Dentistry, ASIP, Special Olympics","Couldn't agree more Dilip! These champions are inspiring millions. As a strong advocate for women's strength training, I've seen firsthand the incredible benefits & transformation it brings. ",2024-07-24T05:28:15.726Z,"urn:li:comment:(activity:7221742252937633792,7221747995535364096)",943815ffd887807b3e836f8604ead53c691cdb090d5702c45784bea820dc530c,urn:li:activity:7221742252937633792,28598b21663a7f900d6cbf1e7cfa05d02665dfb5c853af47cabb7f00c65128d4,7221742252937633792,couldnt agree more dilip these champions are inspiring millions as a strong advocate for womens strength training ive seen firsthand the incredible benefits transformation it brings,0.058,0.518,0.424,0.9254,Positive
Soumyajit Ghosh,https://www.linkedin.com/in/thesoumya,"share content around business, India and learnings.",❤️ ,2024-07-24T05:26:17.526Z,"urn:li:comment:(activity:7221742252937633792,7221747499768725505)",c458be4faff1693cec07e0ea1df4a1e48c6a2b308bc17e00ab46438df6c09843,urn:li:activity:7221742252937633792,28598b21663a7f900d6cbf1e7cfa05d02665dfb5c853af47cabb7f00c65128d4,7221742252937633792,,0.0,0.0,0.0,0.0,Neutral
Ishika Agarwal,https://www.linkedin.com/in/connectishikaagarwal,Founder at Moussechoco | Featured in Times of India| Premium Corporate Gifting Solutions | Employee & Client Engagement | Helping Companies Make Moments Memorable,"Absolutely Dilip! Just like lifting weights builds strength, indulging in a Moussechoco treat can be a rewarding part of a balanced lifestyle. Let's support each other's goals, whether in the gym or with a delicious, personalized chocolate gift. 💪🍫 #EmpowerWomen #Moussechoco",2024-07-24T05:18:54.544Z,"urn:li:comment:(activity:7221742252937633792,7221745641771651072)",08383de59dd09547d9d06fab4edc483373d7b5d939744e874b5ac7d9ca01d9dc,urn:li:activity:7221742252937633792,28598b21663a7f900d6cbf1e7cfa05d02665dfb5c853af47cabb7f00c65128d4,7221742252937633792,absolutely dilip just like lifting weights builds strength indulging in a moussechoco treat can be a rewarding part of a balanced lifestyle lets support each others goals whether in the gym or with a delicious personalized chocolate gift empowerwomen moussechoco,0.0,0.576,0.424,0.9655,Positive
Siddhartha Chattopadhyay,https://www.linkedin.com/in/peacefulending,Director at Prospus | Ops-Coordinator at Kaamfu Inc. | Founder at RockTrailSleep | Authored Uttarakhand’s first Climbing Guide,Hundred Percent!,2024-07-24T05:12:48.865Z,"urn:li:comment:(activity:7221742252937633792,7221744108002852864)",ba24c756051c0cda9d7819524adbf355565d827fbb0f74b0ab597ff8abcadcb8,urn:li:activity:7221742252937633792,28598b21663a7f900d6cbf1e7cfa05d02665dfb5c853af47cabb7f00c65128d4,7221742252937633792,hundred percent,0.0,1.0,0.0,0.0,Neutral
