Full Name,Profile URL,Headline,Comment,Timestamp,Comment URN,Comment Hash,Post URN,Post Hash,post_urn_id,processed_comment,sentiment_negative,sentiment_neutral,sentiment_positive,sentiment_compound,sentiment_label
Dinesh Rochiramani,https://www.linkedin.com/in/dineshrochiramani,Passionate about identifying gaps and solving for problems - into sales & strategy,Onpery® I think your recent post on inclusiveness and your #meninmenstruation,2023-12-08T11:07:55.850Z,"urn:li:comment:(ugcPost:7138038307703160835,7138846654748655616)",e00310c9fb9b7a34d5b2303139205dc72c1ffafab8dd9f659cd4b00d528a028b,urn:li:ugcPost:7138038307703160835,3039d53846acbb555e0a99feeb4db8274bcdda82a94394dd7ebaffe40c8f3ed6,7138038307703160835,onpery i think your recent post on inclusiveness and your meninmenstruation,0.0,1.0,0.0,0.0,Neutral
Ritu Chandra,https://www.linkedin.com/in/chandraritu,"Vice President - Capgemini Invent | Head of Intelligent Industry, India",Karun Gopinath Pranab Kulkarni Harsh Saraswat ,2023-12-06T17:01:07.016Z,"urn:li:comment:(ugcPost:7138038307703160835,7138210761209810945)",b9fa6bd67968e9ed6994a070d62ca7bb843213ff2d835ef16c8c67a797670d17,urn:li:ugcPost:7138038307703160835,3039d53846acbb555e0a99feeb4db8274bcdda82a94394dd7ebaffe40c8f3ed6,7138038307703160835,karun gopinath pranab kulkarni harsh saraswat,0.367,0.633,0.0,-0.4404,Negative
Vikas Bagaria,https://www.linkedin.com/in/vikkivik,Founder-Pee Safe | Enabling better hygiene for you since 2013,"Dilip, I am glad we had this chat yesterday on the present situation of Menstrual Hygiene in India. We definitely need more men to come forward and make this into regular chats.",2023-12-06T14:16:35.410Z,"urn:li:comment:(ugcPost:7138038307703160835,7138169356693278720)",55d6b6ba47629654e33f1bdb4b5e172b82d5194a2d661e9d45f8b7f5b8c67b17,urn:li:ugcPost:7138038307703160835,3039d53846acbb555e0a99feeb4db8274bcdda82a94394dd7ebaffe40c8f3ed6,7138038307703160835,dilip i am glad we had this chat yesterday on the present situation of menstrual hygiene in india we definitely need more men to come forward and make this into regular chats,0.0,0.836,0.164,0.6908,Positive
Swapnil Vats,https://www.linkedin.com/in/swapnilvats,Building the Luna Ring | Prev: Founder at SocialBoat (acq. by Noise),"We did a Menstrual Health Survey recently - 68% women felt uncomfortable talking to male members in the family. Less than 7% were taught about menstruation in schools. 

Educate in Schools - so boys and girls get the right conditioning from their childhood. 

Empower in Families - so we all know it is nothing to be ashamed of ",2023-12-06T12:40:37.087Z,"urn:li:comment:(ugcPost:7138038307703160835,7138145204536086529)",a0b50506e1e9fa8d1c3d35d10737c257447dee2f0cbfcfd6d2eefb0e81c4a683,urn:li:ugcPost:7138038307703160835,3039d53846acbb555e0a99feeb4db8274bcdda82a94394dd7ebaffe40c8f3ed6,7138038307703160835,we did a menstrual health survey recently women felt uncomfortable talking to male members in the family less than were taught about menstruation in schools educate in schools so boys and girls get the right conditioning from their childhood empower in families so we all know it is nothing to be ashamed of,0.047,0.907,0.046,-0.0119,Neutral
Vanya Goel,https://www.linkedin.com/in/vanyagoel,Entrepreneur | 3x SaaS CoFounder | GenAI | HR Leader and Consultant | Global Motivational Speaker | Podcast Host | Mentor | Brand Builder | Leadership Coach | Proud Mom on a Mission ✨,"I was always shy to talk about menstruation, pads, and cramps with my father. Why? You can call it social conditioning. But, now I have a daughter, who is but very young. So, now I am sensitizing my husband. When the time comes, may he be empowered to support his little girl. Every family needs to come together to break this taboo and stigma.",2023-12-06T10:04:28.605Z,"urn:li:comment:(ugcPost:7138038307703160835,7138105910274490368)",8a8d2c3d67b509c0f9dff4dd61ce4c5ae497efc2eb0d618eb6589e50fe395eb1,urn:li:ugcPost:7138038307703160835,3039d53846acbb555e0a99feeb4db8274bcdda82a94394dd7ebaffe40c8f3ed6,7138038307703160835,i was always shy to talk about menstruation pads and cramps with my father why you can call it social conditioning but now i have a daughter who is but very young so now i am sensitizing my husband when the time comes may he be empowered to support his little girl every family needs to come together to break this taboo and stigma,0.024,0.92,0.056,0.4678,Positive
Ichha Sra,https://www.linkedin.com/in/ichhasra,NBC- HWC I Unlocking the real you,so beautiful .... though my dad was very open to this discussion ....my neighbourhood/society wasnt .. i had to figure out so much myself,2023-12-06T10:02:28.643Z,"urn:li:comment:(ugcPost:7138038307703160835,7138105407117434880)",bdc40f89e3371965da6039d2d6203b35bf2412386f94b893ce1557233bf04887,urn:li:ugcPost:7138038307703160835,3039d53846acbb555e0a99feeb4db8274bcdda82a94394dd7ebaffe40c8f3ed6,7138038307703160835,so beautiful though my dad was very open to this discussion my neighbourhoodsociety wasnt i had to figure out so much myself,0.0,0.827,0.173,0.6361,Positive
🧠 Sridhar Ranganathan,https://www.linkedin.com/in/sridharnathan,Go from Offline to Pipeline,Such an important topic to be discussed with daughters. Thanks for sharing the video Dilip Kumar ,2023-12-06T09:55:47.779Z,"urn:li:comment:(ugcPost:7138038307703160835,7138103725771915264)",33e2b0017184d373916167127675ebff3a0a9ad4d5c8bc915b061e54bcfd6249,urn:li:ugcPost:7138038307703160835,3039d53846acbb555e0a99feeb4db8274bcdda82a94394dd7ebaffe40c8f3ed6,7138038307703160835,such an important topic to be discussed with daughters thanks for sharing the video dilip kumar,0.0,0.634,0.366,0.7579,Positive
Aneesh Khanna,https://www.linkedin.com/in/aneeshkhanna,Author | Your 'Idea to Enterprise' Guy | Making sense of Entrepreneurship for early stage founders | Supporting student founders | Myrah's Dad,"What a beautiful post Dilip Kumar. My daughter, almost 12 years now, speaks very openly to me about cramps, pantyliners, brand choices etc. We started our conversation with Aditi Gupta's book https://www.menstrupedia.com/. Menstrupedia gave her the confidence to be ready and also talk about it openly with me and also with her cousins and friends. It builds a different Father- Daughter bond. ",2023-12-06T06:51:33.403Z,"urn:li:comment:(ugcPost:7138038307703160835,7138057360362663936)",eb6ed784a61250a7d3ad59e7550ed5ccb7f0d28a69f451931ded6d6d3cfb80f7,urn:li:ugcPost:7138038307703160835,3039d53846acbb555e0a99feeb4db8274bcdda82a94394dd7ebaffe40c8f3ed6,7138038307703160835,what a beautiful post dilip kumar my daughter almost years now speaks very openly to me about cramps pantyliners brand choices etc we started our conversation with aditi guptas book menstrupedia gave her the confidence to be ready and also talk about it openly with me and also with her cousins and friends it builds a different father daughter bond,0.0,0.808,0.192,0.9153,Positive
Abhishek Mohan,https://www.linkedin.com/in/mohanabhishek,"Founder | Husband to a superwoman | Proud 2x #girldad | Medical Cannabis | Phase1 clinical trial| Formulation Femme, a global pioneer in the quest to provide a clinically backed solution for Dysmenorrhea.","1000%. We’ve been in that fight from the start and continue to push for better solutions for one part of it, Primary and secondary dysmenorrhea. Happy to share notes.",2023-12-06T06:16:51.525Z,"urn:li:comment:(ugcPost:7138038307703160835,7138048628329259008)",eb5df2174c0efd0563d7391d56263c261ac537f7a25840aaadba0227b75f11cb,urn:li:ugcPost:7138038307703160835,3039d53846acbb555e0a99feeb4db8274bcdda82a94394dd7ebaffe40c8f3ed6,7138038307703160835,weve been in that fight from the start and continue to push for better solutions for one part of it primary and secondary dysmenorrhea happy to share notes,0.072,0.637,0.291,0.7845,Positive
