Full Name,Profile URL,Headline,Comment,Timestamp,Comment URN,Comment Hash,Post URN,Post Hash,post_urn_id,processed_comment,sentiment_negative,sentiment_neutral,sentiment_positive,sentiment_compound,sentiment_label
Adi Ramani,https://www.linkedin.com/in/adi-ramani-4b7660ab,.,Anurag Ramani,2024-02-25T16:57:13.508Z,"urn:li:comment:(ugcPost:7164480407277592577,7167563198919905280)",960f12e1dd5973467f2ca6a1cf6729cc35e7cffeb649ec35e6f56b7857a789ed,urn:li:ugcPost:7164480407277592577,21bb4940403aef84d33973e1e290dd2a6d62532af93f95c31bcf5d1a6bb02c04,7164480407277592577,anurag ramani,0.0,1.0,0.0,0.0,Neutral
Dinesh Rochiramani,https://www.linkedin.com/in/dineshrochiramani,Passionate about identifying gaps and solving for problems - into sales & strategy,.,2024-02-22T23:26:46.215Z,"urn:li:comment:(ugcPost:7164480407277592577,7166574067561562113)",40ce786ff7da5ced3d863a91b7c461867327aba75dfa9b5323413fae7fbf739f,urn:li:ugcPost:7164480407277592577,21bb4940403aef84d33973e1e290dd2a6d62532af93f95c31bcf5d1a6bb02c04,7164480407277592577,,0.0,0.0,0.0,0.0,Neutral
Avinash Shanbhag⛵,https://www.linkedin.com/in/avinash-shanbhag,GTM Engineer | GrowthX Alum | Sailing,"Sagar Rai
",2024-02-19T18:31:21.691Z,"urn:li:comment:(ugcPost:7164480407277592577,7165412561927045120)",fa3e3e20c81d8f7243f8542e1ae492e0d2f80706b43f243263966456ae108ed8,urn:li:ugcPost:7164480407277592577,21bb4940403aef84d33973e1e290dd2a6d62532af93f95c31bcf5d1a6bb02c04,7164480407277592577,sagar rai,0.0,1.0,0.0,0.0,Neutral
Ravinder Chauhan,https://www.linkedin.com/in/ravinder-chauhan-49a04195,"Director @ Mirage Holidays Pvt Ltd | Curator of Immersive India Experiences | Specialist in Historical, Cultural, Spiritual, Wildlife & Adventure Tours | India | Nepal | Bhutan | Sri Lanka",What's about saints and yogis? They hardly eat any high protein diet and still maintaining the healthy life. ,2024-02-19T10:25:15.430Z,"urn:li:comment:(ugcPost:7164480407277592577,7165290229757566976)",73d5d909bbc1195553bbd0687feb269787cae8d674fb104a8b525d0aedbb8d70,urn:li:ugcPost:7164480407277592577,21bb4940403aef84d33973e1e290dd2a6d62532af93f95c31bcf5d1a6bb02c04,7164480407277592577,whats about saints and yogis they hardly eat any high protein diet and still maintaining the healthy life,0.0,0.863,0.137,0.4019,Positive
Piyush Nagpal,https://www.linkedin.com/in/piyush-nagpal-60a0075b,B2B | SaaS | AI Product Builder,Chirag Taneja we were discussing this on proteins & the category!,2024-02-18T03:22:53.156Z,"urn:li:comment:(ugcPost:7164480407277592577,7164821548690862080)",8367803ece134dec6778296f59d027b8678d1dd11a59337fac35dfeb41281d8b,urn:li:ugcPost:7164480407277592577,21bb4940403aef84d33973e1e290dd2a6d62532af93f95c31bcf5d1a6bb02c04,7164480407277592577,chirag taneja we were discussing this on proteins the category,0.0,1.0,0.0,0.0,Neutral
Dr. Riyaj Khan,https://www.linkedin.com/in/riyajkhan,Founder & Executive Director @ NASA Hospitals | On a Mission to Build India’s Leading Chain of Specialty Care Hospitals | Building a Patient-First Ecosystem |,Great discussion topic!  Protein deficiency is a worrying statistic.     Will be interested to hear the entrepreneurs' thoughts on navigating the supplement market and building consumer trust. Looking forward to listening to the podcast! ,2024-02-17T15:50:02.319Z,"urn:li:comment:(ugcPost:7164480407277592577,7164647187962847232)",049ca6302edc1f19fa7c3c90bfa48a8cef2f6c37ddaf5f55bf5ec30b7fbb295d,urn:li:ugcPost:7164480407277592577,21bb4940403aef84d33973e1e290dd2a6d62532af93f95c31bcf5d1a6bb02c04,7164480407277592577,great discussion topic protein deficiency is a worrying statistic will be interested to hear the entrepreneurs thoughts on navigating the supplement market and building consumer trust looking forward to listening to the podcast,0.059,0.691,0.249,0.8271,Positive
Ria Rustagi,https://www.linkedin.com/in/ria-rustagi,"Co-Founder & CEO at Sychedelic (Ex-Neuphony, As seen on Shark Tank India Season 2) | UN Top 100 Women India | Forbes 30 Under 30 (Special Mention) | Women on a Mission|",It’s encouraging to see entrepreneurs focusing on addressing nutritional needs and contributing to improving the health and well-being of people in India.,2024-02-17T13:52:20.244Z,"urn:li:comment:(ugcPost:7164480407277592577,7164617567473528832)",07c21347acf85d60359bd6caff67da28249a03ac60f872fba17c4615a5e98486,urn:li:ugcPost:7164480407277592577,21bb4940403aef84d33973e1e290dd2a6d62532af93f95c31bcf5d1a6bb02c04,7164480407277592577,its encouraging to see entrepreneurs focusing on addressing nutritional needs and contributing to improving the health and wellbeing of people in india,0.0,0.763,0.237,0.7351,Positive
Solomon Daniel,https://www.linkedin.com/in/solomon-daniel-5785437,Building an inclusive and emotionally resilient community,Sharmistha Ghosh,2024-02-17T11:34:33.785Z,"urn:li:comment:(ugcPost:7164480407277592577,7164582895431376897)",e399f5cb2d7e8afdcf0bb381198b01bc07f2001c1fc3c6ed56dce2c3ac25c053,urn:li:ugcPost:7164480407277592577,21bb4940403aef84d33973e1e290dd2a6d62532af93f95c31bcf5d1a6bb02c04,7164480407277592577,sharmistha ghosh,0.0,1.0,0.0,0.0,Neutral
Devjan Guha,https://www.linkedin.com/in/devjan-guha,⭐⭐⭐⭐⭐ Business Developer & Marketer | Client Servicing | Key Accounts Management | Business Intelligence | Channel Sales | Inside Sales | B2B Sales | Corporate Sales | Trade Sales,"Obviously when u sit with entrepreneurs, they will vouch for the demand of the market mostly. If you would have sat with doctors, nutritionists - the discussion would have happened on the basis of customer centric and market potential.",2024-02-17T10:03:45.684Z,"urn:li:comment:(ugcPost:7164480407277592577,7164560044439560192)",af5f33727f9ef714883ece2f6c96616f314bbaac5ff559d968433806aa89bb04,urn:li:ugcPost:7164480407277592577,21bb4940403aef84d33973e1e290dd2a6d62532af93f95c31bcf5d1a6bb02c04,7164480407277592577,obviously when u sit with entrepreneurs they will vouch for the demand of the market mostly if you would have sat with doctors nutritionists the discussion would have happened on the basis of customer centric and market potential,0.04,0.96,0.0,-0.128,Negative
Hitesh Bhatia,https://www.linkedin.com/in/hbhatia,Founder at JoiningHands | Family Constellation & Regression Therapist | Building a supportive community for healing & self-discovery,"Dilip Kumar - In the energy space, proteins represent  Power. 
What proteins do is that they grow and repair tissues. 

In the energy healing realm, we believe they strengthen and empower. Without proteins, we feel powerless or victimized by life’s ups and downs. 

Consuming more protein than needed signals that you’re out of touch with your inner power or you’re doubting your ability to cope with life’s issues.",2024-02-17T09:30:22.817Z,"urn:li:comment:(ugcPost:7164480407277592577,7164551643810721792)",7067ab233cb4040a9169c14a6a14383fb9a66b2556609daddc7bccd3fdff9208,urn:li:ugcPost:7164480407277592577,21bb4940403aef84d33973e1e290dd2a6d62532af93f95c31bcf5d1a6bb02c04,7164480407277592577,dilip kumar in the energy space proteins represent power what proteins do is that they grow and repair tissues in the energy healing realm we believe they strengthen and empower without proteins we feel powerless or victimized by lifes ups and downs consuming more protein than needed signals that youre out of touch with your inner power or youre doubting your ability to cope with lifes issues,0.109,0.777,0.114,-0.1531,Negative
Priyanka Gupta,https://www.linkedin.com/in/priyankaiitk,Executive Fitness Mindset Coach | Health/Fitness Startup Growth Advisor | Entrepreneur | IIT Kanpur,"Will def watch the episode. 
The diet is the core of your health / fitness. People these days like to pop pills for everything. I am NOT against supplements but that can not be the starting point. ",2024-02-17T08:05:51.400Z,"urn:li:comment:(ugcPost:7164480407277592577,7164530372746096641)",4318f385301ffb4bbe55073be3418b669a40bde6d996c7d01c95cc0a2a4024ff,urn:li:ugcPost:7164480407277592577,21bb4940403aef84d33973e1e290dd2a6d62532af93f95c31bcf5d1a6bb02c04,7164480407277592577,will def watch the episode the diet is the core of your health fitness people these days like to pop pills for everything i am not against supplements but that can not be the starting point,0.0,0.909,0.091,0.3182,Positive
Raj Thakkar,https://www.linkedin.com/in/raj-thakkar-drnk,"Co-Founder, drnk • Growth Hacker • Brand Builder • D2C Enthusiast • WTFund (C2/24)",Samit Gupta amazing insights,2024-02-17T07:19:16.604Z,"urn:li:comment:(ugcPost:7164480407277592577,7164518650517950464)",1a219294b8d64c7c7a339c46e9ba70fa0db3d44c7d4f2bf2bb6922b6a84321a7,urn:li:ugcPost:7164480407277592577,21bb4940403aef84d33973e1e290dd2a6d62532af93f95c31bcf5d1a6bb02c04,7164480407277592577,samit gupta amazing insights,0.0,0.441,0.559,0.5859,Positive
Raj Thakkar,https://www.linkedin.com/in/raj-thakkar-drnk,"Co-Founder, drnk • Growth Hacker • Brand Builder • D2C Enthusiast • WTFund (C2/24)",Well said Pranav Malhotra,2024-02-17T07:18:31.430Z,"urn:li:comment:(ugcPost:7164480407277592577,7164518461044342784)",82384a8b733a5dd9674c09e1223e850b195e20bfcf0defa193f0dbb2f78932c2,urn:li:ugcPost:7164480407277592577,21bb4940403aef84d33973e1e290dd2a6d62532af93f95c31bcf5d1a6bb02c04,7164480407277592577,well said pranav malhotra,0.0,0.588,0.412,0.2732,Positive
Sushant Kumar,https://www.linkedin.com/in/sushantkumarentrepreneur,"Founder-Genefitletics|IEAlumni|Built Asia’s premier system biology platform to early detect metabolic diseases, autism & oral cancer|Molecular Biochemistry |Transforming human biology into molecular data warehouse","A fun fact for everyone , the food we eat is first available to microbes in the mouth who predigest the food and makes available for it’s absorption in small and large intestine. Excess protein reaches gut where microbes living there ferment protein into harmful metabolites that trigger range of diseases. Pushing protein is just a way for supplement company to push their sales. Citation : https://www.ncbi.nlm.nih.gov/pmc/articles/PMC7657053/.   ; https://pubmed.ncbi.nlm.nih.gov/36524472/#:~:text=Abstract,modulation%20of%20adrenergic%20receptor%20signaling.",2024-02-17T06:53:57.965Z,"urn:li:comment:(ugcPost:7164480407277592577,7164512280884207616)",0cff02d54a5f2439afd58cf08bd97effdda257fa67e04c1c9df3fd82ea9ad7cb,urn:li:ugcPost:7164480407277592577,21bb4940403aef84d33973e1e290dd2a6d62532af93f95c31bcf5d1a6bb02c04,7164480407277592577,a fun fact for everyone the food we eat is first available to microbes in the mouth who predigest the food and makes available for its absorption in small and large intestine excess protein reaches gut where microbes living there ferment protein into harmful metabolites that trigger range of diseases pushing protein is just a way for supplement company to push their sales citation,0.0,0.93,0.07,0.5423,Positive
Raveen Sastry,https://www.linkedin.com/in/raveens,Founding Partner at Multiply Ventures,"I'm no expert..but just from experience, I've found that fiber plays a far more important role for me than protein. My gut health improves and this makes me feel lighter and much better during my workouts.",2024-02-17T06:46:50.880Z,"urn:li:comment:(ugcPost:7164480407277592577,7164510489559941120)",b8fc2e98b9da05a7f4df8fe1c18894123d4f9431c0467ae9aff69bd90f6b3081,urn:li:ugcPost:7164480407277592577,21bb4940403aef84d33973e1e290dd2a6d62532af93f95c31bcf5d1a6bb02c04,7164480407277592577,im no expertbut just from experience ive found that fiber plays a far more important role for me than protein my gut health improves and this makes me feel lighter and much better during my workouts,0.052,0.714,0.233,0.7645,Positive
Sourabh Pardeshi,https://www.linkedin.com/in/sourabhsinghpardeshi,Nutrition and fitness coach | Strength and conditioning coach | ex hospitality professional,Rooting for all three of our home grown brands Neulife Nutrition Trunativ The Whole Truth Foods! 👏 👏 ,2024-02-17T06:11:53.442Z,"urn:li:comment:(ugcPost:7164480407277592577,7164501692267282433)",5d05ce0098620317f1d08e0cd219e8a2a148de89d67b8ae1becf9bbbfa47b617,urn:li:ugcPost:7164480407277592577,21bb4940403aef84d33973e1e290dd2a6d62532af93f95c31bcf5d1a6bb02c04,7164480407277592577,rooting for all three of our home grown brands neulife nutrition trunativ the whole truth foods,0.0,0.867,0.133,0.3182,Positive
Samit Gupta,https://www.linkedin.com/in/samit-gupta-86248021,"Founder/Formulator-in-Chief at Neulife | US & India Patents | Talks about- Exercise Physiology, Metabolic Health & Nutritional Science",Ah finally Dilip Kumar 💪,2024-02-17T05:40:59.734Z,"urn:li:comment:(ugcPost:7164480407277592577,7164493917256716288)",2839c39b257b8cf5837ad492037bfd5d480902b5e191f7063d4fbf53ab7ba9e1,urn:li:ugcPost:7164480407277592577,21bb4940403aef84d33973e1e290dd2a6d62532af93f95c31bcf5d1a6bb02c04,7164480407277592577,ah finally dilip kumar,0.0,1.0,0.0,0.0,Neutral
Taru Chaddha,https://www.linkedin.com/in/taru-chaddha-5350863,Founder & Chief Instructor - RedMat Pilates | Specialist in Women’s Health | TEDx Speaker,Looking forward to this discussion,2024-02-17T05:02:00.102Z,"urn:li:comment:(ugcPost:7164480407277592577,7164484104124657664)",ca3e90b03640144ead00ccd3708205c9f0fb9493ffef1e907c2e11b8b858b86e,urn:li:ugcPost:7164480407277592577,21bb4940403aef84d33973e1e290dd2a6d62532af93f95c31bcf5d1a6bb02c04,7164480407277592577,looking forward to this discussion,0.0,1.0,0.0,0.0,Neutral
Jayant Ghosh,https://www.linkedin.com/in/jayantghosh,"From Scaling Businesses to Leading Transformation | Sales, Growth, GTM & P&L Leadership | SaaS, AI/ML, IoT | CXO Partnerships | Building Future-Ready Businesses",How affordable it is going to be for the masses - 80% and what should be the mode for educating them?,2024-02-17T04:58:19.180Z,"urn:li:comment:(ugcPost:7164480407277592577,7164483177510518784)",b90391ae71fd6f923f8b63da3fed374d2348de1154ffde21a446d42931f1f5af,urn:li:ugcPost:7164480407277592577,21bb4940403aef84d33973e1e290dd2a6d62532af93f95c31bcf5d1a6bb02c04,7164480407277592577,how affordable it is going to be for the masses and what should be the mode for educating them,0.0,1.0,0.0,0.0,Neutral
Rohan Mukherjee,https://www.linkedin.com/in/rohan-mukherjee1,Building Aspora | Growth | Product & Marketing,Turning out to be the best health and fitness podcast in the country! Thanks for brining this!🙌🏽,2024-02-17T04:57:35.349Z,"urn:li:comment:(ugcPost:7164480407277592577,7164482993669988352)",6977b4a74771430074677c6db6f884f73471fb68da70de55a8cffc5532e47553,urn:li:ugcPost:7164480407277592577,21bb4940403aef84d33973e1e290dd2a6d62532af93f95c31bcf5d1a6bb02c04,7164480407277592577,turning out to be the best health and fitness podcast in the country thanks for brining this,0.0,0.603,0.397,0.8481,Positive
Suresh Madha,https://www.linkedin.com/in/suresh-madha-47427b128,"| Building The Good Box | |Stay Hungry, Stay Crazy | || #D2C #consumerbrands ||",www.thegoodsoul.in is on it's way but i don't know why you said as it is not in your area of interest? ,2024-02-17T04:52:47.875Z,"urn:li:comment:(ugcPost:7164480407277592577,7164481787916668928)",82ad133c11acbfe79a9cdd8e469292eb8af9e334607ba5b43d7853596bd83a6f,urn:li:ugcPost:7164480407277592577,21bb4940403aef84d33973e1e290dd2a6d62532af93f95c31bcf5d1a6bb02c04,7164480407277592577,is on its way but i dont know why you said as it is not in your area of interest,0.0,0.818,0.182,0.6124,Positive
Dilip Kumar,https://www.linkedin.com/in/dilipevs,Entrepreneur| Investments at Rainmatter | Endurance athlete,"Links to full podcast
Youtube: https://youtu.be/ydh_vgTGze0

Spotify: https://open.spotify.com/episode/2zdTKXrxpmckSFe79oafPd?si=600cb8bb8a184aca&nd=1&dlsi=0eaf1fd51e23440f

Apple: https://podcasts.apple.com/in/podcast/two-billion-dollar-supplements-market-do-indians-need/id1659991514?i=1000645312468",2024-02-17T04:48:16.408Z,"urn:li:comment:(ugcPost:7164480407277592577,7164480649305804800)",b6e95231e513b8352b73f0118b78ef698e3f1dfdff03242f01be2ef6de2b6124,urn:li:ugcPost:7164480407277592577,21bb4940403aef84d33973e1e290dd2a6d62532af93f95c31bcf5d1a6bb02c04,7164480407277592577,links to full podcast youtube spotify apple,0.0,1.0,0.0,0.0,Neutral
