Full Name,Profile URL,Headline,Comment,Timestamp,Comment URN,Comment Hash,Post URN,Post Hash,post_urn_id,processed_comment,sentiment_negative,sentiment_neutral,sentiment_positive,sentiment_compound,sentiment_label
Home Fit India,,320 followers,"This is a encouraging to see how the leadership at Zerodha and Rainmatter brings impact in the company's culture towards health and wellness. 

We at Home Fit India are providing the tools for consistent and convenient fitness for working professionals like you. 

May it be sport or general fitness, our focus is to help people involve in strength training and improve strength, endurance, sports performance or efficiency at workplace. 
The five components of Fitness can be achieved conveniently when you have the tools at affordable fees. 
Sriram Chidambaram Dilip Kumar ",2023-11-29T03:14:05.061Z,"urn:li:comment:(activity:7134041604511715329,7135465916590374912)",d3c648f2bfa80d07efd87dcc408819e96a2f33558aec6c203c38b64618a51305,urn:li:activity:7134041604511715329,3ca088d1d961d53adf564121f5d7a290ca0710d79306711daef0bc0153e00219,7134041604511715329,this is a encouraging to see how the leadership at zerodha and rainmatter brings impact in the companys culture towards health and wellness we at home fit india are providing the tools for consistent and convenient fitness for working professionals like you may it be sport or general fitness our focus is to help people involve in strength training and improve strength endurance sports performance or efficiency at workplace the five components of fitness can be achieved conveniently when you have the tools at affordable fees sriram chidambaram dilip kumar,0.0,0.706,0.294,0.9819,Positive
Vimal Kumarasamy,https://www.linkedin.com/in/vimalkumarasamy,Building scalable ad tech at Amazon,"This thread is pure gold https://lnkd.in/giV8PgBA 

Very proud of you Dilip Kumar :) ",2023-11-28T18:37:16.224Z,"urn:li:comment:(activity:7134041604511715329,7135335856101326848)",263a07e1ba97fd4c4ec39eb664d97c64ee94dd4642c2894efd8cf26228418828,urn:li:activity:7134041604511715329,3ca088d1d961d53adf564121f5d7a290ca0710d79306711daef0bc0153e00219,7134041604511715329,this thread is pure gold very proud of you dilip kumar,0.0,0.747,0.253,0.5256,Positive
Radhika Prasad,https://www.linkedin.com/in/radhika-prasad-ar,"PhD student at Indian Institute of Technology, Kanpur",This is so heartening to see. And here we have people in academia who look down upon sporting activities. ,2023-11-25T16:35:35.423Z,"urn:li:comment:(activity:7134041604511715329,7134218070721507328)",708de68c8c2e676de68b9102be01c3d0872626d6791b60813258907e222ed170,urn:li:activity:7134041604511715329,3ca088d1d961d53adf564121f5d7a290ca0710d79306711daef0bc0153e00219,7134041604511715329,this is so heartening to see and here we have people in academia who look down upon sporting activities,0.0,1.0,0.0,0.0,Neutral
Pawan Gupta,https://www.linkedin.com/in/pawan-gupta-03a34528,"Principal Consultant | Head of Operations | Service Delivery , Cloud infra , Data Science","I love the thought of Mr Nithin Kamath for being fit while working , he is leading by examples",2023-11-25T12:08:56.318Z,"urn:li:comment:(activity:7134041604511715329,7134150965611421696)",4abe4a644516bdd76b2737a41721504470cfcb9556061013a61c4a69985d7a64,urn:li:activity:7134041604511715329,3ca088d1d961d53adf564121f5d7a290ca0710d79306711daef0bc0153e00219,7134041604511715329,i love the thought of mr nithin kamath for being fit while working he is leading by examples,0.0,0.691,0.309,0.7717,Positive
Deepak Raj,https://www.linkedin.com/in/deepakgraj,"Founder/CEO, Yoska | Country Head - HYROX INDIA & IRONMAN India | Over 25 IRONMAN Race Finishes |",Good to see you Dilip Kumar and your teams participate at IRONMAN INDIA and the Corporate Relay Challenge in Goa. We have created that to encourage more people to take up the relay option and hoping that in turn gets them going towards their health and fitness journey. We are planning to launch a solution in the next few days to facilitate the creation of a relay team across and very encouraging to see what you are promoting within Zerodha and Rainmatter. ,2023-11-25T10:44:04.890Z,"urn:li:comment:(activity:7134041604511715329,7134129610614591490)",46a260d588fabefe18c71cc47cc3237e9e0b33be2c4b15dc1303f40857cef735,urn:li:activity:7134041604511715329,3ca088d1d961d53adf564121f5d7a290ca0710d79306711daef0bc0153e00219,7134041604511715329,good to see you dilip kumar and your teams participate at ironman india and the corporate relay challenge in goa we have created that to encourage more people to take up the relay option and hoping that in turn gets them going towards their health and fitness journey we are planning to launch a solution in the next few days to facilitate the creation of a relay team across and very encouraging to see what you are promoting within zerodha and rainmatter,0.0,0.737,0.263,0.9682,Positive
Muthu T.,https://www.linkedin.com/in/muthu-thavamani,Blockchain Engineer | Data Engineer (DBX Certified) | Startup Solution Specialist (Web2 & Web3) | Blockchain • Video Streaming • Cloud (AWS/GCP) • Go • Python • Solidity • Flutter,Well said Dilip Kumar 👏🏽👏🏽,2023-11-25T09:48:40.462Z,"urn:li:comment:(activity:7134041604511715329,7134115666957127680)",1713090ddeaa675081f59ee7a01dbe4f9c6d4342738fbce7cd43cc6e9ed5fed5,urn:li:activity:7134041604511715329,3ca088d1d961d53adf564121f5d7a290ca0710d79306711daef0bc0153e00219,7134041604511715329,well said dilip kumar,0.0,0.588,0.412,0.2732,Positive
TOMEK,,"6,712 followers",Great to see how Zerodha & Rainmatter have made it a part of their culture. Kudos to Dilip Kumar and the team for leading by example!,2023-11-25T09:17:44.599Z,"urn:li:comment:(activity:7134041604511715329,7134107882899271680)",b5644d43f91be9b76de86c038074e4f832a1529fb96bd6ec55ded62d8b3a16d6,urn:li:activity:7134041604511715329,3ca088d1d961d53adf564121f5d7a290ca0710d79306711daef0bc0153e00219,7134041604511715329,great to see how zerodha rainmatter have made it a part of their culture kudos to dilip kumar and the team for leading by example,0.0,0.748,0.252,0.8126,Positive
Vinod Sridhar,https://www.linkedin.com/in/vinodsridhar,Driving Sustainability & Blue Economy Growth | Sales Strategist | Aligning Business with Planet-Positive Impact, It's truly refreshing to see how Zerodha & Rainmatter have embraced a simple yet effective approach to employee wellness. ,2023-11-25T09:06:46.397Z,"urn:li:comment:(activity:7134041604511715329,7134105122204237824)",35166aa60ee282f6cb14678da20f5a80dfa7ca66f6054154616dac990a3091d8,urn:li:activity:7134041604511715329,3ca088d1d961d53adf564121f5d7a290ca0710d79306711daef0bc0153e00219,7134041604511715329,its truly refreshing to see how zerodha rainmatter have embraced a simple yet effective approach to employee wellness,0.0,0.611,0.389,0.836,Positive
Amit Subodh,https://www.linkedin.com/in/amitsubodh,Building Quaricle | Manufacturing Services for Global Brands,Amazing..,2023-11-25T09:06:18.437Z,"urn:li:comment:(activity:7134041604511715329,7134105004931481600)",976e061c5e1598c4e53b8f63ef1cfbf81a532b1ebe9ca2ba3b1a3b87d2b22fdb,urn:li:activity:7134041604511715329,3ca088d1d961d53adf564121f5d7a290ca0710d79306711daef0bc0153e00219,7134041604511715329,amazing,0.0,0.0,1.0,0.5859,Positive
Rohit Ramesh,https://www.linkedin.com/in/rohit-ramesh,"Helping businesses grow organically through SEO, Social Media & Content Marketing | WordPress Website Creator | 7+ yrs driving visibility & engagement that converts","It's wonderful to see how Zerodha & Rainmatter prioritize employee wellness through a simple yet effective approach like sports participation.

Building a healthy company culture is indeed an ongoing journey, and the camaraderie and motivation that come from participating in events together can make a significant difference. 

Kudos to Nithin, Vishnu, and you for crossing that IronMan finish line as a corporate relay team! 🏊‍♂️🚴‍♂️🏃‍♂️💪",2023-11-25T08:51:13.694Z,"urn:li:comment:(activity:7134041604511715329,7134101210160123905)",c0d9b477eeb8a51570b8a03d6c09a8cc2e29dce15595bc8820a43d413a2b4c0b,urn:li:activity:7134041604511715329,3ca088d1d961d53adf564121f5d7a290ca0710d79306711daef0bc0153e00219,7134041604511715329,its wonderful to see how zerodha rainmatter prioritize employee wellness through a simple yet effective approach like sports participation building a healthy company culture is indeed an ongoing journey and the camaraderie and motivation that come from participating in events together can make a significant difference kudos to nithin vishnu and you for crossing that ironman finish line as a corporate relay team,0.0,0.695,0.305,0.9657,Positive
Olayinka Opaleye,https://www.linkedin.com/in/olayinkaopaleye,"I implement targeted wellness initiatives in the workplace to address identified employee needs to enhance overall health, productivity, and job satisfaction through corporate wellness and health promotion strategies.","A good start, well done, and thanks for sharing. 

 However, why do people always think workplace wellness programs are centered on fitness/sports or diet? 

A quick reminder here; there are 8 pillars of wellness in which physical well-being is just one. Also, there are numerous markers of workplace psychological health and safety. 

So, because not all needs will be met, not all measures can be funded and not all employers have the patience, there is always a need for a targeted workplace wellness program that will address these key issues backed by positive ROI or VOI or other KPIs.

Corroborating your last paragraph; becoming a healthy company can never be an event (like a lavish Christmas party in the name of team bonding🤣). It's definitely a process that cannot be circumvented.
",2023-11-25T08:33:00.848Z,"urn:li:comment:(activity:7134041604511715329,7134096626431746050)",5d8607cb264faf2ef0648904384ac3ec4f3524a5f18a8faff1f96863a322b451,urn:li:activity:7134041604511715329,3ca088d1d961d53adf564121f5d7a290ca0710d79306711daef0bc0153e00219,7134041604511715329,a good start well done and thanks for sharing however why do people always think workplace wellness programs are centered on fitnesssports or diet a quick reminder here there are pillars of wellness in which physical wellbeing is just one also there are numerous markers of workplace psychological health and safety so because not all needs will be met not all measures can be funded and not all employers have the patience there is always a need for a targeted workplace wellness program that will address these key issues backed by positive roi or voi or other kpis corroborating your last paragraph becoming a healthy company can never be an event like a lavish christmas party in the name of team bonding its definitely a process that cannot be circumvented,0.0,0.744,0.256,0.9867,Positive
Saurabh Jha,https://www.linkedin.com/in/saurabh-jha-03686a69,Building Fittr | Ex-Tata 1Mg | Ex-Zomato | IIM Indore | Account Management | Business Development | Growth Strategy | Program Management,Arun Kumar Mishra ,2023-11-25T08:06:16.706Z,"urn:li:comment:(activity:7134041604511715329,7134089898176749568)",da13a592de7ac6a726e20bdebc02b213f547bc8abafdc19acfacb8599756195d,urn:li:activity:7134041604511715329,3ca088d1d961d53adf564121f5d7a290ca0710d79306711daef0bc0153e00219,7134041604511715329,arun kumar mishra,0.0,1.0,0.0,0.0,Neutral
(Dharma) Dharmendra Kumar,https://www.linkedin.com/in/dharma-dharmendra-kumar-5a166327,"Life & Executive Coach (@18Life) - I help with “What You Want & Don’t Want in Life” #HumanDesign Coach | Engineer (Er.) | Researcher | EAI (Entrepreneur, Advisor, Investor) | Vegan | Runner & Coach | Comedian | Filmmaker","Agree completely on the top down approach and play. And you guys do it so well from what I have seen and heard. 

But I wouldn’t call all this pure/full Employee Wellness or Health (rather Holistic Health). It’s a good base, a springboard. But there are other higher levels to be reached. Wishing you guys the very best in the #Process.",2023-11-25T07:11:09.049Z,"urn:li:comment:(activity:7134041604511715329,7134076024853581825)",bbc21eac0b69e75992e2ccf379e7cf5e21cd6ff832d25cf762668fc2ef3ad08e,urn:li:activity:7134041604511715329,3ca088d1d961d53adf564121f5d7a290ca0710d79306711daef0bc0153e00219,7134041604511715329,agree completely on the top down approach and play and you guys do it so well from what i have seen and heard but i wouldnt call all this purefull employee wellness or health rather holistic health its a good base a springboard but there are other higher levels to be reached wishing you guys the very best in the process,0.0,0.66,0.34,0.971,Positive
Sathish S,https://www.linkedin.com/in/sathishharryson,B2B Solution Architect | Generative AI Practitioner | Cybersecurity Presales Lead | 8+ Years Scaling Revenue Growth & Solving Complex Challenges.,Great initiative ,2023-11-25T07:05:13.616Z,"urn:li:comment:(activity:7134041604511715329,7134074534063722496)",82609de013a2a3643d01b30688b64da444ac1df91287fd5439a257e00080b3e6,urn:li:activity:7134041604511715329,3ca088d1d961d53adf564121f5d7a290ca0710d79306711daef0bc0153e00219,7134041604511715329,great initiative,0.0,0.196,0.804,0.6249,Positive
Bhairav Shankar,https://www.linkedin.com/in/bhairav-shankar,Head of Product & Engineering | Hardware & AI Product Innovator | Strategic Leadership | End-to-End Innovation: Idea → Market,Well done Dilip!,2023-11-25T07:00:24.588Z,"urn:li:comment:(activity:7134041604511715329,7134073321788227584)",4e93a169cc0ab6b612f06e14a677929557e894a48146aef4bd68e2c6bf881259,urn:li:activity:7134041604511715329,3ca088d1d961d53adf564121f5d7a290ca0710d79306711daef0bc0153e00219,7134041604511715329,well done dilip,0.0,0.488,0.512,0.2732,Positive
Ganesh Kuduva (Health Coach),https://www.linkedin.com/in/gkuduva-healthcoach,Making Healthy Weight Loss & Type-2 Diabetes Reversal Easy | Educator | Speaker | Mentor | Author - BE A RUNNER FOREVER (runner-forever.com/books) | Daily posts on Health & Inspiration,"I led a health and wellness corporate program while I was in an IT job as an initiative in the past (employee base was around 2000+). 

Despite doing many programs across the year to serve employees from all corners of life with a lot of flexibility to ensure the programs and the benefits reached a maximum number of employees, we saw that only 20% of employees were taking a personal interest in leveraging the programs to help them improve their health and wellness. 

While opening up channels like these to encourage employees to operate by themselves is a great idea, I personally feel, we could do so much in this space to especially move the ""larger employee group who don't do a lot about their personal health"". 

I believe educating them about what health should mean to them, is far more important as a first step before we did a lot as an execution step in my humble view. 

Cheers to what you guys are doing at Rainmatter and Zerodha, Dilip Kumar",2023-11-25T07:00:05.802Z,"urn:li:comment:(activity:7134041604511715329,7134073242994049024)",3c1989f5287f29279b4c6f2ebff7c744ba4744f3e64104e74292c8ab5d7b6756,urn:li:activity:7134041604511715329,3ca088d1d961d53adf564121f5d7a290ca0710d79306711daef0bc0153e00219,7134041604511715329,i led a health and wellness corporate program while i was in an it job as an initiative in the past employee base was around despite doing many programs across the year to serve employees from all corners of life with a lot of flexibility to ensure the programs and the benefits reached a maximum number of employees we saw that only of employees were taking a personal interest in leveraging the programs to help them improve their health and wellness while opening up channels like these to encourage employees to operate by themselves is a great idea i personally feel we could do so much in this space to especially move the larger employee group who dont do a lot about their personal health i believe educating them about what health should mean to them is far more important as a first step before we did a lot as an execution step in my humble view cheers to what you guys are doing at rainmatter and zerodha dilip kumar,0.0,0.782,0.218,0.988,Positive
Marathon Coach 2020,,442 followers,"Very well said, Dilip…..and I mention in my talks at Indian School of Business to both budding and existing managers, Sports actually enhances Competitiveness in professional life so beneficial to both organisations & employees. This is something which has come out from research done globally.",2023-11-25T06:40:17.326Z,"urn:li:comment:(activity:7134041604511715329,7134068258164326400)",bfbf8d252af796791974f24a428a34f961d6d9f8bd79523925a07ab5730455f1,urn:li:activity:7134041604511715329,3ca088d1d961d53adf564121f5d7a290ca0710d79306711daef0bc0153e00219,7134041604511715329,very well said dilipand i mention in my talks at indian school of business to both budding and existing managers sports actually enhances competitiveness in professional life so beneficial to both organisations employees this is something which has come out from research done globally,0.0,0.87,0.13,0.7298,Positive
Alok Tiwari,https://www.linkedin.com/in/aloktiwari33,Building Farmer Brands | Agritech | Commodity trade | Ex-Jio,I love how Zerodha & Rainmatter prioritize employee wellness by keeping it simple and promoting sports. It's great to see the positive impact it has on everyone.,2023-11-25T06:36:48.653Z,"urn:li:comment:(activity:7134041604511715329,7134067382926422016)",b809e2949c14c5980bd34d4d7466895631db9a7f7950e9567e7d90c636c9121f,urn:li:activity:7134041604511715329,3ca088d1d961d53adf564121f5d7a290ca0710d79306711daef0bc0153e00219,7134041604511715329,i love how zerodha rainmatter prioritize employee wellness by keeping it simple and promoting sports its great to see the positive impact it has on everyone,0.0,0.536,0.464,0.9538,Positive
Chandni Gupta,https://www.linkedin.com/in/chandniguptabullzeye,Founder- Recruitment Expert @ Bullzeye Consulting | Co-Founder Aurum crafts| || Experts in Leadership & Diversity Hiring,"Becoming a healthy company is not an event but a Process! Very Truly said, Dilip.",2023-11-25T06:28:20.515Z,"urn:li:comment:(activity:7134041604511715329,7134065251641176064)",607f7ed4618e1434e47278a4f90b380e8b83dcf73f01935d1b1eed48a984b836,urn:li:activity:7134041604511715329,3ca088d1d961d53adf564121f5d7a290ca0710d79306711daef0bc0153e00219,7134041604511715329,becoming a healthy company is not an event but a process very truly said dilip,0.0,0.642,0.358,0.7302,Positive
Sonali Saraogi Singh,https://www.linkedin.com/in/sonalisaraogisingh,Building Feed Smart | IMB NSRCEL | Imperial College London | Warwick University | The Shri Ram School,Fantastic !! ,2023-11-25T06:18:16.368Z,"urn:li:comment:(activity:7134041604511715329,7134062717664907264)",ac4928ab9fa256723b1f8f74e025e3d7ddec78c4db7b12c11b8a44af85500c7d,urn:li:activity:7134041604511715329,3ca088d1d961d53adf564121f5d7a290ca0710d79306711daef0bc0153e00219,7134041604511715329,fantastic,0.0,0.0,1.0,0.5574,Positive
Matty Piazzi,https://www.linkedin.com/in/mattypiazzi,Former Athlete | Building a world where everyone belongs through the power of wellbeing,"Becoming a healthy company is not an event.
It's a process

---> And it's a NECESSITY!!!

Love this photo! It reminds me my first NY Marathon in 2017 :)

Happy Saturday, Dilip Kumar!!",2023-11-25T06:13:17.159Z,"urn:li:comment:(activity:7134041604511715329,7134061462691409920)",2529997ab82eb7723f3e1664f02987de682c98d36e9fc62028dbeb899605e739,urn:li:activity:7134041604511715329,3ca088d1d961d53adf564121f5d7a290ca0710d79306711daef0bc0153e00219,7134041604511715329,becoming a healthy company is not an event its a process and its a necessity love this photo it reminds me my first ny marathon in happy saturday dilip kumar,0.0,0.694,0.306,0.891,Positive
Abhishek Roy,https://www.linkedin.com/in/abhishekroy8,"Co-founder, furo.fit | Workplace Wellbeing | Runner",The last 2 lines sum this up Dilip.,2023-11-25T06:10:25.697Z,"urn:li:comment:(activity:7134041604511715329,7134060743527723008)",39497d0f0652d45176e086689695cac1e53e10bdf1e7c3edfa5cbc6766d1d386,urn:li:activity:7134041604511715329,3ca088d1d961d53adf564121f5d7a290ca0710d79306711daef0bc0153e00219,7134041604511715329,the last lines sum this up dilip,0.0,1.0,0.0,0.0,Neutral
Venkatesh Haran,https://www.linkedin.com/in/vharan,Senior Patent Counsel,"Thank you for sharing this authentic perspective on employee wellness. Your experience shows that it need not be complex or programmatic. Often, the most powerful enabler is leadership participation and grassroots peer support.
By walking the talk and championing sports yourself, you've organically cultivated a culture where employees feel genuinely motivated to pursue fitness as part of work life. Enabling discussions, coordination, and crossover between various activity groups encourages camaraderie and normalization at scale.
This sets in motion a flywheel effect on wellbeing - as more employees share their journeys, inspiration passes on virally while hesitation reduces. Over time, the ecosystem around health goals, be it participating in marathons or something else entirely, starts thriving.
It's about sparking inspiration, not enforcing mandates. And you've found an excellent way to do so in a startup environment by using participation in sports as that cultural catalyst. My appreciation for you demystifying wellness - for highlighting how empowering employees to drive initiatives themselves can make companies both healthier and happier.",2023-11-25T06:00:18.401Z,"urn:li:comment:(activity:7134041604511715329,7134058196347801600)",3ac16c46244165a8da038fa91d96395849dd60b24bc45b35f3fe18eb3d9a7989,urn:li:activity:7134041604511715329,3ca088d1d961d53adf564121f5d7a290ca0710d79306711daef0bc0153e00219,7134041604511715329,thank you for sharing this authentic perspective on employee wellness your experience shows that it need not be complex or programmatic often the most powerful enabler is leadership participation and grassroots peer support by walking the talk and championing sports yourself youve organically cultivated a culture where employees feel genuinely motivated to pursue fitness as part of work life enabling discussions coordination and crossover between various activity groups encourages camaraderie and normalization at scale this sets in motion a flywheel effect on wellbeing as more employees share their journeys inspiration passes on virally while hesitation reduces over time the ecosystem around health goals be it participating in marathons or something else entirely starts thriving its about sparking inspiration not enforcing mandates and youve found an excellent way to do so in a startup environment by using participation in sports as that cultural catalyst my appreciation for you demystifying wellness for highlighting how empowering employees to drive initiatives themselves can make companies both healthier and happier,0.011,0.746,0.244,0.9919,Positive
MONA SINGH,https://www.linkedin.com/in/mona-singh-184b3b23a,DOCTOR TURNED PASSIONATE BUSINESSWOMAN - DESIGNING AND DELIVERING COLLABORATIONS - A SALES ENTHUSIAST ✌️ Life Long Learner ✨🧿,"👏🙋‍♀️..Mr.Dilip Kumar and Your Team..and as they say.."" Life is a process of becoming..a combination of states we have to go through..""🙏 ....🦋🌸....",2023-11-25T05:27:18.932Z,"urn:li:comment:(activity:7134041604511715329,7134049893848875008)",e47b74b20e258d65517c58659bdcfa83efc56f91a5fc974e9ad8ee6b48696707,urn:li:activity:7134041604511715329,3ca088d1d961d53adf564121f5d7a290ca0710d79306711daef0bc0153e00219,7134041604511715329,mrdilip kumar and your teamand as they say life is a process of becominga combination of states we have to go through,0.0,1.0,0.0,0.0,Neutral
