Full Name,Profile URL,Headline,Comment,Timestamp,Comment URN,Comment Hash,Post URN,Post Hash,post_urn_id,processed_comment,sentiment_negative,sentiment_neutral,sentiment_positive,sentiment_compound,sentiment_label
Anonymous .,https://www.linkedin.com/in/anonymous-a118b224b,--,I would love to join,2025-08-29T17:32:04.515Z,"urn:li:comment:(activity:7352599276381753345,7367247683184447488)",dc09183a5da499bc7bde3c79944afedc358d3eb564c5bc5eb373be64751f9aec,urn:li:activity:7352599276381753345,c57a9d26bd32f464f35e6f2be61551c59366ff35cb61101f3234acec1897226f,7352599276381753345,i would love to join,0.0,0.238,0.762,0.7506,Positive
Hemant Bohra,https://www.linkedin.com/in/hemant-bohra-1bbb382a,Enabling Agritech and Founder Agrisevak,I would like to join,2025-08-01T00:33:37.042Z,"urn:li:comment:(activity:7352599276381753345,7356844519633338368)",d2a6b3da19367198de7bf928b417a13f1a8a2ae738f1d4ad29cd6c1d460111d8,urn:li:activity:7352599276381753345,c57a9d26bd32f464f35e6f2be61551c59366ff35cb61101f3234acec1897226f,7352599276381753345,i would like to join,0.0,0.299,0.701,0.5719,Positive
Vaibhav Gupta,https://www.linkedin.com/in/vaibhav-gupta-g10,Founder at G10 Consultancy | Building systems that perform!,For Mumbai,2025-07-30T03:35:40.490Z,"urn:li:comment:(activity:7352599276381753345,7356165560159612928)",ebc490d62a930ea855674c3758b76739d1f36e4e4fa2985d88907391fea40cf3,urn:li:activity:7352599276381753345,c57a9d26bd32f464f35e6f2be61551c59366ff35cb61101f3234acec1897226f,7352599276381753345,for mumbai,0.0,1.0,0.0,0.0,Neutral
Sumedh Battewar,https://www.linkedin.com/in/sumedh-battewar-39a647147,Founder: Zoomies | Former Co-Founder at EMotorad | Building out of India for the world.,Doing it for Pune as well 🙂 ? Or the ecosystem in Pune isn't big enough yet Dilip Kumar,2025-07-29T11:39:57.720Z,"urn:li:comment:(activity:7352599276381753345,7355925047154294784)",7f69db2c3c738c028aa0899305cdf5b0bfc82800e9f26a5d34e61abf2a39ecfd,urn:li:activity:7352599276381753345,c57a9d26bd32f464f35e6f2be61551c59366ff35cb61101f3234acec1897226f,7352599276381753345,doing it for pune as well or the ecosystem in pune isnt big enough yet dilip kumar,0.0,0.884,0.116,0.2732,Positive
Siddharth Deshmukh,https://www.linkedin.com/in/siddharthdeshmukh,Sustainable Business Leader | Founder & Chief Executive at Minus CO2,"Love this, Dilip",2025-07-29T03:22:27.618Z,"urn:li:comment:(activity:7352599276381753345,7355799846752038912)",e212a295c0ccfe8a5397557988b38df925f1b0ec9bd423bf001623672e392c14,urn:li:activity:7352599276381753345,c57a9d26bd32f464f35e6f2be61551c59366ff35cb61101f3234acec1897226f,7352599276381753345,love this dilip,0.0,0.323,0.677,0.6369,Positive
Nilesh R Bothra,https://www.linkedin.com/in/nilesh-r-bothra,Creating Inspiration in Motion | TVS Motor | Ex Co-founder & CEO at Calamus (Acquired) | Micromobility,Link for Mumbai please!,2025-07-27T13:54:49.129Z,"urn:li:comment:(activity:7352599276381753345,7355234209247936512)",0124a89dd0d63a2ebc0c0d430baa62c430e2fe868d70a3f4bc10ac37da9a132f,urn:li:activity:7352599276381753345,c57a9d26bd32f464f35e6f2be61551c59366ff35cb61101f3234acec1897226f,7352599276381753345,link for mumbai please,0.0,0.566,0.434,0.3182,Positive
Erinda Shah,https://www.linkedin.com/in/erindashah,Founder & Managing Director- Mental Health First Aid India| Mental Health Education | Corporate Wellbeing,Any plan for Chennai meet ?,2025-07-27T13:12:24.769Z,"urn:li:comment:(activity:7352599276381753345,7355223537432891392)",8a3b44c3c4e36d1a36035c5a33debc8b6f64b77d6057455b84e507815babdebb,urn:li:activity:7352599276381753345,c57a9d26bd32f464f35e6f2be61551c59366ff35cb61101f3234acec1897226f,7352599276381753345,any plan for chennai meet,0.0,1.0,0.0,0.0,Neutral
Rima Rahul Joshi,https://www.linkedin.com/in/rima-rahul-joshi-614b2610,"Founder | Start Up | Brand Building | Incubation @ NSRCEL, IIM Bangalore",Would love to join for Mumbai! ,2025-07-27T07:04:27.870Z,"urn:li:comment:(activity:7352599276381753345,7355130940202921984)",fa88f55b933e895731d12d16de6a6f31a5973bae9e1ae19951eea8f0fe712937,urn:li:activity:7352599276381753345,c57a9d26bd32f464f35e6f2be61551c59366ff35cb61101f3234acec1897226f,7352599276381753345,would love to join for mumbai,0.0,0.385,0.615,0.7506,Positive
Nilesh Kikani,https://www.linkedin.com/in/nilesh-kikani,Founder at VredeVogel,Would love to join this,2025-07-27T00:05:22.308Z,"urn:li:comment:(activity:7352599276381753345,7355025472075771904)",edbf3c45dd408f7a00b3d4df393b1022aedbe9207464506a0679a96ac6a631f9,urn:li:activity:7352599276381753345,c57a9d26bd32f464f35e6f2be61551c59366ff35cb61101f3234acec1897226f,7352599276381753345,would love to join this,0.0,0.319,0.681,0.7506,Positive
Shripat Jagirdar,https://www.linkedin.com/in/shripat-jagirdar-5521aa38,"Founder, Weaving Vibes | Premium Hemp Fabrics for Fashion & Home Brands | Eco-Luxury Product Innovator | Helping Brands Go Green Without Compromising Style","Would love to join for Mumbai, please send me the link 🙏",2025-07-26T10:56:41.299Z,"urn:li:comment:(activity:7352599276381753345,7354826993374314496)",e5566f0bc9f1fae17a864dee51000712151052608f1962218de733873f26c46a,urn:li:activity:7352599276381753345,c57a9d26bd32f464f35e6f2be61551c59366ff35cb61101f3234acec1897226f,7352599276381753345,would love to join for mumbai please send me the link,0.0,0.479,0.521,0.8271,Positive
Shripat Jagirdar,https://www.linkedin.com/in/shripat-jagirdar-5521aa38,"Founder, Weaving Vibes | Premium Hemp Fabrics for Fashion & Home Brands | Eco-Luxury Product Innovator | Helping Brands Go Green Without Compromising Style","Would love to join forces Mumbai, please send me the link 🙏",2025-07-26T10:54:40.017Z,"urn:li:comment:(activity:7352599276381753345,7354826484684849152)",29c2c12ccf3e98730fb4015e15465a6c87acd1b9d77a0e5249b48eb689091c4f,urn:li:activity:7352599276381753345,c57a9d26bd32f464f35e6f2be61551c59366ff35cb61101f3234acec1897226f,7352599276381753345,would love to join forces mumbai please send me the link,0.0,0.479,0.521,0.8271,Positive
Yash Agarwal,https://www.linkedin.com/in/yash-agarwal-59a153121,Building the future of preventive healthcare | Chief Builder at Catalytic™ Nutrition | Ex The Whole Truth | Ex Founder Flexmeds,Parth Mahawar Saw this just today. ,2025-07-26T07:07:37.513Z,"urn:li:comment:(activity:7352599276381753345,7354769347761917952)",938d3f5d3bb2a13545925896aa33351b7264a2a591cef3063d9bfe0992b2785e,urn:li:activity:7352599276381753345,c57a9d26bd32f464f35e6f2be61551c59366ff35cb61101f3234acec1897226f,7352599276381753345,parth mahawar saw this just today,0.0,1.0,0.0,0.0,Neutral
Sonal Agrawal,https://www.linkedin.com/in/sonal-agrawal-7a869014,"Co-Founder at SurakshitU, Enhancing Economic Well-being for Low-Income Segments",when is the Bangalore visit again ?,2025-07-26T06:45:27.893Z,"urn:li:comment:(activity:7352599276381753345,7354763770927198208)",04a534555060b1b8caa673344b30787d16b4a911ef369c8a23e7b8b00ac836db,urn:li:activity:7352599276381753345,c57a9d26bd32f464f35e6f2be61551c59366ff35cb61101f3234acec1897226f,7352599276381753345,when is the bangalore visit again,0.0,1.0,0.0,0.0,Neutral
Awani Giri,https://www.linkedin.com/in/awanigiri,Building Milley | ClimateTech | Varaha | Aditya Birla Group | President Enactus IITD | IITD'26,Would love to join :),2025-07-26T05:40:01.372Z,"urn:li:comment:(activity:7352599276381753345,7354747301904502784)",8592bb693fb5f9d6db924958481222e5edba790956a7826fdc3738af67e2f105,urn:li:activity:7352599276381753345,c57a9d26bd32f464f35e6f2be61551c59366ff35cb61101f3234acec1897226f,7352599276381753345,would love to join,0.0,0.238,0.762,0.7506,Positive
Coneenika Choudhuri,https://www.linkedin.com/in/coneenika,"Hiring for Revenue, Marketing and Growth",Too late to join in the Gurgaon edition tomorrow?,2025-07-25T13:06:18.191Z,"urn:li:comment:(activity:7352599276381753345,7354497224157880322)",85a7c00c0f27035bf74704323b362ed28d57aed087fb5b215694df02f6063144,urn:li:activity:7352599276381753345,c57a9d26bd32f464f35e6f2be61551c59366ff35cb61101f3234acec1897226f,7352599276381753345,too late to join in the gurgaon edition tomorrow,0.0,0.784,0.216,0.296,Positive
Mohit Mehral,https://www.linkedin.com/in/mohit-mehral-058b6820,"Technical Lead @ TCS | Liferay, Spring, React, Agile, Cloud Computing",Like minded people at 1 place. Please share for Mumbai,2025-07-25T08:32:10.629Z,"urn:li:comment:(activity:7352599276381753345,7354428238082752512)",8ce36a4dc336e7cc63fddf0be50cb885ca7f2df850d7b456cf7cc8e211a0adc9,urn:li:activity:7352599276381753345,c57a9d26bd32f464f35e6f2be61551c59366ff35cb61101f3234acec1897226f,7352599276381753345,like minded people at place please share for mumbai,0.0,0.462,0.538,0.7184,Positive
Faiz Abbas Abidi,https://www.linkedin.com/in/faiz-abbas-abidi-73b107192,"MD Resident | Building Medogle Innovations from scratch | Public health advocate | Endocrine enthusiast | Bylines @ The Quint , The Wire , IndiaSpend",Would love to join this,2025-07-25T05:42:46.365Z,"urn:li:comment:(activity:7352599276381753345,7354385606073810944)",4b0a7b98d40dcbdb2b4ac6e37607f7f85485649fa058a134e9fb599bf7dd2413,urn:li:activity:7352599276381753345,c57a9d26bd32f464f35e6f2be61551c59366ff35cb61101f3234acec1897226f,7352599276381753345,would love to join this,0.0,0.319,0.681,0.7506,Positive
Gaurev Kapur,https://www.linkedin.com/in/gaurev-kapur,Building RealBetter.com - App for Real Estate Industry || ET 40 under 40 by Times Group || TEDx Speaker,"New RealBetter Podcast is out!

Is Gurgaon real estate crashing?

Don’t believe the noise — we’ve spoken to real experts with ground-level truths.

Must-watch if you're curious about what’s really happening in Gurgaon.

Watch here : https://youtu.be/SZQCtduRkhs",2025-07-25T01:52:43.466Z,"urn:li:comment:(activity:7352599276381753345,7354327712515153920)",fcde40140c3ccb91c7a8765d6bd27f3ea9d179883b008d0df7c1d72085526580,urn:li:activity:7352599276381753345,c57a9d26bd32f464f35e6f2be61551c59366ff35cb61101f3234acec1897226f,7352599276381753345,new realbetter podcast is out is gurgaon real estate crashing dont believe the noise weve spoken to real experts with groundlevel truths mustwatch if youre curious about whats really happening in gurgaon watch here,0.0,0.863,0.137,0.6249,Positive
Anoop Nuka,https://www.linkedin.com/in/anoop-nuka-a71554211,Founder Golden Mountain Crops - GMC Group Start-Up.,Link for Mumbai,2025-07-25T00:39:50.039Z,"urn:li:comment:(activity:7352599276381753345,7354309369036984321)",f158b2719eca54c3ba74bfe6df8d888216da84c8851625e6d72defd59d205a37,urn:li:activity:7352599276381753345,c57a9d26bd32f464f35e6f2be61551c59366ff35cb61101f3234acec1897226f,7352599276381753345,link for mumbai,0.0,1.0,0.0,0.0,Neutral
"Tarun Agarwala, Prof.",https://www.linkedin.com/in/tarunagarwala,"Founder, Empanetics | Faculty@NMIMS | Creator of ITGF | Game Theorist | Social Neuroscientist",Let’s fix founders’ relationship health too - because personal well-being is unsustainable without interpersonal well-being.,2025-07-25T00:34:25.917Z,"urn:li:comment:(activity:7352599276381753345,7354308009566621697)",c100cf2c23569548be8adf05791c8a2da1fbdad0d286031b80232f788607fe0d,urn:li:activity:7352599276381753345,c57a9d26bd32f464f35e6f2be61551c59366ff35cb61101f3234acec1897226f,7352599276381753345,lets fix founders relationship health too because personal wellbeing is unsustainable without interpersonal wellbeing,0.0,1.0,0.0,0.0,Neutral
Siya Agarwal,https://www.linkedin.com/in/siya-agarwal-063a9012b,Product Manager | Builder | Ex-Consultant,Would love to join for the Mumbai event!,2025-07-24T18:53:13.176Z,"urn:li:comment:(activity:7352599276381753345,7354222140667138049)",65c779a3e6f5859bdb9b9b413bab6a462b7924db6d5ceeeac5d1a0ff09586e67,urn:li:activity:7352599276381753345,c57a9d26bd32f464f35e6f2be61551c59366ff35cb61101f3234acec1897226f,7352599276381753345,would love to join for the mumbai event,0.0,0.484,0.516,0.7506,Positive
Aditya Gogia,https://www.linkedin.com/in/adityagogia,"Business Transformation | Growth and Efficiency | Ex-Zomato, Blinkit, KPMG","Hey, interested!",2025-07-24T18:35:02.727Z,"urn:li:comment:(activity:7352599276381753345,7354217566992482305)",e3510bcbdfc39d861e77be552b3f45d169ff9dbef390180a8fe228625d20356b,urn:li:activity:7352599276381753345,c57a9d26bd32f464f35e6f2be61551c59366ff35cb61101f3234acec1897226f,7352599276381753345,hey interested,0.0,0.27,0.73,0.4019,Positive
Sukanya Bhataacharya,https://www.linkedin.com/in/sukanyabhataacharya,Founder at Prathaa-weaving traditions | Consult Start-ups | Guest Lecturer at Design and Business institutes | Fractional CMO in Fashion category,Ooh that’s lovely!!!,2025-07-24T18:18:39.429Z,"urn:li:comment:(activity:7352599276381753345,7354213442745970688)",223ecaaaf476614149ca95157671ba3595a9982c18f53da7e547c60309507f8b,urn:li:activity:7352599276381753345,c57a9d26bd32f464f35e6f2be61551c59366ff35cb61101f3234acec1897226f,7352599276381753345,ooh thats lovely,0.0,0.345,0.655,0.5859,Positive
Aakash J.,https://www.linkedin.com/in/jhaverinator,"Events & Engagement Manager @ Plug and Drive — Accelerating EV adoption in Canada ⚡ Tech product marketer at heart 🤖 Ex-FUTURi Power, ASUS🚀",Parth Mashrani,2025-07-24T13:38:33.652Z,"urn:li:comment:(activity:7352599276381753345,7354142954208317441)",81c51a875045a9d11917051e324b0dce23420d2a5eba93b1e7eb071c77ff9a77,urn:li:activity:7352599276381753345,c57a9d26bd32f464f35e6f2be61551c59366ff35cb61101f3234acec1897226f,7352599276381753345,parth mashrani,0.0,1.0,0.0,0.0,Neutral
Aniruddh Puri,https://www.linkedin.com/in/aniruddh-puri,"I Design, Curate and Innovate.",Gurgaon,2025-07-24T13:09:01.369Z,"urn:li:comment:(activity:7352599276381753345,7354135520710443010)",a6fab38916b34c05312b3ece470142f0f85e21f9ab00013e8a101c04868cc04d,urn:li:activity:7352599276381753345,c57a9d26bd32f464f35e6f2be61551c59366ff35cb61101f3234acec1897226f,7352599276381753345,gurgaon,0.0,1.0,0.0,0.0,Neutral
Nritika Sangwan,https://www.linkedin.com/in/nritikasangwan,Transactional Lawyer | Entrepreneur | Educator,Would love to join the Gurgaon meet up,2025-07-24T10:34:41.686Z,"urn:li:comment:(activity:7352599276381753345,7354096682785009664)",63da55e2f05d4e9395df6db1411d025da91f5df3184125b06d0d3d888d3ebaf8,urn:li:activity:7352599276381753345,c57a9d26bd32f464f35e6f2be61551c59366ff35cb61101f3234acec1897226f,7352599276381753345,would love to join the gurgaon meet up,0.0,0.484,0.516,0.7506,Positive
Nritika Sangwan,https://www.linkedin.com/in/nritikasangwan,Transactional Lawyer | Entrepreneur | Educator,Would love to join the Gurgaon meet up,2025-07-24T10:34:10.800Z,"urn:li:comment:(activity:7352599276381753345,7354096553239719937)",fd67f287fa5ff552897b673c3387d28f09a3dee83313caeead5eee20bd92a3e4,urn:li:activity:7352599276381753345,c57a9d26bd32f464f35e6f2be61551c59366ff35cb61101f3234acec1897226f,7352599276381753345,would love to join the gurgaon meet up,0.0,0.484,0.516,0.7506,Positive
Manoj Lahane,https://www.linkedin.com/in/manoj-lahane-940208aa,sourcing,would like to be part of this exciting meeting in Mumbai on 2 nd August,2025-07-24T08:50:56.511Z,"urn:li:comment:(activity:7352599276381753345,7354070572508602371)",162b84d7597514419ca9f8d6e31e6247df6d6da80ca23efe5b813ab202daa1ef,urn:li:activity:7352599276381753345,c57a9d26bd32f464f35e6f2be61551c59366ff35cb61101f3234acec1897226f,7352599276381753345,would like to be part of this exciting meeting in mumbai on nd august,0.0,0.658,0.342,0.7391,Positive
Abhinav Dey,https://www.linkedin.com/in/abhinavfreedesign,Helping you scale sustainable innovations,Would love to join,2025-07-24T05:15:01.035Z,"urn:li:comment:(activity:7352599276381753345,7354016233303740416)",7f2d331eed6bd6be952c91065b17992668ba122bd9196a41f662c8d6ae6fb94a,urn:li:activity:7352599276381753345,c57a9d26bd32f464f35e6f2be61551c59366ff35cb61101f3234acec1897226f,7352599276381753345,would love to join,0.0,0.238,0.762,0.7506,Positive
Yuvraj Borkhade,https://www.linkedin.com/in/yuvraj-borkhade,"Founder, SWAYMARK TransferX | Bridging Innovation and Opportunity Through Technology Transfer | LSE Graduate",Would love to join the Mumbai meetup 🙌,2025-07-24T04:20:10.821Z,"urn:li:comment:(activity:7352599276381753345,7354002433145995265)",fc79beb9689cc16fd1352cb6d50fbf1ea228a5f3df469f551a6081fb1b4a0b0b,urn:li:activity:7352599276381753345,c57a9d26bd32f464f35e6f2be61551c59366ff35cb61101f3234acec1897226f,7352599276381753345,would love to join the mumbai meetup,0.0,0.439,0.561,0.7506,Positive
Gaurav Gulecha,https://www.linkedin.com/in/gaurav-gulecha-b7ba931b7,"Co-Founder, Nivira Productions","So cool, would love to be part of Bangalore edition next time!!",2025-07-24T04:15:53.607Z,"urn:li:comment:(activity:7352599276381753345,7354001354312331265)",19b15ecf033dcc30fda9885f5e6b55f19d43f1bda90120be9605b67bbb5d3127,urn:li:activity:7352599276381753345,c57a9d26bd32f464f35e6f2be61551c59366ff35cb61101f3234acec1897226f,7352599276381753345,so cool would love to be part of bangalore edition next time,0.0,0.586,0.414,0.7939,Positive
Sharadd Raaj Utsav,https://www.linkedin.com/in/sharadrajutsav,Founder - Lyfshilp Academy & Agility AI | Indian School of Business| IIT Madras| NSUT Delhi |IRMA | Campus Law Centre-DU,"Dilip Kumar Would love to be a part of the Gurgaon meet.
Link please",2025-07-24T02:53:54.390Z,"urn:li:comment:(activity:7352599276381753345,7353980721616605184)",0d5df09a61ee9a3062a36e8a38371b374e9fd3f98ddfc9d2df127cb34f373b3c,urn:li:activity:7352599276381753345,c57a9d26bd32f464f35e6f2be61551c59366ff35cb61101f3234acec1897226f,7352599276381753345,dilip kumar would love to be a part of the gurgaon meet link please,0.0,0.629,0.371,0.7579,Positive
Puneet Jindal,https://www.linkedin.com/in/puneetjindalisb,Top Voice | Training Datasets and workflows for AI Agents,What about #chandigarh,2025-07-24T01:31:27.538Z,"urn:li:comment:(activity:7352599276381753345,7353959973019643904)",03f14f96e08b51c1a554ef63cce8f7e6680e81fe51cb91f9eb61f2d63c1f9402,urn:li:activity:7352599276381753345,c57a9d26bd32f464f35e6f2be61551c59366ff35cb61101f3234acec1897226f,7352599276381753345,what about chandigarh,0.0,1.0,0.0,0.0,Neutral
Puneet Soin,https://www.linkedin.com/in/puneet-soin,Founder | Higher Education Consultant | Warwick Alumni | Study Abroad Enthusiastic | Indian Student Recruitment Specialist | Member of UK Home Office The Education Agents Support Group (ASG),Absolutely would like to join in GNG.,2025-07-23T19:03:11.417Z,"urn:li:comment:(activity:7352599276381753345,7353862262006165504)",cac2eca09285846de5cc3f4f790b6885f2e84929bc1a5d950b0e9edbfdec7828,urn:li:activity:7352599276381753345,c57a9d26bd32f464f35e6f2be61551c59366ff35cb61101f3234acec1897226f,7352599276381753345,absolutely would like to join in gng,0.0,0.501,0.499,0.6096,Positive
Kailash Kandpal,https://www.linkedin.com/in/kailash-kandpal-6745a04,CEO at Insurekot Sports.,Hi! Would like to join,2025-07-23T14:59:31.475Z,"urn:li:comment:(activity:7352599276381753345,7353800941524893696)",d6236632a15d20e30de419727917e6a918361242abe0ed765e8781bed1be882b,urn:li:activity:7352599276381753345,c57a9d26bd32f464f35e6f2be61551c59366ff35cb61101f3234acec1897226f,7352599276381753345,hi would like to join,0.0,0.39,0.61,0.5719,Positive
Nirav Mehta,https://www.linkedin.com/in/nirav-mehta-12326a9,Material Science Specialists: Scaling Nanosafe - Antimicrobial & anticounterfeit technology experts | IP Monetization Experts: Building Patent Partners - First integrated platform and ecosystem in India,"Yes, would love to join in Mumbai",2025-07-23T14:59:23.789Z,"urn:li:comment:(activity:7352599276381753345,7353800909291773952)",ece204f07ec549f6c5bda6094ad862566fdce6d55d64545b88a306f44d6b2bb2,urn:li:activity:7352599276381753345,c57a9d26bd32f464f35e6f2be61551c59366ff35cb61101f3234acec1897226f,7352599276381753345,yes would love to join in mumbai,0.0,0.305,0.695,0.8442,Positive
Rekha Rathore,https://www.linkedin.com/in/rekha-rathore-39574a52,Entrepreneur and Innovation Consultant|CSIP | UnLeash Global | Harvard-HPAIR |Teach For India|Livelihood & Education Projects,I am looking forward to the meeting up..how can I join it?,2025-07-23T14:33:11.368Z,"urn:li:comment:(activity:7352599276381753345,7353794314080063489)",2a4458f4ef95dfc74b3d000011ed57589859d9565cc49d5cff9e4520217a3bd2,urn:li:activity:7352599276381753345,c57a9d26bd32f464f35e6f2be61551c59366ff35cb61101f3234acec1897226f,7352599276381753345,i am looking forward to the meeting uphow can i join it,0.0,0.804,0.196,0.296,Positive
Shraddha Waikar,https://www.linkedin.com/in/shraddhawaikar,Strategic Marketing Leader | Fintech • Sports • FMCG | AI-Driven Brand & Growth Strategy | MarTech • Digital Transformation • GCC & APAC Experience | Led Championship-Winning Sports Franchise |,Hey! Would like to join in Mumbai,2025-07-23T13:29:11.675Z,"urn:li:comment:(activity:7352599276381753345,7353778209236090881)",6b56570b695df6651c656bdfc29a87e5e39b237ad0c45719369779ce746fb575,urn:li:activity:7352599276381753345,c57a9d26bd32f464f35e6f2be61551c59366ff35cb61101f3234acec1897226f,7352599276381753345,hey would like to join in mumbai,0.0,0.515,0.485,0.5719,Positive
Gaurang G.,https://www.linkedin.com/in/gaurang-gadia,Brewing at FOMO | Shark Tank India S03 | TEDx Speaker | Hansraj’23 | Modern BK,Would love to be a part in Gurgaon!,2025-07-23T12:49:26.943Z,"urn:li:comment:(activity:7352599276381753345,7353768206949371904)",0c0dc6e8d13ef838c96904749841253e14c38bb404bcbe8c933f2c7202bfc4ef,urn:li:activity:7352599276381753345,c57a9d26bd32f464f35e6f2be61551c59366ff35cb61101f3234acec1897226f,7352599276381753345,would love to be a part in gurgaon,0.0,0.588,0.412,0.6369,Positive
Manish Murarka,https://www.linkedin.com/in/manish-murarka,Sales Leader | Business Builder | SaaS & Tech Sales Expert,Yes,2025-07-23T11:05:20.543Z,"urn:li:comment:(activity:7352599276381753345,7353742007648866304)",ed251db6fa30b1c733090546fd5792d7c9556fe6440d2d9f6d45c3131b34aef5,urn:li:activity:7352599276381753345,c57a9d26bd32f464f35e6f2be61551c59366ff35cb61101f3234acec1897226f,7352599276381753345,yes,0.0,0.0,1.0,0.4019,Positive
Prashant Mandke,https://www.linkedin.com/in/prashantmandke,"Working for rural women: livelihood, climate smart agriculture & renewable energy",I would like to join in Mumbai,2025-07-23T09:57:05.114Z,"urn:li:comment:(activity:7352599276381753345,7353724830170439680)",b66ff924e6301afd2c0ed2370cf5397f6ccee923d7b7706e73b5306419557bb5,urn:li:activity:7352599276381753345,c57a9d26bd32f464f35e6f2be61551c59366ff35cb61101f3234acec1897226f,7352599276381753345,i would like to join in mumbai,0.0,0.46,0.54,0.5719,Positive
Anil Pareek,https://www.linkedin.com/in/anil-pareek-76b1922,Climate Change ll Carbon Credits ll Biochar ll Regen Agri,26th Gurgaon 👍 Dilip Kumar,2025-07-23T09:01:19.204Z,"urn:li:comment:(activity:7352599276381753345,7353710796410941440)",822b3a11d5510511d1eb4e5042f63bc3c6b1347dc8b50a628040b261bc192490,urn:li:activity:7352599276381753345,c57a9d26bd32f464f35e6f2be61551c59366ff35cb61101f3234acec1897226f,7352599276381753345,th gurgaon dilip kumar,0.0,1.0,0.0,0.0,Neutral
Prakruti Maniar,https://www.linkedin.com/in/prakruti-maniar,Content Specialist || Building Purple Pencil Project,I would love to join the Mumbai meetup!! ,2025-07-23T08:40:28.806Z,"urn:li:comment:(activity:7352599276381753345,7353705551857381376)",950c17fe293f75f801802573c03be43759f33570c8ed6e4d15701eab863979e6,urn:li:activity:7352599276381753345,c57a9d26bd32f464f35e6f2be61551c59366ff35cb61101f3234acec1897226f,7352599276381753345,i would love to join the mumbai meetup,0.0,0.439,0.561,0.7506,Positive
Anish Tripathi,https://www.linkedin.com/in/anish-tripathi-07ba04,"Managing Director, Epigeneres Biotech Private Limited",Hi Dilip Kumar I'll be interested in the Mumbai one. ,2025-07-23T07:03:02.234Z,"urn:li:comment:(activity:7352599276381753345,7353681029561225216)",e26434ec9deb0fdf6c67b1ef5099a81ac1b455fdb1446865706e12ea2bf667da,urn:li:activity:7352599276381753345,c57a9d26bd32f464f35e6f2be61551c59366ff35cb61101f3234acec1897226f,7352599276381753345,hi dilip kumar ill be interested in the mumbai one,0.207,0.593,0.2,-0.0258,Neutral
Ashwini Kapila,https://www.linkedin.com/in/ashwinikapila,Co-founder & Chief Business Development Officer @WalkAbout,Nice. Lets run on Aug 2nd Mumbai. ,2025-07-23T06:29:55.752Z,"urn:li:comment:(activity:7352599276381753345,7353672697651900416)",cb0881499c68d7a527983ac1ad26ec222baf9ef62476ee4f65725c5623692522,urn:li:activity:7352599276381753345,c57a9d26bd32f464f35e6f2be61551c59366ff35cb61101f3234acec1897226f,7352599276381753345,nice lets run on aug nd mumbai,0.0,0.682,0.318,0.4215,Positive
Parth Gulati,https://www.linkedin.com/in/parth-gulati-8bb106225,--,I am interested Dilip Kumar,2025-07-23T06:08:42.853Z,"urn:li:comment:(activity:7352599276381753345,7353667358722285569)",17bf0e53612a2e37b4040645a0847d0f014e928f57a8ec7255143c538675df80,urn:li:activity:7352599276381753345,c57a9d26bd32f464f35e6f2be61551c59366ff35cb61101f3234acec1897226f,7352599276381753345,i am interested dilip kumar,0.0,0.526,0.474,0.4019,Positive
Mukesh Kumhar,https://www.linkedin.com/in/qamukesh,Transforming healthcare with AI: Cutting wait times to zero for patients & doctors in India. | Quality Assurance | Web & App Development | Custom Software Development,When are you coming to Ahmedabad? We're working on a healthtech product to revolutionize doctor-patient interaction using AI. Would love to join the event and get in touch with you.,2025-07-23T05:42:48.165Z,"urn:li:comment:(activity:7352599276381753345,7353660837888245760)",b5d5d3e7cfb7785471ea68259c30aeffc105bf2ac7b137827ce392ca2adbc831,urn:li:activity:7352599276381753345,c57a9d26bd32f464f35e6f2be61551c59366ff35cb61101f3234acec1897226f,7352599276381753345,when are you coming to ahmedabad were working on a healthtech product to revolutionize doctorpatient interaction using ai would love to join the event and get in touch with you,0.0,0.808,0.192,0.7506,Positive
Jai Thakur,https://www.linkedin.com/in/jai-thakur,Entrepreneur | Wellness | Mountaineer,Would love to participate and contribute in Mumbai,2025-07-23T05:37:54.391Z,"urn:li:comment:(activity:7352599276381753345,7353659605714894848)",504da13ceeb1979b7c268b9a92b4e18a8b7781b3c9361d84299e352e0850965f,urn:li:activity:7352599276381753345,c57a9d26bd32f464f35e6f2be61551c59366ff35cb61101f3234acec1897226f,7352599276381753345,would love to participate and contribute in mumbai,0.0,0.625,0.375,0.6369,Positive
Anurag Soni,https://www.linkedin.com/in/anuragsoniadverto,CEO at Adverto | Linkedin Top AI Voice | DOOH | AI | Turning curiosity into breakthroughs! 🚀,"Hi, Would love to join the one for Gurgaon",2025-07-23T05:17:11.740Z,"urn:li:comment:(activity:7352599276381753345,7353654393654697984)",972305efaee28a5a152f9c55f96adc50dac9352643f42a8f4c2bc872c33a49b9,urn:li:activity:7352599276381753345,c57a9d26bd32f464f35e6f2be61551c59366ff35cb61101f3234acec1897226f,7352599276381753345,hi would love to join the one for gurgaon,0.0,0.522,0.478,0.7506,Positive
Lakshay Rohilla,https://www.linkedin.com/in/lakshay-rohilla-36a416104,Co-founder at Hobfit | Empowering Women’s Health and Wellness.,"Yes, would love to join Gurgaon :)",2025-07-23T04:56:35.780Z,"urn:li:comment:(activity:7352599276381753345,7353649209662730243)",c4895b3ed10b7292bd6a3987029c75dd13d87a98c7e229672e2cd7cf65d9b5f7,urn:li:activity:7352599276381753345,c57a9d26bd32f464f35e6f2be61551c59366ff35cb61101f3234acec1897226f,7352599276381753345,yes would love to join gurgaon,0.0,0.248,0.752,0.8442,Positive
Ameet Padiyar,https://www.linkedin.com/in/ameet-padiyar-baa84916,☛ Building Ideas|Entreprenuer|Digital Evangelist|Business Strategy|Thought Leader| Passionate about HealthTech and SkillTech,Hey Dilip would love to be a part of this,2025-07-23T04:55:19.022Z,"urn:li:comment:(activity:7352599276381753345,7353648887720488960)",b7b16bdf2597c14cd8e2519269605df677cd2bfdf33ad149c641b3c7892d1643,urn:li:activity:7352599276381753345,c57a9d26bd32f464f35e6f2be61551c59366ff35cb61101f3234acec1897226f,7352599276381753345,hey dilip would love to be a part of this,0.0,0.656,0.344,0.6369,Positive
Niyati Mehta,https://www.linkedin.com/in/niyati-mehta-94756816,"Insight-Led Growth Strategist | Ex-P&G & Ex-Colgate | Behavioral Science, Category Strategy, Growth GTM | I Help Companies Turn Consumer Understanding Into Scalable Systems","Hey Dilip, would love to join in Mumbai",2025-07-23T04:03:17.326Z,"urn:li:comment:(activity:7352599276381753345,7353635794374262788)",d636fba2e62509013dd0a7d3f164943cbce9399ba9b2a0a46307869555da3c51,urn:li:activity:7352599276381753345,c57a9d26bd32f464f35e6f2be61551c59366ff35cb61101f3234acec1897226f,7352599276381753345,hey dilip would love to join in mumbai,0.0,0.484,0.516,0.7506,Positive
Priyanka Garg,https://www.linkedin.com/in/priyanka-garg-8a437173,"Elevating employees wellness & engagement through yoga , art and sound healing for mental , emotional and physical health Svasti.art/ Shwaas_inhale",Niyati Mehta,2025-07-23T03:31:28.265Z,"urn:li:comment:(activity:7352599276381753345,7353627787196358656)",a039cdc1c81fc466c1e97a764086b2223075fb9f3f0e24338bf25a688392dfa6,urn:li:activity:7352599276381753345,c57a9d26bd32f464f35e6f2be61551c59366ff35cb61101f3234acec1897226f,7352599276381753345,niyati mehta,0.0,1.0,0.0,0.0,Neutral
Priyanka Garg,https://www.linkedin.com/in/priyanka-garg-8a437173,"Elevating employees wellness & engagement through yoga , art and sound healing for mental , emotional and physical health Svasti.art/ Shwaas_inhale","Love this, Dilip. Will join",2025-07-23T03:30:38.253Z,"urn:li:comment:(activity:7352599276381753345,7353627577426526208)",d914b20be893966ddaddf4be08c7e409bb936b60c9c2f4399a592a573201f73d,urn:li:activity:7352599276381753345,c57a9d26bd32f464f35e6f2be61551c59366ff35cb61101f3234acec1897226f,7352599276381753345,love this dilip will join,0.0,0.319,0.681,0.7506,Positive
Amita Malhotra,https://www.linkedin.com/in/amitamalhotra,"Founder @ Equalsportz | Founder@Equalitee | Director - Scenario Consulting | Board Member | Advisor to Brands - Strategy, Marketing, Communication, Content | Curious Mind | Enjoy Teaching",Would love to attend the Gurgaon meet.,2025-07-23T02:56:27.968Z,"urn:li:comment:(activity:7352599276381753345,7353618977908035584)",938c26ee38aa4db346ebaef9727cd5cd249ad9345d91d9f2109c35309a1876e8,urn:li:activity:7352599276381753345,c57a9d26bd32f464f35e6f2be61551c59366ff35cb61101f3234acec1897226f,7352599276381753345,would love to attend the gurgaon meet,0.0,0.588,0.412,0.6369,Positive
"Roshani Sanghani, MD, MHP",https://www.linkedin.com/in/roshani-sanghani-md-mhp-64957252,Board-Certified Endocrinologist & Metabolic Health Practitioner | 7000+ Patients Coached | Expert in Insulin resistance Reversal & Hormone Optimization,Will join in Mumbai!,2025-07-23T02:56:01.612Z,"urn:li:comment:(activity:7352599276381753345,7353618867362971649)",d072273b2e8f277b5ec66a84138d543c7eea1c6165571eb30f40f02f5852ae43,urn:li:activity:7352599276381753345,c57a9d26bd32f464f35e6f2be61551c59366ff35cb61101f3234acec1897226f,7352599276381753345,will join in mumbai,0.0,0.577,0.423,0.296,Positive
Neeraj Sanghani,https://www.linkedin.com/in/neerajsanghani,"Co-Founder, Aasaan Health Solutions & Reisaan Health | Kellogg MBA | Ex-Chief Strategy Officer | Diabetes & Metabolic Health Advocate | Startup Growth & Product Leadership",Would love to join in Mumbai,2025-07-23T02:54:34.854Z,"urn:li:comment:(activity:7352599276381753345,7353618503473475584)",d2f19a211c4c73b5d52605485e80900fa088ae414347970c810f6039b17b8214,urn:li:activity:7352599276381753345,c57a9d26bd32f464f35e6f2be61551c59366ff35cb61101f3234acec1897226f,7352599276381753345,would love to join in mumbai,0.0,0.385,0.615,0.7506,Positive
Sushant Dwivedi,https://www.linkedin.com/in/sushant0611,Founder's Team @Aishvana Buildcon Private Limited,Can I join in Gurgaon!!,2025-07-23T02:30:43.408Z,"urn:li:comment:(activity:7352599276381753345,7353612499553800192)",e01d5d79f12f7c47f5054411f997428602c47d1fcc5dfa3bfcc7e40777d1483b,urn:li:activity:7352599276381753345,c57a9d26bd32f464f35e6f2be61551c59366ff35cb61101f3234acec1897226f,7352599276381753345,can i join in gurgaon,0.0,0.577,0.423,0.296,Positive
Mithul Etta,https://www.linkedin.com/in/mithul-etta-96833129,AI Product Management | Webby Winner | 15+ Years Scaling Teams & Revenue | AI Expert | Ex - Founder | Ex-Disney Innovation | Ex-Redbull | Scaled Startup to ₹20+ Cr |,hey would love to join in Mumbai ,2025-07-22T23:09:11.269Z,"urn:li:comment:(activity:7352599276381753345,7353561781451026432)",134044aca8c1da475d146e3b1b4794b51ea711b7fd3719ecf088cdaba9d5ea54,urn:li:activity:7352599276381753345,c57a9d26bd32f464f35e6f2be61551c59366ff35cb61101f3234acec1897226f,7352599276381753345,hey would love to join in mumbai,0.0,0.439,0.561,0.7506,Positive
Kapil Madan,https://www.linkedin.com/in/kapilmadan,"2X Top AI Voice | Generative AI | VP Global Business Development | Venture Institute Cohort 2 @VC Lab| Ex-Adobe, Ex-IBM| Generative AI for Climate Tech, Clean Tech, Life Sciences, Fintech",Gurgaon,2025-07-22T21:23:02.442Z,"urn:li:comment:(activity:7352599276381753345,7353535068650311681)",cedb18c0cf3a56aef098adaa4fe6d6c2aed41e964a25e091ce569d2bb87da919,urn:li:activity:7352599276381753345,c57a9d26bd32f464f35e6f2be61551c59366ff35cb61101f3234acec1897226f,7352599276381753345,gurgaon,0.0,1.0,0.0,0.0,Neutral
Prashant Mishra,https://www.linkedin.com/in/prashant888m,Building Sportathon Foundation | Founder @Dil Se Khelo | OMLAS Fellow 2025 | Ex- TFI & Alohomora | Aspire Leader @Harvard | Social Entrepreneur | Sports Enthusiasts,I was waiting for this Meet-up. Count me in for Gurgaon!,2025-07-22T18:59:12.121Z,"urn:li:comment:(activity:7352599276381753345,7353498870464565248)",d74ad47141e5f3d37c96971f57ee2084a7b6bbdadd905e6ab4d7256cb29c2e3a,urn:li:activity:7352599276381753345,c57a9d26bd32f464f35e6f2be61551c59366ff35cb61101f3234acec1897226f,7352599276381753345,i was waiting for this meetup count me in for gurgaon,0.0,1.0,0.0,0.0,Neutral
Sarthak Gupta,https://www.linkedin.com/in/sarthak-gupta-556a10191,Growth @ Vyapar | Ex- Project Manager @ ICICI Bank | Ex- Founding Team @ Patch up | GrowthX | IIT Jammu'23,Dilip Kumar would love to join in Mumbai :),2025-07-22T17:52:59.792Z,"urn:li:comment:(activity:7352599276381753345,7353482209304985600)",c6119deb74d7c15d810d891efdbe2a2b7ea55b9afcfc340cff14d169be8dbf2e,urn:li:activity:7352599276381753345,c57a9d26bd32f464f35e6f2be61551c59366ff35cb61101f3234acec1897226f,7352599276381753345,dilip kumar would love to join in mumbai,0.0,0.484,0.516,0.7506,Positive
Nilofer Rao,https://www.linkedin.com/in/niloferrao,"Building Bubz – 95% Bamboo, Parent-Led Baby Sleepwear | Ex-Amazon | INSEAD MBA",Would love to join for the Gurgaon one!,2025-07-22T17:31:57.934Z,"urn:li:comment:(activity:7352599276381753345,7353476916688949248)",a15d0cf4d9e1ff42858b19312c529e4931128014839a64217f8555cacf4dcedf,urn:li:activity:7352599276381753345,c57a9d26bd32f464f35e6f2be61551c59366ff35cb61101f3234acec1897226f,7352599276381753345,would love to join for the gurgaon one,0.0,0.484,0.516,0.7506,Positive
Sonal WhiteCub,https://www.linkedin.com/in/sonal-whitecub-9364387,CEO WhiteCub Vegan Foods | Vegprenuer of the Year Award 2025 by PBFIA | Revolutionising Plant based | Among Top 20 Trailblazers Women by UK based ProVeg | Among Top 5 Vegan Changemakers by Humane World for Animals India,This is an awesome idea ! Please share Gurgaon link,2025-07-22T17:16:35.081Z,"urn:li:comment:(activity:7352599276381753345,7353473045967065088)",fb9863401c3e3f45ffa65ba406f23eb10f723c66db3e0639b6a2835a31598816,urn:li:activity:7352599276381753345,c57a9d26bd32f464f35e6f2be61551c59366ff35cb61101f3234acec1897226f,7352599276381753345,this is an awesome idea please share gurgaon link,0.0,0.411,0.589,0.8225,Positive
Achin BN Biyani,https://www.linkedin.com/in/achin-bn-biyani-2375981b,"I am an ultra-marathoner. I am driven by sports. My work focus on climate finance, blended finance, private finance, public finance, and impact investment.",I want to join,2025-07-22T16:41:12.308Z,"urn:li:comment:(activity:7352599276381753345,7353464142407565313)",61e553dc7554355ea227c9f60943e453f0accab3019ff63b8313d118ba8a9e04,urn:li:activity:7352599276381753345,c57a9d26bd32f464f35e6f2be61551c59366ff35cb61101f3234acec1897226f,7352599276381753345,i want to join,0.0,0.222,0.778,0.3612,Positive
Soniya Raisoni,https://www.linkedin.com/in/soniya-raisoni-631367166,"Founder, Roast Foods",Anything in Pune,2025-07-22T16:24:13.898Z,"urn:li:comment:(activity:7352599276381753345,7353459870886457346)",577ec2c3e8bef322333a58c9e5e1bb35eba26f0cfc502fa12998639de31183aa,urn:li:activity:7352599276381753345,c57a9d26bd32f464f35e6f2be61551c59366ff35cb61101f3234acec1897226f,7352599276381753345,anything in pune,0.0,1.0,0.0,0.0,Neutral
Calculus,,14 followers,Cant wait for the next one in Bengaluru. ,2025-07-22T16:02:37.876Z,"urn:li:comment:(activity:7352599276381753345,7353454434976227332)",6c0f099171b6890ca9ee2036682f93023ac053bb11ffe3058ffe6890b2c3c453,urn:li:activity:7352599276381753345,c57a9d26bd32f464f35e6f2be61551c59366ff35cb61101f3234acec1897226f,7352599276381753345,cant wait for the next one in bengaluru,0.0,1.0,0.0,0.0,Neutral
Anitha Sadanand,https://www.linkedin.com/in/anitha-sadanand,Founder | Mommy Mills Foods Private Limited | Mamma Mills | Social Entrepreneur | Farmer |,Love to attend from Mysore,2025-07-22T15:49:51.367Z,"urn:li:comment:(activity:7352599276381753345,7353451220008681472)",4a7955aacef170d870e908b083d4b56d09f43b1ee3b6b8834ec30d2b5b454768,urn:li:activity:7352599276381753345,c57a9d26bd32f464f35e6f2be61551c59366ff35cb61101f3234acec1897226f,7352599276381753345,love to attend from mysore,0.0,0.488,0.512,0.6369,Positive
Smit Visavadia,https://www.linkedin.com/in/smitvisavadia,Building EatReal,Would like to join the Mumbai event. Please share the link. Dilip Kumar,2025-07-22T13:20:20.234Z,"urn:li:comment:(activity:7352599276381753345,7353413592345378822)",964f5fd76393b3860f6791e827a6cdcc3755ba312826fe5b34824e7f744d0a57,urn:li:activity:7352599276381753345,c57a9d26bd32f464f35e6f2be61551c59366ff35cb61101f3234acec1897226f,7352599276381753345,would like to join the mumbai event please share the link dilip kumar,0.0,0.495,0.505,0.802,Positive
Rohan Jain,https://www.linkedin.com/in/rohan-jain-638730163,Co-Founder at The Wellness Co | Pure Foods,"It was an absolute pleasure meeting, exchanging ideas and sweating it out with so many talented founders at the Bangalore event! Kudos to Dilip Kumar Nithin Kamath  and the entire team at rain matter for putting together such a fantastic gathering. Can’t wait to see you all in Gurgaon on the 26th!",2025-07-22T11:53:36.520Z,"urn:li:comment:(activity:7352599276381753345,7353391766386982913)",a87210fe58898902e2fcea339e74f6dd834a371bab0ce9025dae30b6cd296e10,urn:li:activity:7352599276381753345,c57a9d26bd32f464f35e6f2be61551c59366ff35cb61101f3234acec1897226f,7352599276381753345,it was an absolute pleasure meeting exchanging ideas and sweating it out with so many talented founders at the bangalore event kudos to dilip kumar nithin kamath and the entire team at rain matter for putting together such a fantastic gathering cant wait to see you all in gurgaon on the th,0.0,0.751,0.249,0.9358,Positive
Hitesh Rathi,https://www.linkedin.com/in/hitesh-rathi-2184b553,"Building Aadvik, Hye Pets | Voracious Reader | Eternal Optimist |",Hi Dilip Kumarwould love to be a part of this in Gurgaon. Thanks.,2025-07-22T11:42:36.903Z,"urn:li:comment:(activity:7352599276381753345,7353388999752773633)",cef5fe8c630d3071fb4f130e356e403d9b6b3fbf659cbc623922e510ea3c2684,urn:li:activity:7352599276381753345,c57a9d26bd32f464f35e6f2be61551c59366ff35cb61101f3234acec1897226f,7352599276381753345,hi dilip kumarwould love to be a part of this in gurgaon thanks,0.0,0.585,0.415,0.7964,Positive
Kabir Sawhney,https://www.linkedin.com/in/kabir-sawhney-89b564148,Director at WG Constructions,Can you share Gurgaon link,2025-07-22T11:42:24.186Z,"urn:li:comment:(activity:7352599276381753345,7353388946413772801)",ddd9a6ab42349f06b2ff226881e033ff5944963944f0ea26a0edda308feecf1b,urn:li:activity:7352599276381753345,c57a9d26bd32f464f35e6f2be61551c59366ff35cb61101f3234acec1897226f,7352599276381753345,can you share gurgaon link,0.0,0.645,0.355,0.296,Positive
Taran Mundkar,https://www.linkedin.com/in/taran-mundkar,Founder & CEO at TTM Media | Sales Consultant at Calance: Helping businesses get real results with unique AI solutions,Would love to be a part of the Gurgaon event :) ,2025-07-22T11:42:10.634Z,"urn:li:comment:(activity:7352599276381753345,7353388889576796161)",c151536f3e62e936b676c05963e8e78b6d93a8584c71703890bd2b71d40f8365,urn:li:activity:7352599276381753345,c57a9d26bd32f464f35e6f2be61551c59366ff35cb61101f3234acec1897226f,7352599276381753345,would love to be a part of the gurgaon event,0.0,0.656,0.344,0.6369,Positive
Jasmer Kapany,https://www.linkedin.com/in/jasmer-kapany-827b57350,Export Operations at Design Craft Industries,Would love to join in on the Gurgaon event.,2025-07-22T11:38:03.588Z,"urn:li:comment:(activity:7352599276381753345,7353387853386579969)",012b0f03b8202a6810c5f357d0130f7d6bf406dcfebee0de1e4cd24bb0853aa0,urn:li:activity:7352599276381753345,c57a9d26bd32f464f35e6f2be61551c59366ff35cb61101f3234acec1897226f,7352599276381753345,would love to join in on the gurgaon event,0.0,0.522,0.478,0.7506,Positive
Akshay Bansal,https://www.linkedin.com/in/akshaybansal0209,Learning & Curious | Problem Solver | Marketing | AI,"What a blast would this event be
Would love to have an invite :)",2025-07-22T11:13:47.143Z,"urn:li:comment:(activity:7352599276381753345,7353381744613486592)",32ecc0bd9ef35d8001919b709c677510f166372ba624285a776a10cb62a87d65,urn:li:activity:7352599276381753345,c57a9d26bd32f464f35e6f2be61551c59366ff35cb61101f3234acec1897226f,7352599276381753345,what a blast would this event be would love to have an invite,0.0,0.633,0.367,0.7003,Positive
Prasanna Kadambi,https://www.linkedin.com/in/prasanna-kadambi-942429171,Building Quintrans | Co-Founder & CPO,Looking forward to such sessions in Pune as well ! Dilip Kumar hope you take this up,2025-07-22T11:10:01.526Z,"urn:li:comment:(activity:7352599276381753345,7353380798307172352)",7ade39c8b6f651c536926e4482c1f56cfeee7e850f4f4927da1eed1e828c1e3a,urn:li:activity:7352599276381753345,c57a9d26bd32f464f35e6f2be61551c59366ff35cb61101f3234acec1897226f,7352599276381753345,looking forward to such sessions in pune as well dilip kumar hope you take this up,0.0,0.737,0.263,0.6124,Positive
Ruchika S.,https://www.linkedin.com/in/ruchikasharma21,"Strategic Communication Initiatives I Knowledge Management | Advocacy, Partnerships & Government Relations Living to learn and share exciting tales!",Would love to join.. please share details,2025-07-22T10:43:07.678Z,"urn:li:comment:(activity:7352599276381753345,7353374029338087424)",ba3d4b5770972174d1c81b088bfc56c4bcad106a923c28c9bb35ad19be03b632,urn:li:activity:7352599276381753345,c57a9d26bd32f464f35e6f2be61551c59366ff35cb61101f3234acec1897226f,7352599276381753345,would love to join please share details,0.0,0.216,0.784,0.872,Positive
Arnav Bhan,https://www.linkedin.com/in/arnav-bhan-b5a9b1143,Co-founder and Business Head at Qissa Studios/ B2B Growth/Sales Consultant,Would love to attend the Gurgaon event!,2025-07-22T08:38:04.797Z,"urn:li:comment:(activity:7352599276381753345,7353342559974281216)",7c7b1fd6aa7f1eeff3946fbe746aaea7d252a718ce45ab14d5015a3ae165e59d,urn:li:activity:7352599276381753345,c57a9d26bd32f464f35e6f2be61551c59366ff35cb61101f3234acec1897226f,7352599276381753345,would love to attend the gurgaon event,0.0,0.588,0.412,0.6369,Positive
Dolly Aswani,https://www.linkedin.com/in/dollyaswani,"Founder at The Kind Citizen - (TKC) | Employee Volunteering | Matchmaking Corporates, Nonprofits & Individuals | Making Seva(Volunteering) Accessible & Effortless | Making Youth Kinder & Socially Conscious",Count me in for Gurgaon :),2025-07-22T07:37:08.230Z,"urn:li:comment:(activity:7352599276381753345,7353327223224860672)",4bc2c70e92624919fbc38dd538d4609342c768c45d2e486be1763b062f8036b8,urn:li:activity:7352599276381753345,c57a9d26bd32f464f35e6f2be61551c59366ff35cb61101f3234acec1897226f,7352599276381753345,count me in for gurgaon,0.0,1.0,0.0,0.0,Neutral
Prasad P,https://www.linkedin.com/in/pullapads,AVP at Yes Bank Limited,Saloni Godbole Tewari ...,2025-07-22T06:51:33.207Z,"urn:li:comment:(activity:7352599276381753345,7353315751706951681)",d6ca0aca8d88d2c191247d3c51ef35f676bb8be2893b00ef9b9bb0edd861673f,urn:li:activity:7352599276381753345,c57a9d26bd32f464f35e6f2be61551c59366ff35cb61101f3234acec1897226f,7352599276381753345,saloni godbole tewari,0.0,1.0,0.0,0.0,Neutral
Samir Pasad,https://www.linkedin.com/in/samir-pasad-910a993,Co-Founder and CTO at Vegan Bites & nomou Plant Based Gelato,Mumbai,2025-07-22T06:46:39.971Z,"urn:li:comment:(activity:7352599276381753345,7353314521781780482)",f35dde9486aa1e9e89ddea73c44a89d15973bcec3ed79798fe64113516a2ced7,urn:li:activity:7352599276381753345,c57a9d26bd32f464f35e6f2be61551c59366ff35cb61101f3234acec1897226f,7352599276381753345,mumbai,0.0,1.0,0.0,0.0,Neutral
Luv Goel,https://www.linkedin.com/in/luv-goel,Founder @ Freshmxn's Lab | AI-driven mentorship solutions | Educational Reformer,"Hey, I am in for Gurgaon!",2025-07-22T05:41:09.732Z,"urn:li:comment:(activity:7352599276381753345,7353298037168881664)",39ac51ba679ce9c114f6dc7f2f59c0efc558d42521da453f06a288b110c05322,urn:li:activity:7352599276381753345,c57a9d26bd32f464f35e6f2be61551c59366ff35cb61101f3234acec1897226f,7352599276381753345,hey i am in for gurgaon,0.0,1.0,0.0,0.0,Neutral
Deepak Suri,https://www.linkedin.com/in/deepak-suri-07a9a36,Building 9GRAMS,"Hi Dilip, Please share the invite link. I would like to Join",2025-07-22T05:21:16.535Z,"urn:li:comment:(activity:7352599276381753345,7353293032533737472)",f790f7bb7c41f6f56f7e701d354c3563058dfa9d49ea4dcdf0448a105d554e9c,urn:li:activity:7352599276381753345,c57a9d26bd32f464f35e6f2be61551c59366ff35cb61101f3234acec1897226f,7352599276381753345,hi dilip please share the invite link i would like to join,0.0,0.357,0.643,0.8316,Positive
Neeraj Maheshwari,https://www.linkedin.com/in/neerajchandak,Co-Founder @ MBgreen Plantation | Agroforestry | Agripreneur,Would love to join the Gurgaon meet...,2025-07-22T03:04:10.168Z,"urn:li:comment:(activity:7352599276381753345,7353258528649756673)",fd6407a6462108cdb4752eb2c16ce56df5af78793368e9ac30a5cafcd40300ac,urn:li:activity:7352599276381753345,c57a9d26bd32f464f35e6f2be61551c59366ff35cb61101f3234acec1897226f,7352599276381753345,would love to join the gurgaon meet,0.0,0.439,0.561,0.7506,Positive
Umesh Chhazzed,https://www.linkedin.com/in/umesh-chhazzed,Setting up GCCs in India | AI-Driven Workforce & Talent Solutions | Promoting Clean Plant-Based Nutrition,Mumbai 👍🏼,2025-07-22T03:01:21.493Z,"urn:li:comment:(activity:7352599276381753345,7353257821175537665)",49ef6ea36c505c8a914cbb72290224718649e7aefa157252c7acaffd65605c4d,urn:li:activity:7352599276381753345,c57a9d26bd32f464f35e6f2be61551c59366ff35cb61101f3234acec1897226f,7352599276381753345,mumbai,0.0,1.0,0.0,0.0,Neutral
deepak ..,https://www.linkedin.com/in/deepak-b6a0b9b3,Assistant Divisional Manager at LIC OF INDIA,Excited for this,2025-07-22T02:02:10.131Z,"urn:li:comment:(activity:7352599276381753345,7353242925683634176)",a3815694b0e95690565c5b3708ce4dd07b676aac66219b48429a5be4b7904484,urn:li:activity:7352599276381753345,c57a9d26bd32f464f35e6f2be61551c59366ff35cb61101f3234acec1897226f,7352599276381753345,excited for this,0.0,0.455,0.545,0.34,Positive
Tanuj Saxena,https://www.linkedin.com/in/tanuj-saxena,Unicorn Builder | Building DocOnline | Growth Hacker | Impact Investor,Any plans for Noida?,2025-07-22T01:59:05.893Z,"urn:li:comment:(activity:7352599276381753345,7353242152933449729)",e6b9c01eb7cd088b9af4db694127cb0796d8a0ced99844623e5249ce677f25f8,urn:li:activity:7352599276381753345,c57a9d26bd32f464f35e6f2be61551c59366ff35cb61101f3234acec1897226f,7352599276381753345,any plans for noida,0.0,1.0,0.0,0.0,Neutral
Himanshu Gupta,https://www.linkedin.com/in/himg93,Associate Director - Growth @Gokwik | Sales Leader | Enterprise Sales | B2B SaaS | Fintech | Ex- Pickrr (Acquired by Shiprocket) | Ex- Eatclub | Ex- QCI,Where's Jitendra Chouksey :/,2025-07-22T01:48:10.172Z,"urn:li:comment:(activity:7352599276381753345,7353239402644459520)",223e7a2bbea99c1e7c4c0b8b2a924b0172ba2832151adf5e7304cb1d523e853c,urn:li:activity:7352599276381753345,c57a9d26bd32f464f35e6f2be61551c59366ff35cb61101f3234acec1897226f,7352599276381753345,wheres jitendra chouksey,0.0,1.0,0.0,0.0,Neutral
lava kumar kota,https://www.linkedin.com/in/lava-kumar-kota-6a2ab33b,Ex Syndicate bank/Ex LVB/Senior Associate at Dbs bank India ltd (retd.),"Love this, Dilip. Hyderabad welcomes u.",2025-07-22T01:29:24.651Z,"urn:li:comment:(activity:7352599276381753345,7353234681867243522)",9deb5da204036fbbd7c28b2826b8280b666426e3dff2f7c47b460f998d66bc49,urn:li:activity:7352599276381753345,c57a9d26bd32f464f35e6f2be61551c59366ff35cb61101f3234acec1897226f,7352599276381753345,love this dilip hyderabad welcomes u,0.0,0.303,0.697,0.7845,Positive
Arijit Bose,https://www.linkedin.com/in/arijitbose1,"One Stop Talent Partner for Founders ,CEOs & Business Heads | Hiring | Systems | Culture",Dilip Kumar  want to join in Gurgaon,2025-07-22T00:15:25.449Z,"urn:li:comment:(activity:7352599276381753345,7353216062500352001)",6ccbf55f1264f24ff7ab0859d8c71cd8ad0f612495432c070f7ad13fca223e4d,urn:li:activity:7352599276381753345,c57a9d26bd32f464f35e6f2be61551c59366ff35cb61101f3234acec1897226f,7352599276381753345,dilip kumar want to join in gurgaon,0.0,0.588,0.412,0.3612,Positive
Shruti Gurbaxani,https://www.linkedin.com/in/shruti-gurbaxani-411724a0,Building Punarvasugifts I Reinforcing sustainability principles in the Polymer Industry I Building circular economy I Crafting a movement where creativity meets circularity I Climate Action Advocate,Gurgaon link please.,2025-07-21T22:24:35.819Z,"urn:li:comment:(activity:7352599276381753345,7353188171930595330)",8410e14924198dc066cfdf76d5e18f0b59b64cec35b0ba76b20a929cb9986033,urn:li:activity:7352599276381753345,c57a9d26bd32f464f35e6f2be61551c59366ff35cb61101f3234acec1897226f,7352599276381753345,gurgaon link please,0.0,0.465,0.535,0.3182,Positive
Manish Kaushik,https://www.linkedin.com/in/manishkaushikofficial,Co-Founder - QPe | Saas | Reduce your E-Commerce Tech cost by 70% with QPe!,Want to Join. Would love to know the next step.,2025-07-21T21:39:06.022Z,"urn:li:comment:(activity:7352599276381753345,7353176722336305152)",7332c6774d4606abfb66de9b9f0da97429a17c41f1d55e46d9e60315e7801d18,urn:li:activity:7352599276381753345,c57a9d26bd32f464f35e6f2be61551c59366ff35cb61101f3234acec1897226f,7352599276381753345,want to join would love to know the next step,0.0,0.476,0.524,0.7717,Positive
Tushar Shahani,https://www.linkedin.com/in/tusharshahani19,LMM Software Private Equity | Ex - Student-Athlete at the University of Pennsylvania,"Super exciting for the Mumbai edition!
Can you please share the link",2025-07-21T20:41:57.429Z,"urn:li:comment:(activity:7352599276381753345,7353162341770760192)",169839e7cff00413ec395dd9f0b42099c224aeceb62c4f339125e0cd2bf3bbc7,urn:li:activity:7352599276381753345,c57a9d26bd32f464f35e6f2be61551c59366ff35cb61101f3234acec1897226f,7352599276381753345,super exciting for the mumbai edition can you please share the link,0.0,0.408,0.592,0.891,Positive
Shashank Saxena,https://www.linkedin.com/in/saxenashashank,"Building Future of Trust | Responsible AI platforms in FinTech, RegTech, E-commerce, Sustainability | Ind. Director",Great initiative Dilip Kumar ! Would love to sign up for the Mumbai meet.,2025-07-21T19:10:21.266Z,"urn:li:comment:(activity:7352599276381753345,7353139289192382464)",491a95aa1d35b045e93303cbfd7076d5bb91bcfe70b24a0910560d9e81a781b1,urn:li:activity:7352599276381753345,c57a9d26bd32f464f35e6f2be61551c59366ff35cb61101f3234acec1897226f,7352599276381753345,great initiative dilip kumar would love to sign up for the mumbai meet,0.0,0.57,0.43,0.8519,Positive
Dr.Palak Bhandari,https://www.linkedin.com/in/dr-palak-bhandari-73774b1b8,"Founder, TeachSpoonEdTech Private Limited",Mumbai!!,2025-07-21T18:16:33.118Z,"urn:li:comment:(activity:7352599276381753345,7353125749362503681)",8f2bde9f1ab7277cd2c99d32e96e5c45947a42f596b41664cad82ec47e2ce4b5,urn:li:activity:7352599276381753345,c57a9d26bd32f464f35e6f2be61551c59366ff35cb61101f3234acec1897226f,7352599276381753345,mumbai,0.0,1.0,0.0,0.0,Neutral
Piyush Kabra,https://www.linkedin.com/in/piyush-kabra,"Strategy x Operations | Ex Founder | Global Business & Finance Strategy Leader | Transforming Tech through Data-Driven Innovation | MBA, CA | Yale| Ex Consultant & PE | Passionate Educator & Climate Advocate","Hi, would love to join in Mumbai!",2025-07-21T17:43:53.965Z,"urn:li:comment:(activity:7352599276381753345,7353117532079157248)",88f1af69dce932192e8db41e8cbe64e247f468d33c8c760b1d84cbd6b1464a8a,urn:li:activity:7352599276381753345,c57a9d26bd32f464f35e6f2be61551c59366ff35cb61101f3234acec1897226f,7352599276381753345,hi would love to join in mumbai,0.0,0.439,0.561,0.7506,Positive
Astha Tandon,https://www.linkedin.com/in/astha-tandon,"Co-Founder, Salts-Future of Wellness | Chef-turned-Entrepreneur on a Mission to Redefine Everyday Hydration",Hi!! I am interested in attending the founders peak…. Please,2025-07-21T17:41:43.638Z,"urn:li:comment:(activity:7352599276381753345,7353116985448128512)",ddf171393320e856c548c0cc5cb9987072e9cc9934132ac9001337f633e5e5ab,urn:li:activity:7352599276381753345,c57a9d26bd32f464f35e6f2be61551c59366ff35cb61101f3234acec1897226f,7352599276381753345,hi i am interested in attending the founders peak please,0.0,0.583,0.417,0.6124,Positive
Divyashish Jindal,https://www.linkedin.com/in/divyashish,"Masters’ Union | IIT Delhi | Ex-Doubtnut, Amazon | Product & AI Growth Leader | 0→1 & 1→100 Expert",Would love to join Gurgaon one,2025-07-21T17:24:36.092Z,"urn:li:comment:(activity:7352599276381753345,7353112675603681281)",9b70a614d04287c6ea2e699455d0030dacf54e178749f7dd1ee7fa4a576ea45e,urn:li:activity:7352599276381753345,c57a9d26bd32f464f35e6f2be61551c59366ff35cb61101f3234acec1897226f,7352599276381753345,would love to join gurgaon one,0.0,0.385,0.615,0.7506,Positive
