Full Name,Profile URL,Headline,Comment,Timestamp,Comment URN,Comment Hash,Post URN,Post Hash,post_urn_id,processed_comment,sentiment_negative,sentiment_neutral,sentiment_positive,sentiment_compound,sentiment_label
Dr. Anupriya L.,https://www.linkedin.com/in/dr-anupriyalilhori,Co-Founder at Preva Care | ECFMG Certified | MBBS | 95th Percentile in STEP 3 | Expert in Internal Medicine & Patient Care | Specialising in Advanced Diagnostics and Multidisciplinary Collaboration,"As a doctor and now a founder of preventive healthcare company , I’d say though the preventive care is the way to go but the adoption currently is very limited . There’s a need to educate and make the patients / customers see value in shifting the focus from reactive to proactive care !",2024-11-11T13:29:37.874Z,"urn:li:comment:(activity:7253998285718241281,7261731801260318720)",194cd982a641e21e94d550bc5664eb90ba72fa302b274b92957d06de64d3c0cb,urn:li:activity:7253998285718241281,a83bbd1d67417a541a516e14f472fda1b068eae2a6ae82841e3a223487206524,7253998285718241281,as a doctor and now a founder of preventive healthcare company id say though the preventive care is the way to go but the adoption currently is very limited theres a need to educate and make the patients customers see value in shifting the focus from reactive to proactive care,0.048,0.724,0.228,0.8863,Positive
Sandip Chavan,https://www.linkedin.com/in/sandip-chavan-2932a146,Director at SchainEx I Pexrise I New Business & Strategic Partnerships I Engineering Projects I Global Sourcing I Supplier Chain Management,"Empower is also the leadership characteristic instead of instructions empowering can give path to new idea's, different ways, thinking to get things done.",2024-11-09T06:41:03.923Z,"urn:li:comment:(activity:7253998285718241281,7260904206566313984)",9e826963967cda8b1e2d99bdefaf4d46e1acae78b9b39b2b4e9262e475de779e,urn:li:activity:7253998285718241281,a83bbd1d67417a541a516e14f472fda1b068eae2a6ae82841e3a223487206524,7253998285718241281,empower is also the leadership characteristic instead of instructions empowering can give path to new ideas different ways thinking to get things done,0.0,1.0,0.0,0.0,Neutral
Even,,"87,627 followers","Totally agreed, Dilip!

There’s a growing need for preventive healthcare, and we’re building exactly that at Even. Often, our initial conversations with potential members require a lot of convincing and evidence that preventive healthcare is the way to go. People are accustomed to the traditional health cover model, which only pays for bills; so our features—like free doctor consultations, tests, and specialist visits—can seem too good to be true.

That said, there’s also been a progressive shift in healthcare conversations recently, which is a promising sign that companies building healthcare slowly and steadily are on the right track. 🎈",2024-11-06T07:21:48.097Z,"urn:li:comment:(activity:7253998285718241281,7259827294578356225)",8f3b3e9e676176a6df20541bda03ad3e85b0ca2e3782204f35c04c5f16a236f7,urn:li:activity:7253998285718241281,a83bbd1d67417a541a516e14f472fda1b068eae2a6ae82841e3a223487206524,7253998285718241281,totally agreed dilip theres a growing need for preventive healthcare and were building exactly that at even often our initial conversations with potential members require a lot of convincing and evidence that preventive healthcare is the way to go people are accustomed to the traditional health cover model which only pays for bills so our featureslike free doctor consultations tests and specialist visitscan seem too good to be true that said theres also been a progressive shift in healthcare conversations recently which is a promising sign that companies building healthcare slowly and steadily are on the right track,0.0,0.823,0.177,0.9498,Positive
Ashwat Visvanathan PhD,https://www.linkedin.com/in/ashwat-visvanathan,Project Serotonin | ISB,"Love this! This is the essence of what we are and here is what has happened in the process!

Focus is on preventing disease by optimising nutrition and lifestyle - and the body has treated its own ailments, as it is given the right foundation

We engage - gamefied the product so that users are driven to use the platform and thereby have benefitted

Prove - it has taken us 8 years - the body not a hardware product where testing cycles are just another bug fix

Empower - life happens, we give you the tools that is best for you

Simplify - Science is heavy, we translate it to actionables. 20% of the interventions can bring about 80% improvements. We pick the interventions that give the best results (based on peer reviewed science and out own data)

Check us out at sr.tn or feel free to reach out to me directly if you want to join or know more about the program!",2024-11-05T09:05:07.391Z,"urn:li:comment:(activity:7253998285718241281,7259490908436406272)",09b70a7ba704375f59a779bcd824b63a86f9f5d29964672c7d1e6e77a9557f89,urn:li:activity:7253998285718241281,a83bbd1d67417a541a516e14f472fda1b068eae2a6ae82841e3a223487206524,7253998285718241281,love this this is the essence of what we are and here is what has happened in the process focus is on preventing disease by optimising nutrition and lifestyle and the body has treated its own ailments as it is given the right foundation we engage gamefied the product so that users are driven to use the platform and thereby have benefitted prove it has taken us years the body not a hardware product where testing cycles are just another bug fix empower life happens we give you the tools that is best for you simplify science is heavy we translate it to actionables of the interventions can bring about improvements we pick the interventions that give the best results based on peer reviewed science and out own data check us out at srtn or feel free to reach out to me directly if you want to join or know more about the program,0.006,0.816,0.177,0.9808,Positive
DINESH RAMAN,https://www.linkedin.com/in/drdineshramanpt,"Cofounder | Product Manager at Health Mudraa | Solution to Dr Google, Dr chatgpt | Clinical AI Scribe, EMR, EHR | Agile, Roadmap, Prioritization | B2C, B2B, SAAS | healthtech Expat | IIM | Digital Health Startups","I'm sure every non-clinical founder thought 🤔 whether they are working on prevention or treatments, after reading this first line",2024-11-01T05:45:22.201Z,"urn:li:comment:(activity:7253998285718241281,7257991087443603456)",04737482a9ff7f686be2655e3b1d684687ac7bdbdb4a2a924cea1c78f58e462a,urn:li:activity:7253998285718241281,a83bbd1d67417a541a516e14f472fda1b068eae2a6ae82841e3a223487206524,7253998285718241281,im sure every nonclinical founder thought whether they are working on prevention or treatments after reading this first line,0.0,0.887,0.113,0.3182,Positive
Pranav Saraf,https://www.linkedin.com/in/pranav-saraf-founder,"Founder, Carbamide Forte | Building Asia’s Most Trusted Science-Backed Supplement Brand | 275+ Products across 23 Countries | Director, Novus Life Sciences","Great advice for healthcare entrepreneurs! 

Another key is to prioritize patient-centered care and focus on improving outcomes, not just profits. ",2024-10-29T04:34:30.461Z,"urn:li:comment:(activity:7253998285718241281,7256886090760949760)",25074d7317b68f1d5711926557478e30603d1ef10eeaeb11a6d2d4f99d3d27fc,urn:li:activity:7253998285718241281,a83bbd1d67417a541a516e14f472fda1b068eae2a6ae82841e3a223487206524,7253998285718241281,great advice for healthcare entrepreneurs another key is to prioritize patientcentered care and focus on improving outcomes not just profits,0.084,0.561,0.354,0.8269,Positive
Kamal Maheshwari MD MPH FASA,https://www.linkedin.com/in/kamal-maheshwari-md-mph-fasa-1a202938,"Anesthesiologist, Kaiser South Sacramento","We at Roojh Health do agree and have built solutions empowering doctors and patients who constitute the basic unit of healthcare.                But India has long way to go to build a mature healthcare system which parallels advanced countries and which works for all patients. e.g. patients health awareness/education is low, doctors resist digitization. It will take a village.",2024-10-26T20:57:16.012Z,"urn:li:comment:(activity:7253998285718241281,7256046246610493440)",fbc55b339232361cad6f17596067f173cc3a037f94fe59d8cdf1993d77a1998e,urn:li:activity:7253998285718241281,a83bbd1d67417a541a516e14f472fda1b068eae2a6ae82841e3a223487206524,7253998285718241281,we at roojh health do agree and have built solutions empowering doctors and patients who constitute the basic unit of healthcare but india has long way to go to build a mature healthcare system which parallels advanced countries and which works for all patients eg patients health awarenesseducation is low doctors resist digitization it will take a village,0.042,0.81,0.148,0.6858,Positive
Saalim Ahmed,https://www.linkedin.com/in/saalim-ahmed-3414b020b,Co-Founder at MetaflowX Labs | Building Next Generation Web3 Solutions | Blockchain | AI,Insightful,2024-10-26T08:04:04.881Z,"urn:li:comment:(activity:7253998285718241281,7255851668100022272)",ac27c9ac6726b3322b2b0980b629f2ae5ca945798610f2aff5b6976a5c70bf77,urn:li:activity:7253998285718241281,a83bbd1d67417a541a516e14f472fda1b068eae2a6ae82841e3a223487206524,7253998285718241281,insightful,0.0,1.0,0.0,0.0,Neutral
Josh Fertel,https://www.linkedin.com/in/josh-fertel-439815b4,You Can Complain About Healthcare… Or You Can Get To Work On It | Reducing Billing Hassles + Increasing Profits for Healthcare Practices | Proactive Revenue Management | The Angry Biller | TheProfitRx Podcast,"So true Dilip.    If I may add one more:

Listen, don’t preach, then react.

Engaging with your clients/patients must be a conversation, not a monologue.

They will tell you their needs and how to fix them.

Thank you for you post!",2024-10-25T11:07:26.488Z,"urn:li:comment:(activity:7253998285718241281,7255535424318631937)",ec12cb2d7c53ce48faa744e4e059c934afef507a54cb9ccd46e3694375671269,urn:li:activity:7253998285718241281,a83bbd1d67417a541a516e14f472fda1b068eae2a6ae82841e3a223487206524,7253998285718241281,so true dilip if i may add one more listen dont preach then react engaging with your clientspatients must be a conversation not a monologue they will tell you their needs and how to fix them thank you for you post,0.0,0.814,0.186,0.7902,Positive
Qadeer Ahmed,https://www.linkedin.com/in/qadeer-ahmed-b768761b5,Finance & Accounting,Shifting from treating to preventive care would be a game changer,2024-10-25T06:37:17.537Z,"urn:li:comment:(activity:7253998285718241281,7255467439050612738)",578b97a8f5141c18fc28cde1b3c77f5243646ba6385365cd9b5f23b23699b6a2,urn:li:activity:7253998285718241281,a83bbd1d67417a541a516e14f472fda1b068eae2a6ae82841e3a223487206524,7253998285718241281,shifting from treating to preventive care would be a game changer,0.0,0.738,0.262,0.4939,Positive
R. P. Yadav,https://www.linkedin.com/in/r-p-yadav-sr4ipr,"Patent & Trade Mark Attorney | Managing Partner at sr4ipr Partners | 38+ Yrs Expertise in IP Protection, Patent Filing & Brand Strategy | Helping Innovators, Startups & Corporates Secure Their IP Worldwide.",Great advice,2024-10-23T14:43:31.764Z,"urn:li:comment:(activity:7253998285718241281,7254865028900630528)",a6bef34bfe72e351ead690735ec1a5a8f467f3119e59fe7be0dfe7fd1153fdb8,urn:li:activity:7253998285718241281,a83bbd1d67417a541a516e14f472fda1b068eae2a6ae82841e3a223487206524,7253998285718241281,great advice,0.0,0.196,0.804,0.6249,Positive
Dr Jeet Patel,https://www.linkedin.com/in/jeetpatelhealth,"Founder - Formial Labs | International physician - Entrepreneur - Startup enthusiast | Delivering innovation, outcomes, quality & accessibility in healthcare",This is on point Dilip Kumar :),2024-10-23T04:58:53.372Z,"urn:li:comment:(activity:7253998285718241281,7254717899456606208)",5cc424a4642445b19a6dc37e731dd8439060b73a49245817297cd985d16aa31b,urn:li:activity:7253998285718241281,a83bbd1d67417a541a516e14f472fda1b068eae2a6ae82841e3a223487206524,7253998285718241281,this is on point dilip kumar,0.0,1.0,0.0,0.0,Neutral
Neerav Dad (ND),https://www.linkedin.com/in/neerav-dad-nd-b50833100,DREAMER,"Also 3D print Human parts first and the world has to get together to test them asap to benefit mankind.

I guess Dilip also a united front across all nations is required because the idiot friendly super power and obamacare also has unfortunately damaged mankind more than helped.",2024-10-23T02:11:51.574Z,"urn:li:comment:(activity:7253998285718241281,7254675864989122560)",94aed44a4abb04761c5dd4f3707d2ea265ec7f3d1cd7cb1760e88227a130ccdc,urn:li:activity:7253998285718241281,a83bbd1d67417a541a516e14f472fda1b068eae2a6ae82841e3a223487206524,7253998285718241281,also d print human parts first and the world has to get together to test them asap to benefit mankind i guess dilip also a united front across all nations is required because the idiot friendly super power and obamacare also has unfortunately damaged mankind more than helped,0.145,0.639,0.217,0.6486,Positive
Palak Gupta,https://www.linkedin.com/in/palakrgupta,Founder at Craft your brand|Ex-VP Community Experience at 1% Club |Simpl |Marketer |Growth Hacker,"15 words, but a whole new mindset! Dilip Kumar",2024-10-22T06:31:19.114Z,"urn:li:comment:(activity:7253998285718241281,7254378772118863873)",0fb5e0885f83bd2b7f1e4c71a38643e3344f43ec2757b3deb0777188659b1bdd,urn:li:activity:7253998285718241281,a83bbd1d67417a541a516e14f472fda1b068eae2a6ae82841e3a223487206524,7253998285718241281,words but a whole new mindset dilip kumar,0.0,1.0,0.0,0.0,Neutral
Bharat Khare,https://www.linkedin.com/in/bharat-khare-b889a76,"Sales and Marketing Head of MT, ECom, B2B, QCom and Retail of Bhujialalji, Papadmalji and Chillfill.",Very well said Nivesh Khandelwal,2024-10-21T18:10:07.374Z,"urn:li:comment:(activity:7253998285718241281,7254192244121866240)",b4ff65559a14c9395a293d5e2a91dfd9b1c2de2e1316daa4b7d552a8c3069d58,urn:li:activity:7253998285718241281,a83bbd1d67417a541a516e14f472fda1b068eae2a6ae82841e3a223487206524,7253998285718241281,very well said nivesh khandelwal,0.0,0.626,0.374,0.3384,Positive
Rajeev Talwar,https://www.linkedin.com/in/rajeevtalwar,Advisory is the new Gold ; encash the experience….,"What you see is oartly and mostly due to the patients themselves demanding a treatment, a doc that does not prescribe a med is considered to be out of this world.
And so the ship chugs along.
And as someone has rightly said in your post line that let humans be humans…. 
Eat drink make merry ofcourse in moderation and as per individual appetite after all it is one life",2024-10-21T18:06:03.548Z,"urn:li:comment:(activity:7253998285718241281,7254191221441495040)",b150bb07a4932686a49348a1688ef326204f5bbe413981023d4e39fc48b2ba34,urn:li:activity:7253998285718241281,a83bbd1d67417a541a516e14f472fda1b068eae2a6ae82841e3a223487206524,7253998285718241281,what you see is oartly and mostly due to the patients themselves demanding a treatment a doc that does not prescribe a med is considered to be out of this world and so the ship chugs along and as someone has rightly said in your post line that let humans be humans eat drink make merry ofcourse in moderation and as per individual appetite after all it is one life,0.027,0.923,0.05,0.3818,Positive
Sudhir Mulchandani,https://www.linkedin.com/in/sudhirmulchandani,I haven’t done my job well enough if you retire with less than ₹10 crores!! Retirement Adviser | AMFI Registered MFD,Great insights! I would also add that personalized healthcare is the way forward.  ,2024-10-21T15:30:26.127Z,"urn:li:comment:(activity:7253998285718241281,7254152057459204096)",27dca95838a3d004d775dc17e30d96b222318f7b4f64871a11256ce806642eee,urn:li:activity:7253998285718241281,a83bbd1d67417a541a516e14f472fda1b068eae2a6ae82841e3a223487206524,7253998285718241281,great insights i would also add that personalized healthcare is the way forward,0.0,0.728,0.272,0.6249,Positive
Vikas Pathak,https://www.linkedin.com/in/vikaspathak30,Growth Marketing Leader | P&L Ownership Across Multi-Brand Portfolios,"Dilip Kumar Excellent principles! Focusing on prevention, engagement, empowerment, and simplicity is key to driving real change in healthcare. Proving value through action rather than promises is how impactful brands will stand out.",2024-10-21T15:05:44.639Z,"urn:li:comment:(activity:7253998285718241281,7254145843648159744)",63786bcd9d8f7577034c690ed52568d205eab4c0c14989527109dfed22d3dd8a,urn:li:activity:7253998285718241281,a83bbd1d67417a541a516e14f472fda1b068eae2a6ae82841e3a223487206524,7253998285718241281,dilip kumar excellent principles focusing on prevention engagement empowerment and simplicity is key to driving real change in healthcare proving value through action rather than promises is how impactful brands will stand out,0.0,0.713,0.287,0.8934,Positive
Megha Mookim,https://www.linkedin.com/in/meghamookim,"AI Product & Solutions leader | Customer engagement, consent, & identity specialist | CDP, CRM, MDM | ex-EY consulting, IDFC bank tech | IIM Kozhikode","Engage, don’t shout
Prove, don’t promise
Empower, don’t instruct
Simplify, don’t complicate

This sounds like something all founders should do 😊",2024-10-21T15:04:39.033Z,"urn:li:comment:(activity:7253998285718241281,7254145568476708868)",84572fc72c0bb4a27bd35ff2f2465a511f76fa7845d42827686b8278fb04266c,urn:li:activity:7253998285718241281,a83bbd1d67417a541a516e14f472fda1b068eae2a6ae82841e3a223487206524,7253998285718241281,engage dont shout prove dont promise empower dont instruct simplify dont complicate this sounds like something all founders should do,0.082,0.712,0.205,0.4475,Positive
Vikram Mahipal,https://www.linkedin.com/in/vikram-mahipal-a84042212,Entrepreneur at hismac enterprise,Sir please consider rural India were 75 percentage population live,2024-10-21T13:35:05.954Z,"urn:li:comment:(activity:7253998285718241281,7254123032154120193)",628a626f0f37a9c6ef2391566fadf1a76a91375c0e56670f63936882ec3b9f94,urn:li:activity:7253998285718241281,a83bbd1d67417a541a516e14f472fda1b068eae2a6ae82841e3a223487206524,7253998285718241281,sir please consider rural india were percentage population live,0.0,0.777,0.223,0.3182,Positive
Sajen Sivaraman,https://www.linkedin.com/in/sajen-sivaraman-89741b33,Founder | Operator (Diversified) | I build ventures brick by brick and offer the mortar to others | At my best when dealing with Cross-Functional matters.,"Dilip Kumar 

The current healthcare market in India has long been reactive, centered around treatment rather than prevention, a strategy that has become outdated.

Giants like Apollo and Fortis have traditionally focused on curative care, but the future demands a strategic pivot. Startups like Curefit - house of cult and HealthifyMe App  are ahead of the curve, building their entire model around prevention, user engagement, and holistic wellness, which is proving to be more sustainable in the long run.

The shift to ""prove, not promise"" is key to long-term success. Practo’s user-review strategy exemplifies how validation and trust can become a competitive advantage.

As the healthcare landscape evolves, companies that adopt preventive care, empower users with knowledge, and offer simplified, user-friendly experiences will truly stand out.

Strategically, this isn't just a trend, it's a survival strategy for the future of healthcare.

Worth thinking about!",2024-10-21T12:44:01.065Z,"urn:li:comment:(activity:7253998285718241281,7254110177073758208)",c6d01042c5145e4d19ce2cf491c5a9b6168974d67d92cdbaf9aa905372bcffa1,urn:li:activity:7253998285718241281,a83bbd1d67417a541a516e14f472fda1b068eae2a6ae82841e3a223487206524,7253998285718241281,dilip kumar the current healthcare market in india has long been reactive centered around treatment rather than prevention a strategy that has become outdated giants like apollo and fortis have traditionally focused on curative care but the future demands a strategic pivot startups like curefit house of cult and healthifyme app are ahead of the curve building their entire model around prevention user engagement and holistic wellness which is proving to be more sustainable in the long run the shift to prove not promise is key to longterm success practos userreview strategy exemplifies how validation and trust can become a competitive advantage as the healthcare landscape evolves companies that adopt preventive care empower users with knowledge and offer simplified userfriendly experiences will truly stand out strategically this isnt just a trend its a survival strategy for the future of healthcare worth thinking about,0.014,0.729,0.257,0.9905,Positive
Ryan Dsouza,https://www.linkedin.com/in/ryanadsouza,"Founder | UAE’s Only AI Jobs Platform | Top 10 UAE Creator in AI Education & Policy | Advancing AI Innovation in the UAE | Engineering Human-Led, AI-First Systems | Passionate About Art, Design & Fine Art Photography","Absolutely agree. Prevention is key, and engagement is crucial Dilip",2024-10-21T10:58:12.139Z,"urn:li:comment:(activity:7253998285718241281,7254083547752218624)",5cf8a1bf821348554fc377d55783b90fc97725f959e670b65866ec984398c4b9,urn:li:activity:7253998285718241281,a83bbd1d67417a541a516e14f472fda1b068eae2a6ae82841e3a223487206524,7253998285718241281,absolutely agree prevention is key and engagement is crucial dilip,0.0,0.58,0.42,0.6997,Positive
Diksha Mittal,https://www.linkedin.com/in/diksha-mittal,Reo.Dev | Ex-BCG | 36k+ Readers on Business Economics & Tech,"Better, don't worse. Thanks for summing this Dilip Kumar",2024-10-21T10:18:38.741Z,"urn:li:comment:(activity:7253998285718241281,7254073592995356672)",5fa2fae8477ee26629b4a2a9b21b657bcca2648ad4cddc58bbb0812019fe6814,urn:li:activity:7253998285718241281,a83bbd1d67417a541a516e14f472fda1b068eae2a6ae82841e3a223487206524,7253998285718241281,better dont worse thanks for summing this dilip kumar,0.174,0.433,0.394,0.4675,Positive
Dr. Raunaq Pradhan,https://www.linkedin.com/in/raunaqpradhan,Product | Health & Climate,"So true. How about we look at sports as a way to show people that you can get healthier by actually playing some sport regularly, if gym isnt a thing? The sport could be running, badminton, run or maybe the latest craze in town - pickleball! ",2024-10-21T09:31:37.181Z,"urn:li:comment:(activity:7253998285718241281,7254061758514921472)",be117b4e3d6c371f58603560bf540c83905c4cf85eb34916da2f7eb842a38556,urn:li:activity:7253998285718241281,a83bbd1d67417a541a516e14f472fda1b068eae2a6ae82841e3a223487206524,7253998285718241281,so true how about we look at sports as a way to show people that you can get healthier by actually playing some sport regularly if gym isnt a thing the sport could be running badminton run or maybe the latest craze in town pickleball,0.034,0.86,0.105,0.5095,Positive
Pooja Naik,https://www.linkedin.com/in/poojanaikr,MSc. Health Psychologist | Product & Behavioural Design at SparX Creative Studio,Well said! 👏🏽,2024-10-21T09:02:15.945Z,"urn:li:comment:(activity:7253998285718241281,7254054371359895552)",a2bd5295bc7f1191ad02b4c8c1fba3c763a7c4c4163112be76d7b4f073b80fbb,urn:li:activity:7253998285718241281,a83bbd1d67417a541a516e14f472fda1b068eae2a6ae82841e3a223487206524,7253998285718241281,well said,0.0,0.323,0.677,0.2732,Positive
Dr. Neha Jain,https://www.linkedin.com/in/dr-neha-jain-b0b587228,Conservative Dentist & Endodontist | Building Tec2Tee | Making Dental Technologies Exciting | Stanford Seed 07 |,"Love this, Dilip Kumar!

1. Prevent, don't treat– Tech like wearables and AI make prevention easier and actionable.

2. Engage, don't shout– Personalize care through real conversations, not sales talk.

3. Empower, don't instruct– Simple, clear education builds trust and confidence.

4. Simplify, don't complicate– Keep tech intuitive so patients and providers focus on health, not complexity.

5. Prove, don't promise – Show real-world results. Data and trials speak louder than marketing.

This aligns perfectly with the direction healthcare needs to take—thanks for sharing!",2024-10-21T08:00:28.885Z,"urn:li:comment:(activity:7253998285718241281,7254038822823309313)",06ec4dc8a65f65e152db64d57f79e0ae59c921f4e38fb74d3f5a8242158bf9ba,urn:li:activity:7253998285718241281,a83bbd1d67417a541a516e14f472fda1b068eae2a6ae82841e3a223487206524,7253998285718241281,love this dilip kumar prevent dont treat tech like wearables and ai make prevention easier and actionable engage dont shout personalize care through real conversations not sales talk empower dont instruct simple clear education builds trust and confidence simplify dont complicate keep tech intuitive so patients and providers focus on health not complexity prove dont promise show realworld results data and trials speak louder than marketing this aligns perfectly with the direction healthcare needs to takethanks for sharing,0.111,0.648,0.24,0.932,Positive
Rimsha Khan,https://www.linkedin.com/in/itsrimshakhan,Co-founded Prevealth | Preventive Wellness | Bioinformatics | Data Analyst,"At Prevealth, we also believe the same- The future lies in the Preventive Healthcare. However, it requires a lot of attention on the human element. While prevention is better than the cure, a push is needed to change the mindset of people from reactive to preventive healthcare. 
Any suggestions on how to work on this?  ",2024-10-21T07:46:47.035Z,"urn:li:comment:(activity:7253998285718241281,7254035375734587392)",e06a5543afa4c10e2a9a676ea0cdacdb17968707fa628c3cffcb77d9d15c814e,urn:li:activity:7253998285718241281,a83bbd1d67417a541a516e14f472fda1b068eae2a6ae82841e3a223487206524,7253998285718241281,at prevealth we also believe the same the future lies in the preventive healthcare however it requires a lot of attention on the human element while prevention is better than the cure a push is needed to change the mindset of people from reactive to preventive healthcare any suggestions on how to work on this,0.049,0.899,0.051,0.0258,Neutral
Deepak Bansal,https://www.linkedin.com/in/deepak-bansal-gogig,Co-Founder @ gOGig.in | Driving Marketing Transparency," Focusing on prevention, engagement, and empowerment is key in building trust and delivering real value. Simplifying the journey to better health ensures that users aren’t overwhelmed but feel supported, while proving your claims solidifies your credibility in a space that thrives on evidence. ",2024-10-21T07:11:58.927Z,"urn:li:comment:(activity:7253998285718241281,7254026617570697216)",8cf9c2424b15d517d0d757bb6aba6f80609ab6bc908bc7002751f2b2ce9b81e1,urn:li:activity:7253998285718241281,a83bbd1d67417a541a516e14f472fda1b068eae2a6ae82841e3a223487206524,7253998285718241281,focusing on prevention engagement and empowerment is key in building trust and delivering real value simplifying the journey to better health ensures that users arent overwhelmed but feel supported while proving your claims solidifies your credibility in a space that thrives on evidence,0.022,0.753,0.225,0.826,Positive
John Mathew,https://www.linkedin.com/in/john-mathewtc,"Fractional General Counsel for Startups & VCs | Solving for Legal Bottlenecks in Startups & VC | 10+ Years in M&A, PE & VC",This is so needed. The healthcare system needs to change and focus on simplifying processes and preventive care. Dilip Kumar,2024-10-21T07:00:22.783Z,"urn:li:comment:(activity:7253998285718241281,7254023697731104770)",01b9b87cad080ba696358d69a31efd84429a864336f5565b1e886456ecfc0e41,urn:li:activity:7253998285718241281,a83bbd1d67417a541a516e14f472fda1b068eae2a6ae82841e3a223487206524,7253998285718241281,this is so needed the healthcare system needs to change and focus on simplifying processes and preventive care dilip kumar,0.0,0.856,0.144,0.4939,Positive
Avigyan Mitra,https://www.linkedin.com/in/avigyanmitraofficial,Helping families afford healthcare | 100+ families helped | Health & Term Insurance | Financial Literacy,"Healthcare entrepreneurs and builders, here are my 15 words for you:

Balance, don’t oversimplify 
Inform, don’t preach 
Adapt, don’t rigidify 
Validate, don’t exaggerate 
Engage, don’t ignore

Will elaborate:

Balance, don’t oversimplify – Find the right mix of prevention and treatment, complexity and simplicity. 
Inform, don’t preach – Provide knowledge and structure, not just one or the other. 
Adapt, don’t rigidify – Be flexible and responsive to the ever-changing landscape of healthcare. 
Validate, don’t exaggerate – Back up your claims with evidence, but don't forget the importance of marketing. 
Engage, don’t ignore – Build meaningful conversations, but also convert that engagement into action. Dilip Kumar",2024-10-21T06:59:44.207Z,"urn:li:comment:(activity:7253998285718241281,7254023535935832064)",39cedeaf26f70c6fecdf4f2f3f077b194831b9f4d8d252a38dec8105d98196c0,urn:li:activity:7253998285718241281,a83bbd1d67417a541a516e14f472fda1b068eae2a6ae82841e3a223487206524,7253998285718241281,healthcare entrepreneurs and builders here are my words for you balance dont oversimplify inform dont preach adapt dont rigidify validate dont exaggerate engage dont ignore will elaborate balance dont oversimplify find the right mix of prevention and treatment complexity and simplicity inform dont preach provide knowledge and structure not just one or the other adapt dont rigidify be flexible and responsive to the everchanging landscape of healthcare validate dont exaggerate back up your claims with evidence but dont forget the importance of marketing engage dont ignore build meaningful conversations but also convert that engagement into action dilip kumar,0.121,0.71,0.169,0.3519,Positive
Dr . Anuradha Shah,https://www.linkedin.com/in/dr-anuradha-shah-00b516116,Building Healthy Futures | Preventive Health Advocate | Public Health | Lifestyle Rx | Nutrition and Lactation Management | Medical Writing Author: SAVINGS SUPERSTARS,Love this 👌,2024-10-21T06:42:21.103Z,"urn:li:comment:(activity:7253998285718241281,7254019160836362240)",89c0bffaa534a78bed8a83bd3aaaddac3c811b578b5de1263f184e8abed13191,urn:li:activity:7253998285718241281,a83bbd1d67417a541a516e14f472fda1b068eae2a6ae82841e3a223487206524,7253998285718241281,love this,0.0,0.192,0.808,0.6369,Positive
Manasi Satalkar,https://www.linkedin.com/in/manasi-satalkar,Driving policy & development for India’s elite & grassroots athletes | Sports science | First rank in Manipal MPT Entrance | Women’s Health & Exercise Advocate,"No one is apparently talking about preventive mouthcare, recently followed few dental hygienists _ in India no one is working well on prescriptive hygiene such a big gap in dental healthcare, which definitely affects your overall gut and digestive health.",2024-10-21T06:29:58.032Z,"urn:li:comment:(activity:7253998285718241281,7254016044170665984)",ade256bc1927c886ac78fce9352feabb73f2dfdefc369889bc5bf3a2cf965f24,urn:li:activity:7253998285718241281,a83bbd1d67417a541a516e14f472fda1b068eae2a6ae82841e3a223487206524,7253998285718241281,no one is apparently talking about preventive mouthcare recently followed few dental hygienists in india no one is working well on prescriptive hygiene such a big gap in dental healthcare which definitely affects your overall gut and digestive health,0.102,0.787,0.111,0.1027,Positive
Amarpreet Singh Anand,https://www.linkedin.com/in/amarpreet-singh-anand-08049225,"Building Good Monk (Superfoods Valley) II Ex - Diageo, Mondelez & Cadbury II Ex - RCB Director (Board)",Well said Dilip Kumar,2024-10-21T06:14:43.429Z,"urn:li:comment:(activity:7253998285718241281,7254012208047640576)",13a0004d67e32a98dd688a7fa82f58ca93c6ce0d912264d0937df3c215f9f87a,urn:li:activity:7253998285718241281,a83bbd1d67417a541a516e14f472fda1b068eae2a6ae82841e3a223487206524,7253998285718241281,well said dilip kumar,0.0,0.588,0.412,0.2732,Positive
Nivesh Khandelwal,https://www.linkedin.com/in/nivesh-khandelwal-78208a18,Co-Founder,"Preventive healthcare, in its current form, will always fail. No stakeholder in the ecosystem is incentivised to prevent. This includes patients. The TG for preventive healthcare is very very small.  

The problem with Wellness/Preventive healthcare is that it sucks out all joy from life ! Wake up at 4 am, workout , eat salads, dont drink, dont smoke, sleep early etc etc. 

Frankly, what's the point of an endless endeavour to prolong a joyless life :-). 

What will work is an Early Detection platform that allows humans to have some bad habits and lets them know when they need to tone down. Let humans be humans !",2024-10-21T06:11:19.642Z,"urn:li:comment:(activity:7253998285718241281,7254011353307234304)",4c1ab66d493d336ae6f56ba0fa1e0381fd81b7a63685240fbefb8b809f51b00f,urn:li:activity:7253998285718241281,a83bbd1d67417a541a516e14f472fda1b068eae2a6ae82841e3a223487206524,7253998285718241281,preventive healthcare in its current form will always fail no stakeholder in the ecosystem is incentivised to prevent this includes patients the tg for preventive healthcare is very very small the problem with wellnesspreventive healthcare is that it sucks out all joy from life wake up at am workout eat salads dont drink dont smoke sleep early etc etc frankly whats the point of an endless endeavour to prolong a joyless life what will work is an early detection platform that allows humans to have some bad habits and lets them know when they need to tone down let humans be humans,0.156,0.801,0.042,-0.9226,Negative
John Mark,https://www.linkedin.com/in/me-johnmark,Refer someone great,100% agree on it. ,2024-10-21T06:05:35.896Z,"urn:li:comment:(activity:7253998285718241281,7254009911527813120)",9e702a22783365c6356205afd18449a2d72d24acdff83e2459daab62008acfb6,urn:li:activity:7253998285718241281,a83bbd1d67417a541a516e14f472fda1b068eae2a6ae82841e3a223487206524,7253998285718241281,agree on it,0.0,0.444,0.556,0.3612,Positive
Jayant Ghosh,https://www.linkedin.com/in/jayantghosh,"From Scaling Businesses to Leading Transformation | Sales, Growth, GTM & P&L Leadership | SaaS, AI/ML, IoT | CXO Partnerships | Building Future-Ready Businesses","This is a fantastic philosophy, Dilip Kumar! I completely resonate with the emphasis on preventive care and building meaningful conversations in the healthcare industry. ",2024-10-21T06:03:10.003Z,"urn:li:comment:(activity:7253998285718241281,7254009299608199168)",970fd2f3102acd98ebc495001bcd00216b3f5331d452c1f627e429575f0a1f32,urn:li:activity:7253998285718241281,a83bbd1d67417a541a516e14f472fda1b068eae2a6ae82841e3a223487206524,7253998285718241281,this is a fantastic philosophy dilip kumar i completely resonate with the emphasis on preventive care and building meaningful conversations in the healthcare industry,0.0,0.676,0.324,0.8442,Positive
Soumit S.,https://www.linkedin.com/in/soumitsaha27,"Partner | Swiggy, Zepto, Cipla | BITS Pilani",This was beautiful. Needs to be said more.,2024-10-21T05:59:35.486Z,"urn:li:comment:(activity:7253998285718241281,7254008399858696192)",776a3d57c073624ce7f5e695d6864c9bba490bdda21905393618261c8d7a112b,urn:li:activity:7253998285718241281,a83bbd1d67417a541a516e14f472fda1b068eae2a6ae82841e3a223487206524,7253998285718241281,this was beautiful needs to be said more,0.0,0.642,0.358,0.5994,Positive
(Dharma) Dharmendra Kumar,https://www.linkedin.com/in/dharma-dharmendra-kumar-5a166327,"Life & Executive Coach (@18Life) - I help with “What You Want & Don’t Want in Life” #HumanDesign Coach | Engineer (Er.) | Researcher | EAI (Entrepreneur, Advisor, Investor) | Vegan | Runner & Coach | Comedian | Filmmaker","Specific yet Generic 👏👏👏

I wonder where these Entrepreneurs, Builders are. And more importantly where such Investors are.",2024-10-21T05:58:45.940Z,"urn:li:comment:(activity:7253998285718241281,7254008192051892224)",1301cedd1d8ee081067f47f0bb2ca636a609989fc31c9625520c7b6a0897aa82,urn:li:activity:7253998285718241281,a83bbd1d67417a541a516e14f472fda1b068eae2a6ae82841e3a223487206524,7253998285718241281,specific yet generic i wonder where these entrepreneurs builders are and more importantly where such investors are,0.0,0.853,0.147,0.3804,Positive
Sudhir Shenoy,https://www.linkedin.com/in/sudhir-shenoy,"I write about leadership, inclusion and philanthropy | Senior VP, Equate Petrochemicals | Fitness enthusiast l Views are personal",Great advice—actions and results always speak louder than words!,2024-10-21T05:53:26.298Z,"urn:li:comment:(activity:7253998285718241281,7254006851371982848)",b1ee4825fff6fd87651fcbd768c6c3937d39ca37356489e976279552ad7bbcc3,urn:li:activity:7253998285718241281,a83bbd1d67417a541a516e14f472fda1b068eae2a6ae82841e3a223487206524,7253998285718241281,great adviceactions and results always speak louder than words,0.0,0.661,0.339,0.6249,Positive
Kirthish Jain,https://www.linkedin.com/in/kirthisjain,"I simplify clothing for people, brands, retailers. We show them the real picture on ground with honesty, impact, & accountability. Into Organic & Natural Dyed clothing with principles of Ahimsa Economy & Simple living.","Dilip great and much needed insights. And this is not limited to the healthcare industry, it should be applicable to all other industries as well for a sustainable future",2024-10-21T05:50:19.906Z,"urn:li:comment:(activity:7253998285718241281,7254006069587255296)",91ccc0b19da111dcaf2830da9ba10f993b619503fccebea1701a7e5bc342c6ce,urn:li:activity:7253998285718241281,a83bbd1d67417a541a516e14f472fda1b068eae2a6ae82841e3a223487206524,7253998285718241281,dilip great and much needed insights and this is not limited to the healthcare industry it should be applicable to all other industries as well for a sustainable future,0.0,0.761,0.239,0.7824,Positive
Rohini Upadhaya,https://www.linkedin.com/in/rohini-upadhaya-1b010b324,Sales Attendant at Alstom,"“Trying is Always better than False Perception and then Assumptions and ultimately Prediction”😉

Thanks for pointing out this meaningful post everyday with the alignment Dilip Kumar 🫡",2024-10-21T05:34:12.278Z,"urn:li:comment:(activity:7253998285718241281,7254002011061297152)",c33ca3c9f9e0165b5f224da05199206974f6698d080d86586e8131df9ea77fdd,urn:li:activity:7253998285718241281,a83bbd1d67417a541a516e14f472fda1b068eae2a6ae82841e3a223487206524,7253998285718241281,trying is always better than false perception and then assumptions and ultimately prediction thanks for pointing out this meaningful post everyday with the alignment dilip kumar,0.0,0.732,0.268,0.8139,Positive
Rohini Upadhaya,https://www.linkedin.com/in/rohini-upadhaya-1b010b324,Sales Attendant at Alstom,"Dilip Kumar Nowadays some Genz are getting influence by the Influeners whose perception getting  changed Day by Day😅
At least people who are simplifying things we should appreciate them 🫡

Because rather then being in false influencing they are trying to “You know Marketing” Something Meaningful 🤗",2024-10-21T05:32:40.727Z,"urn:li:comment:(activity:7253998285718241281,7254001627068567552)",13677d52fa9ce74209ac80d5aad54ef1a7ac622855966f36ef9de6bdc1919338,urn:li:activity:7253998285718241281,a83bbd1d67417a541a516e14f472fda1b068eae2a6ae82841e3a223487206524,7253998285718241281,dilip kumar nowadays some genz are getting influence by the influeners whose perception getting changed day by day at least people who are simplifying things we should appreciate them because rather then being in false influencing they are trying to you know marketing something meaningful,0.0,0.896,0.104,0.6124,Positive
