Full Name,Profile URL,Headline,Comment,Timestamp,Comment URN,Comment Hash,Post URN,Post Hash,post_urn_id,processed_comment,sentiment_negative,sentiment_neutral,sentiment_positive,sentiment_compound,sentiment_label
Dr. Shivani Srivastava,https://www.linkedin.com/in/shivanishrivastavadr,Founder | IP Strategist | Advocate | Helping startups & businesses protect & grow through smart IP management,"Congratulations Dilip 🎉👏
All the best !! 👍",2019-09-10T02:09:02.076Z,"urn:li:comment:(ugcPost:6573093307658928128,6577009845411639296)",6081ef5b5ed475761677051cc266a6db419e82fc373fcdee889a6908b63b5bc9,urn:li:ugcPost:6573093307658928128,4237fd8c9956c01228917fe26893c74ab779a6394f6295f5f6bc3c7920955848,6573093307658928128,congratulations dilip all the best,0.0,0.27,0.73,0.8442,Positive
Tusharr RB Ssaxena,https://www.linkedin.com/in/tusharr-rb-ssaxena-56530614,Founder & CEO ( Ex Oneplus / Reliance Retail / Samsung Mobiles / ADIDAS ),Congratulations Bro. Wishes for a successful journey ahead. ,2019-09-02T11:15:06.094Z,"urn:li:comment:(ugcPost:6573093307658928128,6574248164717617153)",0ed55839f9de9ff3411277618729946f6dc88b5d54c2fa10772a4bdc37ac2bdb,urn:li:ugcPost:6573093307658928128,4237fd8c9956c01228917fe26893c74ab779a6394f6295f5f6bc3c7920955848,6573093307658928128,congratulations bro wishes for a successful journey ahead,0.0,0.301,0.699,0.8519,Positive
Rehan Khan,https://www.linkedin.com/in/rkworld786,#HR Business Partner # Talent Acquisition # Talent Management # Learning and Development,Congrats Dilip. All the best!!!,2019-09-02T09:02:09.209Z,"urn:li:comment:(ugcPost:6573093307658928128,6574214707236966400)",bef31673da1397da01e82fcd740c8e7b14ee5d3e819530822f07d984255ac744,urn:li:ugcPost:6573093307658928128,4237fd8c9956c01228917fe26893c74ab779a6394f6295f5f6bc3c7920955848,6573093307658928128,congrats dilip all the best,0.0,0.283,0.717,0.8225,Positive
Prasanna Hegde,https://www.linkedin.com/in/prasanna-hegde-55931774,Managing Associate at LEXORBIS,Congrats... :),2019-08-31T11:16:46.535Z,"urn:li:comment:(ugcPost:6573093307658928128,6573523810270707712)",378fc72a1e8567b1703c472360526351d60f1e3d6d0d2e7c7277dd2d4ca4a1cd,urn:li:ugcPost:6573093307658928128,4237fd8c9956c01228917fe26893c74ab779a6394f6295f5f6bc3c7920955848,6573093307658928128,congrats,0.0,0.0,1.0,0.5267,Positive
Vistar Singh,https://www.linkedin.com/in/vee1,Lifecycle Marketing for Fitness Studios | CEO at Kenko AI,Website looks awesome! And so does the video! Best of luck!,2019-08-30T15:32:12.029Z,"urn:li:comment:(ugcPost:6573093307658928128,6573225702177505280)",77f1b9677cb861d89c8ffe972c6ae852090e338751e96fbcc016a6f10a29d82b,urn:li:ugcPost:6573093307658928128,4237fd8c9956c01228917fe26893c74ab779a6394f6295f5f6bc3c7920955848,6573093307658928128,website looks awesome and so does the video best of luck,0.0,0.415,0.585,0.9062,Positive
Sourabh Nyalkalkar,https://www.linkedin.com/in/sourabhnyalkalkar,AI for discovery and research | Practice Head - GlobalData | IIM Indore,"Congratulations Dilip Kumar and the entire team!
Wishing the best for next level.
(Also signing up soon;)",2019-08-30T12:01:30.980Z,"urn:li:comment:(ugcPost:6573093307658928128,6573172681783504896)",3960843e423e1b34c5137d48c345adf90e9d78bd6bbc3c5f8f588579b96704a1,urn:li:ugcPost:6573093307658928128,4237fd8c9956c01228917fe26893c74ab779a6394f6295f5f6bc3c7920955848,6573093307658928128,congratulations dilip kumar and the entire team wishing the best for next level also signing up soon,0.0,0.583,0.417,0.875,Positive
Abhimanyu Singh,https://www.linkedin.com/in/abhimanyu-singh-54ba7225,Associate Director - Global Partnerships & Business Development,All the best Dilip!,2019-08-30T08:26:10.066Z,"urn:li:comment:(ugcPost:6573093307658928128,6573118487538032640)",bb90b470acec1f1aa7f651f6719540ee5cc1010d6ab98159f020438adf1aad88,urn:li:ugcPost:6573093307658928128,4237fd8c9956c01228917fe26893c74ab779a6394f6295f5f6bc3c7920955848,6573093307658928128,all the best dilip,0.0,0.417,0.583,0.6369,Positive
Deb Mukherjee,https://www.linkedin.com/in/debgotwired,"Founder, Stealth <​Data x Gen AI x Product​> • Product & Growth Advisor for AI Companies • Ex-Numeral (YC23), Wonderment","The video is dope🔥 

Congratulations and all the best!💯✔️",2019-08-30T07:01:14.161Z,"urn:li:comment:(ugcPost:6573093307658928128,6573097113763307520)",c57ccd3fc3dd0670c62d3d43175c26add117b91ef2f7147f998da3a6d47806c3,urn:li:ugcPost:6573093307658928128,4237fd8c9956c01228917fe26893c74ab779a6394f6295f5f6bc3c7920955848,6573093307658928128,the video is dope congratulations and all the best,0.0,0.464,0.536,0.8442,Positive
