Full Name,Profile URL,Headline,Comment,Timestamp,Comment URN,Comment Hash,Post URN,Post Hash,post_urn_id,processed_comment,sentiment_negative,sentiment_neutral,sentiment_positive,sentiment_compound,sentiment_label
Jakob Meinert,https://www.linkedin.com/in/jakobmeinert,"Hotellerie, Gastronomie und Kommunikation","I want to challenge myself with starting witha big principle: I wont eat anything that comes out of a box or plastic bag. So, no processed food, basically. Takes a lot more time to make it all yourself but I don’t get why people are so paradoxical as in, we take care of our money, we secure our data but what wants to go in our body, like any kind of processed food, has a free pass.",2023-04-16T05:48:35.593Z,"urn:li:comment:(activity:7051078819134259200,7053242754524438528)",b696c87ede134f58aa03139f8cb6346e5e702e721be03110c809eb84d5142a69,urn:li:activity:7051078819134259200,6c3ae1362733d4fc2359f2991d77cb7dec15df5be0428b723ea303c6c2875694,7051078819134259200,i want to challenge myself with starting witha big principle i wont eat anything that comes out of a box or plastic bag so no processed food basically takes a lot more time to make it all yourself but i dont get why people are so paradoxical as in we take care of our money we secure our data but what wants to go in our body like any kind of processed food has a free pass,0.023,0.768,0.209,0.9379,Positive
Sumeet Singh Thakur,https://www.linkedin.com/in/liveratrack,"CEO - Managing Director @ Livera Track Private Limited | GPS, GPS mapping, Traccar, Flutter, PHP, MySQL, JavaScript, MVC Architecture, jQuery, CSS, API integrations, 3D Printing, 3D designing, 3D drawings, B2C sales","How can I contact you ? Please share your email id !
Sumeet Singh Thakur",2023-04-12T13:45:29.867Z,"urn:li:comment:(activity:7051078819134259200,7051913220025982976)",058573155d4eb7234ab4889c5d880b083aa71ea7a10df439026ced61d00ef9ca,urn:li:activity:7051078819134259200,6c3ae1362733d4fc2359f2991d77cb7dec15df5be0428b723ea303c6c2875694,7051078819134259200,how can i contact you please share your email id sumeet singh thakur,0.0,0.69,0.31,0.5423,Positive
Jeebanjyoti Sahu,https://www.linkedin.com/in/yuvajoshdontwasteit,Representing Team 'Yuva Josh',"The picture is indicating that don't eat packaged food, which is inside the freeze, only eat healthy foods😅😂🤣

But what we'll do, our senses are not in our control after seeing such attracting displayed foods and that's reason behind this game of business!🤷‍♂️",2023-04-12T09:48:45.742Z,"urn:li:comment:(activity:7051078819134259200,7051853643603464193)",8ca563c8a45009bb9bfa7b711b897441712883b93710c4a2e6e2ab25bcbd7f94,urn:li:activity:7051078819134259200,6c3ae1362733d4fc2359f2991d77cb7dec15df5be0428b723ea303c6c2875694,7051078819134259200,the picture is indicating that dont eat packaged food which is inside the freeze only eat healthy foods but what well do our senses are not in our control after seeing such attracting displayed foods and thats reason behind this game of business,0.0,0.8,0.2,0.8294,Positive
Amrit Tino Rodrigues,https://www.linkedin.com/in/arodriguesrewardsspecialist,Global Total Rewards Partner - Sales | XLRI| UofT| ERI CAC,Thanks for posting,2023-04-11T22:59:23.677Z,"urn:li:comment:(activity:7051078819134259200,7051690224866775040)",edac33dffd6cf7ef0b6c6560a3ea12db42054c4a08b9ae0015fe9878a62642b1,urn:li:activity:7051078819134259200,6c3ae1362733d4fc2359f2991d77cb7dec15df5be0428b723ea303c6c2875694,7051078819134259200,thanks for posting,0.0,0.408,0.592,0.4404,Positive
Ramya Ramesh,https://www.linkedin.com/in/ramya-ramesh-12164659,Lead Solutions Analyst,"Its like a warning, like they have on the cover of Cigerretes. Now, they never claimed the contents inside are healthy. Its the right advise 🤣 you would give someone before they eat rubbish.",2023-04-11T20:24:45.548Z,"urn:li:comment:(activity:7051078819134259200,7051651309573173248)",c80b9ae6884a22afcc8ff072669999a037fae03ba0464aefaae545e93fa5964c,urn:li:activity:7051078819134259200,6c3ae1362733d4fc2359f2991d77cb7dec15df5be0428b723ea303c6c2875694,7051078819134259200,its like a warning like they have on the cover of cigerretes now they never claimed the contents inside are healthy its the right advise you would give someone before they eat rubbish,0.063,0.735,0.202,0.6486,Positive
DALI NAIDU GANDI,https://www.linkedin.com/in/dali-naidu-gandi-131085b4,Senior Project Leader at ADP,"It is samething like smoking & drinking is injurious to health, still people use them.. ",2023-04-11T18:15:35.607Z,"urn:li:comment:(activity:7051078819134259200,7051618803964669952)",9df42fb180cfc5b9732a9bdf760d915f1078c3dfbf3f5d517e1a0fe17405dcb9,urn:li:activity:7051078819134259200,6c3ae1362733d4fc2359f2991d77cb7dec15df5be0428b723ea303c6c2875694,7051078819134259200,it is samething like smoking drinking is injurious to health still people use them,0.0,0.839,0.161,0.3612,Positive
Kishen Gohil,https://www.linkedin.com/in/kishen-gohil-61242910,"Industrial Design and Innovation expert with extensive experience in client facing collaboration, conceptual thinking, user centered design, CAD development, manufacturing procurement, as well as team management.","Truely, I’m on the same road as you since a year back and wake up from Dr visit… but getting there. Feeling better for it. Thanks for being inspirational.",2023-04-11T14:46:37.576Z,"urn:li:comment:(activity:7051078819134259200,7051566215646887937)",81ab164a1253ffaac5c64fd891492afd22bfaa98936244f342b75275cfe217db,urn:li:activity:7051078819134259200,6c3ae1362733d4fc2359f2991d77cb7dec15df5be0428b723ea303c6c2875694,7051078819134259200,truely im on the same road as you since a year back and wake up from dr visit but getting there feeling better for it thanks for being inspirational,0.0,0.633,0.367,0.9313,Positive
Divyam Goenka,https://www.linkedin.com/in/divyamamitgoenka,Building @Masters Union // Co-Founder - Matar Media (exited),That Kitkat though 🤫,2023-04-10T18:16:12.389Z,"urn:li:comment:(activity:7051078819134259200,7051256570369765376)",7d9b7ea9a3b80caa5b022acb69aba35e86914557905534febd5ea82cfce337cf,urn:li:activity:7051078819134259200,6c3ae1362733d4fc2359f2991d77cb7dec15df5be0428b723ea303c6c2875694,7051078819134259200,that kitkat though,0.0,1.0,0.0,0.0,Neutral
Harrison Crum,https://www.linkedin.com/in/harrisoncrum,"COO, Ally Waste 🗑 Does your apartment community have trash problems? We are the experts! Our team of over 1,500 technicians (in 40+ states) can solve them!","It says “Stay Healty”, which is a made-up word, so technically, they aren’t lying 😂 thank you for sharing. Very important to continue educating ourselves on what we put in our bodies.",2023-04-10T17:03:21.867Z,"urn:li:comment:(activity:7051078819134259200,7051238239071862784)",5330023945c10c21f47839fc1a91135c04fc5f5062405b70993eb6b5a30ebc9b,urn:li:activity:7051078819134259200,6c3ae1362733d4fc2359f2991d77cb7dec15df5be0428b723ea303c6c2875694,7051078819134259200,it says stay healty which is a madeup word so technically they arent lying thank you for sharing very important to continue educating ourselves on what we put in our bodies,0.059,0.727,0.214,0.6766,Positive
Sudipto Das,https://www.linkedin.com/in/sudiptodasaiexpert,FPM Scholar | Innovative Teaching | Curriculum Expert| XAI & Gen AI | IQAC | LSSGB,Very true...,2023-04-10T16:32:48.114Z,"urn:li:comment:(activity:7051078819134259200,7051230547758518272)",3e2b9ef9ac910f961732558006971a6baee8e4b8565b42bfeca351cf86755f5b,urn:li:activity:7051078819134259200,6c3ae1362733d4fc2359f2991d77cb7dec15df5be0428b723ea303c6c2875694,7051078819134259200,very true,0.0,0.244,0.756,0.4754,Positive
Kierra C. J.,https://www.linkedin.com/in/kierracjones,Living One Moment At A Time,Not one item…..smh.,2023-04-10T16:00:12.799Z,"urn:li:comment:(activity:7051078819134259200,7051222346572972032)",5f647d8a0495b1b96dce052a20ac8ec4310e53e23d0b9d80ce48c7d9fa242bb4,urn:li:activity:7051078819134259200,6c3ae1362733d4fc2359f2991d77cb7dec15df5be0428b723ea303c6c2875694,7051078819134259200,not one itemsmh,0.0,1.0,0.0,0.0,Neutral
Shweta Thakur 🌱,https://www.linkedin.com/in/shweta-thakur-%F0%9F%8C%B1-08375716,"Building somethingsbrewing.in | Health food activist | Conscious Consumption | Ex-agency founder | Ex-Ecomm founder | Ex-banker | LSR, XLRI, IIMB | UN SDG Goal 12","This was actually one of the problems we explored solving. Healthy snacks dispensing. We got the model right! We had set this one up as a trial at NLS, Blr. ",2023-04-10T14:50:57.726Z,"urn:li:comment:(activity:7051078819134259200,7051204918929485824)",6626f8d529bc8befd48d016beed630f0ccae310008acaaa3a06cf5e8b8837c77,urn:li:activity:7051078819134259200,6c3ae1362733d4fc2359f2991d77cb7dec15df5be0428b723ea303c6c2875694,7051078819134259200,this was actually one of the problems we explored solving healthy snacks dispensing we got the model right we had set this one up as a trial at nls blr,0.08,0.769,0.151,0.34,Positive
Kavita Mahendra,https://www.linkedin.com/in/kavita-mahendra-90164542,English Second Language Specialist | English as a Second Language Specialist,😔😔,2023-04-10T14:36:20.581Z,"urn:li:comment:(activity:7051078819134259200,7051201239916703744)",58df8e06fffbfb108a74e1b73799e1da1473992b089ac7ca66d30196748fc431,urn:li:activity:7051078819134259200,6c3ae1362733d4fc2359f2991d77cb7dec15df5be0428b723ea303c6c2875694,7051078819134259200,,0.0,0.0,0.0,0.0,Neutral
Vivek Thiruvengadam,https://www.linkedin.com/in/vivek-thiruvengadam,"Founder, QubitFit | I help busy professionals defy obesity, lose weight & live longer through sustainable nutrition and fitness habits | Expert in chronic conditions: Diabetes, PCOS, Hypertension","Yes! Dilip, you're so right. Packaged foods may be convenient, but they're definitely not doing our bodies any favors. As someone who's been in the industry for years, I've seen firsthand how much junk is packed into those boxes and bags. But the good news is, we can take control of our health by making small changes to our diets. Focusing on whole, unprocessed foods and cooking at home more often can make a huge difference. Let's start a health revolution!",2023-04-10T13:13:37.063Z,"urn:li:comment:(activity:7051078819134259200,7051180421413285888)",182684b6e82420f5c4d3632d37120bc477cad5c6546863f5050e3795ea1c0af4,urn:li:activity:7051078819134259200,6c3ae1362733d4fc2359f2991d77cb7dec15df5be0428b723ea303c6c2875694,7051078819134259200,yes dilip youre so right packaged foods may be convenient but theyre definitely not doing our bodies any favors as someone whos been in the industry for years ive seen firsthand how much junk is packed into those boxes and bags but the good news is we can take control of our health by making small changes to our diets focusing on whole unprocessed foods and cooking at home more often can make a huge difference lets start a health revolution,0.0,0.834,0.166,0.9287,Positive
Ajay S.,https://www.linkedin.com/in/ajay-s-3bb485b7,Over 30 years of experience in Engineering Services,"Anybody getting healthy is none of their business, their business is certainly getting healthier!",2023-04-10T10:11:10.919Z,"urn:li:comment:(activity:7051078819134259200,7051134509961940993)",573628682bbb4cda1a08d988186db10ab099d80ba8ddbe5873b720ac288a5f45,urn:li:activity:7051078819134259200,6c3ae1362733d4fc2359f2991d77cb7dec15df5be0428b723ea303c6c2875694,7051078819134259200,anybody getting healthy is none of their business their business is certainly getting healthier,0.0,0.702,0.298,0.6249,Positive
Shweta Tare Sarwate,https://www.linkedin.com/in/shweta-tare-sarwate,"Founder, Utopian Drinks | Better Taste | Better For You | Better for your Kids","Trying to change this with #UtopianSmoothies. 
Healthy Super Smoothies are coming up soon.",2023-04-10T09:25:10.339Z,"urn:li:comment:(activity:7051078819134259200,7051122931250200576)",54fed545db300edfe434700c76abff1019afad4e660e03377e34dc2b8ea3558a,urn:li:activity:7051078819134259200,6c3ae1362733d4fc2359f2991d77cb7dec15df5be0428b723ea303c6c2875694,7051078819134259200,trying to change this with utopiansmoothies healthy super smoothies are coming up soon,0.0,0.625,0.375,0.765,Positive
Vadiraj Aralappanavar,https://www.linkedin.com/in/vadiraj,CXO / Product Leader / Business leader / Entrepreneur / - Ex Acko / Pine Labs / MindTree /,"I hope at some point - 

similar business model can emerge that can contain real healthy snacks / bites; 

Some of these may exist but needs to be propelled by brands / distributors eg 

Millet based snacks
Buttermilk 
Sugar free chocolates, biscuits 
Vitamin chewable",2023-04-10T08:47:26.458Z,"urn:li:comment:(activity:7051078819134259200,7051113435836682240)",01e9a66e5b396c7b161c51fd6d6db3a89504218cda3aca3ada3193cef59f3323,urn:li:activity:7051078819134259200,6c3ae1362733d4fc2359f2991d77cb7dec15df5be0428b723ea303c6c2875694,7051078819134259200,i hope at some point similar business model can emerge that can contain real healthy snacks bites some of these may exist but needs to be propelled by brands distributors eg millet based snacks buttermilk sugar free chocolates biscuits vitamin chewable,0.0,0.765,0.235,0.8765,Positive
Sandeep Deshmukh,https://www.linkedin.com/in/sandeep-deshmukh-0634404,Delivery Leader| Practice Management| Digital Transformation| Communications and Technology Domain| Product Engineering,The only part healthy inside is the notable % of air those packs have :),2023-04-10T07:25:03.856Z,"urn:li:comment:(activity:7051078819134259200,7051092705065517056)",eaccbec716208ba6f44aa1edfa2b0ebb5aa8ad014c3c69297633f7f08ab290aa,urn:li:activity:7051078819134259200,6c3ae1362733d4fc2359f2991d77cb7dec15df5be0428b723ea303c6c2875694,7051078819134259200,the only part healthy inside is the notable of air those packs have,0.0,0.816,0.184,0.4019,Positive
Janette Fowler,https://www.linkedin.com/in/janette-fowler-79a2a78b,"Payroll, HR & Accounting",Its a parody of it all,2023-04-10T06:54:06.151Z,"urn:li:comment:(activity:7051078819134259200,7051084913286017024)",e27366fa52e986294efa080cb7568c52ee79b22fb282838133afcbdbd3aa23c1,urn:li:activity:7051078819134259200,6c3ae1362733d4fc2359f2991d77cb7dec15df5be0428b723ea303c6c2875694,7051078819134259200,its a parody of it all,0.0,1.0,0.0,0.0,Neutral
Bhagya Laxmi,https://www.linkedin.com/in/bhagya-laxmi-145121256,Asst. supervisor in Forever living company,Do u know telugu sir,2023-04-10T06:49:06.209Z,"urn:li:comment:(activity:7051078819134259200,7051083655242268672)",94a7119bfadcf88cad530534dbf04339b1a685b2413f9b894d17858a6fc67a9e,urn:li:activity:7051078819134259200,6c3ae1362733d4fc2359f2991d77cb7dec15df5be0428b723ea303c6c2875694,7051078819134259200,do u know telugu sir,0.0,1.0,0.0,0.0,Neutral
Bhagya Laxmi,https://www.linkedin.com/in/bhagya-laxmi-145121256,Asst. supervisor in Forever living company,Hi andi,2023-04-10T06:46:47.437Z,"urn:li:comment:(activity:7051078819134259200,7051083073190313984)",6b3a31f382e4c83ce891ececece9d32fb85d3aee5c5e205094945087b00c5205,urn:li:activity:7051078819134259200,6c3ae1362733d4fc2359f2991d77cb7dec15df5be0428b723ea303c6c2875694,7051078819134259200,hi andi,0.0,1.0,0.0,0.0,Neutral
Parag Patel,https://www.linkedin.com/in/paragpatelthementor,Database Engineer | Mentor | Skilled Visa Strategist (Australia) | Career Coach for IT Professionals | Investor | Problem Solver | Student of Life | FABRIC Certified,Dilip Kumar Packet food is just a business.. It is not healthy at all. It Produce dioxin chemical.  ,2023-04-10T06:45:38.828Z,"urn:li:comment:(activity:7051078819134259200,7051082785419141120)",2ebb339304ef936f7033536625bdcc728f4db6ccd984c2496fb575593996cb5a,urn:li:activity:7051078819134259200,6c3ae1362733d4fc2359f2991d77cb7dec15df5be0428b723ea303c6c2875694,7051078819134259200,dilip kumar packet food is just a business it is not healthy at all it produce dioxin chemical,0.124,0.876,0.0,-0.3089,Negative
Abhishek Tiwari,https://www.linkedin.com/in/abhisshektewari,Top Linkedin Real Estate Voice | VC turned Luxury Real Estate Consultant & Investment Expert | Book Property Discovery Call👇,halke phulke 😂 ,2023-04-10T06:44:52.652Z,"urn:li:comment:(activity:7051078819134259200,7051082591742902272)",36a106cfb4d88982d8777d3a6ac83e7e660f4fb88808179e9031318a4cb57060,urn:li:activity:7051078819134259200,6c3ae1362733d4fc2359f2991d77cb7dec15df5be0428b723ea303c6c2875694,7051078819134259200,halke phulke,0.0,1.0,0.0,0.0,Neutral
Priyanka Gupta,https://www.linkedin.com/in/priyankaiitk,Executive Fitness Mindset Coach | Health/Fitness Startup Growth Advisor | Entrepreneur | IIT Kanpur,It's should be - Eat this and forget about your health,2023-04-10T06:44:18.320Z,"urn:li:comment:(activity:7051078819134259200,7051082447748284416)",26f8c2f0ec21ec400c5d0824454dc0055ea4e5476c00fb604d025041f17673df,urn:li:activity:7051078819134259200,6c3ae1362733d4fc2359f2991d77cb7dec15df5be0428b723ea303c6c2875694,7051078819134259200,its should be eat this and forget about your health,0.174,0.826,0.0,-0.2263,Negative
