Full Name,Profile URL,Headline,Comment,Timestamp,Comment URN,Comment Hash,Post URN,Post Hash,post_urn_id,processed_comment,sentiment_negative,sentiment_neutral,sentiment_positive,sentiment_compound,sentiment_label
"Saher Mehdi, PhD",https://www.linkedin.com/in/sahermehdi,"Longevity Scientist & Preventive Health Founder 🚀 | Advancing Gender-Aware, Equitable Ageing Solutions | Biology x Behaviour x Belonging","This post deeply resonates with me. As a founder of a preventive health startup back in 2018, I learned firsthand how hard it is to sell prevention in a world wired for quick fixes.

Having lost both my parents to chronic diseases, I’ve seen the devastating impact of neglected health choices up close. The irony? People turn a blind eye to things until they become chronic issues—whether it’s mental health, metabolic dysfunction, or lifestyle-driven conditions. And when they do act, it’s often driven by fear, not foresight.

Prevention isn’t just a business challenge, it’s a behavioral challenge. People take anecdotal evidence over data, ignore long-term risks, and only act when the cost of inaction becomes unbearable. The real shift will happen when prevention isn’t sold as ‘healthcare’ but as status, performance, and convenience—things people already prioritize.

If we want prevention to win, we have to meet people where they are. Make it frictionless, rewarding, and aspirational. Package it in a way that taps into what they already desire—confidence, success, and longevity. Build for behavior, not just health outcomes. Because the real challenge isn’t making prevention work—it’s making people care before it’s too late.",2025-03-12T11:44:25.915Z,"urn:li:comment:(activity:7297481352231165952,7305554258723028992)",fa4e637012aababa4305c281e2b43a3a6f77822435b706f91496067baabb71f7,urn:li:activity:7297481352231165952,d5b0e5bce2cc57a019e63700e5f2449e166b527a8c4cf0f6512e752a90460f4b,7297481352231165952,this post deeply resonates with me as a founder of a preventive health startup back in i learned firsthand how hard it is to sell prevention in a world wired for quick fixes having lost both my parents to chronic diseases ive seen the devastating impact of neglected health choices up close the irony people turn a blind eye to things until they become chronic issueswhether its mental health metabolic dysfunction or lifestyledriven conditions and when they do act its often driven by fear not foresight prevention isnt just a business challenge its a behavioral challenge people take anecdotal evidence over data ignore longterm risks and only act when the cost of inaction becomes unbearable the real shift will happen when prevention isnt sold as healthcare but as status performance and conveniencethings people already prioritize if we want prevention to win we have to meet people where they are make it frictionless rewarding and aspirational package it in a way that taps into what they already desireconfidence success and longevity build for behavior not just health outcomes because the real challenge isnt making prevention workits making people care before its too late,0.11,0.791,0.099,0.8623,Positive
Dr. Deepali Gupta,https://www.linkedin.com/in/dr-deepaligupta,I Help Health & Fitness Experts Master Pilates | Asia's Pilates Ambassador | Founder of iKore Pilates | Global Coach Leading Pilates Revolution | Among Business Connect's 50 Most Influential Women in Business - 2025,Selling prevention is like convincing someone to buy an umbrella on a sunny day—it’s tough but necessary. Making it aspirational and accessible is the only way to drive real impact.,2025-03-03T04:05:30.030Z,"urn:li:comment:(activity:7297481352231165952,7302177274060062720)",3aa2f12c908a9300945d2250f60122c3c755cc18cafccf59e3f302d68644380e,urn:li:activity:7297481352231165952,d5b0e5bce2cc57a019e63700e5f2449e166b527a8c4cf0f6512e752a90460f4b,7297481352231165952,selling prevention is like convincing someone to buy an umbrella on a sunny dayits tough but necessary making it aspirational and accessible is the only way to drive real impact,0.039,0.787,0.173,0.5023,Positive
Bidya Bhushan B.,https://www.linkedin.com/in/bidya-bhushan-bibhu,"Lead Payment Risk @ Chargebee | Product, Payments, Data, Analytics, Automation",Very true,2025-03-03T03:15:49.919Z,"urn:li:comment:(activity:7297481352231165952,7302164774568480769)",132a257e87ff4cdcc58135f4c55ce812686c442f3b103b4d580fbc76d347c59c,urn:li:activity:7297481352231165952,d5b0e5bce2cc57a019e63700e5f2449e166b527a8c4cf0f6512e752a90460f4b,7297481352231165952,very true,0.0,0.244,0.756,0.4754,Positive
Saurabh Singh,https://www.linkedin.com/in/saurabh-singh-1194704a,Product Manager: MRI(GE Healthcare) || Ex-TM || Ex-Fujifilm || IIM-L,Insightful,2025-02-28T05:50:11.528Z,"urn:li:comment:(activity:7297481352231165952,7301116456975450112)",8ea3332650440cdb7f826dc7592bb88f724129d909f0ab6742a0e69e596515f9,urn:li:activity:7297481352231165952,d5b0e5bce2cc57a019e63700e5f2449e166b527a8c4cf0f6512e752a90460f4b,7297481352231165952,insightful,0.0,1.0,0.0,0.0,Neutral
Ajay Mittal,https://www.linkedin.com/in/ajaymittal033,Nature-Based Carbon Projects | ESG for Business | Ex Director at EARTHDAY.ORG,"Dilip Kumar Reading this made me think about safety—much like preventive health, no one wants to pay for it until disaster strikes. In my early 20s, I was working on a project called SAFER (Safety Awareness, First Aid, and Emergency Response) to set up safety protocols for institutions, especially smaller organizations.

What I observed was shocking—even schools barely comply with fire safety norms, no drills are conducted, and organizations ignore even the minimum compliance standards. Yet, there’s no mindset to pay for safety, even though it’s critical.

Just like preventive health, disaster preparedness isn’t ‘urgent’—until it’s too late. Projects like these need resource backing and policy push to be sustainable. But even CSRs hesitate to invest in them. Prevention may be a hard sell, but the cost of ignoring it is catastrophic",2025-02-27T10:24:41.024Z,"urn:li:comment:(activity:7297481352231165952,7300823147186921472)",151443fe0c5fba308d5b84091cda436d06b49fce73a59b281d602c74afb91bd7,urn:li:activity:7297481352231165952,d5b0e5bce2cc57a019e63700e5f2449e166b527a8c4cf0f6512e752a90460f4b,7297481352231165952,dilip kumar reading this made me think about safetymuch like preventive health no one wants to pay for it until disaster strikes in my early s i was working on a project called safer safety awareness first aid and emergency response to set up safety protocols for institutions especially smaller organizations what i observed was shockingeven schools barely comply with fire safety norms no drills are conducted and organizations ignore even the minimum compliance standards yet theres no mindset to pay for safety even though its critical just like preventive health disaster preparedness isnt urgentuntil its too late projects like these need resource backing and policy push to be sustainable but even csrs hesitate to invest in them prevention may be a hard sell but the cost of ignoring it is catastrophic,0.218,0.677,0.105,-0.9339,Negative
Dr. Rishi Sen,https://www.linkedin.com/in/rishi-sen,Product Leadership | AI & Informatics | Data and Analytics | RCM | VBC |,"Love this, esp 3 and 5. Speak to at least 1 person a month mulling e comm like aggressive gamification and push notifications tactics without looking at patient driver led whole picture.",2025-02-25T11:31:36.309Z,"urn:li:comment:(activity:7297481352231165952,7300115212777504773)",5a37a0f0cf8b85037b4f143e864c056d72fe54d4555d61f3e67c898a696a1b51,urn:li:activity:7297481352231165952,d5b0e5bce2cc57a019e63700e5f2449e166b527a8c4cf0f6512e752a90460f4b,7297481352231165952,love this esp and speak to at least person a month mulling e comm like aggressive gamification and push notifications tactics without looking at patient driver led whole picture,0.05,0.743,0.207,0.7269,Positive
Rajiv Mehta,https://www.linkedin.com/in/rajiv-mehta-banking-professional,"On a Mission to Inspire Healthier Lives | Head of Treasury & Credit, Bank Muscat","Prevention is a tough sell because people don’t feel the pain today. But the cost of ignoring health is catching up fast. 

The game is to make staying fit easier, cooler, and cheaper than falling sick. People won’t pay for “health,” but they’ll pay for energy, performance, and looking good.
",2025-02-24T06:02:34.676Z,"urn:li:comment:(activity:7297481352231165952,7299670022501679104)",183ec8177a96a7098377dfbed405fcdb112350c7dc8cca3e739a61c931f2704a,urn:li:activity:7297481352231165952,d5b0e5bce2cc57a019e63700e5f2449e166b527a8c4cf0f6512e752a90460f4b,7297481352231165952,prevention is a tough sell because people dont feel the pain today but the cost of ignoring health is catching up fast the game is to make staying fit easier cooler and cheaper than falling sick people wont pay for health but theyll pay for energy performance and looking good,0.166,0.564,0.27,0.7218,Positive
Bhawna Gupta,https://www.linkedin.com/in/bg1111,Wearing multiple hats at @NoFuss® | The Diary of a Founder (TDF),Absolutely! A silent shift is happening in Indian consumer behavior. Some bold brands are keeping awareness as part of their mission to change that notion.,2025-02-22T05:55:50.848Z,"urn:li:comment:(activity:7297481352231165952,7298943552993009665)",f3d9ea04972d72a36d832ef33f490a7b7f7882e306646ffb260c97f87a8a3dee,urn:li:activity:7297481352231165952,d5b0e5bce2cc57a019e63700e5f2449e166b527a8c4cf0f6512e752a90460f4b,7297481352231165952,absolutely a silent shift is happening in indian consumer behavior some bold brands are keeping awareness as part of their mission to change that notion,0.0,0.898,0.102,0.3818,Positive
lava kumar kota,https://www.linkedin.com/in/lava-kumar-kota-6a2ab33b,Ex Syndicate bank/Ex LVB/Senior Associate at Dbs bank India ltd (retd.),Wonderful truth.  Tq.,2025-02-22T01:57:54.930Z,"urn:li:comment:(activity:7297481352231165952,7298883675453104129)",c369ddfce925c87f116171b62e1c2726b61c18194a786fecaa178eb7cc28104e,urn:li:activity:7297481352231165952,d5b0e5bce2cc57a019e63700e5f2449e166b527a8c4cf0f6512e752a90460f4b,7297481352231165952,wonderful truth tq,0.0,0.143,0.857,0.7184,Positive
Vijayraj Kamat,https://www.linkedin.com/in/vijayrajkamat,Executive Coach | Leadership Development | Succession planning | TEDx speaker | Author | ex-Deloitte,"Just wanted to express my support regardless whether you succeed financially or not. 

Some causes are worth failing at. Others don't matter even if you make a lot of money.",2025-02-21T02:32:48.650Z,"urn:li:comment:(activity:7297481352231165952,7298530069285625856)",8120af1d795d5d4ef17df7b2c2167c86636c32e50bb350e0e77d37aa8aebca60,urn:li:activity:7297481352231165952,d5b0e5bce2cc57a019e63700e5f2449e166b527a8c4cf0f6512e752a90460f4b,7297481352231165952,just wanted to express my support regardless whether you succeed financially or not some causes are worth failing at others dont matter even if you make a lot of money,0.121,0.663,0.216,0.5308,Positive
Liam C.,https://www.linkedin.com/in/liam-carden,"Cognitive Frameworks | Human-AI Systems Design | Founder, HAIS","The future will be preventative health care, we're seditary, trapped in our minds, paralyzed and distracted, running from trapped emotions. I say, that turns out bodies into rot.

Like a still body of water, it grows green and becomes infested. The world is going through its growing pains, and individuals are hitting a point they've had enough. That flow will run free again, and the water will run clear...",2025-02-21T01:59:10.667Z,"urn:li:comment:(activity:7297481352231165952,7298521605251461120)",aadd72089d6de3ddc8135cee60815d532b4438ab9c9801031cc790d7b4bb445e,urn:li:activity:7297481352231165952,d5b0e5bce2cc57a019e63700e5f2449e166b527a8c4cf0f6512e752a90460f4b,7297481352231165952,the future will be preventative health care were seditary trapped in our minds paralyzed and distracted running from trapped emotions i say that turns out bodies into rot like a still body of water it grows green and becomes infested the world is going through its growing pains and individuals are hitting a point theyve had enough that flow will run free again and the water will run clear,0.146,0.693,0.162,0.0772,Positive
KV Subrahmanyam,https://www.linkedin.com/in/kv-subrahmanyam,CEO at Genbioca Sciences Pvt. Ltd.,"Preventive health is Investing in yourself. 

The Outlook of people is changing but slowly. 

The investor mindset has deeply penetrated into all walks of life, everyone looks for instant gratification, what is the RoI?

This has affected every sector and has put life on steroids for everyone.

To validate this, take a break and stay away from the electronics and internet. 

You don't have to prove it, your body and mind  will experience it.

My 2 cents to all those on Preventive health solutions, hang in there friends, the tide is changing.....",2025-02-21T01:54:44.489Z,"urn:li:comment:(activity:7297481352231165952,7298520488819978240)",7b71701501ceab6f9d820f202e4c21791311273a3d644f8d8cb9d475e6f45560,urn:li:activity:7297481352231165952,d5b0e5bce2cc57a019e63700e5f2449e166b527a8c4cf0f6512e752a90460f4b,7297481352231165952,preventive health is investing in yourself the outlook of people is changing but slowly the investor mindset has deeply penetrated into all walks of life everyone looks for instant gratification what is the roi this has affected every sector and has put life on steroids for everyone to validate this take a break and stay away from the electronics and internet you dont have to prove it your body and mind will experience it my cents to all those on preventive health solutions hang in there friends the tide is changing,0.019,0.852,0.129,0.899,Positive
RAJU .,https://www.linkedin.com/in/raju-02a271276,.....,Add raju@alphosoft.com,2025-02-20T19:34:42.344Z,"urn:li:comment:(activity:7297481352231165952,7298424849691987969)",6d15568d6bf08fa46c33609500824ff0184bbaf73e15fe77c775f85f8b140332,urn:li:activity:7297481352231165952,d5b0e5bce2cc57a019e63700e5f2449e166b527a8c4cf0f6512e752a90460f4b,7297481352231165952,add rajucom,0.0,1.0,0.0,0.0,Neutral
Dr Chethan N,https://www.linkedin.com/in/dr-chethan-n-a708b5262,Founders office |Strategic Business Management |,"When u say bypass surgery i do post rehab in for the patients who have undergone cardiovascular and cardiopulmonary surgery by giving them post cardio physiorehab,proper nutrition and healthcaremanager through  a package through hospitals and surgeons that is through both virtual and in home 
backed by end to end data of the patient and we are data driven....guys",2025-02-20T18:35:53.772Z,"urn:li:comment:(activity:7297481352231165952,7298410049792548864)",22da4f0680e70759dfdbdd24d8e783b80e9d5b48ed5d291e8a9a71add8872862,urn:li:activity:7297481352231165952,d5b0e5bce2cc57a019e63700e5f2449e166b527a8c4cf0f6512e752a90460f4b,7297481352231165952,when u say bypass surgery i do post rehab in for the patients who have undergone cardiovascular and cardiopulmonary surgery by giving them post cardio physiorehabproper nutrition and healthcaremanager through a package through hospitals and surgeons that is through both virtual and in home backed by end to end data of the patient and we are data drivenguys,0.0,0.938,0.062,0.3612,Positive
Bikash Bhagat,https://www.linkedin.com/in/bhagatb,Sr SDE | Ex-Amazon | Educator | Consultant | Artist | Eccentric Humorist | Neurodivergent Pro 🙃,Good to know someone is working towards preventive  healthcare.. you should totally vibe in with that Food Pharma guy!,2025-02-20T18:31:47.610Z,"urn:li:comment:(activity:7297481352231165952,7298409017310093312)",7e0380923c97b8e82acfcae9d0f44af94d27a846d2d2b16848b528400ebbe7a5,urn:li:activity:7297481352231165952,d5b0e5bce2cc57a019e63700e5f2449e166b527a8c4cf0f6512e752a90460f4b,7297481352231165952,good to know someone is working towards preventive healthcare you should totally vibe in with that food pharma guy,0.0,0.861,0.139,0.4404,Positive
Ruchika S.,https://www.linkedin.com/in/ruchikasharma21,"Strategic Communication Initiatives I Knowledge Management | Advocacy, Partnerships & Government Relations Living to learn and share exciting tales!","Well said. It all aligns with shift in consuner behaviour and government strategies to ampilfy ""curative approach and outcomes for a better lifecycle""",2025-02-20T15:48:00.228Z,"urn:li:comment:(activity:7297481352231165952,7298367798282502144)",55e0abbf050dfc5d4c03eecf36d3f95d8b5cc18809e3f19dc3a47fe10f006895,urn:li:activity:7297481352231165952,d5b0e5bce2cc57a019e63700e5f2449e166b527a8c4cf0f6512e752a90460f4b,7297481352231165952,well said it all aligns with shift in consuner behaviour and government strategies to ampilfy curative approach and outcomes for a better lifecycle,0.0,0.8,0.2,0.6124,Positive
Srikanth PV,https://www.linkedin.com/in/srikanthpvmarketing,Consultant to the Social sector,KV Subrahmanyam,2025-02-20T11:32:43.376Z,"urn:li:comment:(activity:7297481352231165952,7298303554748919808)",52dda28bc1f0b876761a02d070344056e5e7adf074498ff6cff23c9151724110,urn:li:activity:7297481352231165952,d5b0e5bce2cc57a019e63700e5f2449e166b527a8c4cf0f6512e752a90460f4b,7297481352231165952,kv subrahmanyam,0.0,1.0,0.0,0.0,Neutral
Neelansh Kaabra,https://www.linkedin.com/in/neelanshkaabra,Building CreditSea,"We know prevention is better than cure, but we never take it seriously.  Preventive health will become the norm, because neglecting it has simply become too expensive. It’s going to take a major mindset shift for businesses that drive this change.",2025-02-20T06:59:36.012Z,"urn:li:comment:(activity:7297481352231165952,7298234821162475521)",164f18809abfc9e9565f7d34d87707f071428149771bd965b191652609505133,urn:li:activity:7297481352231165952,d5b0e5bce2cc57a019e63700e5f2449e166b527a8c4cf0f6512e752a90460f4b,7297481352231165952,we know prevention is better than cure but we never take it seriously preventive health will become the norm because neglecting it has simply become too expensive its going to take a major mindset shift for businesses that drive this change,0.08,0.836,0.084,-0.2079,Negative
Ahlada Janani Sudersan,https://www.linkedin.com/in/ahlada-janani-sudersan-22294215a,"CEO, ZEN-it | L&D Leader | Educator","Harini Sudersan and I are building ZEN-it App as a solution to beat work and life burnout through Mindful Productivity. And many of the points you've raised here  have been our experience so far Dilip Kumar
And #2 was spot on! We did a similar promo comparing ZEN-it premium to 4 cups of chai. Of course, we believe that ZEN-it offers much more value in return :)",2025-02-20T04:20:55.987Z,"urn:li:comment:(activity:7297481352231165952,7298194891283603456)",93226c4c5135aad386740c7ab755b59bce3e7b025bf5e560dac25d085e58ec22,urn:li:activity:7297481352231165952,d5b0e5bce2cc57a019e63700e5f2449e166b527a8c4cf0f6512e752a90460f4b,7297481352231165952,harini sudersan and i are building zenit app as a solution to beat work and life burnout through mindful productivity and many of the points youve raised here have been our experience so far dilip kumar and was spot on we did a similar promo comparing zenit premium to cups of chai of course we believe that zenit offers much more value in return,0.0,0.922,0.078,0.6115,Positive
Prabhat Kumar Sinha,https://www.linkedin.com/in/prabhat-kumar-sinha-260a5279,Managing Director at Illuminarc Services & Consulting Pvt Ltd,Very true and insightful.,2025-02-20T04:00:01.510Z,"urn:li:comment:(activity:7297481352231165952,7298189629625614339)",78a54e1c8cf4be46730e2e2f9043b4f3d1018d2e889588464a18591bcf7ed554,urn:li:activity:7297481352231165952,d5b0e5bce2cc57a019e63700e5f2449e166b527a8c4cf0f6512e752a90460f4b,7297481352231165952,very true and insightful,0.0,0.492,0.508,0.4754,Positive
Natasha Pereira,https://www.linkedin.com/in/natasha-pereira-8164a8231,Business Analyst,Interesting,2025-02-19T20:25:11.768Z,"urn:li:comment:(activity:7297481352231165952,7298075168151621634)",3f42a3749a82d8b23611a90b429f92dd5396d03c2fd677d64fa80aaccce27f38,urn:li:activity:7297481352231165952,d5b0e5bce2cc57a019e63700e5f2449e166b527a8c4cf0f6512e752a90460f4b,7297481352231165952,interesting,0.0,0.0,1.0,0.4019,Positive
Rajeswari Sitaraman,https://www.linkedin.com/in/rajeswari-sitaraman-a841954,Yoga Teacher/Therapist/Healer - M.Sc Yoga & Yoga Protocol Instructor. Helping middle-age & elderly women to embrace holistic well-being.,this post resonates so much with me and exactly along similar oines my husband who is also an entrepreneur was mentioning this to me ! ,2025-02-19T16:55:28.968Z,"urn:li:comment:(activity:7297481352231165952,7298022392067473408)",29aa4fbe555ccab41ff4f9f246b9b10a00b92eb2eb50f15b262462ce241ad8c6,urn:li:activity:7297481352231165952,d5b0e5bce2cc57a019e63700e5f2449e166b527a8c4cf0f6512e752a90460f4b,7297481352231165952,this post resonates so much with me and exactly along similar oines my husband who is also an entrepreneur was mentioning this to me,0.0,1.0,0.0,0.0,Neutral
Santosh Saladi,https://www.linkedin.com/in/santosh-saladi,"Lead Product Manager, Monetization @ Reliance Retail | IIMA MBA, CFA",Loved point 3. Make it a status symbol. Amazing idea.,2025-02-19T16:42:41.859Z,"urn:li:comment:(activity:7297481352231165952,7298019174574895106)",2d6846c5c71cce383a4718f08810fc1b4a79c1590bcea870ecd9cdab166374b1,urn:li:activity:7297481352231165952,d5b0e5bce2cc57a019e63700e5f2449e166b527a8c4cf0f6512e752a90460f4b,7297481352231165952,loved point make it a status symbol amazing idea,0.0,0.438,0.562,0.8271,Positive
Ashutosh Agarwal,https://www.linkedin.com/in/agarwalashutosh,Data & AI Leader | Fractional CTO | Education | FinServ | Healthcare | IIT Roorkee,True and this applies to multiple domains. We see that in edtech - parents would go to any length to pay for school education and competitive exam prep but for exploratory learning which builds life / future skills very few would pay and so TAM would shrink to WTM as you described for preventive health.,2025-02-19T16:28:34.783Z,"urn:li:comment:(activity:7297481352231165952,7298015621680635904)",a80beea8e753749f8fa21858c84dd2e456b70526aa39a22a0e77aeee5b0d7229,urn:li:activity:7297481352231165952,d5b0e5bce2cc57a019e63700e5f2449e166b527a8c4cf0f6512e752a90460f4b,7297481352231165952,true and this applies to multiple domains we see that in edtech parents would go to any length to pay for school education and competitive exam prep but for exploratory learning which builds life future skills very few would pay and so tam would shrink to wtm as you described for preventive health,0.051,0.89,0.059,0.1154,Positive
Neeraj Sanghani,https://www.linkedin.com/in/neerajsanghani,"Co-Founder, Aasaan Health Solutions & Reisaan Health | Kellogg MBA | Ex-Chief Strategy Officer | Diabetes & Metabolic Health Advocate | Startup Growth & Product Leadership","Prevention or as Dilip suggested status, performance, convenience (adding longevity to add some coolness factor) will be solved with purpose, passion, and perseverance.

Trust, real outcomes, and retention are not built by following the e-commerce blueprint",2025-02-19T15:36:25.918Z,"urn:li:comment:(activity:7297481352231165952,7298002498273906688)",b3cab638cc7f4aaa1ee84c5a8f2833973da87c243d376e0c42fbde05bf50940b,urn:li:activity:7297481352231165952,d5b0e5bce2cc57a019e63700e5f2449e166b527a8c4cf0f6512e752a90460f4b,7297481352231165952,prevention or as dilip suggested status performance convenience adding longevity to add some coolness factor will be solved with purpose passion and perseverance trust real outcomes and retention are not built by following the ecommerce blueprint,0.0,0.797,0.203,0.8126,Positive
Kabir Singh Kochhar,https://www.linkedin.com/in/kabir-singh-kochhar,On a sabbatical,"Was thinking about this a few minutes back. Preventive health is a hard one in India even though it’s doing well in the US. As simple as it is, clean lifestyle, some exercise, better sleep- seems like a hard sell. Unable to convince family and friends who choose instant gratification and pleasure almost every single time. What are the white spaces you see? Something that must generate revenue and is unit economics positive?",2025-02-19T14:47:45.919Z,"urn:li:comment:(activity:7297481352231165952,7297990250906230784)",0123d818fc9fa332053b1129eb072596c27bb36dd09cb3b36e26a1a28fdf5f8c,urn:li:activity:7297481352231165952,d5b0e5bce2cc57a019e63700e5f2449e166b527a8c4cf0f6512e752a90460f4b,7297481352231165952,was thinking about this a few minutes back preventive health is a hard one in india even though its doing well in the us as simple as it is clean lifestyle some exercise better sleep seems like a hard sell unable to convince family and friends who choose instant gratification and pleasure almost every single time what are the white spaces you see something that must generate revenue and is unit economics positive,0.032,0.678,0.29,0.9698,Positive
Rishab Arya,https://www.linkedin.com/in/rishabarya,PwC | IIT KGP | Business Transformation,This is absolutely amazing. So rightly put.,2025-02-19T13:23:58.416Z,"urn:li:comment:(activity:7297481352231165952,7297969164030226432)",a753bbfcdddd272ca629ab3e13e1cd8733fa58f05529e3f62a511d80f297ad0e,urn:li:activity:7297481352231165952,d5b0e5bce2cc57a019e63700e5f2449e166b527a8c4cf0f6512e752a90460f4b,7297481352231165952,this is absolutely amazing so rightly put,0.0,0.594,0.406,0.624,Positive
Manoj Joshi,https://www.linkedin.com/in/manoj-joshi-582b3b53,"Bioscience & Nutrition, Head",Very well put - this has been an irony of  food and nutrition as well.,2025-02-19T12:40:22.683Z,"urn:li:comment:(activity:7297481352231165952,7297958192850817024)",7ee25df95256375541dc0ff3bce696ea19cd57a0dd6e14e033ab19bafec28ffb,urn:li:activity:7297481352231165952,d5b0e5bce2cc57a019e63700e5f2449e166b527a8c4cf0f6512e752a90460f4b,7297481352231165952,very well put this has been an irony of food and nutrition as well,0.071,0.648,0.282,0.5553,Positive
Nikhil Seth,https://www.linkedin.com/in/nikhil-seth-0905065,"Founder UniGo Education & IVYBootcamps. Bringing IVY League Mentors to your study tables for a highly personalized student experience in IVY League College Prep, Study Abroad, Bootcamps & Career Counselling domains.",Great advice!,2025-02-19T10:53:32.139Z,"urn:li:comment:(activity:7297481352231165952,7297931305080475648)",c4430280d2040177319adb49cc8cb660162aebb795c4ec7de1601c13cee5c470,urn:li:activity:7297481352231165952,d5b0e5bce2cc57a019e63700e5f2449e166b527a8c4cf0f6512e752a90460f4b,7297481352231165952,great advice,0.0,0.196,0.804,0.6249,Positive
Gourav Nishad,https://www.linkedin.com/in/gouravbiomarked,Health Coach | Paragliding Pilot | Lead Guitarist | Athlete | Finance Enthusiast | SDE | Writer,Prempal Singh,2025-02-19T10:46:14.067Z,"urn:li:comment:(activity:7297481352231165952,7297929467673329664)",7c3a3c03964e604a5459572709ad0ddf2098204511f41262d476894e13cb9e33,urn:li:activity:7297481352231165952,d5b0e5bce2cc57a019e63700e5f2449e166b527a8c4cf0f6512e752a90460f4b,7297481352231165952,prempal singh,0.0,1.0,0.0,0.0,Neutral
Rohit Ramesh,https://www.linkedin.com/in/rohit-ramesh,"Helping businesses grow organically through SEO, Social Media & Content Marketing | WordPress Website Creator | 7+ yrs driving visibility & engagement that converts","Dilip Kumar

This really nails the challenges and realities of building a preventive health business. 

It's refreshing to see such a candid perspective—prevention isn't sexy in the marketplace because its benefits are long-term, and people usually opt for what's immediately gratifying. 

The emphasis on repositioning the narrative to focus on status, performance, and convenience rather than just ""prevention"" is spot on. 

It reminds founders that they need to build trust slowly and focus on real, sustainable outcomes rather than chasing vanity metrics. 

This perspective is a wake-up call for anyone trying to disrupt the health space in India—it's a marathon, not a sprint.",2025-02-19T10:23:47.864Z,"urn:li:comment:(activity:7297481352231165952,7297923821292900352)",d616ed20f1080a39cb993338bc01306ebfb9b3a4b82bac6f2055a6f88ad21f6b,urn:li:activity:7297481352231165952,d5b0e5bce2cc57a019e63700e5f2449e166b527a8c4cf0f6512e752a90460f4b,7297481352231165952,dilip kumar this really nails the challenges and realities of building a preventive health business its refreshing to see such a candid perspectiveprevention isnt sexy in the marketplace because its benefits are longterm and people usually opt for whats immediately gratifying the emphasis on repositioning the narrative to focus on status performance and convenience rather than just prevention is spot on it reminds founders that they need to build trust slowly and focus on real sustainable outcomes rather than chasing vanity metrics this perspective is a wakeup call for anyone trying to disrupt the health space in indiaits a marathon not a sprint,0.044,0.856,0.1,0.7259,Positive
Abraham Aby,https://www.linkedin.com/in/abraham-aby-b76700188,Xplore - CXO Club || XLRI'26 - PGDM(BM) || IIT Palakkad '22,Gourav Nishad,2025-02-19T09:18:26.105Z,"urn:li:comment:(activity:7297481352231165952,7297907372239294464)",9fb89d83e26e44951ce496874375b28571bdc86739199b5c9c9b8cefb18d2fb5,urn:li:activity:7297481352231165952,d5b0e5bce2cc57a019e63700e5f2449e166b527a8c4cf0f6512e752a90460f4b,7297481352231165952,gourav nishad,0.0,1.0,0.0,0.0,Neutral
Ankit Kumar,https://www.linkedin.com/in/ankit-kumar-marketing,Founder @Find My Niche | Niche Strategist | Marketing Coach,"Dilip Kumar I disagree with your premise. Preventive healthcare is hard because nobody wants to put in the work. Brands tend to rely on influencers to sell rather than educating the audience how they can truly understand their body. You would rarely find brands building communities solely for the purpose of educating people. 
Health is not aspirational. It is the dire need of the moment. You can't cheat your audience by promising 6-pack abs and a calisthenic body just in 30 days. Preventive health doesn't need to be glamourised but portrayed as exactly what it is. It needs to be worked upon, and not just for 3 months or 6 months but for a lifetime. 
If you think people don't care about preventive health, look at the LinkedIn feed around filled with people prioritizing mental health over a secure way of paying their bills.",2025-02-19T07:35:28.897Z,"urn:li:comment:(activity:7297481352231165952,7297881463151108097)",941ccdcc2db6514aa7afd69f0706bd167fed73178289b3f1aab2b446e5a991be,urn:li:activity:7297481352231165952,d5b0e5bce2cc57a019e63700e5f2449e166b527a8c4cf0f6512e752a90460f4b,7297481352231165952,dilip kumar i disagree with your premise preventive healthcare is hard because nobody wants to put in the work brands tend to rely on influencers to sell rather than educating the audience how they can truly understand their body you would rarely find brands building communities solely for the purpose of educating people health is not aspirational it is the dire need of the moment you cant cheat your audience by promising pack abs and a calisthenic body just in days preventive health doesnt need to be glamourised but portrayed as exactly what it is it needs to be worked upon and not just for months or months but for a lifetime if you think people dont care about preventive health look at the linkedin feed around filled with people prioritizing mental health over a secure way of paying their bills,0.058,0.883,0.059,0.0511,Positive
Hinduja Reddy,https://www.linkedin.com/in/hinduja-reddy,Product Manager,"Agreed, preventive health is tough but crucial. FITTR is a great example of a startup getting it right",2025-02-19T07:21:41.214Z,"urn:li:comment:(activity:7297481352231165952,7297877991596994561)",2abce1a3e082e50303789b93d308135b398812958f21bff607fbc279529d0ebf,urn:li:activity:7297481352231165952,d5b0e5bce2cc57a019e63700e5f2449e166b527a8c4cf0f6512e752a90460f4b,7297481352231165952,agreed preventive health is tough but crucial fittr is a great example of a startup getting it right,0.058,0.606,0.336,0.7876,Positive
Shashank Shekhar,https://www.linkedin.com/in/shashank-shekhar-8a1213212,Assistant Manager - Marketing at Advanced Materials - Aditya Birla Chemicals,"Nobody wants to pay just to look and feel the same—they want visible, rapid improvement. But in many cases, that’s not realistic. The truth is, maintaining your current health and preventing decline is an achievement in itself.
The challenge? People don’t value what they don’t notice. Without experiencing improvement, it’s hard to appreciate that prevention is progress. That’s why most only learn its importance after suffering. The real opportunity in preventive health is changing this mindset before it’s too late.",2025-02-19T06:40:11.586Z,"urn:li:comment:(activity:7297481352231165952,7297867549340246016)",37f92dc7e8e294b17aa3c678548b75fdf392951e8bfa000934ed1e4aaf12e320,urn:li:activity:7297481352231165952,d5b0e5bce2cc57a019e63700e5f2449e166b527a8c4cf0f6512e752a90460f4b,7297481352231165952,nobody wants to pay just to look and feel the samethey want visible rapid improvement but in many cases thats not realistic the truth is maintaining your current health and preventing decline is an achievement in itself the challenge people dont value what they dont notice without experiencing improvement its hard to appreciate that prevention is progress thats why most only learn its importance after suffering the real opportunity in preventive health is changing this mindset before its too late,0.129,0.648,0.224,0.8934,Positive
Sharad Mehta,https://www.linkedin.com/in/sharad-mehta,"Science educator just for those children who are in love with ""Why""","In a larger context it's applicable everywhere - people more often than not want to solve a problem after it has occurred... prevention is hardly appreciated and rarely attempted.

One of the best preventive technique in life is good education... but try selling good education to parents - the conversation starts with what's the price instead of starting with what will you teach.",2025-02-19T06:08:24.531Z,"urn:li:comment:(activity:7297481352231165952,7297859550571847680)",dcfda415e32773a5e81bf0f50c7392fce182051fc73a77355736f7671c85988c,urn:li:activity:7297481352231165952,d5b0e5bce2cc57a019e63700e5f2449e166b527a8c4cf0f6512e752a90460f4b,7297481352231165952,in a larger context its applicable everywhere people more often than not want to solve a problem after it has occurred prevention is hardly appreciated and rarely attempted one of the best preventive technique in life is good education but try selling good education to parents the conversation starts with whats the price instead of starting with what will you teach,0.064,0.78,0.156,0.799,Positive
Vamshi Krishna B.,https://www.linkedin.com/in/vkbphd,Frameworks of grandma's wisdom.,For me preventive health looks like a turmeric shop under a neem tree.,2025-02-19T05:12:19.953Z,"urn:li:comment:(activity:7297481352231165952,7297845438508929024)",8f5ac3df2fd635101215a45c28f8bcb1df23ac4395406119b5c04e552158e005,urn:li:activity:7297481352231165952,d5b0e5bce2cc57a019e63700e5f2449e166b527a8c4cf0f6512e752a90460f4b,7297481352231165952,for me preventive health looks like a turmeric shop under a neem tree,0.0,0.8,0.2,0.3612,Positive
Avigyan Mitra,https://www.linkedin.com/in/avigyanmitraofficial,Helping families afford healthcare | 100+ families helped | Health & Term Insurance | Financial Literacy,"We are wired to prioritize survival today over thriving tomorrow.

This wiring makes us default to quick fixes rather than systemic change. 

Humans are inherently short-term thinkers. It’s why gym memberships spike in January and stops by March.",2025-02-19T00:45:56.107Z,"urn:li:comment:(activity:7297481352231165952,7297778397403877377)",ecc3fc971778c8518d7300930bdfdd29fb639f04f477793222d6ebdad1d63346,urn:li:activity:7297481352231165952,d5b0e5bce2cc57a019e63700e5f2449e166b527a8c4cf0f6512e752a90460f4b,7297481352231165952,we are wired to prioritize survival today over thriving tomorrow this wiring makes us default to quick fixes rather than systemic change humans are inherently shortterm thinkers its why gym memberships spike in january and stops by march,0.041,0.959,0.0,-0.1531,Negative
Dr. Bharath Kumar B,https://www.linkedin.com/in/sportsmedicinedoctor,"Sports Medicine Doctor at Ziathlon • Sports Medicine Clinic | Enhancing Health, Fitness & Sports Performance | Former Team Doctor • Team India 🇮🇳 Boxing 🥊","I agree with you Dilip Kumar, people are ready to pay for sickness because it is inevitable but they are not ready to pay a fraction of the cost to prevent themselves from falling sick, coz it is looked upon like luxury. The words ""aspirational and competitive"" caught my mind. ",2025-02-18T23:54:01.787Z,"urn:li:comment:(activity:7297481352231165952,7297765334998994944)",1f2d9803a8dc5beef2fc55bd4ca5173f92a0f5956b51256d820217864859ab61,urn:li:activity:7297481352231165952,d5b0e5bce2cc57a019e63700e5f2449e166b527a8c4cf0f6512e752a90460f4b,7297481352231165952,i agree with you dilip kumar people are ready to pay for sickness because it is inevitable but they are not ready to pay a fraction of the cost to prevent themselves from falling sick coz it is looked upon like luxury the words aspirational and competitive caught my mind,0.152,0.63,0.219,0.4678,Positive
Ankit Gowda,https://www.linkedin.com/in/44nkit,Student at Rangaraya Medical College - India,Great advice,2025-02-18T21:59:17.321Z,"urn:li:comment:(activity:7297481352231165952,7297736459451543552)",67a32ad69335e5a5d89bd9d615f8f385756537394866a506764caf607a1c740f,urn:li:activity:7297481352231165952,d5b0e5bce2cc57a019e63700e5f2449e166b527a8c4cf0f6512e752a90460f4b,7297481352231165952,great advice,0.0,0.196,0.804,0.6249,Positive
Prerak Shah,https://www.linkedin.com/in/prerak-shah-4b21a71aa,"Director-Business Development, Softpills Lifesciences Pvt. Ltd. // Demand Lead, Walpar Nutritions Ltd",Love this,2025-02-18T19:18:51.049Z,"urn:li:comment:(activity:7297481352231165952,7297696083940446209)",f41c6fc110716061cce5e3db8d537aa586998f128e227d4101b7037b1226d7ee,urn:li:activity:7297481352231165952,d5b0e5bce2cc57a019e63700e5f2449e166b527a8c4cf0f6512e752a90460f4b,7297481352231165952,love this,0.0,0.192,0.808,0.6369,Positive
Himanshu Deshmukh,https://www.linkedin.com/in/himanshudeshmukh,Strategic Deal Leader | Executive Coach | Sports Psychologist | Driving Large-Scale Transformation Across Industries | Author,"I agree Dilip Kumar,  building a preventive healthcare business is tougher than it seems. I ventured into holistic well-being in the B2B space, only to realize the challenges firsthand. The journey taught me valuable lessons on adoption, mindset shifts, budget allocation dynamics etc.",2025-02-18T18:01:05.406Z,"urn:li:comment:(activity:7297481352231165952,7297676514819461121)",28d20bd69f6b2430ab10bc1d41bbb6f9808fece33d8394e0335422d7c580f2ae,urn:li:activity:7297481352231165952,d5b0e5bce2cc57a019e63700e5f2449e166b527a8c4cf0f6512e752a90460f4b,7297481352231165952,i agree dilip kumar building a preventive healthcare business is tougher than it seems i ventured into holistic wellbeing in the bb space only to realize the challenges firsthand the journey taught me valuable lessons on adoption mindset shifts budget allocation dynamics etc,0.0,0.766,0.234,0.8271,Positive
Samyak Jain,https://www.linkedin.com/in/connectsamyakjain,Tech Innovation Enthusiast | Data Analytics | Product Operations | Product Management | AI Operator | Ex- Evalueserve | Research IIT Delhi | Placement Coordinator | BIT Mesra’25,Genuinely insightful and knowledgeable ✨,2025-02-18T17:42:57.265Z,"urn:li:comment:(activity:7297481352231165952,7297671950825361408)",341884949e64a532686922bf2344d3c0a8c6a46cb8fe8ca11a52154d10a7bc14,urn:li:activity:7297481352231165952,d5b0e5bce2cc57a019e63700e5f2449e166b527a8c4cf0f6512e752a90460f4b,7297481352231165952,genuinely insightful and knowledgeable,0.0,1.0,0.0,0.0,Neutral
Shraddha Sheth,https://www.linkedin.com/in/shraddha-sheth-6a6723144,Founder | Entrepreneur | Building & Scaling Modern Health + Fitness Brands | Fitness & Wellness Advisor | Public Speaker |,This is so relatable !,2025-02-18T17:26:55.978Z,"urn:li:comment:(activity:7297481352231165952,7297667918891225092)",a91fa6067332e55573f1a44b85cec79a975cb8c89cadcf62da0f73926f306d63,urn:li:activity:7297481352231165952,d5b0e5bce2cc57a019e63700e5f2449e166b527a8c4cf0f6512e752a90460f4b,7297481352231165952,this is so relatable,0.0,1.0,0.0,0.0,Neutral
Praveen Shahi,https://www.linkedin.com/in/praveenshahi13,"Conversations to Closure | AI-enabled GTM Strategist | 0→10 Growth | ABM, PLG, Automation, RevOps | B2B SaaS","Couldn't agree more. Mental health is declining as we speak and almost everyone I talk to agrees with it but almost every advice I got for my venture was to move from preventive care to therapeutic care and such. 
Problem hone se pehle problem ki baat mat kro kyunki problem ka size opportunity ka size bataega, in true empirical values. 
Tbh it made sense to me hence am pivoting to other ways now.",2025-02-18T17:02:23.024Z,"urn:li:comment:(activity:7297481352231165952,7297661740874379265)",6f1239403bd46e35e2365ef750490c86f16853e13f16b121b26be34c61cc37ed,urn:li:activity:7297481352231165952,d5b0e5bce2cc57a019e63700e5f2449e166b527a8c4cf0f6512e752a90460f4b,7297481352231165952,couldnt agree more mental health is declining as we speak and almost everyone i talk to agrees with it but almost every advice i got for my venture was to move from preventive care to therapeutic care and such problem hone se pehle problem ki baat mat kro kyunki problem ka size opportunity ka size bataega in true empirical values tbh it made sense to me hence am pivoting to other ways now,0.13,0.648,0.223,0.8672,Positive
Arayan Kummar Sharma↗,https://www.linkedin.com/in/kumararayan,"Growth × Product Leader | Growth @BCG | Ex Swiggy | Co-founder AHA Taxis (Acquired) | GTM, Experimentation, Product-led Growth Strategy, Venture Building","Latent need is hardest to sell, no buddy is looking for late gratification -  Preventive health is latent + no gratification ..almost",2025-02-18T15:12:35.655Z,"urn:li:comment:(activity:7297481352231165952,7297634111450443776)",d6d33b7916e66c97cb0b8554d439f373cf91c0b212ab27118b0dc4e25118a069,urn:li:activity:7297481352231165952,d5b0e5bce2cc57a019e63700e5f2449e166b527a8c4cf0f6512e752a90460f4b,7297481352231165952,latent need is hardest to sell no buddy is looking for late gratification preventive health is latent no gratification almost,0.172,0.625,0.203,0.2023,Positive
Deepak Awate,https://www.linkedin.com/in/deepak-awate-12732546,Entrepreneur @ Healthynz.in,"Cheers! We are on a same path.
Thanks for specifying it more clearly, helpful for building it up step by step.",2025-02-18T15:03:33.883Z,"urn:li:comment:(activity:7297481352231165952,7297631839093956609)",fa6d21d95df92ce06d8e2c7d87d7a31c428f3f6689c4d85931f187df30f1d7c1,urn:li:activity:7297481352231165952,d5b0e5bce2cc57a019e63700e5f2449e166b527a8c4cf0f6512e752a90460f4b,7297481352231165952,cheers we are on a same path thanks for specifying it more clearly helpful for building it up step by step,0.0,0.57,0.43,0.9016,Positive
Siddhi Suresh Sarda,https://www.linkedin.com/in/siddhi11,"Building @Sursonafoods | A Mother | To all women, you are the powerhouse of everything this world needs! Believe in yourself 💪🏻 We are a team.","We exactly are doing this, slow steps day by day Sursona Foods. Sursona products fall into the preventive health category! I tried reaching out to you many a times :) Dilip Kumar",2025-02-18T14:47:08.364Z,"urn:li:comment:(activity:7297481352231165952,7297627705523474432)",18cf47a35b0ace33f3cf0d7e17ebc607011a6d015ecf18e3c6d7fa8ec7110d22,urn:li:activity:7297481352231165952,d5b0e5bce2cc57a019e63700e5f2449e166b527a8c4cf0f6512e752a90460f4b,7297481352231165952,we exactly are doing this slow steps day by day sursona foods sursona products fall into the preventive health category i tried reaching out to you many a times dilip kumar,0.0,0.94,0.06,0.2023,Positive
Amar Haksar,https://www.linkedin.com/in/amarhaksar,"Master Mindset & Performance Coach/Motivational Speaker/Fitness+Life+Executive Coach/Endurance Enthusiast. 1st Indian to cycle 5,700kms sole/unsupported across USA & 1,500+ consecutive day triathlon activity streak.","Preventive health starts with MINDSET training…especially for the youth in India Dilip Kumar 

Until that happens, there’s always going to be a greater need for curative health solutions.

The reason is that the application of preventive health will always lack consistency without a massive mindset shift.

It’s the intangibles that matter most…discipline, grit, resilience, consistency.

When folks realise that fitness/health has to do with mindset and not visual aesthetics (6-pack and), that’s when true change will happen.

Everyone already knows, or can easily find out, WHAT to do for better health and fitness…yet there is such a massive, growing industry for fitness and curative health.

The holy grail is the bridge that joins the knowing to the doing!",2025-02-18T14:42:35.703Z,"urn:li:comment:(activity:7297481352231165952,7297626561900351490)",330fa82f97f338a34e8726ba896f7a7e8d979f366ba5d6af4dfadffd751e9b29,urn:li:activity:7297481352231165952,d5b0e5bce2cc57a019e63700e5f2449e166b527a8c4cf0f6512e752a90460f4b,7297481352231165952,preventive health starts with mindset trainingespecially for the youth in india dilip kumar until that happens theres always going to be a greater need for curative health solutions the reason is that the application of preventive health will always lack consistency without a massive mindset shift its the intangibles that matter mostdiscipline grit resilience consistency when folks realise that fitnesshealth has to do with mindset and not visual aesthetics pack and thats when true change will happen everyone already knows or can easily find out what to do for better health and fitnessyet there is such a massive growing industry for fitness and curative health the holy grail is the bridge that joins the knowing to the doing,0.018,0.845,0.137,0.8979,Positive
Shivani Narang,https://www.linkedin.com/in/shivani--narang,Burnout Recovery Coach ll Mindfulness Coach ll Founder,"Dilip Kumar amazing insights. I am working in the preventive space and I also see: 1) Difficulty in measurable metrics coz if we are preventing conditions like diabetes, BP etc, there is no way to prove it, let alone bring measurable metrics

2) We as a country are in a ""fake it till you break it"" kind of culture, we keep pushing ourselves and wait for literally the breaking point coz no one believes we are suffering until they see us breaking down.

Still high on the belief about prevention, so still at it but everything you are saying is on point! ",2025-02-18T14:42:11.924Z,"urn:li:comment:(activity:7297481352231165952,7297626462164017152)",921a6e16ba3197d2962c348f1990909ea6b31e0eb736223f0fd9e5966aca17a6,urn:li:activity:7297481352231165952,d5b0e5bce2cc57a019e63700e5f2449e166b527a8c4cf0f6512e752a90460f4b,7297481352231165952,dilip kumar amazing insights i am working in the preventive space and i also see difficulty in measurable metrics coz if we are preventing conditions like diabetes bp etc there is no way to prove it let alone bring measurable metrics we as a country are in a fake it till you break it kind of culture we keep pushing ourselves and wait for literally the breaking point coz no one believes we are suffering until they see us breaking down still high on the belief about prevention so still at it but everything you are saying is on point,0.112,0.847,0.04,-0.5267,Negative
Utsav Gudhaka,https://www.linkedin.com/in/utsavgudhaka,Building AI agents for Amazon's ecosystem | Co-Founder at Equal Collective,Smrati Humar,2025-02-18T13:46:51.221Z,"urn:li:comment:(activity:7297481352231165952,7297612534126104577)",d4b7b6cacd15f63b4a74f34b833234ff4e365ab674d359545ffafcec51ca1814,urn:li:activity:7297481352231165952,d5b0e5bce2cc57a019e63700e5f2449e166b527a8c4cf0f6512e752a90460f4b,7297481352231165952,smrati humar,0.0,1.0,0.0,0.0,Neutral
Avinash Shukla,https://www.linkedin.com/in/avishivam,Solving Problems using AI | Jack of All trades,"This is so true! I had been thinking about this for a while but couldn't put it into words like this. 

Great articulation!",2025-02-18T13:46:25.811Z,"urn:li:comment:(activity:7297481352231165952,7297612427548930049)",dae3cc0a86e5ea204b2fcb7d9844ad4eb0b78a3117f3e684f1815458ba039ade,urn:li:activity:7297481352231165952,d5b0e5bce2cc57a019e63700e5f2449e166b527a8c4cf0f6512e752a90460f4b,7297481352231165952,this is so true i had been thinking about this for a while but couldnt put it into words like this great articulation,0.0,0.593,0.407,0.9242,Positive
Ronak Vora,https://www.linkedin.com/in/theronakvora,💵 Helping founders raise funds @Build3 ⚡Coach to founders and CEOs to master their energy and nervous system 🤜 Ex-Fitness startup founder and author,Been there. Faced that. Currently in Pivot ✌️,2025-02-18T13:19:00.635Z,"urn:li:comment:(activity:7297481352231165952,7297605527180603392)",7b7fddd82ee8e0974fbf060fed15efaa18963ca3ec0d4e8f14d4864df498fe70,urn:li:activity:7297481352231165952,d5b0e5bce2cc57a019e63700e5f2449e166b527a8c4cf0f6512e752a90460f4b,7297481352231165952,been there faced that currently in pivot,0.0,1.0,0.0,0.0,Neutral
Rohini Ekade,https://www.linkedin.com/in/rohini-ekade-79889b99,Research And Development Manager at Aurochem Laboratories (I) Private Limited,"Yes there is a huge opportunity in preventing therapy but Building business in that  is a challenging task. India has a very unique mind set "" jab tak chalata hai chalao"" we need alarming situations to wake up, we push things till the last moment.  Neither consumers nor investors have patience for output , everyone requires quick results. If it is not seen then they lost the interest & that's where the curative business won the game.
Though we are well aware about the benefits of preventing therapy but we are not ok with the time required to get its fruit.",2025-02-18T13:07:34.866Z,"urn:li:comment:(activity:7297481352231165952,7297602650852704257)",4f286e923f74aff75cdb97108299045e0605aa55635ad0f62cad4a2859ec4b0c,urn:li:activity:7297481352231165952,d5b0e5bce2cc57a019e63700e5f2449e166b527a8c4cf0f6512e752a90460f4b,7297481352231165952,yes there is a huge opportunity in preventing therapy but building business in that is a challenging task india has a very unique mind set jab tak chalata hai chalao we need alarming situations to wake up we push things till the last moment neither consumers nor investors have patience for output everyone requires quick results if it is not seen then they lost the interest thats where the curative business won the game though we are well aware about the benefits of preventing therapy but we are not ok with the time required to get its fruit,0.081,0.722,0.197,0.9345,Positive
Dr. Sharon Samuel,https://www.linkedin.com/in/dr-sharon-samuel-ay,"Professor & Practitioner of Gynecology and Obstetrics in Ayurveda | Holistic Transformation Specialist | Expert Counselor for Adolescents, Couples, and Families","People are not convinced to pay for prevention, and never will be! The pharma industry will not let them look that way. 
It's our job anyway, to continue this journey. 
Great write up Dilip Kumar",2025-02-18T13:05:12.730Z,"urn:li:comment:(activity:7297481352231165952,7297602054695305216)",a41f9f5afd090c660948c9ea2563ccaea997353e04902eb78e99c52b141faf04,urn:li:activity:7297481352231165952,d5b0e5bce2cc57a019e63700e5f2449e166b527a8c4cf0f6512e752a90460f4b,7297481352231165952,people are not convinced to pay for prevention and never will be the pharma industry will not let them look that way its our job anyway to continue this journey great write up dilip kumar,0.057,0.807,0.136,0.4833,Positive
Arjun Bhaskaran,https://www.linkedin.com/in/arjun-bhaskaran,"Cyber, Privacy, Data Protection","Dilip Kumar 100%. Only way to make Prevention to work, is by making OPD Insurance work.",2025-02-18T12:47:40.037Z,"urn:li:comment:(activity:7297481352231165952,7297597639380869120)",52ab68d4c3dd0b77767dc60a818f754987d97aa9689d7612dc51f92a08a3c672,urn:li:activity:7297481352231165952,d5b0e5bce2cc57a019e63700e5f2449e166b527a8c4cf0f6512e752a90460f4b,7297481352231165952,dilip kumar only way to make prevention to work is by making opd insurance work,0.0,1.0,0.0,0.0,Neutral
Pragna S,https://www.linkedin.com/in/pragna-s-5853a51a4,CTO @ Saawahi IT Solution LLP | AI Development & Integration Expert,Thanks for sharing these valuable lessons Dilip Kumar This is such a powerful perspective on the challenges of building in preventive health!,2025-02-18T12:43:48.159Z,"urn:li:comment:(activity:7297481352231165952,7297596666814046208)",35fb46fb0a47e0f320ecceb1acdbb0bd65584018808a636a3b66ba8befe7511c,urn:li:activity:7297481352231165952,d5b0e5bce2cc57a019e63700e5f2449e166b527a8c4cf0f6512e752a90460f4b,7297481352231165952,thanks for sharing these valuable lessons dilip kumar this is such a powerful perspective on the challenges of building in preventive health,0.0,0.554,0.446,0.8979,Positive
Impactful Pitch®,,"2,829 followers","I totally agree! Prevention is often overlooked, but as costs rise, it’s becoming a necessity for the future.",2025-02-18T12:09:23.235Z,"urn:li:comment:(activity:7297481352231165952,7297588005895102466)",97f95833bd0e64297afc2e69f912e7d840b9e6728c6e2a93adb05ce9957d1c8c,urn:li:activity:7297481352231165952,d5b0e5bce2cc57a019e63700e5f2449e166b527a8c4cf0f6512e752a90460f4b,7297481352231165952,i totally agree prevention is often overlooked but as costs rise its becoming a necessity for the future,0.062,0.826,0.112,0.2135,Positive
Dr.Prasanna laxmi kinnera,https://www.linkedin.com/in/dr-prasanna-laxmi-kinnera-737090140,Pioneering Accessible Healthcare | At-Home Dental Care | Innovator in Dental AI & Smart Oral Health Devices| Founder & Director at adamitis extendi pvt ltd INVENTOR - PATENT APPLIED (202541010760) THE SMART TOOTHBRUSH,Love this,2025-02-18T11:53:45.326Z,"urn:li:comment:(activity:7297481352231165952,7297584072019558400)",14d5142139441fbc4bb07ae0354001c3308c097f7e270a217824572ef27f22a6,urn:li:activity:7297481352231165952,d5b0e5bce2cc57a019e63700e5f2449e166b527a8c4cf0f6512e752a90460f4b,7297481352231165952,love this,0.0,0.192,0.808,0.6369,Positive
Samir Penkar,https://www.linkedin.com/in/samirpenkar,Project Management and Agile Learning Simulations for Universities and Corporate Teams | Expert Kite Flyer & Co-Founder at Ruc Fit,"Well said, seek out people who are motivated and have a propensity for long term thinking. It may be a small cohort today, but over time it will grow....",2025-02-18T11:38:18.259Z,"urn:li:comment:(activity:7297481352231165952,7297580183622955008)",2a41fe151cfa5a52663745519948dab92c41abef64d85862b6c06c6f35bc00a9,urn:li:activity:7297481352231165952,d5b0e5bce2cc57a019e63700e5f2449e166b527a8c4cf0f6512e752a90460f4b,7297481352231165952,well said seek out people who are motivated and have a propensity for long term thinking it may be a small cohort today but over time it will grow,0.0,0.876,0.124,0.3716,Positive
Alexander Kulesh,https://www.linkedin.com/in/alexkulesh,"Problem solver, Automation manager, Outreach manager, Hubspot manager@ Interexy",Your insights on the challenges of preventive health resonate deeply. Emphasizing status and engagement can redefine consumer perceptions and drive sustainable growth in this critical sector.,2025-02-18T11:37:01.834Z,"urn:li:comment:(activity:7297481352231165952,7297579863073316864)",868583cda0a0ccbeedb90d85c46a4bdc0c4fbb96be095a0add4900f2132a12fb,urn:li:activity:7297481352231165952,d5b0e5bce2cc57a019e63700e5f2449e166b527a8c4cf0f6512e752a90460f4b,7297481352231165952,your insights on the challenges of preventive health resonate deeply emphasizing status and engagement can redefine consumer perceptions and drive sustainable growth in this critical sector,0.074,0.705,0.221,0.5574,Positive
Vishal Nigam,https://www.linkedin.com/in/vishalnigamwtfgyms,"🚀 Founder & CEO | WTF – (Gyms, Academy, Amplify, Everyday, Reboot, Digi Gym, Nutrition, OS -Full-Stack Fitness Ecosystem ) | Disrupting India’s $15B Fitness Market","This is exactly the paradox of preventive health—everyone acknowledges its importance, yet no one wants to pay for it until it's too late. The challenge isn’t just awareness; it’s changing human behavior, which is infinitely harder than treating a crisis.

But the beauty of this challenge is that it demands a full-stack solution—not just another fitness program, diet plan, or wearable, but an integrated ecosystem that makes prevention effortless, accessible, and rewarding. Enough talk about why prevention is hard; it's time to build a system where prevention just works—seamlessly embedded in daily life, removing friction, and delivering value upfront instead of years later.

The real opportunity isn’t in convincing people to care about health but in designing a model where they don’t have to think about it—where prevention happens automatically. That’s the real full-stack story.",2025-02-18T11:14:15.722Z,"urn:li:comment:(activity:7297481352231165952,7297574133180116992)",3caa509fcfef27a186ee977454eb664c50db9dd444b0307481625440eb2b9936,urn:li:activity:7297481352231165952,d5b0e5bce2cc57a019e63700e5f2449e166b527a8c4cf0f6512e752a90460f4b,7297481352231165952,this is exactly the paradox of preventive healtheveryone acknowledges its importance yet no one wants to pay for it until its too late the challenge isnt just awareness its changing human behavior which is infinitely harder than treating a crisis but the beauty of this challenge is that it demands a fullstack solutionnot just another fitness program diet plan or wearable but an integrated ecosystem that makes prevention effortless accessible and rewarding enough talk about why prevention is hard its time to build a system where prevention just worksseamlessly embedded in daily life removing friction and delivering value upfront instead of years later the real opportunity isnt in convincing people to care about health but in designing a model where they dont have to think about itwhere prevention happens automatically thats the real fullstack story,0.071,0.749,0.18,0.9631,Positive
Kaushik Naarayan,https://www.linkedin.com/in/kaushik-naarayan,~ Building AI Products @ Material Lab,"Selling to insurers could work for preventative healthcare , no? It's in their incentive to reduce payouts and the long duration for ROC can be borne by insurers and pass on savings via premium reduction to end consumers. Curious to know how everyone is thinking about this.",2025-02-18T10:43:49.580Z,"urn:li:comment:(activity:7297481352231165952,7297566473785327616)",8aff76d73d9e61da2ebd3665ff02be5b21e76d9b81f4a859a377216dc17c316b,urn:li:activity:7297481352231165952,d5b0e5bce2cc57a019e63700e5f2449e166b527a8c4cf0f6512e752a90460f4b,7297481352231165952,selling to insurers could work for preventative healthcare no its in their incentive to reduce payouts and the long duration for roc can be borne by insurers and pass on savings via premium reduction to end consumers curious to know how everyone is thinking about this,0.044,0.86,0.096,0.3818,Positive
Paridhi Mishra,https://www.linkedin.com/in/paridhi-mishra-9b5a3388,Building Climate Corps,Applies to climate change mitigation as well!,2025-02-18T10:30:32.423Z,"urn:li:comment:(activity:7297481352231165952,7297563130266628096)",bb80a87e0d380e4f739b43c5ca05ab4d6b33f72c830a51cd6090f38f99c2c331,urn:li:activity:7297481352231165952,d5b0e5bce2cc57a019e63700e5f2449e166b527a8c4cf0f6512e752a90460f4b,7297481352231165952,applies to climate change mitigation as well,0.0,0.741,0.259,0.2732,Positive
Ashish Kumar,https://www.linkedin.com/in/mrkumar02,Performance Marketer | Scaled D2C Brands 4X–10X | ₹100M+ Ad Spend | CAC Reduction & CRO Specialist,I have been working in the preventive care industry for the last 4 years and I can relate to each sentence written here. ,2025-02-18T10:27:54.822Z,"urn:li:comment:(activity:7297481352231165952,7297562469244223488)",05d72c333253fdb1b8f5109f65ee4a402bcd8e267473feed84e3b7a6252410dc,urn:li:activity:7297481352231165952,d5b0e5bce2cc57a019e63700e5f2449e166b527a8c4cf0f6512e752a90460f4b,7297481352231165952,i have been working in the preventive care industry for the last years and i can relate to each sentence written here,0.0,0.8,0.2,0.5423,Positive
Nilesh Maheshwari,https://www.linkedin.com/in/nileshmaheshwari,"Delivering Scalable, Secure, & Smart Health-Tech Solutions, Stanford Seed Transformation Program C8","Insightful take on the challenges of preventive health! Your breakdown of WTM and repositioning prevention as aspirational really resonates. As someone working in health tech software development, I’ve seen how tech solutions can help shift behavior by making prevention more convenient and engaging. The long-term impact of sustainable, outcome-driven products is worth every effort. Thank you for sharing!",2025-02-18T10:22:04.004Z,"urn:li:comment:(activity:7297481352231165952,7297560997802733571)",9d7d82b99282947b3ed05003a5d9c2d735663df0482bc42e4d0911827ab1f029,urn:li:activity:7297481352231165952,d5b0e5bce2cc57a019e63700e5f2449e166b527a8c4cf0f6512e752a90460f4b,7297481352231165952,insightful take on the challenges of preventive health your breakdown of wtm and repositioning prevention as aspirational really resonates as someone working in health tech software development ive seen how tech solutions can help shift behavior by making prevention more convenient and engaging the longterm impact of sustainable outcomedriven products is worth every effort thank you for sharing,0.0,0.766,0.234,0.9112,Positive
Arun Mehta,https://www.linkedin.com/in/arunmehta1986,Renewable Energy | Energy Transition | Power & Utilities @Deloitte,"One aspect in all of this is lack of open, green and natural landscapes in most urban cities. The lack of avenues to connect with nature, fresh air, sunlight, etc. closes people (psychologically) to trying out exercise, or walking/jogging/cycling in the open, etc. Then whenever there is stress, everyone reaches out to whatever instant gratification options are available.

We need natural landscapes - lakes, parks, forests, hills in cities to let people have that sense of excitement and curiosity about going out, being physically active and exploring the world. ",2025-02-18T09:40:20.527Z,"urn:li:comment:(activity:7297481352231165952,7297550497459113984)",994374e36488a0a2d538d65ee9c892218e8188998b4d27cfb49ead36afebd6cd,urn:li:activity:7297481352231165952,d5b0e5bce2cc57a019e63700e5f2449e166b527a8c4cf0f6512e752a90460f4b,7297481352231165952,one aspect in all of this is lack of open green and natural landscapes in most urban cities the lack of avenues to connect with nature fresh air sunlight etc closes people psychologically to trying out exercise or walkingjoggingcycling in the open etc then whenever there is stress everyone reaches out to whatever instant gratification options are available we need natural landscapes lakes parks forests hills in cities to let people have that sense of excitement and curiosity about going out being physically active and exploring the world,0.072,0.762,0.166,0.8225,Positive
Areno |  Physiotherapy & Wellness,,"1,571 followers",Definitely Areno | Fitness & Wellness  ticks all the checkboxes that's needed as a fitness solution and as a service providers.,2025-02-18T09:30:22.593Z,"urn:li:comment:(activity:7297481352231165952,7297547989542219776)",4117f4fd2ec565fd02f2e402b75b837a0c182e3ebe834f2c31a1b927df42a050,urn:li:activity:7297481352231165952,d5b0e5bce2cc57a019e63700e5f2449e166b527a8c4cf0f6512e752a90460f4b,7297481352231165952,definitely areno fitness wellness ticks all the checkboxes thats needed as a fitness solution and as a service providers,0.0,0.498,0.502,0.8779,Positive
Arun Kumar M,https://www.linkedin.com/in/arun-kumar-m-01716036,"18+ years of solving problems, breaking things (on purpose), and building better ones. Currently building Micro SAAS","If you replace ""Preventive Health"" to ""Proactive Financial Planning"" in above  post its gets very relevant to proactive financial planning too in India. People want painkiller quick relief to a problem and not vitamin which helps in long run.   ",2025-02-18T09:28:11.077Z,"urn:li:comment:(activity:7297481352231165952,7297547437928259585)",7a611818ad890742e3ff77ac5c1d67e6cd8f022afd201d4aa21757577832545a,urn:li:activity:7297481352231165952,d5b0e5bce2cc57a019e63700e5f2449e166b527a8c4cf0f6512e752a90460f4b,7297481352231165952,if you replace preventive health to proactive financial planning in above post its gets very relevant to proactive financial planning too in india people want painkiller quick relief to a problem and not vitamin which helps in long run,0.142,0.649,0.209,0.4986,Positive
Musavir Khurshid,https://www.linkedin.com/in/musavirkhurshid,Co-Founder and CEO at BookLeaf Publishing | Published 16K+ books | 🦈 Shark Tank S4 | Sharing what I learn along the way.,Powerful insights! ,2025-02-18T09:27:21.301Z,"urn:li:comment:(activity:7297481352231165952,7297547229148430338)",fd57e86afd97a2cf7d1798460925e98f871b0d26ca45d78fe9e5d150bd50820a,urn:li:activity:7297481352231165952,d5b0e5bce2cc57a019e63700e5f2449e166b527a8c4cf0f6512e752a90460f4b,7297481352231165952,powerful insights,0.0,0.263,0.737,0.4215,Positive
Arun Sahlam,https://www.linkedin.com/in/arunsahlam,Entrepreneur. Product and Business Strategist.,"IMHO, the foundation of a business should focus on the intersection between the value a company provides and what consumers seek. Reassess if customer doesn't value the value added by businesses. 

Ref. Elements of Value framework by Bain & Company
https://media.bain.com/elements-of-value/",2025-02-18T09:14:31.909Z,"urn:li:comment:(activity:7297481352231165952,7297544002084421633)",b9e214a78fc9d7ae619c9ee01fe40dc59dd28eb26d9b3bc7bb58b8c85854d804,urn:li:activity:7297481352231165952,d5b0e5bce2cc57a019e63700e5f2449e166b527a8c4cf0f6512e752a90460f4b,7297481352231165952,imho the foundation of a business should focus on the intersection between the value a company provides and what consumers seek reassess if customer doesnt value the value added by businesses ref elements of value framework by bain company,0.0,0.775,0.225,0.8225,Positive
Agam Chaudhary,https://www.linkedin.com/in/agamchaudhary,Founder & CEO – Two99 | Creator – Binary Wall & GenShark,"The key is embedding prevention into habits people already have, rather than expecting them to change overnight.",2025-02-18T08:56:32.080Z,"urn:li:comment:(activity:7297481352231165952,7297539472953417730)",a4c7a889fa69e7934f12d77d288fe2949b986385190ed2f9301afdf31c0c04be,urn:li:activity:7297481352231165952,d5b0e5bce2cc57a019e63700e5f2449e166b527a8c4cf0f6512e752a90460f4b,7297481352231165952,the key is embedding prevention into habits people already have rather than expecting them to change overnight,0.0,1.0,0.0,0.0,Neutral
Shubham Lande,https://www.linkedin.com/in/shubhamlande24,"""Building NeuraZen | Transforming Mental Health Care with Innovative Solution""",Insightful,2025-02-18T08:50:20.887Z,"urn:li:comment:(activity:7297481352231165952,7297537916057063426)",8a277aaf4a97ba1b0ff0d2ad11a94fe0a047a19112f24af140d8e49dfefa8b5b,urn:li:activity:7297481352231165952,d5b0e5bce2cc57a019e63700e5f2449e166b527a8c4cf0f6512e752a90460f4b,7297481352231165952,insightful,0.0,1.0,0.0,0.0,Neutral
MD Fazal Mustafa,https://www.linkedin.com/in/md-fazal-mustafa,"Founder - Heva AI | 3x Founder | 2x Exit | Passionate for Autonomous tech, LLMs, & Growth hacks.",Yes its very hard...I think it will take another decade for preventive healthcare to take off. Expecting that today's Gen Z might take seriously once they are between the age bracket of 28 to 38. For now constant communication is needed. ,2025-02-18T08:44:15.544Z,"urn:li:comment:(activity:7297481352231165952,7297536383697510400)",3d1aa64ed1d810bed04f424e52c6470967c3446f91e49c193663204171b10af1,urn:li:activity:7297481352231165952,d5b0e5bce2cc57a019e63700e5f2449e166b527a8c4cf0f6512e752a90460f4b,7297481352231165952,yes its very hardi think it will take another decade for preventive healthcare to take off expecting that todays gen z might take seriously once they are between the age bracket of to for now constant communication is needed,0.042,0.891,0.067,0.25,Positive
Aishwarya Rohatgi,https://www.linkedin.com/in/aishwarya-rohatgi-9b2a85155,| Dentistry | Public health | Social entrepreneurship |,Dr Deepti Singh Kushwaha,2025-02-18T08:41:36.738Z,"urn:li:comment:(activity:7297481352231165952,7297535717621043201)",cbeb5fcd5d92f4d41dd0338b328894710d4b3a11484300488f9be54358334235,urn:li:activity:7297481352231165952,d5b0e5bce2cc57a019e63700e5f2449e166b527a8c4cf0f6512e752a90460f4b,7297481352231165952,dr deepti singh kushwaha,0.0,1.0,0.0,0.0,Neutral
Rohan Mishra,https://www.linkedin.com/in/iamrohanmishra,"Helping Startups Build High-Impact UI/UX Apps & Websites | Teaching UI/UX Design, AI, Portfolio | Helped 10,000+ Designers Start & Grow @Mastry.in | LinkedIn Top Voice | ex-Zomato, Urban Company | Hiring","Sad, but true.",2025-02-18T08:38:42.796Z,"urn:li:comment:(activity:7297481352231165952,7297534988051173377)",176855f52a770eb26cb013ec31fe2e2f83f8fb10f1e08a9afafcbbad0342dfb0,urn:li:activity:7297481352231165952,d5b0e5bce2cc57a019e63700e5f2449e166b527a8c4cf0f6512e752a90460f4b,7297481352231165952,sad but true,0.304,0.148,0.548,0.3919,Positive
"Dr.Raj Subramanian, PhD, PMP",https://www.linkedin.com/in/sraja2911,Co-founder #AI #imagingdiagnostics #digitalpathology #breastcancer #healthtech #womenshealth #Cybersecurity,Insightful....,2025-02-18T08:33:22.560Z,"urn:li:comment:(activity:7297481352231165952,7297533644884127747)",88601e0737e2be46ab62fbcf53b77e8c8c57ef6bb9a89c842e13abc7a1d441fe,urn:li:activity:7297481352231165952,d5b0e5bce2cc57a019e63700e5f2449e166b527a8c4cf0f6512e752a90460f4b,7297481352231165952,insightful,0.0,1.0,0.0,0.0,Neutral
Sreekanth Sreedharan,https://www.linkedin.com/in/sreekanths,FRIDAYi helps you benefit from AI,"Consider behaviour-subscription model...
Seemed to work for some.",2025-02-18T08:25:59.473Z,"urn:li:comment:(activity:7297481352231165952,7297531786442485768)",701b18a41c31ae43b53817655946b6ab9b83c4406a92dd82b49d5e9461a91ff1,urn:li:activity:7297481352231165952,d5b0e5bce2cc57a019e63700e5f2449e166b527a8c4cf0f6512e752a90460f4b,7297481352231165952,consider behavioursubscription model seemed to work for some,0.0,1.0,0.0,0.0,Neutral
Gaetan Portaels,https://www.linkedin.com/in/gaetanportaels,"Co-Founder | Investor, Acquiring SMBs @ DarwinX","Great post, Dilip Kumar! Out of personal interest, Ive been diving deep into preventive health lately, exploring many theories on a wide-spectrum of opinions.

Then, as I try to ADVOCATE for it with people I care about…. Well, your post perfectly captures the challenge!

Prevention’s real competition isn’t ""curative health,"" it’s Netflix and junk food. The battle is as much about wallets (prioritizing fast vs delayed gratification) than it is for attention.

→ How do we make healthy choices (active) as irresistible as passive scrolling?

From my limited experience, I conclude the problem boils down to a combination of ""self-hypnosis"" and ""apathy.""

- People think they’re invincible (until they’re not.)
- People don't want to think about what scares them (aka Ostrich Policy).

Prevention doesn’t sell because it’s TOO POLITE. Because it's sold to the WRONG INSTINCTS.

It's sad, but people don’t act until they’re scared or shamed. Not because they need ""more education"" and ""awareness campaigns.""

WHAT IF prevention didn't shy away from BRUTAL HONESTY?

→ “You’re not tired, you’re UNFIT""
→ ""You’re not busy, you’re UNDISCIPLINED”

Could truth sell better than hope? It'd polarize more, for sure. But the ""net effect?""",2025-02-18T08:19:54.786Z,"urn:li:comment:(activity:7297481352231165952,7297530256838578177)",0c587c85edd57a0c5f782ba40acc0526f578dc21a801cea804d0373c7df231e0,urn:li:activity:7297481352231165952,d5b0e5bce2cc57a019e63700e5f2449e166b527a8c4cf0f6512e752a90460f4b,7297481352231165952,great post dilip kumar out of personal interest ive been diving deep into preventive health lately exploring many theories on a widespectrum of opinions then as i try to advocate for it with people i care about well your post perfectly captures the challenge preventions real competition isnt curative health its netflix and junk food the battle is as much about wallets prioritizing fast vs delayed gratification than it is for attention how do we make healthy choices active as irresistible as passive scrolling from my limited experience i conclude the problem boils down to a combination of selfhypnosis and apathy people think theyre invincible until theyre not people dont want to think about what scares them aka ostrich policy prevention doesnt sell because its too polite because its sold to the wrong instincts its sad but people dont act until theyre scared or shamed not because they need more education and awareness campaigns what if prevention didnt shy away from brutal honesty youre not tired youre unfit youre not busy youre undisciplined could truth sell better than hope itd polarize more for sure but the net effect,0.124,0.663,0.213,0.9333,Positive
Vignesh Sp,https://www.linkedin.com/in/vignesh-sp-69b0371b2,Founder @ Chaidelic | From House of Chai's | Engineer turned Foodpreneur | Ex Accenture,"Dilip Kumar 

The name of the game. ♾️",2025-02-18T08:17:19.255Z,"urn:li:comment:(activity:7297481352231165952,7297529604485918723)",c1df146bcbb367ed12914f35a9ed8065dba8918602c1279e080d0861eb0ecaef,urn:li:activity:7297481352231165952,d5b0e5bce2cc57a019e63700e5f2449e166b527a8c4cf0f6512e752a90460f4b,7297481352231165952,dilip kumar the name of the game,0.0,1.0,0.0,0.0,Neutral
"Narendar Kumar Rathod, CFP®🏆",https://www.linkedin.com/in/assuredgain,Certified Financial Planner | Corporate Financial Wellness Specialist | Wealth Protection & Tax-Advantaged Retirement Strategist 🏆,"Such a valuable perspective on the challenges of building a business in preventive health! It's true that shifting the focus to prevention requires a mindset change, but as you mentioned, the rising costs of not prioritizing health will eventually drive this shift. 
",2025-02-18T07:58:50.610Z,"urn:li:comment:(activity:7297481352231165952,7297524954495860736)",5d5d12e77ab2fbec090a16fdb892674070c1cb665df3f4d8e883448ea7f78907,urn:li:activity:7297481352231165952,d5b0e5bce2cc57a019e63700e5f2449e166b527a8c4cf0f6512e752a90460f4b,7297481352231165952,such a valuable perspective on the challenges of building a business in preventive health its true that shifting the focus to prevention requires a mindset change but as you mentioned the rising costs of not prioritizing health will eventually drive this shift,0.0,0.876,0.124,0.4767,Positive
Purvy G.,https://www.linkedin.com/in/purvy-g0,Gut Health Expert @sovahealth |Diabetes Educator| Clinical Dietitian | HealthTech | Women Wellness,Absolutely!,2025-02-18T07:58:21.151Z,"urn:li:comment:(activity:7297481352231165952,7297524830935859201)",cee4bed00429e6c9d3be91e60176b5cfa9de5334b638804607309525d3b5eae2,urn:li:activity:7297481352231165952,d5b0e5bce2cc57a019e63700e5f2449e166b527a8c4cf0f6512e752a90460f4b,7297481352231165952,absolutely,0.0,1.0,0.0,0.0,Neutral
Tejas D.,https://www.linkedin.com/in/tejasdes93,Principal at Coupang | Fashion Supply Chain Innovation | Ex - Amazon,Very informative! ,2025-02-18T07:50:56.496Z,"urn:li:comment:(activity:7297481352231165952,7297522965917618179)",f206b3442bfc56f792b35d2f6dbb7e371e095273da446252f671a40331b3e0a4,urn:li:activity:7297481352231165952,d5b0e5bce2cc57a019e63700e5f2449e166b527a8c4cf0f6512e752a90460f4b,7297481352231165952,very informative,0.0,1.0,0.0,0.0,Neutral
Meera Shah,https://www.linkedin.com/in/meera-shah-physio,DHA licenced Physiotherapist,Great advice,2025-02-18T07:44:53.708Z,"urn:li:comment:(activity:7297481352231165952,7297521444274540544)",c77d1316c9e2da9641fbc5069f45bee7d67b6225a06d99b6758817af97bb5505,urn:li:activity:7297481352231165952,d5b0e5bce2cc57a019e63700e5f2449e166b527a8c4cf0f6512e752a90460f4b,7297481352231165952,great advice,0.0,0.196,0.804,0.6249,Positive
Divya Jain,https://www.linkedin.com/in/divyajn,Building I4C | INSEAD | IIT Bombay,"One other important thing why people are wary of paying for prevention - and this is missing from most products - is the guarantee of prevention. Give a solution that will surely prevent X, I will pay right now a premium.",2025-02-18T07:44:38.810Z,"urn:li:comment:(activity:7297481352231165952,7297521381787713537)",06cd08e1bbc06c5705078f1977303938ada10cf6b97622ca6d616d45514c6c77,urn:li:activity:7297481352231165952,d5b0e5bce2cc57a019e63700e5f2449e166b527a8c4cf0f6512e752a90460f4b,7297481352231165952,one other important thing why people are wary of paying for prevention and this is missing from most products is the guarantee of prevention give a solution that will surely prevent x i will pay right now a premium,0.086,0.671,0.242,0.6705,Positive
Suddha Sattwa Basu,https://www.linkedin.com/in/suddha-sattwa-basu,Data & Responsible AI | B2B SaaS | Innovation Orchestrator,"some one once commented successful and good startups are one that sells ""pain-killers"" and not ""vitamins"". I wonder why then so many founders jump into preventive health instead getting into curative health products? when curative is an easy-sell ? are there entry barriers in the curative segment? or are founders have some anchoring bias?",2025-02-18T07:44:24.205Z,"urn:li:comment:(activity:7297481352231165952,7297521320529993729)",a155c4e24111945099dfdd9149c03b23af18773228ff3ac7d437c74f70cd2d89,urn:li:activity:7297481352231165952,d5b0e5bce2cc57a019e63700e5f2449e166b527a8c4cf0f6512e752a90460f4b,7297481352231165952,some one once commented successful and good startups are one that sells painkillers and not vitamins i wonder why then so many founders jump into preventive health instead getting into curative health products when curative is an easysell are there entry barriers in the curative segment or are founders have some anchoring bias,0.025,0.858,0.117,0.743,Positive
Kavita Panda,https://www.linkedin.com/in/kavitapanda,Chief Operating Officer at ASEAN Business Partners,"#dilip your points are very well thought through. One example comes to my mind, that ticks all the boxes you mentioned. Saurabh Bothra - he truly has built a community, massive scale, 7.5million if i heard him right during a session, simple to the point, engagement - asks to show up each day, tracked. The price tag is very affordable, 4k per annum. No barriers - 6 time slots each day, one runs out of excuses to not attend his session. And do it at home. I keep attending his session and thinking that Saurabh has cracked the consumer mindset to the T.",2025-02-18T07:41:32.559Z,"urn:li:comment:(activity:7297481352231165952,7297520600594452480)",e2cdbf45df5c8ebb7e565a8c551ee5c3ae9df2646b0cebe6d2cc45da5fede996,urn:li:activity:7297481352231165952,d5b0e5bce2cc57a019e63700e5f2449e166b527a8c4cf0f6512e752a90460f4b,7297481352231165952,dilip your points are very well thought through one example comes to my mind that ticks all the boxes you mentioned saurabh bothra he truly has built a community massive scale million if i heard him right during a session simple to the point engagement asks to show up each day tracked the price tag is very affordable k per annum no barriers time slots each day one runs out of excuses to not attend his session and do it at home i keep attending his session and thinking that saurabh has cracked the consumer mindset to the t,0.022,0.895,0.083,0.7264,Positive
Ganesh Gaikwad,https://www.linkedin.com/in/ganesh-gaikwad904,Lead Software Engineer | React Js | Next Js | JavaScript | Angular | TypeScript | HTML | CSS,Dilip Kumar  Well written. Preventive care is future but it will take lot of time and efforts to convince people. I am glad that i am trying to build something in this space. But sometimes i get demotivated as i am not able convince my friends and family to do exercise and eat clean. Hoping for the best,2025-02-18T07:34:06.076Z,"urn:li:comment:(activity:7297481352231165952,7297518727908986880)",898bc5b82ae114f24bd86fe4dd2245bdade62a1bde45db99cbbe51db9c2524be,urn:li:activity:7297481352231165952,d5b0e5bce2cc57a019e63700e5f2449e166b527a8c4cf0f6512e752a90460f4b,7297481352231165952,dilip kumar well written preventive care is future but it will take lot of time and efforts to convince people i am glad that i am trying to build something in this space but sometimes i get demotivated as i am not able convince my friends and family to do exercise and eat clean hoping for the best,0.0,0.601,0.399,0.9832,Positive
Avinash Khanna,https://www.linkedin.com/in/avinash-khanna-8b49b27,Fintech@profitable scale|Digital BFSI|P& L Management| Entrepreneurship|Digital Business|,Very Insightful,2025-02-18T07:33:48.673Z,"urn:li:comment:(activity:7297481352231165952,7297518654915579904)",636d1be33462d9b206dee8deb7faa82b740736d1581dc4eab01a575b64ef1ef9,urn:li:activity:7297481352231165952,d5b0e5bce2cc57a019e63700e5f2449e166b527a8c4cf0f6512e752a90460f4b,7297481352231165952,very insightful,0.0,1.0,0.0,0.0,Neutral
Gaurav Joshi,https://www.linkedin.com/in/gaurav-joshi-39171116,Marketing || Red Health || NMIMS || Advisory & Teaching,Well put 👍,2025-02-18T07:33:25.459Z,"urn:li:comment:(activity:7297481352231165952,7297518557549019136)",6bc290a7fe2436b05b8ff843553bc58287d0abdd3efcabacf004881018fe3807,urn:li:activity:7297481352231165952,d5b0e5bce2cc57a019e63700e5f2449e166b527a8c4cf0f6512e752a90460f4b,7297481352231165952,well put,0.0,0.323,0.677,0.2732,Positive
Munish Agarwal,https://www.linkedin.com/in/munish-agarwal-71235a43,"Founder, Bluocean","Fact is, everybody is ill. Only need is,method to prove.

Today, all are living under constant fear of heart attack, cancer or any other sudden shock.

So, when you say prevention, actually you are talking of prevention from these sudden shock.

But actually, we all know, we are already ill. But we don't know how much and what to do.

Regular health check-up does not help.

So, if you can identify present illness and have method to solve it, there is no reason, people will not pay you.

But generally all preventive suggestions are without any concrete proof.",2025-02-18T07:32:38.497Z,"urn:li:comment:(activity:7297481352231165952,7297518360576110592)",0af4ff761dea0c6992166cb08de791a4e25e1466baa5e51194b52005d7a34d4d,urn:li:activity:7297481352231165952,d5b0e5bce2cc57a019e63700e5f2449e166b527a8c4cf0f6512e752a90460f4b,7297481352231165952,fact is everybody is ill only need ismethod to prove today all are living under constant fear of heart attack cancer or any other sudden shock so when you say prevention actually you are talking of prevention from these sudden shock but actually we all know we are already ill but we dont know how much and what to do regular health checkup does not help so if you can identify present illness and have method to solve it there is no reason people will not pay you but generally all preventive suggestions are without any concrete proof,0.22,0.748,0.032,-0.962,Negative
Meghana D.,https://www.linkedin.com/in/meghana-dhakan,"Executive Officer | ESI Certification | Governance, Compliance, & Certification","Dilip Kumar, your insights on the challenges of preventive health are both enlightening and crucial. It's refreshing to see a focus on sustainability and genuine health outcomes rather than just metrics. Your perspective on shifting the market's mindset is a game-changer for us all.",2025-02-18T07:31:14.064Z,"urn:li:comment:(activity:7297481352231165952,7297518006438387712)",f899a104eeefc6909f393651b1b202b4b2bd99f0731e10178657332b88b5a95c,urn:li:activity:7297481352231165952,d5b0e5bce2cc57a019e63700e5f2449e166b527a8c4cf0f6512e752a90460f4b,7297481352231165952,dilip kumar your insights on the challenges of preventive health are both enlightening and crucial its refreshing to see a focus on sustainability and genuine health outcomes rather than just metrics your perspective on shifting the markets mindset is a gamechanger for us all,0.0,0.897,0.103,0.5574,Positive
Paritosh G.,https://www.linkedin.com/in/paritoshgn,Try Liquide... Bet you a beer that you would love it!,"Vitamins vs painkillers my friend! Has been the case for a long long time. This is why loan companies make more money than AMCs; hospitals more than gyms; exam prep more than K10 edtechs. The list is endless.

But then not all companies are meant to have millions of users. IMHO for businesses which act like vitamins, one needs to build it like the wealth companies do. Cater to the ICP and go deep. When you serve all the possible needs (creating an ecosystem around you), they will definitely create a niche for themselves. And in turn make profits.",2025-02-18T07:29:58.564Z,"urn:li:comment:(activity:7297481352231165952,7297517689768488960)",8901b165f2ea4745927ab0df169087469e83f621881741abc70963e18cccdd2d,urn:li:activity:7297481352231165952,d5b0e5bce2cc57a019e63700e5f2449e166b527a8c4cf0f6512e752a90460f4b,7297481352231165952,vitamins vs painkillers my friend has been the case for a long long time this is why loan companies make more money than amcs hospitals more than gyms exam prep more than k edtechs the list is endless but then not all companies are meant to have millions of users imho for businesses which act like vitamins one needs to build it like the wealth companies do cater to the icp and go deep when you serve all the possible needs creating an ecosystem around you they will definitely create a niche for themselves and in turn make profits,0.0,0.774,0.226,0.977,Positive
Mihir Mehta,https://www.linkedin.com/in/mihirmehta777,Co-Founder & COO @ Nummi / Building the conscious layer of personal AI,Couldn't agree more!,2025-02-18T07:25:51.575Z,"urn:li:comment:(activity:7297481352231165952,7297516653825724417)",da859c795c5947c5df76075ead946c8f25aa987a5f29ee05668c3efdf639fa6f,urn:li:activity:7297481352231165952,d5b0e5bce2cc57a019e63700e5f2449e166b527a8c4cf0f6512e752a90460f4b,7297481352231165952,couldnt agree more,0.513,0.487,0.0,-0.2755,Negative
Well O Sip Tisanes Pvt. Ltd.,,840 followers,"Absolutely agree—building a business in preventive health is tough. But there's another challenge we often overlook: the way we define ""healthcare"" itself.

Today, most of what we call healthcare is actually disease care—reactive solutions rather than proactive well-being. Prevention isn't just a ""good-to-do"" habit; it's a way of life. And to make it mainstream, we need to rethink how it's positioned.

✅ Wellness isn’t expensive—it’s misunderstood.
Preventive health can be as affordable as a monthly grocery budget. The real gap isn’t cost; it’s knowledge. This is where professionals, doctors, and health experts play a crucial role—not just in treatment, but in making prevention practical and attractive.

✅ Behavior change isn’t about logic, it’s about desire.
Telling people to avoid unhealthy habits isn’t enough. Just like kids need a candy to build a habit, adults need incentives to embrace prevention. The best health solutions don’t just inform—they inspire and integrate into daily life seamlessly.

If prevention is the future of healthcare, then professionals must sell what people want to deliver what they need. That’s how we shift from a reactive system to a truly preventive one.

#Healthcare #PreventiveHealth #Wellness",2025-02-18T07:22:59.645Z,"urn:li:comment:(activity:7297481352231165952,7297515932694757376)",8442c2b68157d931c1ecaf2f9f0fc73c81261dc2b67fb5297d5d3c9e881a451e,urn:li:activity:7297481352231165952,d5b0e5bce2cc57a019e63700e5f2449e166b527a8c4cf0f6512e752a90460f4b,7297481352231165952,absolutely agreebuilding a business in preventive health is tough but theres another challenge we often overlook the way we define healthcare itself today most of what we call healthcare is actually disease carereactive solutions rather than proactive wellbeing prevention isnt just a goodtodo habit its a way of life and to make it mainstream we need to rethink how its positioned wellness isnt expensiveits misunderstood preventive health can be as affordable as a monthly grocery budget the real gap isnt cost its knowledge this is where professionals doctors and health experts play a crucial rolenot just in treatment but in making prevention practical and attractive behavior change isnt about logic its about desire telling people to avoid unhealthy habits isnt enough just like kids need a candy to build a habit adults need incentives to embrace prevention the best health solutions dont just informthey inspire and integrate into daily life seamlessly if prevention is the future of healthcare then professionals must sell what people want to deliver what they need thats how we shift from a reactive system to a truly preventive one healthcare preventivehealth wellness,0.07,0.716,0.214,0.9844,Positive
Ashok Magadum,https://www.linkedin.com/in/ashok-magadum-3b0116b,Founder and CEO at Vidarka Technologies working on AI and Video solutions.,"Indeed a hard domain. health is often overlooked until something goes wrong. People tend to prioritize work, entertainment, and other responsibilities while neglecting their well-being. But when health issues arise, everything else takes a backseat. Needs a creative approach to solve this 😊 ",2025-02-18T07:17:37.850Z,"urn:li:comment:(activity:7297481352231165952,7297514582988754945)",06dbffeb3ca73b90b9c45b2461dc352bb357f18ea42de5ac6b5d2c976da0c69a,urn:li:activity:7297481352231165952,d5b0e5bce2cc57a019e63700e5f2449e166b527a8c4cf0f6512e752a90460f4b,7297481352231165952,indeed a hard domain health is often overlooked until something goes wrong people tend to prioritize work entertainment and other responsibilities while neglecting their wellbeing but when health issues arise everything else takes a backseat needs a creative approach to solve this,0.133,0.694,0.172,0.5859,Positive
Dr Ruchi Sood (PT),https://www.linkedin.com/in/dr-ruchi-sood-pt-1386a713b,"Alumni WSP2 NSRCEL,IIMB, Physiotherapist | Certified Pediatric Posture Specialist | Innovator & Founder at Innobody Systems & InnoPhyzio HealthTech | Director of Operations at Innomitra","Same with Physiotherapy!
In today’s healthcare market, people readily spend on expensive treatment packages filled with machines and passive modalities but hesitate to pay for a physiotherapist’s consultation. This mindset neglects the true value of physiotherapy—expert assessment, movement correction, and guided rehabilitation.
While modalities like ultrasound, IFT, and TENS may provide temporary relief, they do not address the root cause of pain or dysfunction. True healing and long-term recovery come from a physiotherapist’s expertise in hands-on therapy, exercise prescription, and most importantly, preventive healthcare.
Physiotherapy is not just about treating pain; it is about preventing it. Regular assessments, posture correction, and guided exercises can help avoid chronic conditions, improve mobility, and enhance overall well-being. Investing in a physiotherapy consultation isn’t just about recovery—it’s about building a healthier, pain-free future.",2025-02-18T07:17:25.348Z,"urn:li:comment:(activity:7297481352231165952,7297514530551533568)",81db88feb36ff805698b3ea7b9d403179ea1981e5de6427e64d9c3ea532a31d3,urn:li:activity:7297481352231165952,d5b0e5bce2cc57a019e63700e5f2449e166b527a8c4cf0f6512e752a90460f4b,7297481352231165952,same with physiotherapy in todays healthcare market people readily spend on expensive treatment packages filled with machines and passive modalities but hesitate to pay for a physiotherapists consultation this mindset neglects the true value of physiotherapyexpert assessment movement correction and guided rehabilitation while modalities like ultrasound ift and tens may provide temporary relief they do not address the root cause of pain or dysfunction true healing and longterm recovery come from a physiotherapists expertise in handson therapy exercise prescription and most importantly preventive healthcare physiotherapy is not just about treating pain it is about preventing it regular assessments posture correction and guided exercises can help avoid chronic conditions improve mobility and enhance overall wellbeing investing in a physiotherapy consultation isnt just about recoveryits about building a healthier painfree future,0.154,0.662,0.184,0.7175,Positive
Rajesh Buch,https://www.linkedin.com/in/rajesh-buch-1bb9243,"Petrochemicals, Rotating equipment, Reliability....","In the industrial asset health management, I relate this with the role and visibility of the Reliability Engineer and a Maintenance Engineer.",2025-02-18T07:13:09.595Z,"urn:li:comment:(activity:7297481352231165952,7297513457845755905)",537f146a71fd7497102b4104cf0d514df325716a701352e6ad55a3e989adad43,urn:li:activity:7297481352231165952,d5b0e5bce2cc57a019e63700e5f2449e166b527a8c4cf0f6512e752a90460f4b,7297481352231165952,in the industrial asset health management i relate this with the role and visibility of the reliability engineer and a maintenance engineer,0.0,0.884,0.116,0.3612,Positive
Rajith Rathiyappan,https://www.linkedin.com/in/rajith-rathiyappan-6507307,PHD Sports Research Scholar | Founder & Managing Partner/Bikefitter at Upgrade Cyclery - Premium Bicycle Retailer,"As a matter of curing process people get into sports and get injured further. Prevention is a holistic approach. Today I got rejected by a bank for a business proposal on same preventative product . The reason is the manager doesn’t use it so no one will use it . Unfortunately his subordinates wanted to by the product . Everything should start from top to bottom . If the employees should have a good fitness, the top management should be working out , even if it’s govt offices same should apply . Hope someday it will happen. Old saying applies Prevention is better than
Cure !!",2025-02-18T07:08:20.844Z,"urn:li:comment:(activity:7297481352231165952,7297512246740430848)",51a90d12dfecf1a3fff66eea5579b0965373f095782036a8e229d5b5f5024c4f,urn:li:activity:7297481352231165952,d5b0e5bce2cc57a019e63700e5f2449e166b527a8c4cf0f6512e752a90460f4b,7297481352231165952,as a matter of curing process people get into sports and get injured further prevention is a holistic approach today i got rejected by a bank for a business proposal on same preventative product the reason is the manager doesnt use it so no one will use it unfortunately his subordinates wanted to by the product everything should start from top to bottom if the employees should have a good fitness the top management should be working out even if its govt offices same should apply hope someday it will happen old saying applies prevention is better than cure,0.104,0.754,0.143,0.3035,Positive
Harshita Anand,https://www.linkedin.com/in/harshitaanand,"Incoming INSEAD’28 | Growth Enthusiast | Investment Banking | Economics Hons @KMC, DU","Agreed to the core. At AkosMD India, we are trying to create a healthcare ecosystem that predicts chronic and lifestyle diseases and helps provide holistic solutions to manage them. 
But truth be told, the investor confidence is really low in this space right now. I am really glad you chose to talk about this!",2025-02-18T07:01:16.671Z,"urn:li:comment:(activity:7297481352231165952,7297510467625697282)",57e32bb83acdf93ddbd7e74fa5e423abc4d6f21235848cfbbc84df036c281f05,urn:li:activity:7297481352231165952,d5b0e5bce2cc57a019e63700e5f2449e166b527a8c4cf0f6512e752a90460f4b,7297481352231165952,agreed to the core at akosmd india we are trying to create a healthcare ecosystem that predicts chronic and lifestyle diseases and helps provide holistic solutions to manage them but truth be told the investor confidence is really low in this space right now i am really glad you chose to talk about this,0.047,0.675,0.278,0.9186,Positive
