Full Name,Profile URL,Headline,Comment,Timestamp,Comment URN,Comment Hash,Post URN,Post Hash
Sidhharrth S Kumaar,https://www.linkedin.com/in/sidhharrth,"Astrologer, Vastu Consultant, Numerologist, Life & Relationship Coach | Brand Strategy | NumroVani & AstroSure | Featured in TOI, Indian Express, HT | IKS","Founder! Let your passion burn. 
Not VC doubts. 

Build that solution users crave. 
Not investors predict.
Dilip Kumar",2024-01-23T05:15:07.878Z,"urn:li:comment:(activity:7150397503887040513,7155427711656615936)",dfd4197d48c8084d62fdf0afc82866afce0641a9a2e439ba5cad2af6a4cd1bfa,urn:li:activity:7150397503887040513,c3c03e7f6c6745ce6dbdb8ce221c1add83314a11c72d2867d206ab37a9ccbe3f
Vikas Bagaria,https://www.linkedin.com/in/vikkivik,Founder-Pee Safe | Enabling better hygiene for you since 2013,"Loved it. 😊 
Absolutely, loved it.",2024-01-09T18:00:07.928Z,"urn:li:comment:(activity:7150397503887040513,7150546800301502465)",9255a9565c908b484fe061cd74e1e879a1785ea19a2ed8f88b67ad024c90454f,urn:li:activity:7150397503887040513,c3c03e7f6c6745ce6dbdb8ce221c1add83314a11c72d2867d206ab37a9ccbe3f
Rahul Pabreja,https://www.linkedin.com/in/rahul-pabreja,"Building Organic Retail - The Farmers’ Store, Greenheart; in Mumbai and Dubai respectively. Also part of Coral Telecom Limited; India’s leading Make-in-India manufacturer of communication networks and 5G.",Investors should embrace curiosity and deeper conversations to truly appreciate a founder's passion and insight. It's not just about reports; it's about connecting with the essence of what they're building,2024-01-09T13:34:56.283Z,"urn:li:comment:(activity:7150397503887040513,7150480062025195521)",45080d12bfcd2ce8e0cc3f1bab43ca0fda01017ab33d8976d67dc3e71ab20472,urn:li:activity:7150397503887040513,c3c03e7f6c6745ce6dbdb8ce221c1add83314a11c72d2867d206ab37a9ccbe3f
Dr. Vicky Kothari,https://www.linkedin.com/in/vickykothari,Affordplan | Building platform for hospitals | Enabling product and price discovery | Unlocking profitability,Very interesting Dilip Kumar,2024-01-09T10:25:41.203Z,"urn:li:comment:(activity:7150397503887040513,7150432435367768064)",ff178b991e61e9072ca0fb0b99e3ff6c088e88bbc348165de7d704a5367b0727,urn:li:activity:7150397503887040513,c3c03e7f6c6745ce6dbdb8ce221c1add83314a11c72d2867d206ab37a9ccbe3f
Nishant Joshi,https://www.linkedin.com/in/nishantjoshi5,"Building Mode. Contributor & Enabler, Talks about #nutirition #growth #youthfitness, #sports #Holistic development #wellness","Right Dilip, always consider every rejection as God's redirection..",2024-01-09T08:49:12.263Z,"urn:li:comment:(activity:7150397503887040513,7150408154793545728)",ac344f9c28411f05506a9203fd4ba043a8dec40d126a787e67e3196bd611d020,urn:li:activity:7150397503887040513,c3c03e7f6c6745ce6dbdb8ce221c1add83314a11c72d2867d206ab37a9ccbe3f
(Dharma) Dharmendra Kumar,https://www.linkedin.com/in/dharma-dharmendra-kumar-5a166327,"Life & Executive Coach (@18Life) - I help with “What You Want & Don’t Want in Life” #HumanDesign Coach | Engineer (Er.) | Researcher | EAI (Entrepreneur, Advisor, Investor) | Vegan | Runner & Coach | Comedian | Filmmaker","VC/Angel and Founder(s) relationship is akin to the Parent-Child relationship. 
If the Child needs help, Parent should offer it, else help them get the help from outside. And as a Child, they shouldn’t seek the help unless absolutely necessary. 
That’s how the whole ecosystem will grow and flourish.",2024-01-09T08:31:01.335Z,"urn:li:comment:(activity:7150397503887040513,7150403579109855232)",38e9521faf0d8042688d912d776bce3b5e06abe41d2d7a3867f4a3491981fbc9,urn:li:activity:7150397503887040513,c3c03e7f6c6745ce6dbdb8ce221c1add83314a11c72d2867d206ab37a9ccbe3f
Swarn Jha,https://www.linkedin.com/in/swarn-jha-a81a40109,Building - The Blessed Girl Show (Aligned to SDG Goals) | Podcaster & Vegan Marathoner,Good stuff!,2024-01-09T08:10:38.946Z,"urn:li:comment:(activity:7150397503887040513,7150398452043018240)",cdd4b3384059263a888a5cfbae54c1041af769424bd15ed71f5faa8d706ef65b,urn:li:activity:7150397503887040513,c3c03e7f6c6745ce6dbdb8ce221c1add83314a11c72d2867d206ab37a9ccbe3f
