Full Name,Profile URL,Headline,Comment,Timestamp,Comment URN,Comment Hash,Post URN,Post Hash
Ragin P M,https://www.linkedin.com/in/ragin-p-m-48155137,Software Engineer at Bluemingo Tech,Classic ,2023-08-05T17:33:42.507Z,"urn:li:comment:(ugcPost:7093513909466263552,7093645255664705536)",c646f18a74bf097f3ef513ae0e7933e9937727562efab16245c1ff679dcd240e,urn:li:ugcPost:7093513909466263552,575f0a08ca0e7c91fdb23b23d3304a3a4222772b6a44a29751642617f2b148f6
Prabhmeet C.,https://www.linkedin.com/in/pschd,Solution Architect | Enterprise Architect | Technical Lead,Hello Dilip Kumar . Thank you for sharing . I hope you also know about Fauja Singh. He is an inspiration too,2023-08-05T15:20:31.397Z,"urn:li:comment:(ugcPost:7093513909466263552,7093611738520051712)",0fdf59091d7a5fd0ef00c1e3f5419a831cf977b184bf337df1115d3c41f85f22,urn:li:ugcPost:7093513909466263552,575f0a08ca0e7c91fdb23b23d3304a3a4222772b6a44a29751642617f2b148f6
Patrick P.,https://www.linkedin.com/in/patrickpitchappa,CISO at the Equiti Group | Child of God | Servant Leader (WIP) | Mentor | ENFJ-A,Fabulous Dilip,2023-08-05T11:35:27.505Z,"urn:li:comment:(ugcPost:7093513909466263552,7093555099091820544)",6798b8186f0e6315bf1021a0d881206c0e5cb35a87dd8a801d53df5d9f05efb4,urn:li:ugcPost:7093513909466263552,575f0a08ca0e7c91fdb23b23d3304a3a4222772b6a44a29751642617f2b148f6
Balaji Mysore,https://www.linkedin.com/in/balajimysore,"Engineering @ PayPal | Backend Development, Team Leadership",Could you please share the name of the individual if you have it?,2023-08-05T10:36:30.882Z,"urn:li:comment:(ugcPost:7093513909466263552,7093540265419829248)",1b9ea5b610ba780e55feb0f8639b29f2e9de81eaa7b1753da3a23851653473fd,urn:li:ugcPost:7093513909466263552,575f0a08ca0e7c91fdb23b23d3304a3a4222772b6a44a29751642617f2b148f6
