Full Name,Profile URL,Headline,Comment,Timestamp,Comment URN,Comment Hash,Post URN,Post Hash
Neha Baranwal,https://www.linkedin.com/in/neha-baranwal-46b2784b,Banking and Payments | Humanist,So nostalgic about the 5:30 am calls! Was such a joy to be a part of your vibrant community! Still amazed by the energy you exuded and remember your quirky response when I would ask what you eat to be able to muster all the enthusiasm :) Grateful Shwetambari Shetty and how inspirational!,2023-11-23T15:19:54.192Z,"urn:li:comment:(ugcPost:7133335498831380482,7133474247691157504)",9f2e746c263d97bedf500f897d038fec34320e0628a3b9a12bc4a6eb7ff61732,urn:li:ugcPost:7133335498831380482,0cbf52ebe4076d2d67da40b49a7cfed797fb8b881f13612fba63aff24a0b0458
TOMEK,,"6,712 followers",Congratulations on your inspiring journey!,2023-11-23T09:50:41.698Z,"urn:li:comment:(ugcPost:7133335498831380482,7133391399726510080)",6bc096c76b071129b81e4c09de4b3d196aca019b03a889788a33f3f42af8b819,urn:li:ugcPost:7133335498831380482,0cbf52ebe4076d2d67da40b49a7cfed797fb8b881f13612fba63aff24a0b0458
Aditya Mendonça,https://www.linkedin.com/in/adityamendonca,"COO, Raintree Media, Building The Good City - India’s Viksit Bharat Narrative across Media, Culture & Sport | Diabetic Triathlete | Open to Collaborations.",Exciting story Shwetambari Shetty & Dilip Kumar ,2023-11-23T09:16:29.980Z,"urn:li:comment:(ugcPost:7133335498831380482,7133382794193375235)",4e08b203cf770dd9bfba271b6c15f8c733764363108c5202e056933025bb91da,urn:li:ugcPost:7133335498831380482,0cbf52ebe4076d2d67da40b49a7cfed797fb8b881f13612fba63aff24a0b0458
Damini Patel,https://www.linkedin.com/in/damini-patel-personalbrandingstrategist,I can transform Your LinkedIn Profile into a Lead-Generating Magnet in 99 days | B2B Personal Branding Strategist | LinkedIn Ghostwriter | 12M+ Impressions | 170+ clients,"Where there is a will, there is a way. Dilip Kumar",2023-11-23T06:49:41.583Z,"urn:li:comment:(ugcPost:7133335498831380482,7133345849098551299)",87adfd3082bde1741701221de288ead26df7fc1b010e3282c7467ee77ff8665e,urn:li:ugcPost:7133335498831380482,0cbf52ebe4076d2d67da40b49a7cfed797fb8b881f13612fba63aff24a0b0458
