Full Name,Profile URL,Headline,Comment,Timestamp,Comment URN,Comment Hash,Post URN,Post Hash
Aditi Pandya,https://www.linkedin.com/in/aditipandya,Cofounder | Customer Success | Endurance Athlete.,"True, for on and off the field... Very well document Dilip Kumar
",2023-01-17T08:41:57.649Z,"urn:li:comment:(ugcPost:7019556923045806080,7021033863871168512)",9fdb14092e54fd4f35309c1cc40f02fbffad0836503d0edbda891801232f3e55,urn:li:ugcPost:7019556923045806080,776db30b21d31adaeb47957128d42cbbe3e4668db6228075547e2cf89369f3d1
Mandar Amdekar,https://www.linkedin.com/in/amdekar,"Engineering leader with 25+ yrs experience, ability to create order from chaos, credible technical and business acumen","Thanks for sharing this advice Dilip, has so much more credibility coming from a practioner!",2023-01-14T12:16:59.491Z,"urn:li:comment:(ugcPost:7019556923045806080,7020000814521868288)",4f3ad152876016201d85388634b1d576e6e0929ae541eb213b38b67a4b7a2723,urn:li:ugcPost:7019556923045806080,776db30b21d31adaeb47957128d42cbbe3e4668db6228075547e2cf89369f3d1
Arun Ganesh,https://www.linkedin.com/in/arun-ganesh-verified,Portfolio Director at London Stock Exchange Group | Formerly at Shell & HSBC | Transformation | Program Management | Citizen Development | Service Operations | M.IoD,Wonderful thread. Sagely advice 🙏🏼,2023-01-13T07:33:31.274Z,"urn:li:comment:(ugcPost:7019556923045806080,7019567089023688704)",6f02721ae7059e49f103323c7d5dfbae3e65df8b4ef01e66c504e6fe1a2f4d46,urn:li:ugcPost:7019556923045806080,776db30b21d31adaeb47957128d42cbbe3e4668db6228075547e2cf89369f3d1
Anshul Bansal,https://www.linkedin.com/in/akbansa,"Looking to buy pearl millet, DM me.","Thanks, Dilip, for sharing this.

I am not a Sub-3hr guy, but your tips will help me and others who want to run longer.",2023-01-13T07:02:46.392Z,"urn:li:comment:(ugcPost:7019556923045806080,7019559351027699713)",87ccda7f01a196ee26798fcd60f185255c28d2dab6e8b9b4aa647daafbe89493,urn:li:ugcPost:7019556923045806080,776db30b21d31adaeb47957128d42cbbe3e4668db6228075547e2cf89369f3d1
