Full Name,Profile URL,Headline,Comment,Timestamp,Comment URN,Comment Hash,Post URN,Post Hash
Aditya Parihar,https://www.linkedin.com/in/aditya-parihar-46945617,Patents @ Lall & Sethi,Reply sounded sarcastic 😝,2023-02-04T17:56:35.119Z,"urn:li:comment:(ugcPost:7027589729277657088,7027696421277437952)",5b1e40bedc24179d730c3263eaac25e39dd0fae1d6e098a6d6fc2b73e48570a1,urn:li:ugcPost:7027589729277657088,18f75a0978281005b23db6b7f75467f87537d2bad10ea2f49cb0f953bfdce299
Manisha Singh,https://www.linkedin.com/in/manisha-singh-509b698,Founder Partner at LexOrbis,Thanks for sharing,2023-02-04T15:59:23.155Z,"urn:li:comment:(ugcPost:7027589729277657088,7027666927082692608)",fde94b9a8376e4739d1941ecdfc3d085871445e669f3181a8453402fb08eae99,urn:li:ugcPost:7027589729277657088,18f75a0978281005b23db6b7f75467f87537d2bad10ea2f49cb0f953bfdce299
Sriram Manogar,https://www.linkedin.com/in/srirammanogarux,"AI Product Designer @ Stimuler (8M+ users, Lightspeed backed) | ex-Dentist | Building 0→ 1 AI experiences",Amazing Dilip Kumar can you share some of those practices on how to measure or track health in a consistent fashion ,2023-02-04T12:41:47.918Z,"urn:li:comment:(ugcPost:7027589729277657088,7027617202618990592)",a95d39b36d304b7439e2aea3845ae63e982585ae2e729820feefa8b75895ee72,urn:li:ugcPost:7027589729277657088,18f75a0978281005b23db6b7f75467f87537d2bad10ea2f49cb0f953bfdce299
Patrick P.,https://www.linkedin.com/in/patrickpitchappa,CISO at the Equiti Group | Child of God | Servant Leader (WIP) | Mentor | ENFJ-A,"Superb data guy, Dilip! 👍",2023-02-04T11:27:44.701Z,"urn:li:comment:(ugcPost:7027589729277657088,7027598566411886592)",3e07a18ec631d034f2d31dffc1bed5d83a9a4520a79cd54281a29ce89ec92957,urn:li:ugcPost:7027589729277657088,18f75a0978281005b23db6b7f75467f87537d2bad10ea2f49cb0f953bfdce299
Dilip Kumar,https://www.linkedin.com/in/dilipevs,Entrepreneur| Investments at Rainmatter | Endurance athlete,"Link to the podcast https://www.youtube.com/watch?v=_IIsgzszSAQ
",2023-02-04T10:55:04.841Z,"urn:li:comment:(ugcPost:7027589729277657088,7027590346167521280)",1adf744d2c0ee669eaebcf378da30d39d7c0d8d10f430b4916428cc8ea5dbfc6,urn:li:ugcPost:7027589729277657088,18f75a0978281005b23db6b7f75467f87537d2bad10ea2f49cb0f953bfdce299
