Full Name,Profile URL,Headline,Comment,Timestamp,Comment URN,Comment Hash,Post URN,Post Hash
(Dharma) Dharmendra Kumar,https://www.linkedin.com/in/dharma-dharmendra-kumar-5a166327,"Life & Executive Coach (@18Life) - I help with “What You Want & Don’t Want in Life” #HumanDesign Coach | Engineer (Er.) | Researcher | EAI (Entrepreneur, Advisor, Investor) | Vegan | Runner & Coach | Comedian | Filmmaker",Congratulations Dilip 👍,2020-03-31T02:10:55.125Z,"urn:li:comment:(activity:6647839114026680320,6650575056273530880)",8f1af193578d6ddde951fdcda2f9f43aa6522f4749fbf7e556c8d7f27de7801e,urn:li:activity:6647839114026680320,42b55ff6c0e33e7df775cf3b0b67a4e5f4ec7c8e3c449990d61e5867b2db0f80
Ankit Ratan,https://www.linkedin.com/in/ankitratan,"Building Signzy, Banking Infrastructure for modern banking",Well deserved,2020-03-25T09:20:02.086Z,"urn:li:comment:(activity:6647839114026680320,6648508719657250816)",8565a28f04faacfb85aad42accdd9d2cf46b1dc9d6baf1d515466e327a5fe26a,urn:li:activity:6647839114026680320,42b55ff6c0e33e7df775cf3b0b67a4e5f4ec7c8e3c449990d61e5867b2db0f80
Anuj Sharma,https://www.linkedin.com/in/anujkumarsharma,Global Delivery | SAFe Agilist | Artificial Intelligence (AI) -Driven Solutions | Managed Services | SRE | Digital Transformation,All the best Dilip Kumar. Best wishes.,2020-03-24T11:49:35.790Z,"urn:li:comment:(activity:6647839114026680320,6648183970234236928)",22754b5febe3158a4622817fb551b833764cd8b3f9e798f9cf0f4cd6a7aafb27,urn:li:activity:6647839114026680320,42b55ff6c0e33e7df775cf3b0b67a4e5f4ec7c8e3c449990d61e5867b2db0f80
Sanjeev Sarma,https://www.linkedin.com/in/sanjeev-sarma-5193b8a,IEC 62443 certified | ISB Alumni | Industrial Cybersecurity Solutions | Oil & Gas | Energy | Water | Chemicals | Pharmaceuticals,Congratulations Dilip and Deepti. Best wishes for more success ,2020-03-24T05:41:23.497Z,"urn:li:comment:(activity:6647839114026680320,6648091308445532160)",592215e40a994a4b6d53028e901db80136b3d023a498385567ce6f2766dec1b0,urn:li:activity:6647839114026680320,42b55ff6c0e33e7df775cf3b0b67a4e5f4ec7c8e3c449990d61e5867b2db0f80
Mohit Goel,https://www.linkedin.com/in/goelmohit,IT Director at PepsiCo,Congratulations Dilip,2020-03-24T01:37:10.223Z,"urn:li:comment:(activity:6647839114026680320,6648029848155578368)",5e120405f659316776d4d60a2e837ced8f29ec2839a6af990b6c45156117c72a,urn:li:activity:6647839114026680320,42b55ff6c0e33e7df775cf3b0b67a4e5f4ec7c8e3c449990d61e5867b2db0f80
Rehan Khan,https://www.linkedin.com/in/rkworld786,#HR Business Partner # Talent Acquisition # Talent Management # Learning and Development,Great going Dilip. Congratulations.,2020-03-23T18:54:09.349Z,"urn:li:comment:(activity:6647839114026680320,6647928426219044864)",e00c0549b79343b68e364ba80445a3b1b60b4a1b4ca6c433424b633be71973c0,urn:li:activity:6647839114026680320,42b55ff6c0e33e7df775cf3b0b67a4e5f4ec7c8e3c449990d61e5867b2db0f80
Akshat Goyal,https://www.linkedin.com/in/akshat-goyal,Building trysidekick.com,Congratulations Dilip!,2020-03-23T14:25:48.151Z,"urn:li:comment:(activity:6647839114026680320,6647860892899913728)",cdc709f7c288a46e3825361b480c64d9476383fd7fd9f65adc61eb6a305830d8,urn:li:activity:6647839114026680320,42b55ff6c0e33e7df775cf3b0b67a4e5f4ec7c8e3c449990d61e5867b2db0f80
